pair,ooples_indicator,bars,ooples_mean_ns,ooples_stddev_ns,ooples_samples,ooples_allocated_bytes,competitor_mean_ns,competitor_stddev_ns,competitor_samples,competitor_allocated_bytes,competitor_over_ooples
QuanTAlib.Afirma,WindowedSincSnapshot,1000,8351889,1459094.8516971061,3,2958032,1248239,36504.97463360302,3,57400,0.1494558895598349
QuanTAlib.Afirma,WindowedSincSnapshot,10000,28153144.666666668,1193328.076720871,3,30252648,2080280,98019.9274178471,3,493096,0.07389156787387421
QuanTAlib.Alma,ArnaudLegouxWindow,1000,40968033.333333336,16258378.366688984,3,6210728,1538644,34056.43899470407,3,74672,0.037557184829472734
QuanTAlib.Alma,ArnaudLegouxWindow,10000,46139627.666666664,1000997.120412608,3,56474416,2868495,3726.414362359613,3,662360,0.062169877501467775
QuanTAlib.Atr,ScaledTrueRange,1000,4593852,496777.6359740845,3,1741184,305869.3333333333,15553.137507697067,3,97184,0.06658232205420055
QuanTAlib.Atr,ScaledTrueRange,10000,10126237.666666666,1104086.7820408563,3,18526544,1566389.6666666667,244990.29719630393,3,892880,0.15468624362065636
QuanTAlib.Convolution,NormalizedConvolution,1000,17442563.333333332,195630.44088876693,3,549920,505308,46527.41708928189,3,228792,0.028969824580446796
QuanTAlib.Convolution,NormalizedConvolution,10000,15876974.333333334,60000.685682191826,3,6598784,1955016,618560.5033616356,3,2237016,0.12313530014944282
QuanTAlib.Curvature,WindowRegressionStatistics.Of(WindowLinearRegression.Slope),1000,16671833,1175949.6313486393,3,16136992,1165803.1666666667,211438.00576134204,3,922968,0.06992651417913476
QuanTAlib.Curvature,WindowRegressionStatistics.Of(WindowLinearRegression.Slope),10000,95002568,828222.7338125898,3,163026488,3033796.6666666665,1068284.8344914073,3,9229680,0.031933838532308585
QuanTAlib.Dema,CompensatedExponentialAverage,1000,23630352.666666668,1718112.977695685,3,2110168,225778.16666666666,59167.2239447934,3,56752,0.00955458303358937
QuanTAlib.Dema,CompensatedExponentialAverage,10000,18160272.666666668,389525.6067325142,3,20403832,663099.8333333334,44663.934917708866,3,490432,0.03651375976036189
QuanTAlib.Dsma,FilteredDeviationAverage,1000,28817445.666666668,1386832.329951005,3,12990944,480604.6666666667,16281.738768735127,3,228360,0.01667755956672403
QuanTAlib.Dsma,FilteredDeviationAverage,10000,131291958.66666667,1098848.6606236245,3,131183656,1584479.6666666667,644142.0750559098,3,2235912,0.012068367954578666
QuanTAlib.Dwma,FixedPeriodWma,1000,1951433,246869.82976662013,3,279640,691042.3333333334,105657.02420725909,3,561216,0.35412045062952885
QuanTAlib.Dwma,FixedPeriodWma,10000,2092339.6666666667,315028.0995757892,3,3887280,2531238.6666666665,322048.66719539976,3,5581920,1.2097646988164286
QuanTAlib.Ema,Ema,1000,1610851.8333333333,94327.34213542398,3,297048,225702.83333333334,20805.95107975921,3,57528,0.14011396247803054
QuanTAlib.Ema,Ema,10000,2198951,441600.5520184503,3,4049400,964192.3333333334,157510.08996357452,3,491880,0.4384783168580534
QuanTAlib.Entropy,NormalizedWindowEntropy,1000,3466876.6666666665,491216.2057183507,3,297840,10559782.666666666,1244967.6137933603,3,5296720,3.04590664219379
QuanTAlib.Entropy,NormalizedWindowEntropy,10000,12332629.833333334,365928.4918619119,3,4059192,33001474.833333332,11775680.087402185,3,53899688,2.675947894271104
QuanTAlib.Epma,EndpointWeightedAverage,1000,8102995.5,164515.92891875253,3,2945400,687213.6666666666,29972.86668527609,3,270840,0.08480982948425266
QuanTAlib.Epma,EndpointWeightedAverage,10000,13280944.333333334,801596.3796739188,3,30671336,1395186,87316.07543287777,3,2638728,0.10505171657848728
QuanTAlib.Frama,RangeFractalAverage,1000,9624092.166666666,981329.9768626929,3,8462288,477472,17617.44734630988,3,55264,0.049612159955589236
QuanTAlib.Frama,RangeFractalAverage,10000,42789479,1260840.579573405,3,87056936,7849151.333333333,183019.99921957531,3,492304,0.18343647823646866
QuanTAlib.Fwma,FibonacciWeightedSnapshot,1000,10982923.166666666,1194588.4643216396,3,12002216,683661.8333333334,32649.046239259933,3,269040,0.06224771155717971
QuanTAlib.Fwma,FibonacciWeightedSnapshot,10000,49468578.833333336,607169.6264985044,3,121073792,1897004.8333333333,10505.000396636515,3,2636928,0.038347671958084986
QuanTAlib.Gma,GaussianWeightedAverage,1000,9555075.666666666,844844.0401851299,3,3155472,337872.3333333333,7697.933315723989,3,268856,0.03536050839576467
QuanTAlib.Gma,GaussianWeightedAverage,10000,19982986,950781.8996788906,3,34679016,1164474,1758.731360953116,3,2636744,0.05827327307340355
QuanTAlib.Historical,WindowLogVolatility,1000,57934955.333333336,2860769.7994171665,3,36993104,3006285.1666666665,533044.5849592071,3,544288,0.05189069620179679
QuanTAlib.Historical,WindowLogVolatility,10000,358766419.3333333,821254.6155878415,3,372708792,6144160.5,1053493.5846976002,3,4482760,0.017125795974487237
QuanTAlib.Hma,HullWindow,1000,1696124.3333333333,355715.56643100857,3,314216,942761.3333333334,342881.0449825615,3,502280,0.5558326797190379
QuanTAlib.Hma,HullWindow,10000,2676622.3333333335,354870.4832433001,3,4220384,1996572.8333333333,146831.5909208006,3,4963568,0.7459299761751969
QuanTAlib.Htit,OldestFirstHilbertTrendline,1000,3126984.6666666665,154025.9836726691,3,365600,1222969,31926.89292743658,3,197384,0.3911016939215351
QuanTAlib.Htit,OldestFirstHilbertTrendline,10000,15278492.166666666,45118.7880636585,3,4766960,2572237.6666666665,525638.9705437882,3,1898200,0.16835677490993248
QuanTAlib.Hwma,HoltWinterForecast,1000,15551501.666666666,1385217.0702226902,3,4866856,216594,1037.845845971356,3,56808,0.013927529613699686
QuanTAlib.Hwma,HoltWinterForecast,10000,42172634.333333336,1128556.5994943867,3,50667912,770898,114180.58491705146,3,491832,0.01827957897784632
QuanTAlib.Jma,JurikAdaptiveSnapshot,1000,83161682.33333333,14662284.680121528,3,19576168,1147642.3333333333,82653.49469522346,3,400504,0.01380013368095764
QuanTAlib.Jma,JurikAdaptiveSnapshot,10000,253153041,690997.0478171674,3,195696256,2501226,163227.89913492117,3,3982264,0.009880292135222662
QuanTAlib.Kama,SeededAdaptiveAverage,1000,16192343.166666666,907834.2258509167,3,7941112,523841.8333333333,33462.76662700403,3,74816,0.032351206242448395
QuanTAlib.Kama,SeededAdaptiveAverage,10000,70286995.83333333,1731792.912270498,3,81773464,1124285,56799.65094963172,3,661832,0.0159956331419533
QuanTAlib.Kurtosis,WindowSampleShape,1000,44898293.333333336,4768914.701668958,3,20432024,536421.6666666666,98580.9268790537,3,410992,0.01194748456659971
QuanTAlib.Kurtosis,WindowSampleShape,10000,358303251,2195569.031260689,3,206495096,1500532.6666666667,89569.76215405136,3,4075552,0.004187884599089688
QuanTAlib.Ltma,ZeroSeedLaguerreFilter,1000,12623588.166666666,168454.88353067517,3,3663856,157853.66666666666,3701.8571465324444,3,57152,0.012504659101877914
QuanTAlib.Ltma,ZeroSeedLaguerreFilter,10000,29586572.333333332,301837.23179444467,3,37842920,715979,3169.178442435831,3,491864,0.024199457508410037
QuanTAlib.Maaf,MedianAdaptiveSnapshot,1000,26416987.5,1141628.5452497236,3,6547512,23835169,2909286.841069646,3,4639952,0.9022667327226468
QuanTAlib.Maaf,MedianAdaptiveSnapshot,10000,58782248.333333336,1167304.8694117288,3,56800192,26449635.666666668,1224791.7778023877,3,41008192,0.44995957821620125
QuanTAlib.Mama,SeededPhaseAdaptiveAverage,1000,99333076.33333333,24234354.747225318,3,47032448,2045908.1666666667,21735.438374537865,3,100992,0.020596444227713086
QuanTAlib.Mama,SeededPhaseAdaptiveAverage,10000,598828831.3333334,1601558.5573141973,3,474141320,4750592.166666667,987838.4546707692,3,913680,0.00793313868353524
QuanTAlib.Max,DecayingWindowExtreme,1000,1118526,63721.878887867075,3,332824,544780.8333333334,27062.56826935192,3,398976,0.487052454152459
QuanTAlib.Max,DecayingWindowExtreme,10000,1731158.6666666667,499671.9908763481,3,4366208,1172899.3333333333,202452.8338658991,3,3980424,0.6775227227390672
QuanTAlib.Median,RollingPercentile,1000,7109646,85898.92430641958,3,476224,2239073.6666666665,76781.37028168573,3,408792,0.3149346207485811
QuanTAlib.Median,RollingPercentile,10000,5743480.833333333,34579.45835800979,3,5804112,4465789.5,10152.911946825896,3,4071672,0.7775405942128301
QuanTAlib.Mgdi,QuarticDynamicAverage,1000,72527029,2382190.253526993,3,8077016,357915.3333333333,9518.48025334577,3,74480,0.004934923410875321
QuanTAlib.Mgdi,QuarticDynamicAverage,10000,227698497,2294733.562702215,3,81829912,1056436.3333333333,84147.36306226914,3,661496,0.004639628048723279
QuanTAlib.Min,DecayingWindowExtreme,1000,628953,19044.374838781136,3,333832,520122.6666666667,69865.49673718303,3,399360,0.8269658729136624
QuanTAlib.Min,DecayingWindowExtreme,10000,1716901.5,413815.8294954411,3,4365792,940832.8333333334,10211.259292238805,3,3980088,0.5479829992188447
QuanTAlib.Mma,EndpointWeightedAverage,1000,12055029.166666666,559999.7279395172,3,2944376,1185420.3333333333,21576.479910618724,3,228576,0.09833409085488871
QuanTAlib.Mma,EndpointWeightedAverage,10000,15653393,1296100.740753974,3,30661880,1843371.6666666667,620358.7511024032,3,2236128,0.11776179558429707
QuanTAlib.Mode,WindowMode,1000,3339521.6666666665,47121.624614749155,3,280672,9694585.333333334,811176.3804902934,3,3611712,2.90298620610836
QuanTAlib.Mode,WindowMode,10000,4041335.3333333335,342289.1192330445,3,3809008,22156975.833333332,1292856.2905695797,3,36960472,5.482587809672809
QuanTAlib.Percentile,RollingPercentile,1000,3031844,233748.97703947284,3,476512,2668956.1666666665,115915.67574031277,3,408160,0.880307880836437
QuanTAlib.Percentile,RollingPercentile,10000,5128071.166666667,299231.0283615877,3,5805248,4133207.3333333335,251634.4392811392,3,4072720,0.8059964846431701
QuanTAlib.Qema,MassNormalizedQuadrupleEma,1000,43721623.5,2611875.9170624856,3,18107192,565912.6666666666,48414.30617424289,3,216864,0.01294354192192032
QuanTAlib.Qema,MassNormalizedQuadrupleEma,10000,238223148.66666666,1957735.763112666,3,180030608,1861486,520765.87538355467,3,2093904,0.00781404330527375
QuanTAlib.Realized,WindowLogVolatility,1000,64711287.5,43982952.71095549,3,36133432,986827.5,529936.4341324344,3,74848,0.015249696585004587
QuanTAlib.Realized,WindowLogVolatility,10000,336965383,2681190.4556931425,3,363853912,1417789.5,120564.8522041146,3,662176,0.004207522705678049
QuanTAlib.Rema,ExpandingRegularizedEma,1000,2828708.3333333335,52918.03318655497,3,578888,134893,7611.851220301143,3,56784,0.04768713635493231
QuanTAlib.Rema,ExpandingRegularizedEma,10000,4017078,86544.0533659013,3,6826736,369301,81198.31222383874,3,491496,0.0919327431531078
QuanTAlib.Rma,ReverseWilderAverage,1000,2088517.8333333333,162518.1308787832,3,479184,209463.16666666666,13392.67412928924,3,57096,0.10029273551011894
QuanTAlib.Rma,ReverseWilderAverage,10000,7374363.833333333,1525310.48845287,3,11498984,594716.1666666666,306480.53529764875,3,491448,0.08064643677851262
QuanTAlib.Rvi,RelativeVolatilitySnapshot,1000,10773597.333333334,768333.1800991894,3,13224048,2598147.6666666665,30813.910208432382,3,1509152,0.24115878719803646
QuanTAlib.Rvi,RelativeVolatilitySnapshot,10000,64321356,618648.982775372,3,132508720,7105193.666666667,921469.1182331247,3,13228784,0.11046399063270164
QuanTAlib.Sinema,SineWeightedAverage,1000,21228467.333333332,1160343.9375156546,3,3132464,893872,10875.502792974678,3,268856,0.042107232046678454
QuanTAlib.Sinema,SineWeightedAverage,10000,33626515.833333336,3501793.468003836,3,34064776,1751533.6666666667,26347.494194578223,3,2637752,0.05208787242032385
QuanTAlib.Skew,WindowSampleShape,1000,39376468.666666664,3531959.277891144,3,24076400,2141961.3333333335,229442.51384242927,3,411032,0.05439698901050938
QuanTAlib.Skew,WindowSampleShape,10000,338468935,1054490.303102404,3,242648056,7957132,74893.54850052239,3,4074920,0.023509194425775
QuanTAlib.Slope,WindowRegressionStatistics,1000,17647630,5080721.537395746,3,13223560,1219490.6666666667,141965.76763548786,3,529904,0.06910223450212107
QuanTAlib.Slope,WindowRegressionStatistics,10000,109201744,180658.46210183456,3,133630760,1775270.3333333333,102936.1654440913,3,5247128,0.016256794702228686
QuanTAlib.Sma,Sma,1000,798199.6666666666,44182.61708334323,3,305672,241446.66666666666,21643.632928261683,3,228896,0.30248905975489004
QuanTAlib.Sma,Sma,10000,1062049.6666666667,332029.25689814345,3,4049080,936426,445736.6202635812,3,2235776,0.8817158268492779
QuanTAlib.Smma,WilderMovingAverage,1000,718015.5,56004.444930737416,3,278192,132001.66666666666,12493.042116847806,3,57320,0.18384236366299425
QuanTAlib.Smma,WilderMovingAverage,10000,2686240.3333333335,371608.0319507819,3,3807280,640966,11318.179933187137,3,492680,0.23861081677849375
QuanTAlib.Stddev,WindowDispersion,1000,20045728.666666668,2628237.4568842393,3,8882328,2216665.3333333335,103303.43906343744,3,531136,0.11058043188119909
QuanTAlib.Stddev,WindowDispersion,10000,115789407.83333333,1201653.1544428007,3,90072120,4535735,96810.54730245048,3,4315072,0.03917227909593176
QuanTAlib.T3,TillsonAverage,1000,18197336,4296620.459864125,3,10857104,403298.3333333333,3179.9516243699895,3,76112,0.02216249308873196
QuanTAlib.T3,TillsonAverage,10000,58315881.666666664,102682.21835514333,3,110010904,1505235.5,1092147.6644685003,3,664136,0.02581175928375601
QuanTAlib.Tema,CompensatedExponentialAverage,1000,3435857.8333333335,25272.784103326117,3,3113936,338317.6666666667,43124.87450802997,3,57104,0.09846672449146252
QuanTAlib.Tema,CompensatedExponentialAverage,10000,28112487.833333332,1293644.3463202447,3,29463152,709186,117714.5573028247,3,491792,0.02522672501290011
QuanTAlib.Trima,TriangularWindowAverage,1000,1296775.6666666667,76860.54973998906,3,278336,472728.8333333333,32794.55822744583,3,268904,0.3645417210429868
QuanTAlib.Trima,TriangularWindowAverage,10000,2555733,802940.7394278859,3,3807384,1613561.6666666667,347862.98828178516,3,2636120,0.6313498580120328
QuanTAlib.Variance,WindowDispersion,1000,20349672.666666668,1255875.6297079474,3,4617336,3349300.3333333335,602357.2952213108,3,530800,0.16458743038258208
QuanTAlib.Variance,WindowDispersion,10000,63926869,1078673.1589258204,3,47382872,4448471.833333333,53013.647057463735,3,4313728,0.06958688737490543
QuanTAlib.Vidya,DeviationRatioAdaptiveAverage,1000,17463366.333333332,1029991.0936635972,3,15209408,11016327,343035.2489803344,3,1069520,0.6308249388877849
QuanTAlib.Vidya,DeviationRatioAdaptiveAverage,10000,165815112.5,7094818.784420713,3,162432976,30563138.666666668,1214198.3971189936,3,11290704,0.1843205857769247
QuanTAlib.Wma,FixedPeriodWma,1000,647180.3333333334,27581.99253740261,3,277552,489412.3333333333,36372.89859680328,3,266168,0.7562225057312721
QuanTAlib.Wma,FixedPeriodWma,10000,1592536,290093.95725006063,3,3806184,1200750.6666666667,1605.609022562259,3,2636072,0.7539865137533259
QuanTAlib.Zlema,ExpandingZeroLagEma,1000,827607.3333333334,42015.53090624149,3,278504,517790.8333333333,21067.400227207283,3,57328,0.62564795220922
QuanTAlib.Zlema,ExpandingZeroLagEma,10000,2217067,386512.42432423815,3,3806504,661711.3333333334,129514.07346050596,3,491680,0.2984624882032583
QuanTAlib.Zscore,WindowDispersion,1000,17891624.333333332,1897541.4140356285,3,9632600,2850934.3333333335,187926.71642247497,3,531024,0.15934463412703373
QuanTAlib.Zscore,WindowDispersion,10000,108005334,1511930.2699486508,3,97507696,4996937.333333333,48386.923298896916,3,4314672,0.04626565326239659
Skender.GetAdl,AccumulationDistributionWithAverage,1000,5613708.833333333,317730.6173385457,3,1163168,580019.5,24216.018644690543,3,281232,0.10332197789738115
Skender.GetAdl,AccumulationDistributionWithAverage,10000,13322364.5,585589.1418904555,3,13506472,1672365.6666666667,433903.60883995116,3,2722584,0.12553069439487763
Skender.GetAdx,SumSeededDirectionalIndex,1000,20534937.333333332,1268792.387171492,3,14521576,516220.5,12052.503183986284,3,347920,0.02513864501363952
Skender.GetAdx,SumSeededDirectionalIndex,10000,57860026.333333336,806960.2102497579,3,148382208,999544,41697.696854862384,3,3379288,0.01727520817639448
Skender.GetAlligator,AlligatorWithDetails,1000,1872177.8333333333,129867.48908149928,3,437776,1020476,16261.369806999655,3,217312,0.5450742882598315
Skender.GetAlligator,AlligatorWithDetails,10000,4064751,101600.8198392114,3,5360736,1572222.1666666667,371716.7773646131,3,2082664,0.38679421363489835
Skender.GetAlma,ArnaudLegouxWindow,1000,13057956.166666666,504190.2881951747,3,5419960,215644,14103.5063725302,3,118296,0.016514376158688542
Skender.GetAlma,ArnaudLegouxWindow,10000,27921287.333333332,1844051.2447853324,3,55675208,688976.5,138411.9863342767,3,1101984,0.024675670995207934
Skender.GetAroon,WindowAroon,1000,1776545.3333333333,174375.51093640784,3,547176,683514.6666666666,51355.99918542461,3,265008,0.38474372358637626
Skender.GetAroon,WindowAroon,10000,4680158.666666667,75422.56453696953,3,6478176,3140241,685458.2324131792,3,2562360,0.6709689187175705
Skender.GetAtr,AverageTrueRangeWithDetails,1000,2715798.3333333335,30010.056053485358,3,2292408,534931,13946.766184316708,3,290080,0.19697007448393014
Skender.GetAtr,AverageTrueRangeWithDetails,10000,9160000.333333334,543435.4692678178,3,23989528,1129072,572372.1103722648,3,2804056,0.12326113088569392
Skender.GetAtrStop,SeededAtrTrailingStop,1000,8193567,1656796.801574653,3,6175888,1016540.3333333334,69169.88167066168,3,369184,0.12406566436001969
Skender.GetAtrStop,SeededAtrTrailingStop,10000,47672875.666666664,1577362.792093605,3,63487000,1814764.6666666667,78643.61411032261,3,3603544,0.0380670274509068
Skender.GetAwesome,AwesomeWithDetails,1000,2713824.3333333335,130378.29882435701,3,680248,535003.5,4022.8202793562627,3,175960,0.19714006298368858
Skender.GetAwesome,AwesomeWithDetails,10000,6857410.333333333,310139.9490557986,3,7889408,1603526.5,320752.36991642026,3,1672648,0.23383849325821784
Skender.GetBeta,WindowBetaStatistics,1000,31994002.666666668,1302844.6598533278,3,24831240,4430961.166666667,132511.53761968552,3,2788296,0.1384934924470428
Skender.GetBeta,WindowBetaStatistics,10000,273553866,683181.4985133891,3,253838576,11796127.666666666,3749929.6242802124,3,28197312,0.043121772830900754
Skender.GetBollingerBands,WindowDeviationBands,1000,35878228.333333336,2235252.580077995,3,22985952,736958,90110.97548578642,3,514312,0.020540534865689436
Skender.GetBollingerBands,WindowDeviationBands,10000,186534159.33333334,4204085.845354294,3,233389400,1292791.6666666667,36470.216126770254,3,5069992,0.0069305893959962055
Skender.GetBop,BalanceOfPowerWithValidity,1000,1429032,121813.22983978382,3,642120,414396,33750.285909900085,3,182440,0.2899837092521371
Skender.GetBop,BalanceOfPowerWithValidity,10000,6591489.666666667,312894.91647889285,3,7423080,1961196.6666666667,654531.6628187924,3,1742800,0.29753466452120664
Skender.GetCci,WindowCommodityChannelIndex,1000,6934189.5,55279.28765821789,3,9216608,423086.3333333333,16737.839237289063,3,182416,0.061014532892897336
Skender.GetCci,WindowCommodityChannelIndex,10000,46566795.666666664,844700.6646453721,3,94651608,1166252.3333333333,43597.476719798055,3,1742056,0.02504471945378362
Skender.GetChaikinOsc,SmoothedAccumulationOscillator,1000,24852827,1420913.852104694,3,8686152,1005733.6666666666,111007.51384628579,3,507360,0.04046757604946377
Skender.GetChaikinOsc,SmoothedAccumulationOscillator,10000,69627884.5,129684.51164653395,3,88547144,2253854.6666666665,585807.9216606185,3,4974384,0.032370000652061554
Skender.GetChandelier,WindowChandelierExit,1000,5801356.5,63963.263737867535,3,2015440,956683.6666666666,411827.444881146,3,262456,0.16490689146006915
Skender.GetChandelier,WindowChandelierExit,10000,14174157.333333334,1121365.3964793694,3,21176856,1992326.3333333333,666296.14599991,3,2542144,0.14056047823372073
Skender.GetChop,WindowChoppinessIndex,1000,4667365.833333333,230741.92894299323,3,4225408,163843.33333333334,4933.814177016939,3,196064,0.03510402637890502
Skender.GetChop,WindowChoppinessIndex,10000,15625664.333333334,901817.8812799917,3,44053920,834150.3333333334,361607.47886393795,3,1892408,0.053383351615578244
Skender.GetCmf,MoneyFlowWithDetails,1000,9611592,116879.16037942778,3,1309064,1208865.5,20542.564518579467,3,398064,0.1257716203517586
Skender.GetCmf,MoneyFlowWithDetails,10000,15573322.333333334,697565.0968363682,3,14213664,2292487.1666666665,191004.45294896487,3,3882072,0.1472060436172825
Skender.GetCmo,WindowPathRatio,1000,1466421.3333333333,177870.88154145223,3,609112,589044.8333333334,32453.99769417218,3,134480,0.40168866883187737
Skender.GetCmo,WindowPathRatio,10000,5361085.333333333,238437.70679222138,3,7214096,1593193.5,196234.45943819347,3,1261496,0.29717741855256175
Skender.GetConnorsRsi,ConnorsStrengthSnapshot,1000,132067501,2662090.4680275186,3,56697712,613525,63557.461930130594,3,419072,0.004645541070698385
Skender.GetConnorsRsi,ConnorsStrengthSnapshot,10000,1404998100.3333333,12458089.801241655,3,620347112,3451099.8333333335,27190.078270084723,3,4089056,0.002456302134867347
Skender.GetCorrelation,WindowPairStatistics,1000,34439722.833333336,429686.8350663461,3,23304112,1608869,187661.44994643945,3,706216,0.046715503716040836
Skender.GetCorrelation,WindowPairStatistics,10000,309068389.6666667,795748.4625899903,3,237001400,3971544.1666666665,2914076.3841823596,3,7016896,0.01285004969595893
Skender.GetDema,"SeededExponentialAverage(2, Shared)",1000,1181632.3333333333,70322.20601156745,3,278920,495834,3505.8592384749277,3,101272,0.419617833748061
Skender.GetDema,"SeededExponentialAverage(2, Shared)",10000,3164437.3333333335,368171.15114757884,3,3806920,852185.6666666666,216549.72568057742,3,931624,0.26930085095696843
Skender.GetDoji,PriceCandlePattern(RelativeDoji),1000,6338077.333333333,257005.28803184835,3,1881504,1716315.6666666667,153024.6616246327,3,407808,0.2707943712898844
Skender.GetDoji,PriceCandlePattern(RelativeDoji),10000,16647900,1126113.34922378,3,19795928,5373333.5,250150.5681764485,3,3983784,0.3227634416352813
Skender.GetDonchian,PriorPriceChannel,1000,2678154,209756.97582917236,3,911120,749239.8333333334,35595.525790938016,3,273616,0.2797598022120212
Skender.GetDonchian,PriorPriceChannel,10000,4400062.5,521008.9319157588,3,10149560,3502562.8333333335,20097.46345520582,3,2653600,0.7960257003925134
Skender.GetDpo,DetrendedPriceSnapshot,1000,759358.3333333334,3085.9297356442407,3,162600,688409.5,14371.253007305939,3,268392,0.9065673869385336
Skender.GetDpo,DetrendedPriceSnapshot,10000,1424828,305759.9744914301,3,1550952,1930353.3333333333,450272.412008923,3,2592744,1.3547974445570505
Skender.GetDynamic,QuarticDynamicAverage,1000,30197163.833333332,20092314.898941968,3,8082872,453678.8333333333,9444.05158463958,3,118432,0.015023888860467653
Skender.GetDynamic,QuarticDynamicAverage,10000,152939945.66666666,3422061.81111758,3,81835984,836837.1666666666,114731.88519471532,3,1102072,0.005471671661833575
Skender.GetElderRay,ElderRayWithDetails,1000,1790137.1666666667,63825.222321064684,3,402912,914997.5,103359.72626221491,3,349744,0.5111326199119006
Skender.GetElderRay,ElderRayWithDetails,10000,3676351,706970.3978074329,3,5038200,2294857,5557.432050866659,3,3403096,0.6242214086739813
Skender.GetEma,Ema,1000,1087819.3333333333,52800.503182577086,3,305736,181966.33333333334,14935.800291023355,3,101608,0.16727624501372473
Skender.GetEma,Ema,10000,1237600.8333333333,285183.87210418005,3,4049744,392296.3333333333,141617.00551958205,3,932296,0.3169813099404022
Skender.GetEpma,WindowLinearRegression,1000,2236524,10644.802863369523,3,3115240,486232.8333333333,27215.580415147007,3,229384,0.21740559606484586
Skender.GetEpma,WindowLinearRegression,10000,16056336.166666666,1075023.788386254,3,32283904,1725145.3333333333,558698.2946137686,3,2212744,0.10744327444481237
Skender.GetFcb,FractalSnapshot.ChaosBands,1000,855293.3333333334,71136.96859111536,3,330096,1815061.3333333333,71415.03417581857,3,264232,2.122150685145057
Skender.GetFcb,FractalSnapshot.ChaosBands,10000,1246195.6666666667,13791.569973477759,3,3230384,8215412.333333333,609618.9990070298,3,2552584,6.592393596832172
Skender.GetFisherTransform,WindowFisherTransform,1000,6181492.666666667,135541.8440236569,3,3312136,565633.6666666666,17213.467992631042,3,184992,0.09150438205917685
Skender.GetFisherTransform,WindowFisherTransform,10000,21617537.333333332,1144526.636573537,3,34151928,2385223.6666666665,366709.523615536,3,1753008,0.1103374371413136
Skender.GetForceIndex,SeededForceIndex,1000,2311563.6666666665,207963.1833097708,3,501056,285662.6666666667,7878.072945418399,3,174392,0.12357983939010406
Skender.GetForceIndex,SeededForceIndex,10000,2891897.6666666665,65183.98841228828,3,6006120,801305.3333333334,300947.6242908944,3,1661072,0.2770863376562541
Skender.GetFractal,FractalSnapshot,1000,802434.3333333334,27773.106152055323,3,274072,1597469.3333333333,9662.171098326366,3,175832,1.9907788923953484
Skender.GetFractal,FractalSnapshot,10000,1706874.3333333333,637281.2539235195,3,2671032,7786769.166666667,354197.71657978505,3,1673144,4.5620049552564215
Skender.GetGator,GatorWithDetails,1000,2336815.3333333335,94696.7405845277,3,496992,1319806.3333333333,57576.99830951014,3,367696,0.5647884599638882
Skender.GetGator,GatorWithDetails,10000,4839040.333333333,41329.81870675618,3,5932992,2794702.6666666665,77643.3637687944,3,3574048,0.5775324184457786
Skender.GetHeikinAshi,HeikinAshiCandles,1000,1731424.3333333333,75278.25294421578,3,349216,1157180,6762.126958287607,3,347704,0.668339919753929
Skender.GetHeikinAshi,HeikinAshiCandles,10000,3041383,45501.91098184778,3,4498888,2737788.3333333335,5388.559207555702,3,3383728,0.9001787454369717
Skender.GetHma,HullWindow,1000,1298165,36013.239954216835,3,322568,1193875,429307.4092873311,3,436056,0.9196635250526705
Skender.GetHma,HullWindow,10000,4742104.833333333,451438.71082721,3,4219984,3931326.3333333335,1071916.3631815373,3,4467360,0.8290256060345075
Skender.GetHtTrendline,SeededHilbertTrendline,1000,53495830.5,6260835.577606794,3,48549016,614945,11238.1046889589,3,295816,0.011495194938603672
Skender.GetHtTrendline,SeededHilbertTrendline,10000,372954621.6666667,1169828.800156815,3,490469168,1415473.6666666667,9268.270083102529,3,2882512,0.0037952972947249484
Skender.GetHurst,HurstSnapshot,1000,1670384.8333333333,706957.5923924528,3,257480,2282268.5,139149.2425383624,3,515016,1.3663129923453767
Skender.GetHurst,HurstSnapshot,10000,3149070.3333333335,34605.78755545571,3,2508824,6815164.333333333,121945.35821560957,3,5105352,2.1641829530429666
Skender.GetIchimoku,IchimokuCloudSnapshot,1000,2306492.8333333335,149652.6182408224,3,624088,7715080.833333333,103096.87730641183,3,331872,3.3449403014981542
Skender.GetIchimoku,IchimokuCloudSnapshot,10000,6063487.666666667,2128772.046670177,3,6143104,12287225.333333334,711437.5510481108,3,3222888,2.026428684085721
Skender.GetKama,SeededAdaptiveAverage,1000,7847006.666666667,898617.0200754787,3,7953344,120908.66666666667,14977.479305054418,3,167976,0.015408253338215591
Skender.GetKama,SeededAdaptiveAverage,10000,70379148.83333333,3003889.77097435,3,81859520,681687.6666666666,235986.54032875123,3,1591656,0.009685932239405007
Skender.GetKeltner,WindowAtrBands,1000,5648418,880132.0463816779,3,2399176,1245624,10807.18015950507,3,488248,0.220526172106951
Skender.GetKeltner,WindowAtrBands,10000,17259446.833333332,1025732.4002079349,3,25043848,2285791.8333333335,101462.69528419465,3,4773928,0.13243714328774212
Skender.GetKvo,KlingerVolumeSnapshot,1000,19559173,1362483.800927189,3,7034168,727593.3333333334,61246.773485085185,3,280064,0.03719959598155471
Skender.GetKvo,KlingerVolumeSnapshot,10000,55240165.666666664,1034033.6664704556,3,72133176,1621735,644043.9640327359,3,2712416,0.02935789530006056
Skender.GetMaEnvelopes,WindowAverageEnvelope,1000,4065019.8333333335,63947.85893470813,3,404440,1024206.3333333334,50502.70690104968,3,293712,0.2519560482669232
Skender.GetMaEnvelopes,WindowAverageEnvelope,10000,3594222.6666666665,155926.6228465599,3,5039520,1671036.3333333333,324976.4500765147,3,2843064,0.4649228743758038
Skender.GetMacd,EmaDifferenceSignal,1000,11386529.5,572737.6402254351,3,5961752,677978.1666666666,79991.76315304803,3,467984,0.05954212533912696
Skender.GetMacd,EmaDifferenceSignal,10000,25777197,1180316.305873557,3,61735144,1033464.3333333334,41826.08009762972,3,4785992,0.04009219207710339
Skender.GetMama,SeededPhaseAdaptiveAverage,1000,64654533,1084518.3183556693,3,47981928,1233642.3333333333,75716.55611115269,3,256560,0.019080523454300308
Skender.GetMama,SeededPhaseAdaptiveAverage,10000,617447940.6666666,798332.8246266298,3,483603256,2468146.3333333335,499920.82541271806,3,2472576,0.003997335112444368
Skender.GetMarubozu,PriceCandlePattern(Marubozu),1000,1418782.3333333333,159037.30287053203,3,1393216,1352582.5,52021.35134730738,3,408432,0.9533403878960057
Skender.GetMarubozu,PriceCandlePattern(Marubozu),10000,8353961.333333333,923228.8380517222,3,14915808,4452065.666666667,49968.69969624318,3,3983784,0.5329286896388157
Skender.GetMfi,WindowMoneyFlowIndex,1000,5076284.833333333,261535.0844329176,3,4715088,459713.3333333333,24352.389170948572,3,194416,0.09056098080128089
Skender.GetMfi,WindowMoneyFlowIndex,10000,38892468.666666664,817589.4107865717,3,48802184,2257361.6666666665,535169.2299836879,3,1861768,0.058041100090963624
Skender.GetObv,SeededOnBalanceVolume(Zero),1000,1226874.8333333333,58961.97173037324,3,315784,205015.33333333334,1616.5884860821363,3,182712,0.1671037075365879
Skender.GetObv,SeededOnBalanceVolume(Zero),10000,1770177.3333333333,333198.59915121703,3,4163480,779183.1666666666,328923.22380813025,3,1742400,0.44017237820994204
Skender.GetParabolicSar,ParabolicStopSnapshots,1000,4628566.666666667,18881.030383253274,3,3903000,590256.6666666666,45168.25798426737,3,216056,0.1275247196756375
Skender.GetParabolicSar,ParabolicStopSnapshots,10000,43630952.833333336,1171764.741983788,3,39173232,1495110.6666666667,418337.9215972816,3,2073416,0.03426720182751605
Skender.GetPivotPoints,PivotLevelSnapshots,1000,1126980.3333333333,19259.06545846224,3,347616,1608001.3333333333,106867.84156299468,3,526104,1.4268228874742268
Skender.GetPivotPoints,PivotLevelSnapshots,10000,1919412.3333333333,521358.1420811737,3,3375416,2064305,59864.00064312452,3,5145456,1.075488035660915
Skender.GetPivots,PivotTrendSnapshot,1000,1348905,143471.09706139422,3,652472,1341304.3333333333,102692.13480268746,3,422256,0.994365306180445
Skender.GetPivots,PivotTrendSnapshot,10000,3079931.3333333335,409292.6042824783,3,6582280,3434670.5,91144.48173641671,3,4114272,1.1151776219253373
Skender.GetPmo,SeededPriceMomentum,1000,10948785.666666666,1129154.465810738,3,5872208,568810,10377.330918882755,3,280968,0.051951880082165586
Skender.GetPmo,SeededPriceMomentum,10000,23122265.666666668,66829.4079902952,3,60931400,1102983,466158.7271477388,3,2814504,0.04770220253935034
Skender.GetPrs,PriceRelativeStrength,1000,10431537,4482326.379743782,3,6239064,964820.5,55440.06142673365,3,262416,0.09249073266959605
Skender.GetPrs,PriceRelativeStrength,10000,67012749.166666664,794995.7503844477,3,63915576,3199752.3333333335,2731289.021940068,3,2524104,0.0477484116548519
Skender.GetPvo,EmaDifferenceSignal,1000,7597967.333333333,671448.6467112234,3,6804992,857857.3333333334,61050.946514639174,3,385608,0.112906162358687
Skender.GetPvo,EmaDifferenceSignal,10000,46096774.333333336,953033.2364746433,3,70387200,1573163.1666666667,68260.00598691253,3,3966576,0.03412740239242915
Skender.GetRenko,RenkoSnapshot,1000,1373999.5,284524.00474300934,3,1066448,585904.8333333334,11553.47412397385,3,85568,0.42642288685937174
Skender.GetRenko,RenkoSnapshot,10000,5968318,1136042.1721974057,3,10571160,1589272.3333333333,191262.8282373063,3,752736,0.26628479469983557
Skender.GetRenkoAtr,RenkoSnapshot,1000,1718343.3333333333,24597.374460160037,3,2518368,730567,7266.982042085971,3,231584,0.4251577585387476
Skender.GetRenkoAtr,RenkoSnapshot,10000,14168911.5,1310414.0444786907,3,25116880,2446727.5,632660.985673212,3,2203472,0.17268281335514024
Skender.GetRoc,RateOfChangeWithAverage,1000,932028,176373.19133303678,3,640960,578984.3333333334,19264.58591128637,3,159824,0.6212091625287367
Skender.GetRoc,RateOfChangeWithAverage,10000,3440775.6666666665,639247.8147959,3,7445496,802058.6666666666,270828.9219125855,3,1522184,0.23310402780303316
Skender.GetRocWb,RateOfChangeRmsBands,1000,4435337.833333333,784108.0085768371,3,2152520,820838.6666666666,48212.89699171097,3,283032,0.18506790181747523
Skender.GetRocWb,RateOfChangeRmsBands,10000,22084533.5,892338.5134062073,3,22863320,1998516.3333333333,333173.6064056295,3,2732328,0.09049393474095041
Skender.GetRollingPivots,PivotLevelSnapshots,1000,7019594.333333333,652492.9336217622,3,6496784,1977585.6666666667,188166.73674518918,3,756888,0.28172363996532945
Skender.GetRollingPivots,PivotLevelSnapshots,10000,35294302.166666664,935163.5342197284,3,64299928,7836955.333333333,701772.9199565436,3,7499904,0.22204590690944057
Skender.GetRsi,WilderStrengthOscillator,1000,1313319.3333333333,11037.766546422938,3,2869704,150016.83333333334,8801.480576206104,3,134472,0.11422723287913222
Skender.GetRsi,WilderStrengthOscillator,10000,12049931.666666666,910247.91257785,3,30021072,506953.3333333333,183241.03551424647,3,1259808,0.04207105462147157
Skender.GetSlope,RegressionSnapshot,1000,13417826.666666666,1201297.6477819032,3,13778040,771946.6666666666,13871.784648462984,3,300672,0.057531423370103654
Skender.GetSlope,RegressionSnapshot,10000,113523510.5,201166.40176977863,3,138072800,2231255.6666666665,590249.5692775501,3,2903352,0.01965456896848399
Skender.GetSma,Sma,1000,790976.5,117755.54328777903,3,305336,516591,19837.83100542997,3,101272,0.6531053703871101
Skender.GetSma,Sma,10000,1974808.5,462599.47406909143,3,4049336,807868,173271.9650607102,3,931624,0.4090867544878402
Skender.GetSmaAnalysis,MovingAverageDiagnostics,1000,57712422.5,1135984.8936900524,3,29290944,504702,21642.14825288839,3,297848,0.008745118955975207
Skender.GetSmaAnalysis,MovingAverageDiagnostics,10000,371518246,5773037.432351621,3,299538240,1760696.5,67199.69098887286,3,2893208,0.004739192540223179
Skender.GetSmi,DoubleSmoothedStochasticMomentum,1000,5538011.166666667,2027002.2056555178,3,798144,480509.8333333333,270347.3157076529,3,223896,0.08676577545121718
Skender.GetSmi,DoubleSmoothedStochasticMomentum,10000,6163299.833333333,440054.50294063956,3,9028800,1524470.8333333333,380137.2127039569,3,2152920,0.24734653100737514
Skender.GetSmma,WilderMovingAverage,1000,763927,40023.356543398506,3,278528,339520.3333333333,12264.270069324686,3,101632,0.4444408082622205
Skender.GetSmma,WilderMovingAverage,10000,2775221.6666666665,349547.1962558609,3,3806152,733201.5,212085.77333475254,3,931648,0.26419565283974317
Skender.GetStarcBands,WindowAtrBands,1000,1844686.3333333333,25353.71423151514,3,2051696,884367,76449.16384107807,3,429992,0.4794132118938378
Skender.GetStarcBands,WindowAtrBands,10000,7652565.5,704718.1489836912,3,21518656,1636802.5,26583.77339656656,3,4203056,0.21388938128004262
Skender.GetStc,SchaffTrendCycleSnapshot,1000,4480348,54793.12646673851,3,3909656,1005591.6666666666,161761.00475186636,3,573552,0.22444499102897067
Skender.GetStc,SchaffTrendCycleSnapshot,10000,29822924.666666668,1827439.7677905376,3,40666888,2395765.6666666665,344146.04934000527,3,5936520,0.08033302211115578
Skender.GetStdDev,StandardDeviationWithDetails,1000,16333700,983318.9413760928,3,17093304,565798,63116.97773974923,3,428208,0.03463991624677813
Skender.GetStdDev,StandardDeviationWithDetails,10000,130206600.33333333,492074.6458428175,3,173446392,1069121.3333333333,1047.4904931947274,3,4250256,0.008210961123294412
Skender.GetStdDevChannels,RegressionChannelSnapshot,1000,12636585,1284169.206536662,3,12441840,1445969.3333333333,114470.2803103641,3,371168,0.11442722328329476
Skender.GetStdDevChannels,RegressionChannelSnapshot,10000,102547288,1105269.500429194,3,124386304,2128181.6666666665,67834.87045269072,3,3614192,0.020753173566780882
Skender.GetStoch,WindowStochasticKdj,1000,7988552,69109.05866093094,3,2713608,664357.6666666666,33235.64577879198,3,281488,0.08316371561037177
Skender.GetStoch,WindowStochasticKdj,10000,38127490,730265.2703086735,3,28444408,2453559.6666666665,562421.8214270613,3,2722840,0.06435146049914817
Skender.GetStochRsi,SmoothedStochasticRsi,1000,5978552.5,33380.72204132199,3,3293320,1160218.8333333333,568122.885184476,3,398184,0.1940635017143921
Skender.GetStochRsi,SmoothedStochasticRsi,10000,26085323.333333332,954897.5167065486,3,34355016,2724038.5,59831.73807436986,3,3910200,0.10442801360714078
Skender.GetSuperTrend,SeededAtrTrailingStop,1000,9875603.333333334,955053.960817049,3,6176224,577569.6666666666,65511.463289513944,3,369520,0.05848449428068698
Skender.GetSuperTrend,SeededAtrTrailingStop,10000,27580630,1030250.605691159,3,63485736,988102,14719.790385735861,3,3602200,0.03582594016162793
Skender.GetT3,TillsonAverage,1000,8032735,1896984.604490769,3,10897520,994747.8333333334,19577.029762794293,3,119096,0.12383675464624855
Skender.GetT3,TillsonAverage,10000,57318964.333333336,146978.18357271032,3,110051064,1340857.8333333333,207320.35236882395,3,1102784,0.023392918014632887
Skender.GetTema,"SeededExponentialAverage(3, Shared)",1000,892717.6666666666,62451.250862839675,3,279352,725482,327544.2577683205,3,98920,0.8126667893880597
Skender.GetTema,"SeededExponentialAverage(3, Shared)",10000,4435045.666666667,314290.92856990534,3,3807352,1090749.1666666667,176576.3881081877,3,931960,0.24593865512245383
Skender.GetTr,TrueRange,1000,2082788.3333333333,367867.66176484356,3,314120,251494,6615.533311835102,3,157864,0.1207487078619767
Skender.GetTr,TrueRange,10000,1771583,465470.2845950534,3,4130456,955986,399119.97663234046,3,1492552,0.5396224732343898
Skender.GetTrix,TripleExponentialRate,1000,4196471.666666667,341800.46765669197,3,5313344,1699409.3333333333,73023.86323889837,3,209544,0.404961469615546
Skender.GetTrix,TripleExponentialRate,10000,35462709.333333336,1068825.330409199,3,54943400,1364638,363074.9309371276,3,2002896,0.038480928999897426
Skender.GetTsi,SeededTrueStrength,1000,3932526.3333333335,840422.2509098229,3,7337912,773852.3333333334,49561.74172013463,3,216120,0.19678249240797624
Skender.GetTsi,SeededTrueStrength,10000,27372215.333333332,565114.634722313,3,76027280,688197.6666666666,284021.75510395906,3,2070504,0.02514219833089627
Skender.GetUlcerIndex,WindowUlcerIndex,1000,42279375.166666664,249178.01798179012,3,32096296,968417.3333333334,15685.899697923973,3,118760,0.02290519501567374
Skender.GetUlcerIndex,WindowUlcerIndex,10000,295755275,2761821.9262376423,3,330351304,7022952.166666667,74410.14370590434,3,1100768,0.0237458221722898
Skender.GetUltimate,WindowUltimateOscillator,1000,13625759.666666666,1235211.306035665,3,9753736,764145.5,41734.507101438256,3,190432,0.056080946581596104
Skender.GetUltimate,WindowUltimateOscillator,10000,124179119.66666667,4495430.863912862,3,103712928,2770138.6666666665,443708.91474291263,3,1821448,0.022307604322711696
Skender.GetVolatilityStop,VolatilityStopSnapshot,1000,2396212.3333333335,124927.52320579054,3,4407272,314509,11991.277621671512,3,415352,0.13125255872566663
Skender.GetVolatilityStop,VolatilityStopSnapshot,10000,24833253,1159720.2183255237,3,44551312,937622.1666666666,12505.18909626453,3,4053032,0.03775671945462267
Skender.GetVortex,WindowVortex,1000,4542819.5,649785.3347198598,3,5601640,458462.8333333333,45439.40922077809,3,248640,0.10092032785659508
Skender.GetVortex,WindowVortex,10000,33611091.666666664,1125297.5686494356,3,57499544,1593586.5,586328.0445757307,3,2392320,0.04741251833782053
Skender.GetVwap,VolumeWeightedPrice,1000,6852112.5,345289.45273784426,3,662744,735785,14267.067988903676,3,174680,0.10738075301594946
Skender.GetVwap,VolumeWeightedPrice,10000,7731166.333333333,566885.1946138066,3,8516200,1104813.6666666667,412092.5344304763,3,1661696,0.14290388009157223
Skender.GetVwma,VolumeWeightedPrice,1000,1623990.5,27512.396678588364,3,630248,405752,59288.78083583774,3,174056,0.24984875219405533
Skender.GetVwma,VolumeWeightedPrice,10000,5797127.666666667,127041.75973408639,3,7350544,1308907.3333333333,86449.10748141551,3,1661696,0.22578549388510388
Skender.GetWilliamsR,WilliamsR,1000,1829473.8333333333,150259.17747123897,3,604704,457877.1666666667,299355.67081038124,3,237656,0.2502780626451522
Skender.GetWilliamsR,WilliamsR,10000,3384963.6666666665,330122.83595251833,3,7060872,1741574.1666666667,483983.3780795921,3,2292344,0.5145030606433886
Skender.GetWma,Wma,1000,1265722.8333333333,125111.03139744845,3,313392,507621.5,3808.512439260215,3,100984,0.4010526527858851
Skender.GetWma,Wma,10000,2447514.3333333335,460437.1336418614,3,4129352,1192401.3333333333,154001.1748569904,3,931624,0.48718870287855304
Skender.GetZigZag,ZigZagSnapshot,1000,4231441.833333333,247606.3102776933,3,3890216,1465636.8333333333,100711.4446790102,3,437456,0.34636818632073046
Skender.GetZigZag,ZigZagSnapshot,10000,28425068.666666668,341177.06695546425,3,40105840,2239624,75944.66585613502,3,4191632,0.07879045170527058
TaLib.Candles.AbandonedBaby,AbandonedBabyCandle,1000,1608174.3333333333,46986.598858965444,3,283368,1077503.1666666667,8256.73315139428,3,20720,0.670016393330491
TaLib.Candles.AbandonedBaby,AbandonedBabyCandle,10000,3993394.3333333335,2117817.3563027885,3,3811368,917958.6666666666,20011.091832614566,3,131072,0.22986927662123358
TaLib.Candles.AdvanceBlock,AdvanceBlockCandle,1000,1708529.6666666667,39402.70727162454,3,282808,1175024,26952.040071207968,3,20904,0.6877398870646866
TaLib.Candles.AdvanceBlock,AdvanceBlockCandle,10000,2300277.6666666665,382022.9203926557,3,3812448,1511639,719646.0972318269,3,131928,0.6571550130252392
TaLib.Candles.BeltHold,BeltHoldCandle,1000,969699,60613.24103692196,3,280232,945129.3333333334,10269.534085504236,3,21056,0.9746625843002141
TaLib.Candles.BeltHold,BeltHoldCandle,10000,3544034,378442.4551381623,3,3808904,1017623.8333333334,18162.410669658697,3,132080,0.28713715312362503
TaLib.Candles.Breakaway,BreakawayCandle,1000,1514089,76752.29005052552,3,280360,603606.6666666666,38782.58858474165,3,21056,0.3986599642865556
TaLib.Candles.Breakaway,BreakawayCandle,10000,2902803.5,369216.4285781444,3,3808776,517289.8333333333,17497.654423760185,3,131408,0.17820353094287414
TaLib.Candles.ClosingMarubozu,ClosingMarubozuCandle,1000,2684153.8333333335,22394.729164098713,3,280904,1316475.6666666667,28054.48372958115,3,21728,0.49046207796212377
TaLib.Candles.ClosingMarubozu,ClosingMarubozuCandle,10000,3523801,394826.6622759914,3,3808568,858344.3333333334,35474.224591008795,3,131744,0.24358479191456422
TaLib.Candles.ConcealingBabySwallow,ConcealingBabySwallowCandle,1000,688957,44620.32786746418,3,280696,340221.3333333333,8720.709680601305,3,20776,0.49382085287374006
TaLib.Candles.ConcealingBabySwallow,ConcealingBabySwallowCandle,10000,1264271.8333333333,276124.76265328564,3,3808104,377234.3333333333,10270.779636100335,3,130792,0.298380714801445
TaLib.Candles.Counterattack,CounterattackCandle,1000,1099395.8333333333,43314.94871673443,3,281768,884626,14935.883803779407,3,21432,0.8046474010346593
TaLib.Candles.Counterattack,CounterattackCandle,10000,2864179.3333333335,401247.4660771496,3,3810184,823676,14900.040570414565,3,132120,0.2875783615970043
TaLib.Candles.DarkCloudCover,DarkCloudCoverCandle,1000,714212.5,40977.09676148373,3,280208,496505.8333333333,5668.758270850286,3,17024,0.6951794225574788
TaLib.Candles.DarkCloudCover,DarkCloudCoverCandle,10000,2649324.1666666665,301637.2204558538,3,3808208,402087.3333333333,23512.84930273941,3,131408,0.15176977524771254
TaLib.Candles.Doji,AverageRangeDoji,1000,2020362.5,14023.00213934223,3,279208,582596.6666666666,15976.094652114869,3,21392,0.2883624432084176
TaLib.Candles.Doji,AverageRangeDoji,10000,3996804.5,472362.2137396259,3,3807832,419040.6666666667,13541.910291141841,3,132080,0.10484392385633741
TaLib.Candles.DojiStar,DojiStarCandle,1000,650449,71371.90592943417,3,280312,923221,6213.588898535209,3,21056,1.4193595500953957
TaLib.Candles.DojiStar,DojiStarCandle,10000,3097697.6666666665,356525.82795827475,3,3808392,936047.8333333334,22417.17862116759,3,131408,0.30217533602644464
TaLib.Candles.DragonflyDoji,AverageRangeDragonflyDoji,1000,523427.3333333333,54763.52805776242,3,276472,493754,14459.545878069615,3,21056,0.9433095456739617
TaLib.Candles.DragonflyDoji,AverageRangeDragonflyDoji,10000,1419500,291900.3431104527,3,3806528,316395,16777.99353319699,3,130448,0.2228918633321592
TaLib.Candles.Engulfing,Engulfing,1000,640281.6666666666,64595.99012580683,3,278456,63961.333333333336,6272.26452992325,3,21056,0.09989561885524341
TaLib.Candles.Engulfing,Engulfing,10000,2321563.3333333335,285991.8464595334,3,3804904,180491,17899.65555534519,3,130064,0.07774545600737434
TaLib.Candles.EveningDojiStar,EveningDojiStarCandle,1000,1646077.3333333333,102620.9819302726,3,284488,1499742.8333333333,21538.83862545363,3,20720,0.9111010782806478
TaLib.Candles.EveningDojiStar,EveningDojiStarCandle,10000,3070353.5,411222.7381201093,3,3836312,890476.1666666666,20516.965475755263,3,130736,0.290023988008764
TaLib.Candles.EveningStar,EveningStarCandle,1000,329782.3333333333,23577.927842228488,3,287544,545506,13888.568068739123,3,20720,1.6541395486113568
TaLib.Candles.EveningStar,EveningStarCandle,10000,1783763.1666666667,288197.62652099226,3,3862992,544143.1666666666,18876.949153222122,3,129104,0.3050534829035132
TaLib.Candles.GapSideBySideWhiteLines,GapSideBySideWhiteLinesCandle,1000,1098511.6666666667,29692.08866572598,3,280976,734796.8333333334,40667.41457645585,3,21392,0.6689021661126342
TaLib.Candles.GapSideBySideWhiteLines,GapSideBySideWhiteLinesCandle,10000,2729307.6666666665,395762.16324496374,3,3808304,531767,23750.29551395096,3,131072,0.19483585764057626
TaLib.Candles.GravestoneDoji,AverageRangeGravestoneDoji,1000,773132,51946.869039432975,3,279160,1159845.5,27084.234731666318,3,20768,1.5001907824278389
TaLib.Candles.GravestoneDoji,AverageRangeGravestoneDoji,10000,2244665.5,398947.9733536693,3,3806824,725297.8333333334,189437.97104681347,3,131072,0.3231206758126471
TaLib.Candles.Hammer,HammerCandle,1000,620388.3333333334,51333.19659180921,3,279784,1466007.3333333333,105640.07101632094,3,20048,2.3630478759271742
TaLib.Candles.Hammer,HammerCandle,10000,3430874.1666666665,369470.1004213106,3,3808824,959557.8333333334,36523.49882381662,3,131072,0.27968319055711993
TaLib.Candles.HangingMan,HangingManCandle,1000,1814642.3333333333,79934.39151162242,3,280744,1047438,19686.40375995574,3,19376,0.5772145732299496
TaLib.Candles.HangingMan,HangingManCandle,10000,1960369,315116.9346115819,3,3809456,735833,18959.800025316723,3,131744,0.3753543338014425
TaLib.Candles.Harami,HaramiCandle,1000,1128231.5,10979.812065786919,3,280312,950851.8333333334,11310.399654005749,3,21056,0.8427807886354293
TaLib.Candles.Harami,HaramiCandle,10000,3017399.5,389133.55141390726,3,3807936,757568.3333333334,26300.05977813232,3,131072,0.251066633149947
TaLib.Candles.HaramiCross,HaramiCrossCandle,1000,503266,35424.865560789374,3,277960,495450.6666666667,41983.691373357506,3,20720,0.9844707702619822
TaLib.Candles.HaramiCross,HaramiCrossCandle,10000,3016512.5,356655.24531681853,3,3807648,432041.5,11080.796361272956,3,131072,0.14322549633061357
TaLib.Candles.HighWave,HighWaveCandle,1000,1728589.6666666667,80654.3247466206,3,279224,995328.6666666666,5169.604852726459,3,20720,0.5758038971654926
TaLib.Candles.HighWave,HighWaveCandle,10000,4183720.1666666665,472440.88104791834,3,3807896,916425.1666666666,17196.795786812534,3,131072,0.21904552172685546
TaLib.Candles.Hikkake,HikkakeCandle,1000,968922.1666666666,52618.913950530565,3,279064,29788,3732.0395228346656,3,19376,0.030743439488517568
TaLib.Candles.Hikkake,HikkakeCandle,10000,1126863.6666666667,319260.1854668592,3,3807360,119071,8549.156157188858,3,130064,0.10566584363503304
TaLib.Candles.HikkakeModified,ModifiedHikkakeCandle,1000,713541,47144.75501049931,3,279696,294878.1666666667,11190.447548392931,3,21056,0.4132602985205709
TaLib.Candles.HikkakeModified,ModifiedHikkakeCandle,10000,2731889.3333333335,403567.5827099265,3,3808368,341972.5,69784.72392293316,3,132080,0.12517802087639468
TaLib.Candles.HomingPigeon,HomingPigeonCandle,1000,1128016.3333333333,53062.896041710104,3,280312,539677.6666666666,10503.826747111423,3,21056,0.4784307201225514
TaLib.Candles.HomingPigeon,HomingPigeonCandle,10000,3776575.6666666665,371327.3461103199,3,3808392,542235.6666666666,35700.387957742605,3,131408,0.14357865816184273
TaLib.Candles.IdenticalThreeCrows,IdenticalThreeCrowsCandle,1000,2274471.8333333335,76870.87811605468,3,282600,1626937.3333333333,23312.237480201966,3,21152,0.7153033550426469
TaLib.Candles.IdenticalThreeCrows,IdenticalThreeCrowsCandle,10000,3328523,367584.53777192533,3,3810264,1060996.8333333333,57194.52947907988,3,131840,0.3187590511867676
TaLib.Candles.InNeck,InNeckCandle,1000,740730,38304.29575126007,3,280744,338244.3333333333,14927.244231047247,3,21056,0.4566364712288328
TaLib.Candles.InNeck,InNeckCandle,10000,3613715.1666666665,1650514.975792808,3,3808488,370808,11070.562632495243,3,130736,0.10261129693352054
TaLib.Candles.InvertedHammer,InvertedHammerCandle,1000,1200620.3333333333,79059.06895690926,3,280792,1772055.3333333333,6203.791851225614,3,21392,1.4759497937316293
TaLib.Candles.InvertedHammer,InvertedHammerCandle,10000,3524769.6666666665,374494.6012993156,3,3809208,1025676.5,22802.95805372629,3,132080,0.2909910709059098
TaLib.Candles.Kicking,KickingCandle,1000,742515.8333333334,39717.82038749525,3,281872,1096069.6666666667,14687.520973034672,3,20128,1.4761566251673646
TaLib.Candles.Kicking,KickingCandle,10000,2765510.1666666665,350753.7904889031,3,3809872,830847.6666666666,20063.563425606462,3,130480,0.3004319697251761
TaLib.Candles.KickingByLength,KickingByLengthCandle,1000,2061467.5,16209.758758229427,3,282208,1224739.3333333333,10284.228523974627,3,21472,0.5941104253806249
TaLib.Candles.KickingByLength,KickingByLengthCandle,10000,2450418.6666666665,414879.66228333407,3,3810544,1043630.5,28608.776485547172,3,132160,0.42589885320277243
TaLib.Candles.LadderBottom,LadderBottomCandle,1000,437531.6666666667,54282.01241970796,3,280696,338918.3333333333,27990.9579388297,3,21056,0.7746144088618346
TaLib.Candles.LadderBottom,LadderBottomCandle,10000,2869165.5,360151.03299032757,3,3808776,320789,14879.71666396911,3,131408,0.11180568008363408
TaLib.Candles.LongLeggedDoji,AverageRangeLongLeggedDoji,1000,544549.8333333334,129057.14181064656,3,275800,492744.8333333333,17124.182734756552,3,21056,0.9048663743354984
TaLib.Candles.LongLeggedDoji,AverageRangeLongLeggedDoji,10000,1585903,259938.30765587438,3,3806528,337303.3333333333,12816.946373194098,3,130736,0.21268850196596722
TaLib.Candles.LongLine,LongLineCandle,1000,927698,7871.780675298315,3,279560,1079377.3333333333,39942.923394931095,3,20384,1.163500765694583
TaLib.Candles.LongLine,LongLineCandle,10000,4071470.6666666665,311563.10445932666,3,3806968,965710.8333333334,31633.13328352614,3,130064,0.23718968215580088
TaLib.Candles.Marubozu,MarubozuCandle,1000,1869693.3333333333,51593.25778949545,3,279896,1004689,10059.981063600353,3,20720,0.5373549673030158
TaLib.Candles.Marubozu,MarubozuCandle,10000,4029615.6666666665,374669.4619332263,3,3807640,779900.6666666666,13440.468233411115,3,130736,0.19354219637323558
TaLib.Candles.MatHold,MatHoldCandle,1000,333611.3333333333,18486.790130613084,3,279832,682831,15476.153430358592,3,18096,2.0467859804922695
TaLib.Candles.MatHold,MatHoldCandle,10000,3420060.8333333335,310209.1716831295,3,3809424,658280,6741.678055202577,3,130464,0.19247610849027294
TaLib.Candles.MatchingLow,MatchingLowCandle,1000,837001.8333333334,55046.815533083594,3,280208,552157.8333333334,36125.0404059751,3,21392,0.6596853332260721
TaLib.Candles.MatchingLow,MatchingLowCandle,10000,2469767.1666666665,375996.14710038365,3,3807536,383643,20274.817311137478,3,131072,0.15533569527437913
TaLib.Candles.MorningDojiStar,MorningDojiStarCandle,1000,985530.5,6971.061540396804,3,285384,1528433,33216.553388333356,3,21056,1.5508733621130955
TaLib.Candles.MorningDojiStar,MorningDojiStarCandle,10000,3144383.6666666665,330822.81918624253,3,3836008,945816.3333333334,32930.797323073326,3,131072,0.3007954606048393
TaLib.Candles.MorningStar,MorningStarCandle,1000,569218,89111.22234600982,3,286872,960732.6666666666,19253.00728024932,3,19040,1.687811465320258
TaLib.Candles.MorningStar,MorningStarCandle,10000,3028696.3333333335,452646.32020633214,3,3869384,653378.1666666666,9996.028027838525,3,131072,0.2157291767668135
TaLib.Candles.OnNeck,OnNeckCandle,1000,1348775.6666666667,19321.296755997857,3,280408,289591,2164.81777524114,3,20048,0.2147065721579101
TaLib.Candles.OnNeck,OnNeckCandle,10000,2042359.6666666667,325418.213492013,3,3809456,410847,36323.32888103732,3,131744,0.20116290323659936
TaLib.Candles.PiercingLine,PiercingLineCandle,1000,888803.8333333334,538.9752622647289,3,280200,696280.3333333334,29114.504226129855,3,21096,0.7833903356627437
TaLib.Candles.PiercingLine,PiercingLineCandle,10000,2689651,325430.5748097434,3,3807824,683078,108018.39200802796,3,131112,0.25396529140769564
TaLib.Candles.RickshawMan,RickshawManCandle,1000,490669.6666666667,62278.15213486454,3,280248,563068.6666666666,4679.090652395327,3,18368,1.1475514076340565
TaLib.Candles.RickshawMan,RickshawManCandle,10000,2050649.5,264319.5314538825,3,3808496,454306.3333333333,11141.518044383958,3,131072,0.22154265433138784
TaLib.Candles.RisingFallingThreeMethods,RisingFallingThreeMethodsCandle,1000,1478703.3333333333,78681.76184055193,3,282128,1525838.5,14937.39866911237,3,20784,1.031876012993366
TaLib.Candles.RisingFallingThreeMethods,RisingFallingThreeMethodsCandle,10000,3747912.3333333335,452659.00698244513,3,3810128,1306959.5,15647.19537169521,3,131136,0.34871666777691435
TaLib.Candles.SeparatingLines,SeparatingLinesCandle,1000,1547601.3333333333,51666.0640685289,3,281224,443203.3333333333,644.1819101258071,3,21056,0.2863808164204218
TaLib.Candles.SeparatingLines,SeparatingLinesCandle,10000,1619619.3333333333,305558.84318627295,3,3811152,416372.1666666667,11841.758160566078,3,131744,0.25708026453952765
TaLib.Candles.ShootingStar,ShootingStarCandle,1000,866974.6666666666,57838.60943464438,3,280456,1325250.8333333333,10481.568219180437,3,21056,1.5285923387227
TaLib.Candles.ShootingStar,ShootingStarCandle,10000,3543340.8333333335,354028.4196421716,3,3809128,1234220.6666666667,161065.373340558,3,132080,0.34832118182252203
TaLib.Candles.ShortLine,ShortLineCandle,1000,1379515.3333333333,60106.474579144415,3,280232,1004698.6666666666,18176.324225027856,3,21056,0.7282982960682327
TaLib.Candles.ShortLine,ShortLineCandle,10000,4212462,369427.94580675673,3,3808312,1060722.6666666667,22221.780674224407,3,131408,0.2518058718788838
TaLib.Candles.SpinningTop,SpinningTopCandle,1000,2721574,68559.80858345507,3,280904,614027.5,27396.903529413685,3,21728,0.22561484640873258
TaLib.Candles.SpinningTop,SpinningTopCandle,10000,4233375.666666667,355687.5055499325,3,3808568,572124.1666666666,44578.60277457486,3,131456,0.13514608948398704
TaLib.Candles.Stalled,StalledCandle,1000,941750.3333333334,41890.5301629537,3,284656,676480.3333333334,10044.453212262642,3,21152,0.7183223720653492
TaLib.Candles.Stalled,StalledCandle,10000,2072044.3333333333,266056.7822783951,3,3812352,711861,24279.680969897443,3,130832,0.34355490785026643
TaLib.Candles.StickSandwich,StickSandwichCandle,1000,889477.8333333334,58089.19419593745,3,280208,239533.16666666666,4887.6203139496565,3,21392,0.2692963868127124
TaLib.Candles.StickSandwich,StickSandwichCandle,10000,2829085,357523.235733008,3,3808624,306445.1666666667,16539.21353430487,3,132080,0.10831953322953064
TaLib.Candles.TakuriLine,TakuriLineCandle,1000,770194,59069.41651142324,3,278872,682644.6666666666,25072.243942920893,3,21056,0.8863282064865042
TaLib.Candles.TakuriLine,TakuriLineCandle,10000,2487550.3333333335,315532.32392471825,3,3807160,639025.1666666666,23941.883307988395,3,131408,0.2568893413346008
TaLib.Candles.TasukiGap,TasukiGapCandle,1000,1977368,4868.587885619408,3,279920,325447,9373.558182461984,3,21392,0.16458595466296613
TaLib.Candles.TasukiGap,TasukiGapCandle,10000,2397860.1666666665,390445.20763396926,3,3808256,325050.3333333333,21856.000190641775,3,132080,0.13555850247314255
TaLib.Candles.ThreeBlackCrows,ThreeBlackCrowsCandle,1000,468506.3333333333,56307.10706769913,3,281304,704123.1666666666,9324.275646576163,3,21104,1.502910668585768
TaLib.Candles.ThreeBlackCrows,ThreeBlackCrowsCandle,10000,2956926,372683.018335958,3,3809384,698452.6666666666,18979.316145038876,3,131456,0.23620904502401027
TaLib.Candles.ThreeInside,ThreeInsideCandle,1000,706000.8333333334,44868.218622242326,3,277968,525530,22706.983309105606,3,21056,0.7443758919075875
TaLib.Candles.ThreeInside,ThreeInsideCandle,10000,2074285.6666666667,269288.04575460334,3,3809080,569684.6666666666,16548.154892112092,3,130736,0.27464137453263027
TaLib.Candles.ThreeLineStrike,ThreeLineStrikeCandle,1000,839997.8333333334,23784.42184147711,3,279200,476407,25599.40720016771,3,20824,0.5671526533699393
TaLib.Candles.ThreeLineStrike,ThreeLineStrikeCandle,10000,3122356,337024.10149424034,3,3806608,547554.8333333334,38210.99742656994,3,130120,0.17536592026448405
TaLib.Candles.ThreeOutside,ThreeOutsideCandle,1000,405050.8333333333,9950.098810229641,3,278904,54365.333333333336,8482.856024555256,3,20720,0.13421854458596763
TaLib.Candles.ThreeOutside,ThreeOutsideCandle,10000,2727645.6666666665,531293.8105552645,3,3806648,159444,23597.575574622068,3,130736,0.058454806629942284
TaLib.Candles.ThreeStarsInSouth,ThreeStarsInSouthCandle,1000,373667.5,39096.26083144014,3,283648,534855.3333333334,2520.615863897816,3,20760,1.4313670130084457
TaLib.Candles.ThreeStarsInSouth,ThreeStarsInSouthCandle,10000,2349569.6666666665,284663.19068916043,3,3810600,583988.6666666666,19049.23973111088,3,130440,0.2485513304634934
TaLib.Candles.ThreeWhiteSoldiers,ThreeWhiteSoldiersCandle,1000,1674473,61679.746335405755,3,284312,2537996,43708.6307381048,3,21536,1.5156983719653885
TaLib.Candles.ThreeWhiteSoldiers,ThreeWhiteSoldiersCandle,10000,3383921.1666666665,338320.53872227937,3,3811640,1470634.3333333333,19967.435221713713,3,131216,0.43459473814574184
TaLib.Candles.Thrusting,ThrustingCandle,1000,814671.6666666666,67529.39260302385,3,281080,641853,23574.166347932645,3,21056,0.7878670957420475
TaLib.Candles.Thrusting,ThrustingCandle,10000,2411153.3333333335,354144.61079103453,3,3808744,621194.6666666666,40909.55688263237,3,131072,0.25763382945367774
TaLib.Candles.Tristar,TristarCandle,1000,463974.3333333333,35567.62146016143,3,280040,401263.6666666667,35973.32902767456,3,20720,0.864840224638863
TaLib.Candles.Tristar,TristarCandle,10000,2559586.6666666665,275442.2838968871,3,3808120,367983.8333333333,31078.636172350507,3,131072,0.14376689725945335
TaLib.Candles.TwoCrows,TwoCrowsCandle,1000,1271944.3333333333,21035.567055188538,3,278616,199092.5,7655.648176346664,3,21056,0.1565261110745675
TaLib.Candles.TwoCrows,TwoCrowsCandle,10000,1678579.6666666667,348977.5349450641,3,3808960,268664,19860.858314785895,3,131456,0.16005436342113838
TaLib.Candles.UniqueThreeRiver,UniqueThreeRiverCandle,1000,907099.8333333334,17424.97547583162,3,282000,816551.3333333334,21242.426752453055,3,21056,0.9001780215665347
TaLib.Candles.UniqueThreeRiver,UniqueThreeRiverCandle,10000,3085427.3333333335,438066.3076639578,3,3809624,665871,26010.233697527594,3,131072,0.21581159692412136
TaLib.Candles.UpDownSideGapThreeMethods,UpDownSideGapThreeMethodsCandle,1000,397459.5,34660.71938087841,3,278616,41393.5,2854.747624572092,3,20720,0.10414520221557165
TaLib.Candles.UpDownSideGapThreeMethods,UpDownSideGapThreeMethodsCandle,10000,1664594.1666666667,353155.3369840718,3,3806576,112690.66666666667,12206.482144063193,3,131072,0.06769858318819452
TaLib.Candles.UpsideGapTwoCrows,UpsideGapTwoCrowsCandle,1000,1408981.3333333333,64753.82379700316,3,279648,800100.5,11180.262787609243,3,19424,0.5678574166111499
TaLib.Candles.UpsideGapTwoCrows,UpsideGapTwoCrowsCandle,10000,3490075.6666666665,441764.2670682333,3,3809664,635200.8333333334,16444.648440551515,3,130400,0.18200202345183158
TaLib.Functions.Accbands,RangeAccelerationBands,1000,8774932,657264.3623778794,3,6994496,276289,5910.624417098416,3,121408,0.03148616992131677
TaLib.Functions.Accbands,RangeAccelerationBands,10000,37045382,847536.7913365178,3,71147936,285331.6666666667,106422.68278113146,3,1162456,0.0077022195820970795
TaLib.Functions.Acos,PriceCircularTransform,1000,878158,490752.2236842132,3,320384,266492.3333333333,262258.03809479956,3,42248,0.30346740943353395
TaLib.Functions.Acos,PriceCircularTransform,10000,2222913.3333333335,455282.5320527171,3,4218056,274215,25312.197613008648,3,342272,0.1233583855420964
TaLib.Functions.Ad,Adl,1000,7210124,369110.0570669946,3,1285648,56161,2614.611060941952,3,17368,0.007789186427306936
TaLib.Functions.Ad,Adl,10000,20667074.666666668,1302849.734493711,3,15778880,42425.333333333336,8160.233227876109,3,91384,0.00205279818346812
TaLib.Functions.AdOsc,SmoothedAccumulationOscillator,1000,9198766.833333334,1103930.0296623574,3,7981672,136658.83333333334,1464.599035003551,3,43176,0.014856212339041604
TaLib.Functions.AdOsc,SmoothedAccumulationOscillator,10000,60916126.666666664,1081929.7163606947,3,81420944,165394.83333333334,24614.26603279759,3,342160,0.0027151239316047563
TaLib.Functions.Add,CandleArithmetic,1000,567855.3333333334,14782.171367337523,3,320408,74184.33333333333,6249.790103142131,3,41912,0.1306394938616995
TaLib.Functions.Add,CandleArithmetic,10000,1138981.5,316231.09478512703,3,4217152,350834.6666666667,266713.1589823294,3,340928,0.30802490353589296
TaLib.Functions.Adx,PriorSeededDirectionalMeasure,1000,9567294,1289410.7385375693,3,13006568,225184.83333333334,4572.429259522047,3,42536,0.023536940887709037
TaLib.Functions.Adx,PriorSeededDirectionalMeasure,10000,77204822,368937.09417866886,3,132718904,315493.3333333333,21268.377684565727,3,342224,0.004086445964907908
TaLib.Functions.Adxr,PriorSeededDirectionalMeasure,1000,9049509.666666666,438526.4007244414,3,13851320,340051.6666666667,12908.804024127616,3,48992,0.03757680572674859
TaLib.Functions.Adxr,PriorSeededDirectionalMeasure,10000,80990286.83333333,1590854.2564390786,3,141627240,384986.6666666667,38561.346350112486,3,421016,0.00475349182870429
TaLib.Functions.Apo,ClassicPriceOscillator,1000,9587958.666666666,639201.5493585207,3,3101384,160600.66666666666,4360.567203166732,3,50680,0.01675024603777321
TaLib.Functions.Apo,ClassicPriceOscillator,10000,22074385.166666668,878670.5968139217,3,32333600,195934,35088.575448427655,3,422368,0.008876079606324406
TaLib.Functions.Aroon,WindowAroon,1000,1042456.6666666666,87604.82562241268,3,538368,305970,16298.580183562002,3,91800,0.2935086030754276
TaLib.Functions.Aroon,WindowAroon,10000,4629412.166666667,13344.578162434858,3,6388448,354048.1666666667,74833.55941242761,3,832152,0.07647799632444335
TaLib.Functions.AroonOsc,WindowAroon,1000,624071.6666666666,60281.54963447218,3,526824,147413.66666666666,2880.853056532619,3,82608,0.23621272129536405
TaLib.Functions.AroonOsc,WindowAroon,10000,3516961.3333333335,36424.39441271925,3,6297544,339936.1666666667,39983.6204755564,3,741288,0.09665621383004495
TaLib.Functions.Asin,PriceCircularTransform,1000,429921,12548.479071186277,3,320032,326107,444344.82666955853,3,42248,0.7585277295130965
TaLib.Functions.Asin,PriceCircularTransform,10000,2181390,51209.111679465794,3,4213144,312960.3333333333,7893.1379269168565,3,340256,0.1434683084333078
TaLib.Functions.Atan,PriceCircularTransform,1000,414482.8333333333,15588.916618332825,3,320048,79294.66666666667,5895.524941286682,3,41912,0.1913098934133581
TaLib.Functions.Atan,PriceCircularTransform,10000,2106584,446673.3714796529,3,4216792,252272.66666666666,17636.060340487988,3,340928,0.1197543827669187
TaLib.Functions.Atr,SeededAverageTrueRange,1000,889903.1666666666,318106.0154419173,3,1876400,27728.333333333332,2561.779524731458,3,32856,0.031158820837997543
TaLib.Functions.Atr,SeededAverageTrueRange,10000,6961628.5,914887.8916260723,3,19804024,121983.16666666667,47269.541295990304,3,250536,0.017522217203441215
TaLib.Functions.AvgDev,WindowMeanAbsoluteDeviation,1000,11228723.166666666,1798443.9920760205,3,9016160,58925.666666666664,1454.9386012245786,3,25424,0.005247761993241767
TaLib.Functions.AvgDev,WindowMeanAbsoluteDeviation,10000,53227359.833333336,628699.6984223337,3,91833088,370232,31867.01402704684,3,171104,0.006955670939894041
TaLib.Functions.AvgPrice,FullTypicalPrice,1000,732807,74604.86260961815,3,305792,61210.333333333336,5529.956359080362,3,25096,0.08352858710865663
TaLib.Functions.AvgPrice,FullTypicalPrice,10000,1823489.3333333333,540616.6594735435,3,4049456,86647.33333333333,25789.190881711147,3,171112,0.04751732392914098
TaLib.Functions.Bbands,ClassicDeviationBands,1000,15690163.833333334,439057.40123853204,3,13505072,154940,9868.72185239811,3,105368,0.009874976555109903
TaLib.Functions.Bbands,ClassicDeviationBands,10000,160339362.66666666,1955147.9564611814,3,136916408,408472.1666666667,34017.78103188586,3,1002368,0.002547547650640531
TaLib.Functions.Beta,WindowReturnBeta,1000,16668707.5,3631958.127832974,3,11188864,95753,1794.0827740101627,3,41120,0.005744476588841696
TaLib.Functions.Beta,WindowReturnBeta,10000,80416366.5,945271.2753892398,3,115448944,140833.33333333334,28846.53861962182,3,342152,0.0017513018737713465
TaLib.Functions.Bop,BalanceOfPower,1000,1491065.1666666667,267797.65447130665,3,986384,37007.666666666664,501.4621953181848,3,17032,0.02481961720653613
TaLib.Functions.Bop,BalanceOfPower,10000,9445933.166666666,1032251.5295393527,3,10692760,81296.5,3073.8950860431137,3,91048,0.008606508067078392
TaLib.Functions.Cci,WindowCommodityChannelIndex,1000,7386407.5,546164.606809156,3,9215936,287111,3920.647012930391,3,40416,0.0388701814786146
TaLib.Functions.Cci,WindowCommodityChannelIndex,10000,27580274,405736.8128220559,3,94651232,233512,27906.665386606117,3,341400,0.00846663089714047
TaLib.Functions.Ceil,PriceRoundingTransform,1000,1007462,72086.93364958728,3,320376,110324.83333333333,3595.358303887574,3,42248,0.10950768697313976
TaLib.Functions.Ceil,PriceRoundingTransform,10000,2255337.6666666665,560787.5329929629,3,4217040,248303.16666666666,12508.678840442477,3,341264,0.11009578314437174
TaLib.Functions.Cmo,WilderStrengthOscillator,1000,2920162.3333333335,11566.01946796448,3,2899416,92082,3739.595165255191,3,41904,0.03153317846370869
TaLib.Functions.Cmo,WilderStrengthOscillator,10000,10877800.666666666,987808.9313735391,3,30315200,157587.33333333334,13869.442899169862,3,341880,0.014487058382696356
TaLib.Functions.Correl,WindowCorrelation,1000,21767720.666666668,299330.71046308184,3,17853048,113401.66666666667,13640.425812024108,3,42800,0.005209625224579477
TaLib.Functions.Correl,WindowCorrelation,10000,212508963.16666666,2032064.0078699128,3,181612240,223869.33333333334,23226.00383908806,3,342488,0.0010534583106396175
TaLib.Functions.Cos,PriceCircularTransform,1000,769586.6666666666,73805.05831129281,3,320720,552098,420211.2694217041,3,42584,0.717395485022263
TaLib.Functions.Cos,PriceCircularTransform,10000,2299460.3333333335,443190.73225681676,3,4217464,351535.6666666667,25040.675496745956,3,341600,0.1528774650167916
TaLib.Functions.Cosh,PriceTranscendentalTransform,1000,2082709.8333333333,86539.08106938346,3,321056,296669,259438.33390615197,3,42632,0.1424437505656693
TaLib.Functions.Cosh,PriceTranscendentalTransform,10000,2270096.6666666665,450183.80940048635,3,4217720,461012.6666666667,411324.94511557807,3,341936,0.2030806323959773
TaLib.Functions.Dema,"SeededExponentialAverage(2, Cascaded)",1000,671919.1666666666,40281.08889210089,3,279256,36213.833333333336,1227.2254614916255,3,40648,0.05389611597625211
TaLib.Functions.Dema,"SeededExponentialAverage(2, Cascaded)",10000,1478115.6666666667,271682.9652100649,3,3806664,110712.83333333333,41884.82004656739,3,330664,0.07490133271031787
TaLib.Functions.Div,CandleArithmetic,1000,778012.8333333334,67305.09182322935,3,321416,123674.66666666667,8687.604637259534,3,42920,0.1589622450529415
TaLib.Functions.Div,CandleArithmetic,10000,2333585.1666666665,438234.71124539344,3,4218496,171462,42178.26576567605,3,342272,0.07347578414929647
TaLib.Functions.Dx,PriorSeededDirectionalMeasure,1000,10025719.666666666,748213.9018972672,3,15368144,236320,10441.179578955642,3,42200,0.023571375208675794
TaLib.Functions.Dx,PriorSeededDirectionalMeasure,10000,86751193.66666667,866773.1865178648,3,156676760,308426,10110.092136078682,3,341552,0.0035552940191820068
TaLib.Functions.Ema,Ema,1000,1810459,127083.88489104352,3,306072,23316.666666666668,1769.5593613477151,3,25424,0.012878870312261514
TaLib.Functions.Ema,Ema,10000,3186918.3333333335,571924.7386941165,3,4050408,79117.83333333333,24225.088489690464,3,172112,0.024825811350672616
TaLib.Functions.Exp,PriceTranscendentalTransform,1000,435463,82736.66003048468,3,320384,229723.33333333334,260373.9994360676,3,41576,0.5275381222591433
TaLib.Functions.Exp,PriceTranscendentalTransform,10000,2284299.3333333335,490080.8157532116,3,4217464,216245,28422.09986964369,3,341600,0.09466578956815058
TaLib.Functions.Floor,PriceRoundingTransform,1000,281801.5,66353.880572277,3,320376,37011.833333333336,2560.881944435029,3,42248,0.13134008631371138
TaLib.Functions.Floor,PriceRoundingTransform,10000,1390529.3333333333,425542.8626123734,3,4216744,73319.83333333333,15704.12762089424,3,332912,0.052728001902393046
TaLib.Functions.HtDcPeriod,HilbertCyclePeriod,1000,56150496.333333336,978539.8257384996,3,41358248,170027.16666666666,5898.6402952997005,3,43008,0.003028061687243382
TaLib.Functions.HtDcPeriod,HilbertCyclePeriod,10000,560508499.1666666,2278893.905539776,3,419368792,1173483.3333333333,17828.34163160818,3,341016,0.0020936048874869947
TaLib.Functions.HtDcPhase,DelayedHilbertPhase,1000,107718189,1817822.5182874703,3,78036576,802937.6666666666,30103.029836435624,3,43096,0.007454058354682018
TaLib.Functions.HtDcPhase,DelayedHilbertPhase,10000,1085448960.8333333,13458447.51431204,3,821131408,7500409.666666667,152039.93862578785,3,342112,0.006909960705023263
TaLib.Functions.HtPhasor,HilbertPhasor,1000,39723256,765451.6443845425,3,41849528,195610.33333333334,1871.2285625581214,3,73912,0.004924327787564377
TaLib.Functions.HtPhasor,HilbertPhasor,10000,363664793.5,2961397.8822888695,3,424403880,1003410,163733.85089528677,3,671608,0.0027591617828685963
TaLib.Functions.HtSine,DelayedHilbertSine,1000,110025810.33333333,2271331.178232125,3,78095144,973713.5,189168.6158642601,3,77024,0.008849864382275807
TaLib.Functions.HtSine,DelayedHilbertSine,10000,1126990408.3333333,3202931.120590846,3,821702560,7961954.833333333,75673.21461609368,3,672704,0.00706479378569689
TaLib.Functions.HtTrendMode,DelayedHilbertTrendMode,1000,112417719.83333333,3263385.3077753987,3,84164832,1947319,63328.26478753398,3,39432,0.017322171299035672
TaLib.Functions.HtTrendMode,DelayedHilbertTrendMode,10000,1144811172.3333333,1072395.9118489465,3,885740320,8304517.333333333,32866.01756120275,3,302448,0.007254049867811141
TaLib.Functions.HtTrendline,DelayedHilbertTrendline,1000,56192074.833333336,932206.089529742,3,45694976,192898.66666666666,10176.109292521054,3,42896,0.0034328447069948463
TaLib.Functions.HtTrendline,DelayedHilbertTrendline,10000,555297538.6666666,8037398.600189388,3,475129072,1339789.5,69669.68681571634,3,342248,0.002412741650569871
TaLib.Functions.Kama,SeededAdaptiveAverage,1000,9078577,955919.9127149722,3,7913304,105527.5,7661.461283593359,3,42800,0.01162379302395078
TaLib.Functions.Kama,SeededAdaptiveAverage,10000,83772874.5,18445368.75381398,3,81448592,181178.83333333334,25995.7665271354,3,342152,0.0021627386479776737
TaLib.Functions.LinearReg,WindowLinearRegression,1000,1918558,10341.225120845209,3,3115576,75389.33333333333,4511.547000013779,3,25088,0.039294789802202135
TaLib.Functions.LinearReg,WindowLinearRegression,10000,15710517.333333334,918440.4971931134,3,32282856,286123.5,28621.818093894733,3,171104,0.01821222649319929
TaLib.Functions.LinearRegAngle,WindowLinearRegression,1000,1809573.1666666667,125630.64353227415,3,2609400,54327.5,6794.037753795603,3,24752,0.03002227320825841
TaLib.Functions.LinearRegAngle,WindowLinearRegression,10000,8334016.833333333,777769.4835941645,3,27231056,237848.5,23678.680030778756,3,171104,0.02853947919191668
TaLib.Functions.LinearRegIntercept,WindowLinearRegression,1000,2431564.6666666665,14055.134305062094,3,3115576,78770.16666666667,1119.5831069346007,3,25088,0.03239484754261111
TaLib.Functions.LinearRegIntercept,WindowLinearRegression,10000,20598938,2388951.8411579584,3,32282896,284891.3333333333,33250.20382393667,3,171104,0.013830389378973485
TaLib.Functions.LinearRegSlope,WindowLinearRegression,1000,2573566.6666666665,567425.6821402546,3,2610408,44754,1938.0425691919154,3,23744,0.017389873975157694
TaLib.Functions.LinearRegSlope,WindowLinearRegression,10000,7535453.666666667,757982.8446939504,3,27231728,126189.66666666667,8006.006016318835,3,171776,0.01674612733999957
TaLib.Functions.Ln,PriceTranscendentalTransform,1000,413300.3333333333,69756.9389618935,3,320720,88241.33333333333,2644.370309418356,3,42584,0.21350414266945505
TaLib.Functions.Ln,PriceTranscendentalTransform,10000,2129485.6666666665,433636.86554343294,3,4218056,226752.83333333334,5519.67610764738,3,342272,0.10648244169131922
TaLib.Functions.Log10,PriceTranscendentalTransform,1000,463698.6666666667,65018.99862604263,3,320720,114224,6358.321083430751,3,42584,0.2463323882751442
TaLib.Functions.Log10,PriceTranscendentalTransform,10000,2247186,453908.1813638084,3,4217464,258872.66666666666,28365.593336528913,3,341600,0.1151985935595303
TaLib.Functions.Ma,ClassicMovingAverage,1000,2728670.3333333335,306638.3726025387,3,1087536,153773.83333333334,6762.508434991659,3,42896,0.056354859528041194
TaLib.Functions.Ma,ClassicMovingAverage,10000,7901362.166666667,1635432.9658241372,3,11895432,134520.16666666666,43536.46105660557,3,341912,0.017024933654372208
TaLib.Functions.Macd,AlignedEmaMacd,1000,3407338.5,900718.5469479354,3,5391360,228192.83333333334,2267.549852447203,3,123936,0.06697099021225315
TaLib.Functions.Macd,AlignedEmaMacd,10000,20584233.166666668,834323.6064287844,3,56105112,244210.66666666666,120863.88838827473,3,1161288,0.0118639671776616
TaLib.Functions.MacdExt,ClassicMacd,1000,5102194,37424.531914240426,3,4785096,327569,10890.755667078387,3,125800,0.06420159641126935
TaLib.Functions.MacdExt,ClassicMacd,10000,38457200.666666664,1345779.7226219205,3,49718480,504304.3333333333,149472.65992927714,3,1163152,0.013113391629943736
TaLib.Functions.MacdFix,AlignedEmaMacd,1000,14238899.5,5443141.726938221,3,8151744,292629.3333333333,5774.107059393109,3,124320,0.020551400993688684
TaLib.Functions.MacdFix,AlignedEmaMacd,10000,89144257.66666667,1152158.5333982182,3,84356352,480789.6666666667,20545.854115449507,3,1161960,0.005393389089227295
TaLib.Functions.Mama,DelayedPhaseAdaptiveAverage,1000,81848501,11878231.47312928,3,46738272,715764,23281.123319118433,3,76600,0.008744986056616968
TaLib.Functions.Mama,DelayedPhaseAdaptiveAverage,10000,650771198.3333334,2381424.1999203614,3,473847064,1506378,73707.31755395797,3,673288,0.0023147582496858042
TaLib.Functions.Mavp,VariablePeriodClassicAverage,1000,6814677.333333333,1067945.2929922643,3,7655904,430328.5,16522.32925467835,3,62608,0.06314730381952054
TaLib.Functions.Mavp,VariablePeriodClassicAverage,10000,51821309.666666664,268194.2459978091,3,81897272,675299,82691.97970782898,3,541960,0.013031299369772136
TaLib.Functions.Max,HighestHigh,1000,347943,86006.84211735716,3,386312,56725.166666666664,2481.993217825813,3,25240,0.16303005568919812
TaLib.Functions.Max,HighestHigh,10000,1294675.1666666667,155717.30457573856,3,4849680,119014,17782.019317276652,3,170920,0.09192576104353588
TaLib.Functions.MaxIndex,WindowExtremeIndex,1000,313726,10846.828891431818,3,334752,172104.83333333334,21329.5833605191,3,37304,0.5485832648021948
TaLib.Functions.MaxIndex,WindowExtremeIndex,10000,2867508.6666666665,422477.3160091951,3,4365840,230462.5,38020.4769433525,3,290312,0.08037028891281468
TaLib.Functions.MedPrice,MedianPrice,1000,646923.1666666666,56482.13859560678,3,392832,28319.5,5214.609381343918,3,25088,0.04377567763714341
TaLib.Functions.MedPrice,MedianPrice,10000,1830153.1666666667,44438.35015314288,3,4929248,72308.5,24959.052465989167,3,170768,0.03950953467555857
TaLib.Functions.Mfi,WindowMoneyFlowIndex,1000,2622730.5,195173.28373268715,3,5003792,53110,3426.9269032181005,3,41920,0.020249888427346995
TaLib.Functions.Mfi,WindowMoneyFlowIndex,10000,24491988.333333332,1018943.5850047506,3,51755552,178911.33333333334,22605.6393480329,3,340888,0.007304892150786996
TaLib.Functions.MidPoint,WindowRangeMidpoint,1000,712280.5,87728.747927917,3,391648,164287.33333333334,13931.329668532482,3,37640,0.2306497697653289
TaLib.Functions.MidPoint,WindowRangeMidpoint,10000,2587808.5,96764.58626997792,3,4926976,1015505.6666666666,27113.93000531897,3,291320,0.3924191711506731
TaLib.Functions.MidPrice,WindowRangeMidpoint,1000,692511.3333333334,102132.8834035999,3,391312,182972,5423.284890174958,3,37304,0.26421517048577786
TaLib.Functions.MidPrice,WindowRangeMidpoint,10000,2642305.3333333335,89554.27233992431,3,4926976,1060634.8333333333,49630.195147040555,3,291320,0.40140509877990377
TaLib.Functions.Min,LowestLow,1000,430287.6666666667,18529.206306081578,3,385952,30613.333333333332,2697.294446910336,3,24616,0.07114620219186699
TaLib.Functions.Min,LowestLow,10000,2356690.8333333335,34010.55779215232,3,4850048,117531.5,17297.451170620487,3,171256,0.04987141220970506
TaLib.Functions.MinIndex,WindowExtremeIndex,1000,458492,56317.60715797503,3,335440,81730.16666666667,4030.790782629797,3,37640,0.17825865373150823
TaLib.Functions.MinIndex,WindowExtremeIndex,10000,1538651.3333333333,659338.2796807216,3,4366472,113707.16666666667,43583.44000114417,3,290648,0.07390054146986734
TaLib.Functions.MinMax,LowestLow + HighestHigh,1000,720220.6666666666,115385.72775839017,3,419968,156191.66666666666,11242.674652116077,3,41088,0.2168664048333335
TaLib.Functions.MinMax,LowestLow + HighestHigh,10000,3513798,55400.49050324374,3,5171512,221387,54111.38319244852,3,331392,0.06300504468384352
TaLib.Functions.MinMaxIndex,WindowExtremeIndex,1000,677467.1666666666,66295.62749784735,3,407400,202533.33333333334,21719.21923857608,3,42440,0.2989566776052862
TaLib.Functions.MinMaxIndex,WindowExtremeIndex,10000,2147541.3333333335,70011.26935239308,3,5087280,186770,62081.94124703254,3,371432,0.08696922247829456
TaLib.Functions.MinusDI,PriorSeededDirectionalMeasure,1000,7116239,1993529.1084077503,3,8491152,295844,11007.497036111343,3,41912,0.04157308375955333
TaLib.Functions.MinusDI,PriorSeededDirectionalMeasure,10000,48607903,1398030.931442148,3,86610856,296012.1666666667,46123.01007450981,3,341216,0.006089795041490819
TaLib.Functions.MinusDM,PriorSeededDirectionalMeasure,1000,6250728.666666667,657934.8905783409,3,7450096,79059,3177.9834801332745,3,41856,0.012647965415872047
TaLib.Functions.MinusDM,PriorSeededDirectionalMeasure,10000,22233861.333333332,575419.8676595493,3,76001344,145800.83333333334,23491.067245515547,3,341880,0.0065576028899103815
TaLib.Functions.Mom,LaggedPriceChange(Difference),1000,405267,52088.73783266398,3,279896,28010.666666666668,2390.4309932171905,3,25424,0.06911657417620154
TaLib.Functions.Mom,LaggedPriceChange(Difference),10000,2637503.6666666665,384049.1148399295,3,3808232,71845.5,30041.465743202345,3,172112,0.027239962130858334
TaLib.Functions.Mult,CandleArithmetic,1000,462150.3333333333,76184.70876976123,3,321080,132036.33333333334,8671.627086846696,3,42584,0.28569996343181264
TaLib.Functions.Mult,CandleArithmetic,10000,2357225,480175.7328853677,3,4217824,173774,22010.048318892896,3,341600,0.07371973400926937
TaLib.Functions.Natr,NormalizedSeededAverageTrueRange,1000,3266272,21630.338855413247,3,2183952,80086.5,2975.132434027097,3,33864,0.02451923783444857
TaLib.Functions.Natr,NormalizedSeededAverageTrueRange,10000,14754331.666666666,1056950.1163334697,3,22917024,212704.33333333334,68801.84353876961,3,251880,0.014416399071052468
TaLib.Functions.Obv,SeededOnBalanceVolume(FirstVolume),1000,574215.8333333334,64228.70615490657,3,293968,16568.666666666668,2461.1575190006297,3,15008,0.02885442320614055
TaLib.Functions.Obv,SeededOnBalanceVolume(FirstVolume),10000,1224002,335592.29810441117,3,3986000,66729.83333333333,1379.516340364743,3,90704,0.054517748609343226
TaLib.Functions.PlusDI,PriorSeededDirectionalMeasure,1000,5588011.333333333,21397.205643105208,3,8492336,176120,10157.897567902522,3,42872,0.03151747365818991
TaLib.Functions.PlusDI,PriorSeededDirectionalMeasure,10000,48663456.666666664,1527298.6642305208,3,86613992,240850.66666666666,22328.763161745734,3,342224,0.004949312752615121
TaLib.Functions.PlusDM,PriorSeededDirectionalMeasure,1000,7011894.166666667,740102.5723319257,3,7449808,122035.33333333333,1118.7860981140825,3,41904,0.017404046671649468
TaLib.Functions.PlusDM,PriorSeededDirectionalMeasure,10000,38923816,889375.4014874708,3,76001048,197226.33333333334,3890.2411664745587,3,341544,0.005066983497541283
TaLib.Functions.Ppo,ClassicPriceOscillator,1000,3193455.1666666665,293236.49009687273,3,4113832,109622,5698.727226319927,3,50680,0.03432708282371899
TaLib.Functions.Ppo,ClassicPriceOscillator,10000,29959134,1063626.6591450216,3,42686120,170154.66666666666,28675.066596842164,3,422368,0.0056795589173794766
TaLib.Functions.Roc,LaggedPriceChange(Percent),1000,728970.5,141644.32469746185,3,573680,46570.833333333336,8934.130138593982,3,25088,0.06388575852292148
TaLib.Functions.Roc,LaggedPriceChange(Percent),10000,5312753.166666667,1061195.308226216,3,6784592,93706.5,18414.545799448868,3,171440,0.017638030049642497
TaLib.Functions.RocP,LaggedPriceChange(Fraction),1000,512540.3333333333,93152.84274960874,3,577680,27127.666666666668,6331.099772814619,3,25088,0.05292786714021206
TaLib.Functions.RocP,LaggedPriceChange(Fraction),10000,3134005,265742.4207291715,3,6857864,58134.833333333336,18471.17325275613,3,170480,0.018549693868814294
TaLib.Functions.RocR,LaggedPriceChange(Ratio),1000,535729.6666666666,117869.56632368396,3,551736,46123.333333333336,6045.002922524796,3,25088,0.08609441702251572
TaLib.Functions.RocR,LaggedPriceChange(Ratio),10000,4941945.5,214467.1074733839,3,6581336,79560.83333333333,14825.89060843676,3,170096,0.01609909160943465
TaLib.Functions.RocR100,LaggedPriceChange(RatioPercent),1000,682043.5,157944.68589667714,3,582504,37593,7088.941176226532,3,25088,0.05511818527703878
TaLib.Functions.RocR100,LaggedPriceChange(RatioPercent),10000,5130379.333333333,1154532.2219645206,3,6897080,72680.33333333333,24348.71151279536,3,170768,0.014166658761684808
TaLib.Functions.Rsi,WilderStrengthOscillator,1000,1105701.3333333333,17461.303769573835,3,2869704,53975,3173.987870172159,3,41520,0.04881517130605492
TaLib.Functions.Rsi,WilderStrengthOscillator,10000,11168815.833333334,1012848.9995859864,3,30021072,179696.66666666666,22767.31607663348,3,340536,0.01608914224642884
TaLib.Functions.Sar,ParabolicStopSnapshots,1000,4447896.166666667,37924.479644859115,3,3674632,108673.66666666667,12255.49853467142,3,42864,0.024432599726829655
TaLib.Functions.Sar,ParabolicStopSnapshots,10000,42515723.333333336,1546853.246139508,3,36725456,215078.83333333334,15504.52999395123,3,341544,0.0050588068712147825
TaLib.Functions.SarExt,ParabolicStopSnapshots,1000,5113020.166666667,1119481.4078823877,3,3674296,154949.16666666666,15843.322925867962,3,42528,0.03030482212388431
TaLib.Functions.SarExt,ParabolicStopSnapshots,10000,41596807.333333336,1113586.6266179446,3,36725456,245085.83333333334,11098.225729067388,3,341544,0.00589193856560562
TaLib.Functions.Sin,PriceCircularTransform,1000,253057,19736.197683444498,3,319648,334406,435536.8937449501,3,41240,1.3214651244581261
TaLib.Functions.Sin,PriceCircularTransform,10000,2126300.5,84366.38352448207,3,4217128,318127.6666666667,3832.7345764262536,3,341264,0.14961557252451696
TaLib.Functions.Sinh,PriceTranscendentalTransform,1000,510732.6666666667,15248.012405993555,3,320720,337860,393003.0221041563,3,42296,0.6615202473831711
TaLib.Functions.Sinh,PriceTranscendentalTransform,10000,1355270.3333333333,346438.72085310175,3,4217760,168147.5,16035.3178016527,3,341936,0.12406934311506364
TaLib.Functions.Sma,Sma,1000,451089.3333333333,67334.31254816026,3,305672,30593.333333333332,2460.5353753468626,3,25088,0.06782100810778058
TaLib.Functions.Sma,Sma,10000,1945200.3333333333,402435.86146656127,3,4049296,84040,21735.26648099811,3,171104,0.043203776269145205
TaLib.Functions.Sqrt,PriceRoundingTransform,1000,473130.5,65737.52997337213,3,320376,78459.66666666667,2141.9291149179826,3,42248,0.16583092120813744
TaLib.Functions.Sqrt,PriceRoundingTransform,10000,1008553.3333333334,273382.5517115775,3,4217000,130242,86519.76142477509,3,341264,0.12913744439229788
TaLib.Functions.StdDev,WindowDispersion,1000,12706448.166666666,148285.78278895566,3,8882264,64487,16739.53084766715,3,25120,0.00507513973646635
TaLib.Functions.StdDev,WindowDispersion,10000,123122518,1276457.0106944456,3,90062632,135654.33333333334,25044.943049113393,3,171136,0.0011017832930718112
TaLib.Functions.Stoch,ClassicStochastic,1000,4111010,577444.0917664671,3,2617936,391250.3333333333,359000.9724350804,3,100032,0.09517134070054155
TaLib.Functions.Stoch,ClassicStochastic,10000,11633033.333333334,658032.9117736691,3,27260536,255870,3060.277601787121,3,912720,0.021995123083403297
TaLib.Functions.StochF,ClassicStochastic,1000,2588679.6666666665,410336.4570329248,3,1823512,664864,742457.9130381735,3,100336,0.2568351768514168
TaLib.Functions.StochF,ClassicStochastic,10000,21675035.833333332,1252241.4476838456,3,19264912,434939.6666666667,148977.59778346992,3,913024,0.02006638743350021
TaLib.Functions.StochRsi,ClassicStochasticRsi,1000,6771930,58025.87047171287,3,3899344,404963.3333333333,12382.335576672654,3,92112,0.05980028342486312
TaLib.Functions.StochRsi,ClassicStochasticRsi,10000,27212127,870670.7910347056,3,40329472,559762.6666666666,88389.08768243587,3,832128,0.020570338609204146
TaLib.Functions.Sub,CandleArithmetic,1000,2004644.6666666667,72344.15749964432,3,321416,134143.16666666666,5461.103948226336,3,42920,0.06691618165413853
TaLib.Functions.Sub,CandleArithmetic,10000,2186758.6666666665,583684.5371502772,3,4218080,146480.66666666666,17202.839426482285,3,341936,0.06698529147249292
TaLib.Functions.Sum,RollingPriceSum,1000,576486.6666666666,65004.005371464096,3,276480,16738.333333333332,2178.35381270659,3,25088,0.029035074531934824
TaLib.Functions.Sum,RollingPriceSum,10000,1053362.8333333333,289110.39064747107,3,3805616,33746.333333333336,16453.456364342823,3,170768,0.03203676099577592
TaLib.Functions.T3,TillsonAverage,1000,7002707,1254461.081904098,3,10019792,433830.6666666667,514244.7993799581,3,42864,0.06195185185766971
TaLib.Functions.T3,TillsonAverage,10000,59336637.833333336,658910.054289911,3,109173000,160209.33333333334,48642.21271008684,3,342216,0.00270000692967024
TaLib.Functions.TRange,TrueRange,1000,726700.1666666666,56792.75329065613,3,313784,41880.666666666664,2573.494187546056,3,25096,0.05763128809887434
TaLib.Functions.TRange,TrueRange,10000,1893287,404735.37807683676,3,4129784,65053.333333333336,17492.581465676623,3,171160,0.03435999578158691
TaLib.Functions.Tan,PriceCircularTransform,1000,393796.8333333333,9842.677294991101,3,320720,131856.66666666666,12101.407865754023,3,42584,0.3348342482862356
TaLib.Functions.Tan,PriceCircularTransform,10000,2346210.6666666665,405283.404064777,3,4218056,393567.8333333333,18071.22310009296,3,342272,0.16774616147001292
TaLib.Functions.Tanh,PriceTranscendentalTransform,1000,432658.6666666667,62781.23465123426,3,320384,79632.33333333333,1892.3705592016943,3,42248,0.18405348018761516
TaLib.Functions.Tanh,PriceTranscendentalTransform,10000,2400347.5,487401.5566337473,3,4217464,314659.5,23316.643669276244,3,341600,0.1310891443843027
TaLib.Functions.Tema,"SeededExponentialAverage(3, Cascaded)",1000,594573.1666666666,64051.33597617877,3,275992,107329.66666666667,5329.807344860913,3,38296,0.18051549024384161
TaLib.Functions.Tema,"SeededExponentialAverage(3, Cascaded)",10000,2810065.8333333335,356546.4829855054,3,3806720,177177.5,51724.61937027667,3,330664,0.06305101392938896
TaLib.Functions.Trima,TriangularWindowAverage,1000,335590.6666666667,43721.58071631598,3,279952,32796.833333333336,2455.6853082863313,3,25088,0.09772868136976395
TaLib.Functions.Trima,TriangularWindowAverage,10000,3101801.8333333335,246219.9973851298,3,3806752,128599.66666666667,27071.78513384984,3,170096,0.041459665567502677
TaLib.Functions.Trix,TripleExponentialRate,1000,3927422,306864.86811135616,3,5178528,111878.33333333333,6862.131617313481,3,50248,0.02848645583116185
TaLib.Functions.Trix,TripleExponentialRate,10000,34230080,908264.5864267746,3,54645912,367666.3333333333,52369.994857106234,3,420640,0.01074103050104859
TaLib.Functions.Tsf,WindowLinearRegression,1000,1389676.8333333333,698832.5449879487,3,3115576,28688.333333333332,1080.9774897440434,3,24752,0.02064388830928438
TaLib.Functions.Tsf,WindowLinearRegression,10000,9368618,944443.8986006527,3,32285752,142141.66666666666,32180.84390337416,3,170144,0.015172106138457845
TaLib.Functions.TypPrice,TypicalPrice,1000,543993,115970.6087291086,3,402224,37837.333333333336,6924.483831545376,3,25432,0.0695548165754584
TaLib.Functions.TypPrice,TypicalPrice,10000,1849437.6666666667,72589.61275784114,3,5009552,89836.5,24488.937972072206,3,171112,0.048575035330559034
TaLib.Functions.UltOsc,WindowUltimateOscillator,1000,13531735.5,1288279.0266526116,3,10073752,242772,10925.143431552724,3,42240,0.01794093595754957
TaLib.Functions.UltOsc,WindowUltimateOscillator,10000,129567056.16666667,883220.466887705,3,106912864,299885.6666666667,3274.4206103268607,3,341256,0.002314520955704305
TaLib.Functions.Var,WindowDispersion,1000,5995232.833333333,180695.57258088348,3,4617608,34692.333333333336,5165.152498555422,3,25120,0.005786653212273074
TaLib.Functions.Var,WindowDispersion,10000,57199210.333333336,968449.6568280321,3,47383880,91387.83333333333,10486.94437542859,3,171136,0.0015977114509232355
TaLib.Functions.WclPrice,WeightedClose,1000,425316.3333333333,2798.662597265582,3,401216,32924.833333333336,848.6885962078984,3,21448,0.07741257683496755
TaLib.Functions.WclPrice,WeightedClose,10000,1253148.6666666667,32639.794459115903,3,5010264,44608.833333333336,17906.305044127148,3,171784,0.03559739919126382
TaLib.Functions.WillR,WilliamsR,1000,1095672.3333333333,149941.58865816164,3,605712,262012.66666666666,4583.008218772193,3,24808,0.2391341450318024
TaLib.Functions.WillR,WilliamsR,10000,5804885.666666667,208625.56835712475,3,7060120,214093.66666666666,16486.58801369566,3,171112,0.036881633672141804
TaLib.Functions.Wma,Wma,1000,435584.3333333333,63849.67682246582,3,310080,14559.666666666666,1644.8785162842066,3,25088,0.03342559764546169
TaLib.Functions.Wma,Wma,10000,1329745.3333333333,392625.22121271497,3,4129352,35926.666666666664,17404.98507133325,3,170816,0.027017704643194838
Trady.Candlestick.Bearish,BearishCandle,1000,649802.5,59797.6239327283,3,279224,1103126.1666666667,99326.33439996325,3,550296,1.6976329987444905
Trady.Candlestick.Bearish,BearishCandle,10000,1857468.8333333333,476842.4802535249,3,3806216,3120406.8333333335,32199.8778620872,3,4687416,1.6799241943314798
Trady.Candlestick.BearishAbandonedBaby,BearishAbandonedBabyPattern,1000,1954336,59060.61988330282,3,285216,1607561,206163.71966958686,3,1171464,0.8225612177230528
Trady.Candlestick.BearishAbandonedBaby,BearishAbandonedBabyPattern,10000,2925444.6666666665,278431.7617053294,3,3812168,5320529,258775.59830092173,3,9384760,1.818707788468397
Trady.Candlestick.BearishEngulfingPattern,BearishEngulfingPattern,1000,338760.3333333333,66516.72916141723,3,279904,4485010.333333333,308108.34063091077,3,953080,13.239479041721728
Trady.Candlestick.BearishEngulfingPattern,BearishEngulfingPattern,10000,2082516.3333333333,404246.60625951254,3,3807232,15857549.333333334,7450219.24728342,3,7362680,7.614609825389125
Trady.Candlestick.BearishHarami,BearishHaramiPattern,1000,356704.6666666667,50188.77294110041,3,279888,3105895,36433.42763177794,3,1667704,8.707189140596235
Trady.Candlestick.BearishHarami,BearishHaramiPattern,10000,2477191.3333333335,367567.1495881172,3,3806624,9963791.833333334,1850095.4065499792,3,9990976,4.022213261955004
Trady.Candlestick.BearishLongDay,BearishLongBodyCandle,1000,3554929,5301090.5866856305,3,282352,628809490.6666666,3878178.6534879142,3,1172430720,176.88383949909172
Trady.Candlestick.BearishLongDay,BearishLongBodyCandle,10000,3056642,379730.1766478403,3,3809008,67169223431.166664,486236266.5425466,3,118999440648,21974.841486561614
Trady.Candlestick.BearishShortDay,BearishShortBodyCandle,1000,2996051,3865449.780583367,3,280672,385033954.8333333,4231951.276661197,3,1172490272,128.51381863437348
Trady.Candlestick.BearishShortDay,BearishShortBodyCandle,10000,1747017,291202.2801095486,3,3807408,39435223734.333336,250854560.4622395,3,118998802264,22572.89066696737
Trady.Candlestick.Bullish,BullishCandle,1000,975120.6666666666,919138.4010829563,3,279896,1266545.1666666667,86908.52511309425,3,550968,1.2988599359668993
Trady.Candlestick.Bullish,BullishCandle,10000,1840584.3333333333,385979.8553296964,3,3807304,3653465.3333333335,10480.579198371306,3,4688504,1.9849486204833866
Trady.Candlestick.BullishAbandonedBaby,BullishAbandonedBabyPattern,1000,1796936.8333333333,56823.29892159846,3,285216,2928276.3333333335,228794.99285240777,3,1171464,1.629593360775713
Trady.Candlestick.BullishAbandonedBaby,BullishAbandonedBabyPattern,10000,12924958.333333334,387358.6061678937,3,3811872,24594331.833333332,1527955.355063208,3,11443304,1.902855792571865
Trady.Candlestick.BullishEngulfingPattern,BullishEngulfingPattern,1000,521256,259977.46162119517,3,279904,4383842,158816.0661488629,3,953080,8.410151633746182
Trady.Candlestick.BullishEngulfingPattern,BullishEngulfingPattern,10000,2397374.3333333335,375382.3355677959,3,3807232,16762451,5067754.202064954,3,7362680,6.992004029964448
Trady.Candlestick.BullishHarami,BullishHaramiPattern,1000,372376.5,51351.71260045764,3,279552,3186971.3333333335,5547.949200680674,3,1669800,8.55846524507678
Trady.Candlestick.BullishHarami,BullishHaramiPattern,10000,1887102,356081.1363846729,3,3806624,9051697.166666666,521903.52186714864,3,9987064,4.796612566075742
Trady.Candlestick.BullishLongDay,BullishLongBodyCandle,1000,595233.3333333334,95414.46041525013,3,281576,536090305.1666667,12185938.389033087,3,1191328608,900.6389177913424
Trady.Candlestick.BullishLongDay,BullishLongBodyCandle,10000,2244149.3333333335,500245.4242372771,3,3808040,54768815446,702534953.6785184,3,119475040088,24405.156391553264
Trady.Candlestick.BullishShortDay,BullishShortBodyCandle,1000,802976,14005.773809397322,3,281616,804619789.6666666,4349353.165939659,3,1191306472,1002.0471217902734
Trady.Candlestick.BullishShortDay,BullishShortBodyCandle,10000,3375652.3333333335,55549.662522227205,3,3807408,93184162426.33333,195354805.47815192,3,119470835000,27604.786638177684
Trady.Candlestick.DarkCloudCover,DelayedDarkCloudCoverPattern,1000,312069.5,59977.98056787174,3,279680,4680289.666666667,305510.41404399514,3,984728,14.997587610024905
Trady.Candlestick.DarkCloudCover,DelayedDarkCloudCoverPattern,10000,2715617,373226.54444184434,3,3806080,21760877.666666668,753741.5459402071,3,9601192,8.013235175161544
Trady.Candlestick.Doji,DojiCandle,1000,228640,42298.416719778055,3,276216,919760.5,191320.07188740026,3,578984,4.022745363890833
Trady.Candlestick.Doji,DojiCandle,10000,1270491.3333333333,312532.0707580797,3,3805520,5819552.833333333,67760.59927666913,3,5646912,4.580552956677653
Trady.Candlestick.DownTrend,CandleDownTrend,1000,378946.3333333333,49362.928239047294,3,279568,1846417.1666666667,111849.99047980874,3,597192,4.872503054522233
Trady.Candlestick.DownTrend,CandleDownTrend,10000,2462895.3333333335,332609.8066358437,3,3806224,12792902.333333334,476990.21268190956,3,5806096,5.194253348971658
Trady.Candlestick.DownsideTasukiGap,DownsideTasukiGapPattern,1000,364848.6666666667,48900.495921139016,3,279648,4406835.333333333,295644.0023834975,3,952272,12.07852936285912
Trady.Candlestick.DownsideTasukiGap,DownsideTasukiGapPattern,10000,2305355.3333333335,373099.4304074093,3,3806304,13864443.666666666,6085762.946089942,3,7361616,6.014015915984607
Trady.Candlestick.DragonflyDoji,DragonflyDojiCandle,1000,374850.8333333333,57747.40120848152,3,287464,1556265,268368.38540334813,3,871648,4.151691450599238
Trady.Candlestick.DragonflyDoji,DragonflyDojiCandle,10000,2930782,308404.6387118715,3,3886936,4762929,584765.5251970659,3,6561120,1.6251392972933503
Trady.Candlestick.DragonifyDoji,DragonflyDojiCandle,1000,637269,26766.56670176435,3,286520,1502894.8333333333,179374.568903547,3,868368,2.35833664172168
Trady.Candlestick.DragonifyDoji,DragonflyDojiCandle,10000,1746094.5,351501.3025594642,3,3887536,3318292.3333333335,21635.25739004122,3,6561824,1.9004082157828992
Trady.Candlestick.EveningDojiStar,TrendStarPattern(EveningDoji),1000,2766861.6666666665,50262.89725367344,3,285840,3610050,385355.37591163797,3,1179968,1.3047453884274423
Trady.Candlestick.EveningDojiStar,TrendStarPattern(EveningDoji),10000,15221053.833333334,330731.0185215976,3,3812120,37991348.833333336,987995.5829933317,3,11524432,2.495973619785393
Trady.Candlestick.EveningStar,TrendStarPattern(Evening),1000,1390415.3333333333,21057.759860282702,3,285008,2445374.6666666665,830976.2991700384,3,1115936,1.758736837865712
Trady.Candlestick.EveningStar,TrendStarPattern(Evening),10000,10967520.166666666,62106.895143239395,3,3813976,17512775,666124.1652777656,3,10884400,1.5967853018612337
Trady.Candlestick.FallingThreeMethods,FallingThreeMethodsPattern,1000,5040144.166666667,5307811.39378561,3,285184,852405136,8536593.318664595,3,1557741696,169.12316549146328
Trady.Candlestick.FallingThreeMethods,FallingThreeMethodsPattern,10000,5802722.166666667,499296.4219682866,3,3811008,88824187659,263892669.0611059,3,156295765704,15307.330785065733
Trady.Candlestick.GravestoneDoji,GravestoneDojiCandle,1000,1528141.6666666667,27189.072369857222,3,286856,1367079.3333333333,186300.12040879988,3,872688,0.8946024855897958
Trady.Candlestick.GravestoneDoji,GravestoneDojiCandle,10000,1634785.3333333333,292923.45426464785,3,3887376,5786129.333333333,150303.1518310023,3,7201824,3.5393817251439335
Trady.Candlestick.Harami,StrictHaramiCandle,1000,284242.3333333333,57098.53012410506,3,279888,2198174.1666666665,267619.64025895664,3,1118400,7.7334510341527825
Trady.Candlestick.Harami,StrictHaramiCandle,10000,2070012,397077.05989769794,3,3807216,6518434.333333333,406281.9926754487,3,7401776,3.148983838418972
Trady.Candlestick.LongDay,LongBodyCandle,1000,4251803.833333333,4880967.760667995,3,282352,1290901583,8435038.00738165,3,2362886312,303.6126861920527
Trady.Candlestick.LongDay,LongBodyCandle,10000,4150393.6666666665,355841.46386886045,3,3808752,126011239298.33333,540387484.6038549,3,238458588208,30361.27399441065
Trady.Candlestick.LongLowerShadow,LowerShadowBelowPercentileCandle,1000,574359.6666666666,51803.38576129299,3,282688,1278514014.3333333,11053789.481454058,3,2362963880,2225.9815382811817
Trady.Candlestick.LongLowerShadow,LowerShadowBelowPercentileCandle,10000,4232326,426777.2350969531,3,3808928,130897998732.5,128368564.24008653,3,238460503392,30928.146539869565
Trady.Candlestick.LongUpperShadow,UpperShadowAtOrAbovePercentileCandle,1000,323020.1666666667,52073.978744986765,3,279664,742666802.6666666,19386738.264426544,3,2362963208,2299.1344792198215
Trady.Candlestick.LongUpperShadow,UpperShadowAtOrAbovePercentileCandle,10000,2392901.8333333335,319343.40081851283,3,3808000,81858741868.66667,2757020868.830672,3,238457953240,34208.98455940281
Trady.Candlestick.MoringinDojiStar,TrendStarPattern(MorningDoji),1000,2723741.6666666665,77045.73203191294,3,286176,2266134,164505.5859112389,3,827488,0.8319929998256076
Trady.Candlestick.MoringinDojiStar,TrendStarPattern(MorningDoji),10000,5082649.166666667,420632.9120947781,3,3813248,5425304.166666667,593017.927478026,3,6038944,1.0674166145968171
Trady.Candlestick.MorningDojiStar,TrendStarPattern(MorningDoji),1000,1755246.6666666667,42983.02145421298,3,285840,2955037.6666666665,317264.0790545525,3,1147968,1.6835455225666287
Trady.Candlestick.MorningDojiStar,TrendStarPattern(MorningDoji),10000,12549446.833333334,367298.2531272553,3,3812496,15521076.833333334,1752249.9612139626,3,9285024,1.236793704094341
Trady.Candlestick.MorningStar,TrendStarPattern(Morning),1000,2489206.3333333335,75460.22283516882,3,288032,3684770.1666666665,297101.43610614404,3,1116272,1.4802992091589031
Trady.Candlestick.MorningStar,TrendStarPattern(Morning),10000,6816819.666666667,345362.84661980264,3,3815024,9838991.666666666,215433.4965466915,3,8965344,1.4433404648766073
Trady.Candlestick.RisingThreeMethods,RisingThreeMethodsPattern,1000,1722146.1666666667,68149.18177302889,3,285136,885278326,6530436.3108546585,3,1534117248,514.0552777314585
Trady.Candlestick.RisingThreeMethods,RisingThreeMethodsPattern,10000,5785417.666666667,378036.46220746136,3,3811440,93488726148.83333,492247283.94359595,3,157917799160,16159.37371081765
Trady.Candlestick.ShortDay,ShortBodyCandle,1000,398309,11476.442959384236,3,280232,1060913285.6666666,18315492.698528536,3,2362885640,2663.543343651955
Trady.Candlestick.ShortDay,ShortBodyCandle,10000,2940614,376507.02550815704,3,3807960,105934778711.16667,1775564727.452291,3,238456907856,36024.71412812653
Trady.Candlestick.UpTrend,CandleUpTrend,1000,251055.5,8746.253312133178,3,279504,1399158.1666666667,96270.61336323424,3,597192,5.573103025692195
Trady.Candlestick.UpTrend,CandleUpTrend,10000,1906631,26725.691983557695,3,3805296,4838103,75023.82904117864,3,5165008,2.5375140758751957
Trady.Candlestick.UpsideTasukiGap,UpsideTasukiGapPattern,1000,246158.66666666666,49207.695499112066,3,279584,4141884.6666666665,390321.9795621729,3,952560,16.826076947659775
Trady.Candlestick.UpsideTasukiGap,UpsideTasukiGapPattern,10000,2073117.8333333333,392265.4465210176,3,3806048,24157348.166666668,709977.0445474511,3,9281024,11.652665264966851
Trady.Indicator.AccumulationDistributionLine,PriceAdjustedAccumulationDistribution,1000,1441348,156732.38286008415,3,800680,2198632.1666666665,204663.91583357652,3,990104,1.5253999496767376
Trady.Indicator.AccumulationDistributionLine,PriceAdjustedAccumulationDistribution,10000,6424197,790414.3396934294,3,9961552,15288248.833333334,751689.6838698344,3,9663696,2.379791409468504
Trady.Indicator.Aroon,WindowAroon,1000,947365,146927.92055630544,3,539712,12229172.666666666,892651.8924330656,3,6669424,12.90861776260118
Trady.Indicator.Aroon,WindowAroon,10000,4450073.666666667,67895.3650430818,3,6388032,29950488.833333332,1111343.1451906892,3,51188720,6.730335512797877
Trady.Indicator.AroonOscillator,WindowAroon,1000,1141279.6666666667,215156.55781856462,3,530520,13186308,1164352.5591387688,3,7003248,11.553967344843025
Trady.Indicator.AroonOscillator,WindowAroon,10000,4341604,53803.98383019607,3,6297840,33002504.333333332,1186318.4740154447,3,53752120,7.601454285866083
Trady.Indicator.AverageDirectionalIndex,WindowDirectionalMeasure,1000,6537609.166666667,1091429.0803255765,3,10271240,11565346.333333334,278140.00211104716,3,9157808,1.7690482925014255
Trady.Indicator.AverageDirectionalIndex,WindowDirectionalMeasure,10000,62684682.833333336,891287.4291413102,3,104917112,52091804.833333336,1478662.724939103,3,64494008,0.8310132950953194
Trady.Indicator.AverageDirectionalIndexRating,WindowDirectionalMeasure,1000,5909755.666666667,941172.9318920797,3,10273032,10602334,781222.8315525603,3,9678128,1.7940393136388548
Trady.Indicator.AverageDirectionalIndexRating,WindowDirectionalMeasure,10000,43388117.333333336,2905278.277169389,3,104918800,46577076.333333336,3941657.226638224,3,70287056,1.073498441416587
Trady.Indicator.AverageTrueRange,SeededAverageTrueRange,1000,1522249.6666666667,40446.09170653369,3,1878752,4505060,50089.15488406647,3,2055032,2.9594751101932686
Trady.Indicator.AverageTrueRange,SeededAverageTrueRange,10000,11913909.333333334,1717926.3599282517,3,19804696,12380928.5,1105333.3263911842,3,18843560,1.0391994897392762
Trady.Indicator.BollingerBandWidth,WindowDeviationBands,1000,20335235,409190.00360712624,3,22948240,8449842.5,852293.8181143875,3,2523088,0.41552716258258143
Trady.Indicator.BollingerBandWidth,WindowDeviationBands,10000,185066824.16666666,1037417.8256374494,3,233030720,16755867.333333334,953857.7345056942,3,20108104,0.09053955190933308
Trady.Indicator.BollingerBands,WindowDeviationBands,1000,29652941,446021.72174345946,3,22966632,7858333.666666667,877313.2937180042,3,2016696,0.26501026210744716
Trady.Indicator.BollingerBands,WindowDeviationBands,10000,287860976.8333333,754645.5552644124,3,233211152,24333086.333333332,1465313.0186387936,3,19610368,0.08453068769867261
Trady.Indicator.ChandelierExit,WindowChandelierExit,1000,4150473.6666666665,19395.244116363592,3,2073992,3709105.3333333335,19804.59124378318,3,3622936,0.8936583222107742
Trady.Indicator.ChandelierExit,WindowChandelierExit,10000,8841501.666666666,797836.1343260494,3,21267232,15768840.333333334,1178254.9643134687,3,30279688,1.7835025008006749
Trady.Indicator.CommodityChannelIndex,WindowCommodityChannelIndex,1000,2747535.3333333335,73265.59002924451,3,3224200,53979565,344410.0890697019,3,4883152,19.64654079061889
Trady.Indicator.CommodityChannelIndex,WindowCommodityChannelIndex,10000,22797316.333333332,1238929.619627093,3,33928912,186902703.66666666,5169502.330545981,3,49423824,8.1984519990796
Trady.Indicator.Difference,LaggedPriceChange(Difference),1000,393771,65913.24175763168,3,281240,1233997.8333333333,206738.5586322332,3,732480,3.133795615556588
Trady.Indicator.Difference,LaggedPriceChange(Difference),10000,2090344.6666666667,361136.0454487108,3,3807640,4754679.333333333,164548.27014081104,3,6452736,2.274591080195068
Trady.Indicator.DirectionalMovementIndex,WindowDirectionalMeasure,1000,7494550.333333333,1178130.4454016683,3,10271120,13609758,2149888.468216897,3,5816544,1.8159539124673303
Trady.Indicator.DirectionalMovementIndex,WindowDirectionalMeasure,10000,64352292.5,815135.4660104056,3,104897928,59487854,3827050.151386571,3,59538312,0.9244092430739744
Trady.Indicator.DownMomentum,LaggedPriceChange(Loss),1000,205521.5,49886.59532379414,3,280904,837994.6666666666,212159.81714814267,3,1003568,4.07740633786084
Trady.Indicator.DownMomentum,LaggedPriceChange(Loss),10000,1081451.6666666667,310489.0246407002,3,3806968,3059455,366574.8846606925,3,9051032,2.829026108425249
Trady.Indicator.DynamicMomentumIndex,DynamicMomentumSnapshot,1000,50409409,1439569.4947563317,3,76079320,998558501,7923486.144581086,3,1604473032,19.808970603087214
Trady.Indicator.DynamicMomentumIndex,DynamicMomentumSnapshot,10000,509298444.1666667,1581573.7958885345,3,768341016,116753170130.66667,649097122.7121711,3,161878168464,229.24313134649884
Trady.Indicator.EfficiencyRatio,WindowPathRatio,1000,1278347,122440.19274323281,3,621336,4884122,296574.0290838023,3,938312,3.820654329380051
Trady.Indicator.EfficiencyRatio,WindowPathRatio,10000,5022146.666666667,131438.8232651728,3,7242112,10877846.666666666,673320.2340939513,3,8539568,2.165975505826194
Trady.Indicator.ExponentialMovingAverage,FirstValueEma,1000,339620.6666666667,36274.02318923741,3,280464,27791044.333333332,560375.6390978585,3,1527200,81.82966191692299
Trady.Indicator.ExponentialMovingAverage,FirstValueEma,10000,2113799.3333333335,356191.91446372465,3,3807120,249529453.33333334,9825754.1950021,3,13615376,118.04784370891088
Trady.Indicator.ExponentialMovingAverageOscillator,MovingAverageDifference,1000,376630,71208.43231668565,3,322032,4980472.333333333,629739.4729261723,3,2636488,13.223780190992043
Trady.Indicator.ExponentialMovingAverageOscillator,MovingAverageDifference,10000,3256411.5,425356.06917499134,3,4217496,22833572,2047095.534715466,3,25571792,7.011881637194808
Trady.Indicator.Highest,HighestHigh,1000,255678.83333333334,81596.46858371589,3,386720,1146820.3333333333,225972.05276390555,3,857472,4.48539411097125
Trady.Indicator.Highest,HighestHigh,10000,1400954.3333333333,5064.006944439683,3,4849184,5308772.166666667,495500.9954080146,3,7729688,3.789397013416807
Trady.Indicator.HighestClose,HighestHigh,1000,482196.6666666667,88170.80837972018,3,386760,1584912.6666666667,125372.95044918315,3,857472,3.2868594418598223
Trady.Indicator.HighestClose,HighestHigh,10000,2612107.1666666665,10508.128869277029,3,4848552,8080411,976654.6820719184,3,7729056,3.093445438653838
Trady.Indicator.HighestHigh,HighestHigh,1000,355320.6666666667,93473.80134205164,3,387096,2294339.8333333335,159140.60330516953,3,857848,6.457096500625726
Trady.Indicator.HighestHigh,HighestHigh,10000,2122674.6666666665,7956.897280556871,3,4849224,8414769,635647.1250127703,3,7729768,3.964229249135996
Trady.Indicator.HighestHighLowestLowDifference,WindowPriceRange,1000,365677.3333333333,72980.04032838932,3,391840,2537581.6666666665,2203.245182301174,3,1743576,6.939401038438259
Trady.Indicator.HighestHighLowestLowDifference,WindowPriceRange,10000,1434684.3333333333,19748.533675524704,3,4925784,9131635.833333334,885050.4842467086,3,13806664,6.3649094237454795
Trady.Indicator.HistoricalHighest,HighestHigh,1000,668534.3333333334,66598.41512628761,3,387392,3104952.8333333335,535680.3782670533,3,926248,4.644417913216125
Trady.Indicator.HistoricalHighest,HighestHigh,10000,32854852.666666668,588942.8060833506,3,4849520,6513159.666666667,831033.7235481682,3,8374128,0.19824041619503838
Trady.Indicator.HistoricalHighestClose,HighestHigh,1000,1496563.3333333333,110408.63172928707,3,387472,2401678.1666666665,119982.23038572559,3,926248,1.6047955426766658
Trady.Indicator.HistoricalHighestClose,HighestHigh,10000,32754251.333333332,527671.2133832315,3,4849520,6352277,619965.3214519342,3,8374128,0.19393748113349235
Trady.Indicator.HistoricalHighestHigh,HighestHigh,1000,763917,95939.65453867342,3,387136,1751870.3333333333,213691.89800816812,3,925912,2.2932731348213657
Trady.Indicator.HistoricalHighestHigh,HighestHigh,10000,33420347.333333332,1564037.5181709484,3,4849600,5036041.166666667,616069.4852322531,3,8374128,0.1506878763538085
Trady.Indicator.HistoricalLowest,LowestLow,1000,602394.3333333334,77351.97343528693,3,387864,1357445.1666666667,131224.98985076483,3,926296,2.2534162284616444
Trady.Indicator.HistoricalLowest,LowestLow,10000,17979309.666666668,412562.40856424783,3,4850224,3350150,645645.362876556,3,8374760,0.18633362804864087
Trady.Indicator.HistoricalLowestClose,LowestLow,1000,785880.5,96014.46947205406,3,387528,2378847.1666666665,274058.40294056543,3,926248,3.0269833221038907
Trady.Indicator.HistoricalLowestClose,LowestLow,10000,30943583.166666668,606800.3083423211,3,4849472,6353195.166666667,794737.0070597779,3,8374168,0.20531543268429606
Trady.Indicator.HistoricalLowestLow,LowestLow,1000,5260054.333333333,8250538.294325186,3,387528,1258087.3333333333,124776.2293120502,3,926248,0.23917763080140553
Trady.Indicator.HistoricalLowestLow,LowestLow,10000,17854183.833333332,512984.23842291033,3,4849472,3396841.5,677803.2226656937,3,8374168,0.19025465021023133
Trady.Indicator.HullMovingAverage,HullWindow,1000,1045466.6666666666,119286.23897723212,3,324584,8763664,97704.35311182404,3,2021696,8.382537941589083
Trady.Indicator.HullMovingAverage,HullWindow,10000,4864515.5,590222.7107897493,3,4219568,48705120.333333336,2161820.087188185,3,19245704,10.01232709266387
Trady.Indicator.IchimokuCloud,IchimokuCloudSnapshot.Extended,1000,1132894.1666666667,10848.271306218947,3,776288,6132277,99808.33318415853,3,5264992,5.412930157494852
Trady.Indicator.IchimokuCloud,IchimokuCloudSnapshot.Extended,10000,3036971.3333333335,429683.951994176,3,7517624,25397419.333333332,1119910.4014117976,3,37765168,8.362745823305982
Trady.Indicator.KaufmanAdaptiveMovingAverage,SeededAdaptiveAverage,1000,11507656.333333334,1169793.7433241524,3,8333672,30010933.833333332,73588.34284269033,3,2739048,2.607910156858177
Trady.Indicator.KaufmanAdaptiveMovingAverage,SeededAdaptiveAverage,10000,108239722,1262494.4985888058,3,85651584,277502873.3333333,1904880.1764159165,3,25875752,2.5637803590564774
Trady.Indicator.KeltnerChannels,WindowAtrBands,1000,4698266,849139.784447178,3,2053808,5652498.333333333,41933.72798038988,3,3675424,1.2031030881038522
Trady.Indicator.KeltnerChannels,WindowAtrBands,10000,12752828.333333334,911043.4872498312,3,21518536,27089448.833333332,2071665.047391188,3,32061192,2.1241914440678973
Trady.Indicator.Lowest,LowestLow,1000,756497.1666666666,129296.48744777769,3,388496,1819494,166948.43196927593,3,859152,2.4051563973691907
Trady.Indicator.Lowest,LowestLow,10000,2228206.3333333335,16408.59071746667,3,4850144,8408359.666666666,499269.45292630675,3,7730696,3.7736001109412514
Trady.Indicator.LowestClose,LowestLow,1000,293858.6666666667,83074.30178059479,3,385808,982157.1666666666,251536.66809102273,3,857520,3.3422773532854793
Trady.Indicator.LowestClose,LowestLow,10000,1192428,26054.822643802432,3,4849216,4158773.3333333335,436978.1261852053,3,7729688,3.4876515255707963
Trady.Indicator.LowestLow,LowestLow,1000,738743,262201.6627254678,3,388496,2473805,366377.63342895266,3,795152,3.348667940000785
Trady.Indicator.LowestLow,LowestLow,10000,2801890,537629.9894658035,3,4850560,8965127.666666666,463395.91731081676,3,7731032,3.199671531240222
Trady.Indicator.Median,RollingPercentile,1000,1025691,97395.55827654568,3,480664,8439740.166666666,54536.80913230378,3,3038736,8.228345736353996
Trady.Indicator.Median,RollingPercentile,10000,4797667,52304.1198472931,3,5807176,21283891.666666668,115149.83067435806,3,28454496,4.436300324025546
Trady.Indicator.MinusDirectionalIndicator,WindowDirectionalMeasure,1000,6605456.833333333,1119433.2550770198,3,8760496,8478113.333333334,374760.39225661743,3,4066968,1.2835014363503146
Trady.Indicator.MinusDirectionalIndicator,WindowDirectionalMeasure,10000,53860874,1069218.047391644,3,89519832,26443866,3224465.362024998,3,28442432,0.49096615105057523
Trady.Indicator.MinusDirectionalMovement,WindowDirectionalMeasure,1000,1107106.3333333333,27369.350601235194,3,1888848,1101047.1666666667,166647.7560044939,3,703912,0.9945270237517084
Trady.Indicator.MinusDirectionalMovement,WindowDirectionalMeasure,10000,10614898.666666666,1289536.2334111957,3,19895880,4831324.166666667,206813.11482672786,3,6784752,0.455145575891194
Trady.Indicator.ModifiedMovingAverage,WilderMovingAverage,1000,157653.66666666666,48598.47126539407,3,279432,2709508.1666666665,388762.45040684333,3,1398176,17.186458291487035
Trady.Indicator.ModifiedMovingAverage,WilderMovingAverage,10000,1213123,26835.33349895246,3,3805896,146660781,3053758.8147442164,3,13613976,120.89522744189996
Trady.Indicator.Momentum,LaggedPriceChange(Difference),1000,313942.6666666667,45571.42598529624,3,280504,1054241.6666666667,118928.48651745857,3,731808,3.3580706880661864
Trady.Indicator.Momentum,LaggedPriceChange(Difference),10000,2331059.8333333335,393093.2622639739,3,3806296,4766177,228735.22244945136,3,6451352,2.0446394948106223
Trady.Indicator.MovingAverageConvergenceDivergence,EmaDifferenceSignal,1000,4358634.833333333,473172.95724220475,3,5619648,11044649.666666666,2052.3967290300707,3,4694888,2.5339699444883528
Trady.Indicator.MovingAverageConvergenceDivergence,EmaDifferenceSignal,10000,36795692.166666664,180409.55111172283,3,57195784,28798794.666666668,2460951.751139045,3,35533656,0.7826675616325431
Trady.Indicator.MovingAverageConvergenceDivergenceHistogram,EmaDifferenceSignal,1000,2642629.3333333335,257683.01638317833,3,5153312,6975407.666666667,162202.8810235297,3,4938384,2.639570967702874
Trady.Indicator.MovingAverageConvergenceDivergenceHistogram,EmaDifferenceSignal,10000,18072624.833333332,361344.12480671844,3,52535392,19629794.666666668,1285100.0945437416,3,37226096,1.0861617970656523
Trady.Indicator.NegativeDifference,LaggedPriceChange(Loss),1000,285784.3333333333,70181.87744947647,3,281096,2353677.6666666665,249343.5245125354,3,1257384,8.235852676785408
Trady.Indicator.NegativeDifference,LaggedPriceChange(Loss),10000,2046057.6666666667,376837.93814627174,3,3807224,8038602.166666667,2237876.8156065545,3,9051368,3.9288248311020233
Trady.Indicator.NegativeVolumeIndex,VolumeConditionedIndex,1000,860734.3333333334,147220.4184083625,3,545216,2932333.8333333335,269453.5189533314,3,959416,3.4067815349916333
Trady.Indicator.NegativeVolumeIndex,VolumeConditionedIndex,10000,3976007,31178.751033355882,3,6440392,8436213.333333334,651619.1991971486,3,8704216,2.121780302029985
Trady.Indicator.NetMomentumOscillator,NullableStrengthOscillator,1000,2014970.3333333333,56253.05895978778,3,2901592,5372643,90218.11011653925,3,4696168,2.6663633261101776
Trady.Indicator.NetMomentumOscillator,NullableStrengthOscillator,10000,17824702.833333332,618436.388273146,3,30314584,22782381.333333332,715074.8676812333,3,29912080,1.2781352680241505
Trady.Indicator.OnBalanceVolume,SeededOnBalanceVolume(FirstVolume),1000,290199.1666666667,61530.83784845883,3,297328,2193787.6666666665,236997.20973533273,3,942936,7.559593267841912
Trady.Indicator.OnBalanceVolume,SeededOnBalanceVolume(FirstVolume),10000,1237195.3333333333,344244.8878724756,3,3986968,4042701.6666666665,636958.9029853758,3,8534776,3.2676341057434746
Trady.Indicator.ParabolicStopAndReverse,ParabolicStopSnapshots,1000,4516344.666666667,659808.695876565,3,3386464,2622321.6666666665,214989.76580835966,3,961400,0.5806292168135381
Trady.Indicator.ParabolicStopAndReverse,ParabolicStopSnapshots,10000,36743248.5,1323376.7247496082,3,34293528,6983382.666666667,969390.3945059155,3,8705944,0.19005893468201832
Trady.Indicator.PercentageDifference,RateOfChangeWithValidity,1000,430077,108238.54627626888,3,592096,1115737.1666666667,161259.67667192357,3,733616,2.594273041029087
Trady.Indicator.PercentageDifference,RateOfChangeWithValidity,10000,2761975.6666666665,163554.43627224953,3,6953872,3254056,626580.150230599,3,6462456,1.1781624433814104
Trady.Indicator.Percentile,RollingPercentile,1000,1064200.3333333333,152623.54820057526,3,481664,2998473.3333333335,6988.935708198591,3,2694632,2.817583531421559
Trady.Indicator.Percentile,RollingPercentile,10000,4783274.666666667,61054.574769900195,3,5807968,22902160,1537928.0898881457,3,26414456,4.787966737431762
Trady.Indicator.PlusDirectionalIndicator,WindowDirectionalMeasure,1000,8580051.333333334,1393847.9140743199,3,8760560,5925534.833333333,364224.9285075547,3,4062432,0.6906176435463439
Trady.Indicator.PlusDirectionalIndicator,WindowDirectionalMeasure,10000,30695123.666666668,785853.4962958024,3,89519456,14746710,2764058.664410001,3,31701600,0.4804251698133463
Trady.Indicator.PlusDirectionalMovement,WindowDirectionalMeasure,1000,2034777.6666666667,78866.14793644559,3,1889472,1829933.8333333333,305083.81741798966,3,768584,0.899328640819562
Trady.Indicator.PlusDirectionalMovement,WindowDirectionalMeasure,10000,10851245.5,1199570.530734646,3,19896408,5393366.333333333,586211.0959588989,3,6785424,0.4970273996043434
Trady.Indicator.PositiveDifference,LaggedPriceChange(Gain),1000,356451.3333333333,55474.71244930733,3,281912,1552350.3333333333,195277.51805400779,3,1004576,4.355013400613829
Trady.Indicator.PositiveDifference,LaggedPriceChange(Gain),10000,2017074.3333333333,377154.49597258325,3,3807640,5742890,445567.0658711211,3,9051704,2.8471385040676904
Trady.Indicator.PositiveVolumeIndex,VolumeConditionedIndex,1000,820439.3333333334,155327.39765518944,3,539976,1893548,289547.1401568318,3,960384,2.307968332413772
Trady.Indicator.PositiveVolumeIndex,VolumeConditionedIndex,10000,4046787.6666666665,9086.259094552359,3,6420576,8086200.333333333,781287.4861927159,3,8704888,1.9981775668487014
Trady.Indicator.RateOfChange,RateOfChangeWithValidity,1000,418893.3333333333,120156.31112985007,3,591760,890920.6666666666,162654.79271246,3,732952,2.126843747015947
Trady.Indicator.RateOfChange,RateOfChangeWithValidity,10000,2544947.3333333335,118476.22047201428,3,6953656,2713015,126168.13434857472,3,6462080,1.0660397425382213
Trady.Indicator.RawStochasticsValue,FiftySeedStochastic,1000,1977790.8333333333,239998.741280727,3,723176,3290049.8333333335,475415.2911616678,3,1524344,1.6634973617449438
Trady.Indicator.RawStochasticsValue,FiftySeedStochastic,10000,6360201,305831.8714637178,3,8259792,19832809.833333332,3551869.2668608082,3,14140056,3.1182677769670066
Trady.Indicator.RelativeMomentum,NullableStrengthOscillator,1000,2453345,37685.08693103945,3,2986952,6340359,107646.04334112797,3,3928928,2.5843731721384477
Trady.Indicator.RelativeMomentum,NullableStrengthOscillator,10000,17825766,921188.5382613051,3,31249568,22472258.166666668,2223259.309635818,3,27662688,1.2606615708220712
Trady.Indicator.RelativeMomentumIndex,NullableStrengthOscillator,1000,2555300.6666666665,38747.731808885714,3,3052864,9705503.333333334,1378169.9083212975,3,4273816,3.798184479791159
Trady.Indicator.RelativeMomentumIndex,NullableStrengthOscillator,10000,20341473.166666668,1140890.9469183867,3,31910648,28875743.333333332,2496370.066879575,3,27149680,1.4195502506992301
Trady.Indicator.RelativeStrength,NullableStrengthOscillator,1000,2819808.6666666665,874971.0026602787,3,2804744,3369486.5,38480.39928327148,3,2713248,1.1949344435426235
Trady.Indicator.RelativeStrength,NullableStrengthOscillator,10000,19464681,1229278.633798294,3,29348616,24151562.666666668,975273.3636803238,3,25590640,1.2407890304838116
Trady.Indicator.RelativeStrengthIndex,NullableStrengthOscillator,1000,1693136.3333333333,27312.489768114025,3,2871840,2029931,45842.964443848796,3,2888584,1.1989176299841182
Trady.Indicator.RelativeStrengthIndex,NullableStrengthOscillator,10000,13152040.833333334,1364016.9479626466,3,30022048,18621279.666666668,1060812.1914652628,3,27871536,1.4158471603488154
Trady.Indicator.SimpleMovingAverage,Sma,1000,369692.6666666667,53844.57872742003,3,306616,2760363.5,725887.9596790402,3,857472,7.466643915035732
Trady.Indicator.SimpleMovingAverage,Sma,10000,3074231.6666666665,563978.2524143403,3,4048120,8436399.333333334,467047.9678387798,3,7729016,2.7442301843441643
Trady.Indicator.SimpleMovingAverageOscillator,MovingAverageDifference,1000,495483.3333333333,77469.16045326252,3,322904,6135401.333333333,93228.30220664396,3,1744776,12.382659356184197
Trady.Indicator.SimpleMovingAverageOscillator,MovingAverageDifference,10000,3231990,471459.338355918,3,4217696,16275044.833333334,2898066.2302639554,3,13816448,5.035611135347985
Trady.Indicator.StandardDeviation,WindowDispersion,1000,12129591,1054369.557907947,3,8879056,4851719.333333333,247514.9003642676,3,1062688,0.39999034867155314
Trady.Indicator.StandardDeviation,WindowDispersion,10000,82724660,1183286.021803689,3,90061920,10767570,917886.0028255143,3,9806192,0.13016155037687674
Trady.Indicator.Stochastics+Fast,StochasticSmaKdj,1000,2297074,462299.587898367,3,846400,7199253.5,13633.944000178379,3,3020800,3.13409733426089
Trady.Indicator.Stochastics+Fast,StochasticSmaKdj,10000,9174941.5,723241.2823954396,3,9481080,22763165.833333332,3372217.5001985463,3,24373432,2.481014819912839
Trady.Indicator.Stochastics+Full,StochasticSmaKdj,1000,2042924,224000.60287195657,3,846480,9651239.833333334,130892.69726510083,3,4586448,4.724228524082802
Trady.Indicator.Stochastics+Full,StochasticSmaKdj,10000,9203104.333333334,532268.238945678,3,9481080,28111923.333333332,1150612.5903036753,3,37225968,3.0546131299971133
Trady.Indicator.Stochastics+Slow,StochasticSmaKdj,1000,1905181.3333333333,233734.6867397591,3,846480,8071850.666666667,353088.1210864125,3,5185592,4.236788659137258
Trady.Indicator.Stochastics+Slow,StochasticSmaKdj,10000,8212178,445149.83482980204,3,9481160,30138677.833333332,2846506.0997772925,3,40413568,3.6699981214890047
Trady.Indicator.StochasticsMomentum,WindowStochasticMomentum,1000,575197,82018.72351481703,3,435528,2850904.1666666665,129743.93883466515,3,1778456,4.956396098496109
Trady.Indicator.StochasticsMomentum,WindowStochasticMomentum,10000,2052468.3333333333,20447.854810060842,3,5338216,11206445.333333334,1052058.7743431132,3,14138088,5.459984522700716
Trady.Indicator.StochasticsMomentumIndex,DoubleSmoothedStochasticMomentum,1000,2845862.3333333335,224416.50638117807,3,759008,19467733.666666668,3827217.2764374553,3,6433456,6.840715180999034
Trady.Indicator.StochasticsMomentumIndex,DoubleSmoothedStochasticMomentum,10000,10761222.666666666,540998.9477349594,3,8617560,58047967.5,1046499.8848905814,3,46133688,5.394179574018665
Trady.Indicator.StochasticsOscillator+Fast,StochasticSmaDifference,1000,921381.3333333334,126739.64970889469,3,731000,3970640,18222.32457728725,3,3448480,4.309442633958288
Trady.Indicator.StochasticsOscillator+Fast,StochasticSmaDifference,10000,4892949.5,486846.5993339175,3,8339496,13900963,786621.0375072611,3,24073096,2.8410191030992658
Trady.Indicator.StochasticsOscillator+Full,StochasticSmaDifference,1000,2524771.5,366977.68005561316,3,731000,5905960.666666667,34798.88751574299,3,4760152,2.3392060099960204
Trady.Indicator.StochasticsOscillator+Full,StochasticSmaDifference,10000,8350085.166666667,743271.1862990073,3,8339536,33695755.333333336,1977033.5554502693,3,36939008,4.035378641147991
Trady.Indicator.StochasticsOscillator+Slow,StochasticSmaDifference,1000,4353106,5619895.002415704,3,731672,5938534.666666667,179809.89098026097,3,5615960,1.3642063084764458
Trady.Indicator.StochasticsOscillator+Slow,StochasticSmaDifference,10000,4341507,343423.37207010225,3,8340168,20797410.666666668,1653466.399410745,3,40115240,4.790366724426948
Trady.Indicator.StochasticsRsiOscillator,NullableStochasticRsi,1000,3660766.6666666665,734720.3045474743,3,3228752,20456269.5,1111900.784695739,3,11062200,5.587974149312986
Trady.Indicator.StochasticsRsiOscillator,NullableStochasticRsi,10000,23659039.666666668,1290325.1409177198,3,33673736,57585928.333333336,1536328.409621567,3,94816256,2.4339926364156876
Trady.Indicator.TrueRange,TrueRange,1000,389269.3333333333,75484.75134974833,3,316136,1726889.1666666667,199553.4448144991,3,966792,4.436232240231272
Trady.Indicator.TrueRange,TrueRange,10000,1778922.6666666667,466234.6617502106,3,4129864,5726115.333333333,838266.12048104,3,8774336,3.2188669247004924
Trady.Indicator.UpMomentum,LaggedPriceChange(Gain),1000,300886.5,58408.008089644696,3,282248,1462920.3333333333,194787.08025516817,3,1004912,4.86203380122848
Trady.Indicator.UpMomentum,LaggedPriceChange(Gain),10000,2113134.1666666665,433612.0936901245,3,3807896,5990741.333333333,521913.48874725716,3,9052040,2.8350028255817485
Trady.Indicator.VolumeWeightedAveragePrice,VolumeWeightedPrice,1000,1274350.3333333333,131988.88863208648,3,664424,46710290.166666664,419109.2902684613,3,935600,36.654198570722706
Trady.Indicator.VolumeWeightedAveragePrice,VolumeWeightedPrice,10000,4513322.666666667,433722.0201803608,3,8515944,5444092358.333333,28204342.114668343,3,9104144,1206.2271546727436
Trady.Indicator.WeightedMovingAverage,Wma,1000,288089,78019.8543256779,3,316688,6817306.333333333,364921.90987707675,3,874736,23.66388974703419
Trady.Indicator.WeightedMovingAverage,Wma,10000,2281575.3333333335,456812.7665875084,3,4130480,27915361.666666668,850866.9393755603,3,8530280,12.235125993356052
