Num,PauseStart,Reason,Gen,PauseMSec,Time In GC,AllocMB,Alloc MB/sec,PeakMB,AfterMB,Peak/After Ratio,PromotedMB,Gen0 Size,Gen0 Surv%,Gen0 Frag%,Gen1 Size,Gen1 Surv%,Gen1 Frag%,Gen2 Size,Gen2 Surv%,Gen2 Frag%,LOH Size,LOH Surv%,LOH Frag%,FinalizeSurviveMB,Pinned Object,% Pause Time,Suspend Msec
1,507.497,AllocLarge,2B,0.847,1.1,0.652,1.28,7.082,7.091,2,6.400,0.682,0,54.69,0.000,0,NaN,0.000,0,NaN,6.400,99,0.00,0.00,0,82.0,0.102
2,582.327,AllocSmall,0N,1.302,1.3,7.695,104.41,24.852,17.103,2,0.290,0.001,3,81.43,0.293,NaN,1.11,0.000,NaN,NaN,16.801,NaN,0.00,0.00,1,1.7,0.007
3,593.630,AllocSmall,1N,0.715,8.3,8.381,837.45,25.491,17.099,2,0.290,0.001,0,81.43,0.000,99,10.71,0.289,NaN,0.00,16.801,NaN,0.00,0.00,1,6.7,0.006
4,604.088,AllocSmall,0N,0.254,0.0,8.381,859.76,25.487,17.099,2,0.000,0.001,0,81.43,0.000,NaN,10.17,0.289,NaN,0.00,16.801,NaN,0.00,0.00,1,2.5,0.005
5,613.908,AllocSmall,0N,0.222,10.0,8.388,876.58,25.487,17.100,2,0.000,0.001,0,81.43,0.001,NaN,10.00,0.289,NaN,0.00,16.801,NaN,0.00,0.00,1,2.3,0.006
6,623.661,AllocSmall,0N,0.178,0.0,8.388,879.73,25.488,17.100,2,0.000,0.001,0,81.43,0.001,NaN,11.01,0.289,NaN,0.00,16.801,NaN,0.00,0.00,1,1.8,0.006
7,638.688,AllocSmall,0N,0.164,0.0,8.389,564.76,32.688,24.300,2,0.000,0.001,0,81.43,0.001,NaN,9.80,0.289,NaN,0.00,24.001,NaN,0.00,0.00,1,1.1,0.005
8,648.250,AllocSmall,0N,0.174,0.0,8.388,892.25,32.688,24.301,2,0.000,0.001,0,81.43,0.001,NaN,9.78,0.289,NaN,0.00,24.001,NaN,0.00,0.00,1,1.8,0.005
9,658.031,AllocSmall,0N,0.185,0.0,8.388,872.87,32.689,24.301,2,0.000,0.001,0,81.43,0.002,NaN,10.34,0.289,NaN,0.00,24.001,NaN,0.00,0.00,1,1.9,0.008
10,669.665,AllocSmall,0N,0.221,0.0,8.389,732.40,32.689,24.301,2,0.000,0.001,0,81.43,0.002,NaN,10.39,0.289,NaN,0.00,24.001,NaN,0.00,0.00,1,1.9,0.007
11,680.331,AllocSmall,0N,0.157,0.0,8.388,802.77,32.689,24.301,2,0.000,0.001,0,81.43,0.002,NaN,11.16,0.289,NaN,0.00,24.001,NaN,0.00,0.00,1,1.5,0.006
12,690.199,AllocSmall,0N,0.374,18.2,8.389,863.51,32.689,24.301,2,0.000,0.001,0,81.43,0.002,NaN,11.11,0.289,NaN,0.00,24.001,NaN,0.00,0.00,1,3.7,0.006
13,717.393,AllocLarge,2B,0.803,10.0,6.290,209.39,36.249,36.266,2,7.778,6.365,0,33.68,0.002,0,97.04,0.289,99,0.57,29.601,24,75.68,0.00,0,2.7,0.095
14,724.674,AllocLarge,2B,0.525,5.3,0.107,6.09,45.859,25.058,2,10.978,6.357,0,33.54,0.002,0,97.04,0.289,100,0.57,18.401,51,43.48,0.00,0,3.0,0.164
15,749.113,AllocLarge,2B,1.570,16.7,0.000,0.00,28.258,26.658,2,9.378,6.357,0,33.79,0.002,0,97.04,0.289,100,0.57,20.001,40,56.00,0.00,0,12.3,1.230
16,758.034,AllocLarge,2B,0.660,8.3,0.000,0.00,29.058,20.257,2,9.378,6.357,0,33.76,0.002,0,97.04,0.289,100,0.57,13.601,52,35.30,0.00,0,5.9,0.346
17,770.933,AllocLarge,2B,0.926,7.1,0.000,0.00,25.058,25.058,2,9.378,6.357,0,33.76,0.002,0,97.04,0.289,100,0.57,18.401,47,52.18,0.00,0,6.9,0.589
18,782.281,AllocLarge,2B,0.503,20.0,0.107,13.13,25.858,18.657,2,9.378,6.357,0,33.79,0.002,0,97.04,0.289,100,0.57,12.001,57,26.67,0.00,0,6.2,0.202
19,795.633,AllocLarge,2B,0.557,0.0,0.000,0.00,25.058,25.058,2,9.378,6.357,0,33.79,0.002,0,97.04,0.289,100,0.57,18.401,47,52.18,0.00,0,4.4,0.264
20,804.597,AllocLarge,2B,2.368,23.1,0.000,0.00,25.858,18.657,2,9.378,6.357,0,33.63,0.002,0,97.04,0.289,100,0.57,12.001,57,26.67,0.00,0,20.6,2.088
21,826.557,AllocLarge,2B,4.288,3.3,0.105,2.82,36.258,34.658,2,10.978,6.357,0,33.76,0.002,0,97.04,0.289,100,0.57,28.002,35,62.86,0.00,0,11.6,3.911
22,851.221,AllocLarge,2B,0.440,27.3,0.000,0.00,35.458,18.657,2,9.378,6.357,0,33.67,0.002,0,97.04,0.289,100,0.57,12.001,52,26.67,0.00,0,5.0,0.112
23,864.601,AllocLarge,2B,0.638,5.0,0.000,0.00,29.858,28.258,2,10.978,6.357,0,33.77,0.002,0,97.04,0.289,100,0.57,21.601,44,51.85,0.00,0,3.2,0.271
24,879.229,AllocLarge,2B,0.817,22.2,0.000,0.00,29.058,18.657,2,9.378,6.357,0,33.79,0.002,0,97.04,0.289,100,0.57,12.001,47,26.67,0.00,0,9.6,0.222
25,887.641,AllocLarge,2B,1.068,8.3,0.000,0.00,21.857,21.857,2,9.378,6.357,0,33.79,0.002,0,97.04,0.289,100,0.57,15.201,57,42.11,0.00,0,15.3,0.747
26,897.286,AllocLarge,2B,0.508,7.1,0.103,11.29,25.058,25.058,2,9.378,6.357,0,33.80,0.002,0,97.04,0.289,100,0.57,18.401,47,52.18,0.00,0,5.6,0.163
27,904.733,AllocLarge,2B,0.784,13.3,0.000,0.00,25.858,18.657,2,9.378,6.357,0,33.79,0.002,0,97.04,0.289,100,0.57,12.001,57,26.67,0.00,0,9.4,0.506
28,916.785,AllocLarge,2B,0.751,4.5,0.000,0.00,25.058,25.058,2,9.378,6.357,0,33.80,0.002,0,97.04,0.289,100,0.57,18.401,47,52.18,0.00,0,6.5,0.332
29,923.407,AllocLarge,2B,0.972,22.2,0.000,0.00,25.858,18.657,2,9.378,6.357,0,33.67,0.002,0,97.04,0.289,100,0.57,12.001,57,26.67,0.00,0,13.4,0.726
30,932.328,AllocLarge,2B,0.653,11.1,0.102,12.80,26.658,25.058,2,9.378,6.357,0,33.79,0.002,0,97.04,0.289,100,0.57,18.401,43,52.18,0.00,0,8.2,0.327
31,938.047,AllocLarge,2B,0.647,25.0,0.000,0.00,25.858,18.657,2,9.378,6.357,0,33.79,0.002,0,97.04,0.289,100,0.57,12.001,57,26.67,0.00,0,10.0,0.324
32,946.775,AllocLarge,2B,0.769,22.2,0.000,0.00,25.058,25.058,2,9.378,6.357,0,33.80,0.002,0,97.04,0.289,100,0.57,18.401,47,52.18,0.00,0,9.7,0.472
33,952.893,AllocLarge,2B,0.640,28.6,0.000,0.00,25.858,18.657,2,9.378,6.357,0,33.79,0.002,0,97.04,0.289,100,0.57,12.001,57,26.67,0.00,0,9.8,0.434
34,966.747,AllocLarge,2B,0.683,7.1,0.108,7.97,25.058,25.058,2,9.378,6.357,0,33.80,0.002,0,97.04,0.289,100,0.57,18.401,47,52.18,0.00,0,5.0,0.174
35,973.908,AllocLarge,2B,0.588,18.2,0.000,0.00,25.858,18.657,2,9.378,6.357,0,33.67,0.002,0,97.04,0.289,100,0.57,12.001,57,26.67,0.00,0,7.5,0.226
36,985.792,AllocLarge,2B,24.085,16.7,0.000,0.00,25.058,25.058,2,9.378,6.357,0,33.79,0.002,0,97.04,0.289,100,0.57,18.401,47,52.18,0.00,0,69.4,0.204
37,1020.751,AllocLarge,2B,0.667,14.3,0.000,0.00,25.858,18.657,2,9.378,6.357,0,33.79,0.002,0,97.04,0.289,100,0.57,12.001,57,26.67,0.00,0,5.4,0.269
38,1034.403,AllocLarge,2B,0.562,7.7,0.108,8.49,25.058,25.058,2,9.378,6.357,0,33.80,0.002,0,97.04,0.289,100,0.57,18.401,47,52.18,0.00,0,4.4,0.150
39,1040.687,AllocLarge,2B,1.220,12.5,0.000,0.00,25.858,18.657,2,9.378,6.357,0,33.67,0.002,0,97.04,0.289,100,0.57,12.001,57,26.67,0.00,0,16.6,0.907
40,1056.783,AllocLarge,2B,2.498,16.7,0.000,0.00,26.658,25.058,2,9.378,6.357,0,33.79,0.002,0,97.04,0.289,100,0.57,18.401,43,52.18,0.00,0,14.3,0.676
41,1066.208,AllocLarge,2B,0.641,20.0,0.000,0.00,25.858,18.657,2,9.378,6.357,0,33.79,0.002,0,97.04,0.289,100,0.57,12.001,57,26.67,0.00,0,8.1,0.272
42,1077.692,AllocLarge,2B,0.833,0.0,0.000,0.00,25.058,25.058,2,9.378,6.357,0,33.79,0.002,0,97.04,0.289,100,0.57,18.401,47,52.18,0.00,0,7.8,0.147
43,1086.981,AllocLarge,2B,1.148,4.8,0.108,4.31,33.858,29.858,2,10.978,6.357,0,33.77,0.002,0,97.04,0.289,100,0.57,23.201,44,55.17,0.00,0,4.6,0.868
44,1113.171,AllocLarge,2B,1.547,20.0,0.000,0.00,31.458,21.857,2,9.378,6.357,0,33.66,0.002,0,97.04,0.289,100,0.57,15.201,47,42.11,0.00,0,13.1,1.275
45,1121.778,AllocLarge,2B,0.728,12.5,0.000,0.00,24.258,18.657,2,9.378,6.357,0,33.79,0.002,0,97.04,0.289,100,0.57,12.001,52,26.67,0.00,0,9.7,0.483
46,1142.722,AllocLarge,2B,0.566,0.0,0.104,3.91,28.258,28.258,2,10.978,6.357,0,33.76,0.002,0,97.04,0.289,100,0.57,21.601,48,51.85,0.00,0,2.1,0.208
47,1157.947,AllocLarge,2B,0.579,9.1,0.000,0.00,29.058,20.257,2,9.378,6.357,0,33.79,0.002,0,97.04,0.289,100,0.57,13.601,47,35.30,0.00,0,5.5,0.197
48,1166.413,AllocLarge,2B,0.416,0.0,0.000,0.00,21.857,21.857,2,9.378,6.357,0,33.79,0.002,0,97.04,0.289,100,0.57,15.201,57,42.11,0.00,0,5.5,0.140
49,1187.282,AllocLarge,2B,0.536,3.7,0.000,0.00,33.058,33.066,2,10.978,6.365,0,33.71,0.002,0,97.04,0.289,100,0.57,26.402,39,60.61,0.00,0,1.6,0.136
50,1207.565,AllocLarge,2B,0.449,18.8,0.104,5.94,37.867,21.866,2,10.978,6.365,0,33.62,0.002,0,97.04,0.289,100,0.57,15.201,49,31.58,0.00,0,2.6,0.111
51,1229.579,AllocLarge,2B,0.554,4.5,0.000,0.00,34.667,33.066,2,10.978,6.365,0,33.72,0.002,0,97.04,0.289,100,0.57,26.402,37,60.61,0.00,0,2.7,0.206
52,1246.355,AllocLarge,2B,0.736,15.4,0.000,0.00,33.866,18.665,2,9.378,6.365,0,33.74,0.002,0,97.04,0.289,100,0.57,12.001,52,26.67,0.00,0,8.1,0.240
53,1254.745,AllocLarge,2B,0.495,7.7,0.000,0.00,23.466,23.466,2,9.378,6.365,0,33.74,0.002,0,97.04,0.289,100,0.57,16.801,52,47.62,0.00,0,7.6,0.250
54,1261.629,AllocLarge,2B,1.073,13.3,0.105,13.16,25.066,20.266,2,9.378,6.365,0,33.74,0.002,0,97.04,0.289,100,0.57,13.601,52,35.30,0.00,0,13.4,0.720
55,1272.753,AllocLarge,2B,1.758,8.3,0.000,0.00,23.466,23.466,2,9.378,6.365,0,33.74,0.002,0,97.04,0.289,100,0.57,16.801,52,47.62,0.00,0,14.9,1.436
56,1286.828,AllocLarge,2B,1.377,11.8,0.000,0.00,25.066,20.266,2,9.378,6.365,0,33.74,0.002,0,97.04,0.289,100,0.57,13.601,52,35.30,0.00,0,10.0,1.099
57,1297.981,AllocLarge,2B,1.678,9.1,0.000,0.00,23.466,23.466,2,9.378,6.365,0,33.74,0.002,0,97.04,0.289,100,0.57,16.801,52,47.62,0.00,0,14.9,1.309
58,1308.496,AllocLarge,2B,0.814,5.3,0.106,11.15,25.066,20.266,2,9.378,6.365,0,33.74,0.002,0,97.04,0.289,100,0.57,13.601,52,35.30,0.00,0,8.5,0.588
59,1315.355,AllocLarge,2B,0.335,0.0,0.000,0.00,23.466,23.466,2,9.378,6.365,0,33.74,0.002,0,97.04,0.289,100,0.57,16.801,52,47.62,0.00,0,5.5,0.094
60,1321.970,AllocLarge,2B,1.652,16.7,0.000,0.00,25.066,20.266,2,9.378,6.365,0,33.57,0.002,0,97.04,0.289,100,0.57,13.601,52,35.30,0.00,0,20.0,1.397
61,1329.345,AllocLarge,2B,0.289,8.3,0.000,0.00,25.066,23.466,2,9.378,6.365,0,33.74,0.002,0,97.04,0.289,100,0.57,16.801,47,47.62,0.00,0,5.1,0.086
62,1335.886,AllocLarge,2B,0.353,11.1,0.104,14.78,25.066,20.266,2,9.378,6.365,0,33.74,0.002,0,97.04,0.289,100,0.57,13.601,52,35.30,0.00,0,5.0,0.131
63,1342.670,AllocLarge,2B,0.426,12.5,0.000,0.00,23.466,23.466,2,9.378,6.365,0,33.75,0.002,0,97.04,0.289,100,0.57,16.801,52,47.62,0.00,0,6.6,0.160
64,1349.451,AllocLarge,2B,0.594,12.5,0.000,0.00,25.066,20.266,2,9.378,6.365,0,33.74,0.002,0,97.04,0.289,100,0.57,13.601,52,35.30,0.00,0,8.1,0.329
65,1356.870,AllocLarge,2B,1.328,5.9,0.108,6.80,28.266,28.266,2,10.978,6.365,0,33.72,0.002,0,97.04,0.289,100,0.57,21.601,48,51.85,0.00,0,8.3,0.995
66,1371.586,AllocLarge,2B,0.418,14.3,0.000,0.00,29.066,18.665,2,9.378,6.365,0,33.74,0.002,0,97.04,0.289,100,0.57,12.001,47,26.67,0.00,0,6.3,0.162
67,1379.934,AllocLarge,2B,0.336,12.5,0.000,0.00,21.866,21.866,2,9.378,6.365,0,33.74,0.002,0,97.04,0.289,100,0.57,15.201,57,42.11,0.00,0,4.6,0.084
68,1388.413,AllocLarge,2B,0.340,0.0,0.000,0.00,25.066,25.066,2,9.378,6.365,0,33.74,0.002,0,97.04,0.289,100,0.57,18.401,47,52.18,0.00,0,4.0,0.115
69,1393.795,AllocLarge,2B,1.051,25.0,0.000,0.00,25.866,18.665,2,9.378,6.365,0,33.63,0.002,0,97.04,0.289,100,0.57,12.001,57,26.67,0.00,0,15.6,0.734
70,1402.180,AllocLarge,2B,0.400,0.0,0.000,0.00,26.666,25.066,2,9.378,6.365,0,33.74,0.002,0,97.04,0.289,100,0.57,18.401,43,52.18,0.00,0,5.7,0.145
71,1407.719,AllocLarge,2B,0.809,22.2,0.109,15.67,25.866,18.665,2,9.378,6.365,0,33.74,0.002,0,97.04,0.289,100,0.57,12.001,57,26.67,0.00,0,11.6,0.456
72,1416.479,AllocLarge,2B,0.366,12.5,0.000,0.00,25.066,25.066,2,9.378,6.365,0,33.74,0.002,0,97.04,0.289,100,0.57,18.401,47,52.18,0.00,0,5.0,0.116
73,1422.007,AllocLarge,2B,0.521,28.6,0.000,0.00,25.866,18.665,2,9.378,6.365,0,33.74,0.002,0,97.04,0.289,100,0.57,12.001,57,26.67,0.00,0,8.0,0.101
74,1430.671,AllocLarge,2B,1.607,18.2,0.104,11.64,25.066,25.066,2,9.378,6.365,0,33.61,0.002,0,97.04,0.289,100,0.57,18.401,47,52.18,0.00,0,18.0,1.375
75,1436.036,AllocLarge,2B,0.544,28.6,0.000,0.00,27.466,18.665,2,9.378,6.365,0,33.74,0.002,0,97.04,0.289,100,0.57,12.001,52,26.67,0.00,0,11.1,0.277
76,1444.518,AllocLarge,2B,0.981,11.8,0.000,0.00,25.066,25.066,2,9.378,6.365,0,33.74,0.002,0,97.04,0.289,100,0.57,18.401,47,52.18,0.00,0,11.8,0.744
77,1449.848,AllocLarge,2B,0.854,16.7,0.000,0.00,25.866,18.665,2,9.378,6.365,0,33.74,0.002,0,97.04,0.289,100,0.57,12.001,57,26.67,0.00,0,14.9,0.606
78,1458.489,AllocLarge,2B,0.578,6.7,0.000,0.00,25.066,25.066,2,9.378,6.365,0,33.74,0.002,0,97.04,0.289,100,0.57,18.401,47,52.18,0.00,0,7.3,0.329
79,1463.854,AllocLarge,2B,0.343,9.1,0.000,0.00,25.866,18.665,2,9.378,6.365,0,33.74,0.002,0,97.04,0.289,100,0.57,12.001,57,26.67,0.00,0,6.0,0.134
80,1471.928,AllocLarge,2B,1.456,5.9,0.109,12.65,25.066,25.066,2,9.378,6.365,0,33.75,0.002,0,97.04,0.289,100,0.57,18.401,47,52.18,0.00,0,16.9,1.249
81,1477.186,AllocLarge,2B,0.311,8.3,0.000,0.00,25.866,18.665,2,9.378,6.365,0,33.75,0.002,0,97.04,0.289,100,0.57,12.001,57,26.67,0.00,0,6.7,0.112
82,1484.964,AllocLarge,2B,0.608,0.0,0.000,0.00,25.066,25.066,2,9.378,6.365,0,33.75,0.002,0,97.04,0.289,100,0.57,18.401,47,52.18,0.00,0,8.1,0.424
83,1490.022,AllocLarge,2B,1.053,25.0,0.000,0.00,25.866,18.665,2,9.378,6.365,0,33.63,0.002,0,97.04,0.289,100,0.57,12.001,57,26.67,0.00,0,17.2,0.825
84,1498.363,AllocLarge,2B,0.488,14.3,0.106,14.78,26.666,25.066,2,9.378,6.365,0,33.75,0.002,0,97.04,0.289,100,0.57,18.401,43,52.18,0.00,0,6.8,0.245
85,1503.570,AllocLarge,2B,0.823,14.3,0.000,0.00,25.866,18.665,2,9.378,6.365,0,33.75,0.002,0,97.04,0.289,100,0.57,12.001,57,26.67,0.00,0,13.5,0.580
86,1511.691,AllocLarge,2B,1.531,20.0,0.000,0.00,25.066,25.066,2,9.378,6.365,0,33.75,0.002,0,97.04,0.289,100,0.57,18.401,47,52.18,0.00,0,18.5,1.290
87,1516.947,AllocLarge,2B,0.502,16.7,0.000,0.00,25.866,18.665,2,9.378,6.365,0,33.75,0.002,0,97.04,0.289,100,0.57,12.001,57,26.67,0.00,0,10.4,0.317
88,1524.945,AllocLarge,2B,0.355,16.7,0.108,14.87,25.066,25.066,2,9.378,6.365,0,33.75,0.002,0,97.04,0.289,100,0.57,18.401,47,52.18,0.00,0,4.9,0.113
89,1530.214,AllocLarge,2B,0.422,25.0,0.000,0.00,25.866,18.665,2,9.378,6.365,0,33.75,0.002,0,97.04,0.289,100,0.57,12.001,57,26.67,0.00,0,7.2,0.194
90,1538.186,AllocLarge,2B,1.100,18.2,0.000,0.00,25.066,25.066,2,9.378,6.365,0,33.75,0.002,0,97.04,0.289,100,0.57,18.401,47,52.18,0.00,0,13.6,0.852
91,1543.404,AllocLarge,2B,0.679,16.7,0.000,0.00,25.866,18.665,2,9.378,6.365,0,33.75,0.002,0,97.04,0.289,100,0.57,12.001,57,26.67,0.00,0,12.5,0.461
92,1546.130,AllocSmall,0N,0.197,33.3,0.006,4.73,18.665,12.303,2,0.003,0.001,0,81.43,0.004,NaN,36.80,0.289,NaN,0.57,12.001,NaN,13.34,0.00,1,13.6,0.006
93,1551.717,AllocLarge,2B,1.425,14.3,0.109,15.67,18.717,18.725,2,9.380,0.022,0,50.09,0.004,0,85.80,0.289,100,0.57,18.401,47,52.18,0.00,0,20.5,1.215
94,1556.956,AllocLarge,2B,0.582,28.6,0.000,0.00,19.527,12.335,2,9.380,0.033,0,66.05,0.004,0,85.80,0.289,100,0.57,12.001,57,26.67,0.00,0,11.7,0.399
95,1566.140,AllocLarge,2B,1.900,25.0,0.000,0.00,18.735,18.735,2,9.380,0.033,0,58.22,0.004,0,85.80,0.289,100,0.57,18.401,47,52.18,0.00,0,18.9,1.565
96,1574.733,AllocLarge,2B,0.785,11.1,0.000,0.00,19.535,12.335,2,9.380,0.033,0,37.25,0.004,0,85.80,0.289,100,0.57,12.001,57,26.67,0.00,0,9.7,0.555
97,1583.223,AllocLarge,2B,0.310,11.1,0.000,0.00,18.743,18.751,2,9.380,0.048,0,76.93,0.004,0,85.80,0.289,100,0.57,18.401,47,52.18,0.00,0,4.2,0.115
98,1588.332,AllocLarge,2B,0.696,16.7,0.103,16.90,19.551,12.350,2,9.380,0.048,0,29.40,0.004,0,85.80,0.289,100,0.57,12.001,57,26.67,0.00,0,11.4,0.488
99,1596.247,AllocLarge,2B,1.118,12.5,0.000,0.00,18.756,18.764,2,9.380,0.062,0,81.97,0.004,0,85.80,0.289,100,0.57,18.401,47,52.18,0.00,0,14.5,0.919
100,1601.516,AllocLarge,2B,0.920,28.6,0.000,0.00,19.564,12.364,2,9.380,0.062,0,10.71,0.004,0,85.80,0.289,100,0.57,12.001,57,26.67,0.00,0,16.2,0.721
101,1609.586,AllocLarge,2B,0.267,0.0,0.102,15.09,20.370,18.778,2,9.380,0.075,0,85.21,0.004,0,85.80,0.289,100,0.57,18.401,43,52.18,0.00,0,3.9,0.081
102,1614.703,AllocLarge,2B,0.762,14.3,0.000,0.00,19.578,12.377,2,9.380,0.075,0,18.74,0.004,0,85.80,0.289,100,0.57,12.001,57,26.67,0.00,0,12.2,0.554
103,1622.678,AllocLarge,2B,0.621,0.0,0.000,0.00,18.783,18.791,2,9.380,0.089,0,87.47,0.004,0,85.80,0.289,100,0.57,18.401,47,52.18,0.00,0,8.6,0.427
104,1627.882,AllocLarge,2B,0.317,16.7,0.000,0.00,19.591,12.391,2,9.380,0.089,0,15.97,0.004,0,85.80,0.289,100,0.57,12.001,57,26.67,0.00,0,5.8,0.112
105,1635.714,AllocLarge,2B,0.600,11.1,0.103,13.68,18.796,18.805,2,9.380,0.102,0,89.12,0.004,0,85.80,0.289,100,0.57,18.401,47,52.18,0.00,0,8.0,0.382
106,1640.964,AllocLarge,2B,1.019,22.2,0.000,0.00,19.605,12.404,2,9.380,0.102,0,6.46,0.004,0,85.80,0.289,100,0.57,12.001,57,26.67,0.00,0,16.0,0.766
107,1651.522,AllocLarge,2B,6.467,15.4,0.000,0.00,20.410,18.818,2,9.380,0.115,0,90.39,0.004,0,85.80,0.289,100,0.57,18.401,43,52.18,0.00,0,42.0,1.700
108,1661.788,AllocLarge,2B,0.636,33.3,0.000,0.00,19.618,12.418,2,9.380,0.115,0,12.17,0.004,0,85.80,0.289,100,0.57,12.001,57,26.67,0.00,0,12.8,0.424
109,1669.663,AllocLarge,2B,1.584,20.0,0.103,12.49,18.823,18.832,2,9.380,0.129,0,91.40,0.004,0,85.80,0.289,100,0.57,18.401,47,52.18,0.00,0,19.3,1.386
110,1674.878,AllocLarge,2B,0.615,20.0,0.000,0.00,19.632,12.431,2,9.380,0.129,0,10.96,0.004,0,85.80,0.289,100,0.57,12.001,57,26.67,0.00,0,12.8,0.421
111,1682.711,AllocLarge,2B,0.299,14.3,0.000,0.00,18.837,18.845,2,9.380,0.142,0,92.21,0.004,0,85.80,0.289,100,0.57,18.401,47,52.18,0.00,0,4.3,0.080
112,1687.748,AllocLarge,2B,0.729,16.7,0.105,17.29,19.645,12.445,2,9.380,0.142,0,9.90,0.004,0,85.80,0.289,100,0.57,12.001,57,26.67,0.00,0,12.0,0.552
113,1695.618,AllocLarge,2B,0.303,0.0,0.000,0.00,18.850,18.859,2,9.380,0.156,0,92.88,0.004,0,85.80,0.289,100,0.57,18.401,47,52.18,0.00,0,4.4,0.110
114,1700.732,AllocLarge,2B,1.400,12.5,0.000,0.00,20.459,13.258,2,10.180,0.156,0,2.79,0.004,0,85.80,0.289,100,0.57,12.801,59,25.00,0.00,0,20.7,1.188
115,1713.250,AllocLarge,2B,0.274,0.0,0.000,0.00,24.475,23.683,2,9.380,0.180,0,93.84,0.004,0,85.80,0.289,100,0.57,23.201,36,62.07,0.00,0,2.5,0.080
116,1718.310,AllocLarge,2B,0.613,22.2,0.103,15.93,25.283,12.482,2,9.380,0.180,0,3.68,0.004,0,85.80,0.289,100,0.57,12.001,57,26.67,0.00,0,9.5,0.390
117,1726.590,AllocLarge,2B,0.331,12.5,0.000,0.00,20.488,18.896,2,9.380,0.193,0,94.26,0.004,0,85.80,0.289,100,0.57,18.401,43,52.18,0.00,0,4.8,0.119
118,1731.710,AllocLarge,2B,1.226,25.0,0.000,0.00,19.696,12.496,2,9.380,0.193,0,3.41,0.004,0,85.80,0.289,100,0.57,12.001,57,26.67,0.00,0,18.6,1.035
119,1739.953,AllocLarge,2B,0.303,12.5,0.000,0.00,20.502,18.910,2,9.380,0.207,0,94.64,0.004,0,85.80,0.289,100,0.57,18.401,43,52.18,0.00,0,4.5,0.116
120,1745.194,AllocLarge,2B,1.428,30.0,0.103,14.83,20.510,13.317,2,10.180,0.215,0,6.58,0.004,0,85.80,0.289,100,0.57,12.801,59,25.00,0.00,0,20.6,1.191
121,1757.743,AllocLarge,2B,0.832,8.3,0.000,0.00,24.524,23.732,2,9.380,0.229,0,95.16,0.004,0,85.80,0.289,100,0.57,23.201,36,62.07,0.00,0,7.3,0.131
122,1763.637,AllocLarge,2B,0.588,25.0,0.000,0.00,25.332,12.532,2,9.380,0.229,0,2.89,0.004,0,85.80,0.289,100,0.57,12.001,57,26.67,0.00,0,8.4,0.249
123,1772.739,AllocLarge,2B,0.358,10.0,0.102,13.63,20.537,18.945,2,9.380,0.243,0,95.43,0.004,0,85.80,0.289,100,0.57,18.401,43,52.18,0.00,0,4.8,0.100
124,1778.248,AllocLarge,2B,0.842,14.3,0.000,0.00,19.746,12.545,2,9.380,0.243,0,2.72,0.004,0,85.80,0.289,100,0.57,12.001,57,26.67,0.00,0,12.9,0.582
125,1786.602,AllocLarge,2B,1.018,11.1,0.000,0.00,20.551,18.959,2,9.380,0.256,0,95.67,0.004,0,85.80,0.289,100,0.57,18.401,43,52.18,0.00,0,12.7,0.782
126,1792.030,AllocLarge,2B,0.403,14.3,0.000,0.00,19.759,12.558,2,9.380,0.256,0,5.48,0.004,0,85.80,0.289,100,0.57,12.001,57,26.67,0.00,0,7.5,0.170
127,1800.269,AllocLarge,2B,1.675,18.2,0.103,11.46,18.964,18.972,2,9.380,0.270,0,89.84,0.004,0,85.80,0.289,100,0.57,18.401,47,52.18,0.00,0,18.7,1.429
128,1805.688,AllocLarge,2B,0.405,16.7,0.000,0.00,21.373,12.572,2,9.380,0.270,0,8.29,0.004,0,85.80,0.289,100,0.57,12.001,52,26.67,0.00,0,8.6,0.146
129,1814.360,AllocLarge,2B,0.505,10.0,0.000,0.00,18.972,18.981,2,9.380,0.278,0,96.01,0.004,0,85.80,0.289,100,0.57,18.401,47,52.18,0.00,0,6.2,0.257
130,1819.738,AllocLarge,2B,0.450,25.0,0.000,0.00,19.781,12.580,2,9.380,0.278,0,4.18,0.004,0,85.80,0.289,100,0.57,12.001,57,26.67,0.00,0,7.6,0.168
131,1828.179,AllocLarge,2B,0.680,0.0,0.105,12.91,18.988,18.997,2,9.380,0.294,0,96.23,0.004,0,85.80,0.289,100,0.57,18.401,47,52.18,0.00,0,8.4,0.437
132,1833.548,AllocLarge,2B,0.331,14.3,0.000,0.00,19.797,12.596,2,9.380,0.294,0,4.81,0.004,0,85.80,0.289,100,0.57,12.001,57,26.67,0.00,0,5.9,0.087
133,1841.838,AllocLarge,2B,0.357,0.0,0.000,0.00,19.002,19.010,2,9.380,0.307,0,96.39,0.004,0,85.80,0.289,100,0.57,18.401,47,52.18,0.00,0,4.6,0.086
134,1849.317,AllocLarge,2B,1.283,18.2,0.000,0.00,19.810,12.610,2,9.380,0.307,0,4.59,0.004,0,85.80,0.289,100,0.57,12.001,57,26.67,0.00,0,13.9,0.973
135,1862.794,AllocLarge,2B,0.423,7.1,0.109,9.13,19.015,19.024,2,9.380,0.321,0,96.68,0.004,0,85.80,0.289,100,0.57,18.401,47,52.18,0.00,0,3.6,0.108
136,1872.053,AllocLarge,2B,1.687,21.4,0.000,0.00,19.824,12.623,2,9.380,0.321,0,2.04,0.004,0,85.80,0.289,100,0.57,12.001,57,26.67,0.00,0,14.9,1.303
137,1883.691,AllocLarge,2B,1.525,16.7,0.000,0.00,20.629,19.037,2,9.380,0.334,0,96.68,0.004,0,85.80,0.289,100,0.57,18.401,43,52.18,0.00,0,14.4,1.250
138,1889.261,AllocLarge,2B,0.509,14.3,0.103,20.17,19.837,12.637,2,9.380,0.334,0,4.23,0.004,0,85.80,0.289,100,0.57,12.001,57,26.67,0.00,0,10.0,0.281
139,1899.756,AllocLarge,2B,0.378,0.0,0.000,0.00,19.042,19.051,2,9.380,0.348,0,96.81,0.004,0,85.80,0.289,100,0.57,18.401,47,52.18,0.00,0,3.9,0.163
140,1905.073,AllocLarge,2B,0.718,25.0,0.000,0.00,19.851,12.650,2,9.380,0.348,0,4.05,0.004,0,85.80,0.289,100,0.57,12.001,57,26.67,0.00,0,11.0,0.368
141,1917.967,AllocLarge,2B,0.581,7.7,0.000,0.00,19.056,19.064,2,9.380,0.361,0,96.93,0.004,0,85.80,0.289,100,0.57,18.401,47,52.18,0.00,0,4.8,0.216
142,1926.809,AllocLarge,2B,0.484,7.7,0.103,8.36,21.464,14.264,2,9.380,0.361,0,2.01,0.004,0,85.80,0.289,100,0.57,13.601,52,35.30,0.00,0,3.9,0.193
143,1939.410,AllocLarge,2B,0.507,10.0,0.000,0.00,19.065,17.473,2,9.380,0.371,0,97.13,0.004,0,85.80,0.289,100,0.57,16.801,47,47.62,0.00,0,5.1,0.173
144,1949.788,AllocLarge,2B,2.262,18.8,0.000,0.00,20.673,19.073,2,9.380,0.371,0,4.97,0.004,0,85.80,0.289,100,0.57,18.401,47,52.18,0.00,0,17.1,1.955
145,1961.800,AllocLarge,2B,1.101,9.1,0.000,0.00,21.473,15.873,2,9.380,0.371,0,1.91,0.004,0,85.80,0.289,100,0.57,15.201,52,42.11,0.00,0,9.2,0.780
146,1974.169,AllocLarge,2B,0.465,16.7,0.107,10.52,19.075,17.483,2,9.380,0.380,0,97.20,0.004,0,85.80,0.289,100,0.57,16.801,47,47.62,0.00,0,4.6,0.162
147,1984.643,AllocLarge,2B,0.578,0.0,0.000,0.00,19.083,15.883,2,9.380,0.380,0,3.89,0.004,0,85.80,0.289,100,0.57,15.201,52,42.11,0.00,0,6.0,0.263
148,1995.545,AllocLarge,2B,1.104,6.7,0.000,0.00,19.085,19.093,2,9.380,0.390,0,97.53,0.004,0,85.80,0.289,100,0.57,18.401,47,52.18,0.00,0,7.8,0.769
149,2006.433,AllocLarge,2B,1.033,7.1,0.000,0.00,23.093,15.893,2,10.980,0.390,0,2.15,0.004,0,85.80,0.289,100,0.57,15.201,56,31.58,0.00,0,8.0,0.765
150,2033.557,AllocLarge,2B,0.487,0.0,0.109,4.97,23.899,22.307,2,9.380,0.404,0,97.25,0.004,0,85.80,0.289,100,0.57,21.601,37,59.26,0.00,0,2.2,0.149
151,2042.293,AllocLarge,2B,1.529,23.1,0.000,0.00,23.907,12.706,2,9.380,0.404,0,1.09,0.004,0,85.80,0.289,100,0.57,12.001,57,26.67,0.00,0,14.6,1.200
152,2063.444,AllocLarge,2B,1.435,12.5,0.000,0.00,19.114,19.122,2,9.380,0.419,0,97.35,0.004,0,85.80,0.289,100,0.57,18.401,47,52.18,0.00,0,7.4,1.125
153,2072.086,AllocLarge,2B,1.539,18.2,0.000,0.00,19.922,12.721,2,9.380,0.419,0,3.37,0.004,0,85.80,0.289,100,0.57,12.001,57,26.67,0.00,0,16.3,1.253
154,2085.335,AllocLarge,2B,1.702,7.1,0.103,7.23,19.127,19.135,2,9.380,0.433,0,97.43,0.004,0,85.80,0.289,100,0.57,18.401,47,52.18,0.00,0,11.9,0.758
155,2094.792,AllocLarge,2B,0.403,9.1,0.000,0.00,21.535,14.335,2,9.380,0.433,0,3.59,0.004,0,85.80,0.289,100,0.57,13.601,52,35.30,0.00,0,4.3,0.154
156,2106.835,AllocLarge,2B,0.445,11.1,0.000,0.00,17.536,17.544,2,9.380,0.442,0,97.59,0.004,0,85.80,0.289,100,0.57,16.801,52,47.62,0.00,0,4.8,0.145
157,2113.779,AllocLarge,2B,0.359,12.5,0.000,0.00,19.144,14.344,2,9.380,0.442,0,3.80,0.004,0,85.80,0.289,100,0.57,13.601,52,35.30,0.00,0,4.9,0.114
158,2120.446,AllocLarge,2B,0.409,0.0,0.108,17.14,17.544,17.552,2,9.380,0.450,0,97.64,0.004,0,85.80,0.289,100,0.57,16.801,52,47.62,0.00,0,6.5,0.143
159,2127.083,AllocLarge,2B,0.853,14.3,0.000,0.00,19.153,14.352,2,9.380,0.450,0,5.48,0.004,0,85.80,0.289,100,0.57,13.601,52,35.30,0.00,0,11.1,0.497
160,2134.937,AllocLarge,2B,0.506,0.0,0.000,0.00,17.552,17.552,2,9.380,0.450,0,3.76,0.004,0,85.80,0.289,100,0.57,16.801,52,47.62,0.00,0,7.3,0.167
161,2142.119,AllocLarge,2B,1.131,11.1,0.107,13.38,19.153,14.360,2,9.380,0.458,0,3.57,0.004,0,85.80,0.289,100,0.57,13.601,52,35.30,0.00,0,14.1,0.874
162,2148.791,AllocLarge,2B,0.363,16.7,0.000,0.00,17.561,17.569,2,9.380,0.467,0,97.72,0.004,0,85.80,0.289,100,0.57,16.801,52,47.62,0.00,0,6.5,0.149
163,2155.802,AllocLarge,2B,0.813,11.1,0.000,0.00,19.169,14.369,2,9.380,0.467,0,3.44,0.004,0,85.80,0.289,100,0.57,13.601,52,35.30,0.00,0,10.4,0.581
164,2163.587,AllocLarge,2B,0.989,20.0,0.000,0.00,17.570,17.578,2,9.380,0.475,0,97.76,0.004,0,85.80,0.289,100,0.57,16.801,52,47.62,0.00,0,12.3,0.505
165,2173.135,AllocLarge,2B,0.384,11.1,0.105,11.52,19.178,14.378,2,9.380,0.475,0,4.98,0.004,0,85.80,0.289,100,0.57,13.601,52,35.30,0.00,0,4.2,0.091
166,2182.662,AllocLarge,2B,24.628,7.7,0.000,0.00,17.578,17.586,2,9.380,0.484,0,97.71,0.004,0,85.80,0.289,100,0.57,16.801,52,47.62,0.00,0,73.5,15.570
167,2217.067,AllocLarge,2B,0.545,0.0,0.000,0.00,20.786,19.186,2,9.380,0.484,0,3.69,0.004,0,85.80,0.289,100,0.57,18.401,47,52.18,0.00,0,3.9,0.203
168,2227.553,AllocLarge,2B,0.479,7.1,0.000,0.00,24.787,20.795,2,10.980,0.492,0,98.61,0.004,0,85.80,0.289,100,0.57,20.001,51,48.00,0.00,0,3.7,0.144
169,2245.893,AllocLarge,2B,3.759,12.5,0.104,6.71,23.995,22.411,2,10.980,0.508,0,4.22,0.004,0,85.80,0.289,100,0.57,21.601,48,51.85,0.00,0,24.4,2.227
170,2260.499,AllocLarge,2B,7.117,12.5,0.000,0.00,25.604,20.803,2,9.380,0.500,0,3.53,0.004,0,85.80,0.289,100,0.57,20.001,40,56.00,0.00,0,35.4,6.762
171,2276.002,AllocLarge,2B,1.777,21.4,0.000,0.00,27.204,17.611,2,10.980,0.509,0,98.67,0.004,0,85.80,0.289,100,0.57,16.801,51,38.10,0.00,0,12.0,1.427
172,2295.446,AllocLarge,2B,0.507,10.5,0.102,5.74,25.612,25.612,2,10.980,0.509,0,5.86,0.004,0,85.80,0.289,100,0.57,24.801,41,58.07,0.00,0,2.8,0.203
173,2310.586,AllocLarge,2B,0.541,10.0,0.000,0.00,32.812,17.611,2,10.980,0.509,0,4.11,0.004,0,85.80,0.289,100,0.57,16.801,44,38.10,0.00,0,2.9,0.244
174,2329.280,AllocLarge,2B,0.494,11.8,0.000,0.00,25.612,24.020,2,10.980,0.517,0,98.15,0.004,0,85.80,0.289,100,0.57,23.201,41,55.17,0.00,0,3.2,0.162
175,2346.386,AllocLarge,2B,0.843,10.5,0.106,5.83,28.820,16.019,2,10.980,0.517,0,1.30,0.004,0,85.80,0.289,100,0.57,15.201,48,31.58,0.00,0,4.6,0.533
176,2366.352,AllocLarge,2B,1.430,0.0,0.000,0.00,20.821,20.837,2,9.380,0.535,0,96.74,0.004,0,85.80,0.289,100,0.57,20.001,43,56.00,0.00,0,9.4,0.200
177,2377.268,AllocLarge,2B,1.267,11.1,0.000,0.00,28.030,22.430,2,10.980,0.527,0,4.88,0.004,0,85.80,0.289,100,0.57,21.601,48,51.85,0.00,0,7.2,0.938
178,2396.667,AllocLarge,2B,1.407,11.8,0.110,7.36,26.430,20.846,2,10.980,0.543,0,96.82,0.004,0,85.80,0.289,100,0.57,20.001,48,48.00,0.00,0,9.4,0.982
179,2410.821,AllocLarge,2B,0.960,5.6,0.000,0.00,26.438,24.038,2,10.980,0.535,0,4.33,0.004,0,85.80,0.289,100,0.57,23.201,44,55.17,0.00,0,5.7,0.660
180,2435.019,AllocLarge,2B,3.003,15.4,0.000,0.00,26.438,16.038,2,9.380,0.535,0,1.67,0.004,0,85.80,0.289,100,0.57,15.201,45,42.11,0.00,0,15.1,2.667
181,2446.192,AllocLarge,2B,0.570,12.5,0.000,0.00,16.838,12.838,2,9.380,0.535,0,2.61,0.004,0,85.80,0.289,100,0.57,12.001,57,26.67,0.00,0,7.2,0.273
182,2459.202,AllocLarge,2B,0.617,5.3,0.108,5.80,22.444,22.452,2,10.980,0.549,0,98.77,0.004,0,85.80,0.289,100,0.57,21.601,48,51.85,0.00,0,3.3,0.299
183,2474.332,AllocLarge,2B,2.119,31.3,0.000,0.00,23.252,14.451,2,9.380,0.549,0,0.68,0.004,0,85.80,0.289,100,0.57,13.601,47,35.30,0.00,0,18.0,1.763
184,2487.386,AllocLarge,2B,0.527,14.3,0.000,0.00,16.052,16.061,2,9.380,0.558,0,98.01,0.004,0,85.80,0.289,100,0.57,15.201,57,42.11,0.00,0,5.1,0.207
185,2500.478,AllocLarge,2B,0.756,6.7,0.000,0.00,19.261,19.261,2,9.380,0.558,0,4.00,0.004,0,85.80,0.289,100,0.57,18.401,47,52.18,0.00,0,5.3,0.460
186,2508.994,AllocLarge,2B,0.513,0.0,0.105,5.89,26.461,22.469,2,10.980,0.566,0,98.74,0.004,0,85.80,0.289,100,0.57,21.601,48,51.85,0.00,0,2.9,0.209
187,2529.622,AllocLarge,2B,1.560,15.4,0.000,0.00,23.269,16.069,2,9.380,0.566,0,3.72,0.004,0,85.80,0.289,100,0.57,15.201,47,42.11,0.00,0,13.4,1.258
188,2537.989,AllocLarge,2B,1.584,18.2,0.000,0.00,16.869,12.869,2,9.380,0.566,0,0.97,0.004,0,85.80,0.289,100,0.57,12.001,57,26.67,0.00,0,17.8,1.243
189,2551.549,AllocLarge,2B,1.263,13.3,0.000,0.00,20.875,19.283,2,9.380,0.581,0,98.09,0.004,0,85.80,0.289,100,0.57,18.401,43,52.18,0.00,0,9.6,0.914
190,2560.100,AllocLarge,2B,0.446,7.7,0.107,8.62,23.283,16.083,2,10.980,0.581,0,1.76,0.004,0,85.80,0.289,100,0.57,15.201,56,31.58,0.00,0,3.6,0.117
191,2579.109,AllocLarge,2B,3.076,9.1,0.000,0.00,27.288,25.696,2,10.980,0.593,0,98.86,0.004,0,85.80,0.289,100,0.57,24.801,39,58.07,0.00,0,15.0,2.745
192,2592.979,AllocLarge,2B,1.046,10.5,0.000,0.00,32.897,19.296,2,10.980,0.593,0,2.38,0.004,0,85.80,0.289,100,0.57,18.401,44,43.48,0.00,0,6.2,0.754
193,2611.669,AllocLarge,2B,1.257,16.7,0.000,0.00,22.496,16.095,2,9.380,0.593,0,3.55,0.004,0,85.80,0.289,100,0.57,15.201,43,42.11,0.00,0,12.4,0.972
194,2621.569,AllocLarge,2B,1.223,18.2,0.106,10.90,16.896,12.895,2,9.380,0.593,0,2.04,0.004,0,85.80,0.289,100,0.57,12.001,57,26.67,0.00,0,12.5,0.934
195,2634.661,AllocLarge,2B,0.440,0.0,0.000,0.00,19.303,19.311,2,9.380,0.609,0,98.18,0.004,0,85.80,0.289,100,0.57,18.401,47,52.18,0.00,0,3.8,0.146
196,2643.204,AllocLarge,2B,0.395,0.0,0.000,0.00,26.512,22.511,2,10.980,0.609,0,4.03,0.004,0,85.80,0.289,100,0.57,21.601,48,51.85,0.00,0,2.4,0.110
197,2661.966,AllocLarge,2B,0.791,5.9,0.000,0.00,28.112,24.120,2,10.980,0.617,0,98.95,0.004,0,85.80,0.289,100,0.57,23.201,44,55.17,0.00,0,4.6,0.502
198,2678.206,AllocLarge,2B,0.521,5.6,0.105,6.17,30.520,22.520,2,10.980,0.617,0,3.78,0.004,0,85.80,0.289,100,0.57,21.601,44,51.85,0.00,0,3.0,0.226
199,2705.292,AllocLarge,2B,0.466,4.5,0.000,0.00,32.120,27.336,2,10.980,0.633,0,98.04,0.004,0,85.80,0.289,100,0.57,26.402,39,60.61,0.00,0,1.5,0.127
200,2724.203,AllocLarge,2B,9.433,13.0,0.110,4.18,36.137,22.561,2,15.780,0.658,0,3.06,0.004,0,85.80,0.289,100,0.57,21.601,61,29.63,0.00,0,35.8,3.380
201,2804.548,AllocLarge,2B,0.570,6.0,0.110,1.72,72.242,10.646,2,9.380,0.743,0,97.40,0.004,0,85.80,0.289,100,0.57,9.600,12,8.34,0.00,0,0.9,0.199
202,2811.115,AllocLarge,2B,1.746,16.7,0.000,0.00,16.246,10.646,2,9.380,0.743,0,1.90,0.004,0,85.80,0.289,100,0.57,9.600,57,8.34,0.00,0,37.2,1.533
203,2822.469,AllocLarge,2B,0.362,8.3,0.000,0.00,22.658,22.666,2,9.380,0.763,0,98.55,0.004,0,85.80,0.289,100,0.57,21.601,40,59.26,0.00,0,3.6,0.145
204,2827.605,AllocLarge,2B,0.353,16.7,0.000,0.00,24.266,13.065,2,9.380,0.763,0,0.87,0.004,0,85.80,0.289,100,0.57,12.001,57,26.67,0.00,0,5.8,0.132
205,2837.139,AllocLarge,2B,0.960,10.0,0.103,10.80,19.471,19.479,2,9.380,0.777,0,98.63,0.004,0,85.80,0.289,100,0.57,18.401,47,52.18,0.00,0,10.1,0.376
206,2846.364,AllocLarge,2B,1.409,23.1,0.000,0.00,20.279,13.079,2,9.380,0.777,0,0.55,0.004,0,85.80,0.289,100,0.57,12.001,57,26.67,0.00,0,13.3,0.923
207,2857.122,AllocLarge,2B,0.776,9.1,0.000,0.00,21.086,19.495,2,9.380,0.792,0,98.66,0.004,0,85.80,0.289,100,0.57,18.401,43,52.18,0.00,0,8.7,0.452
208,2862.783,AllocLarge,2B,0.366,14.3,0.000,0.00,20.295,13.094,2,9.380,0.792,0,1.78,0.004,0,85.80,0.289,100,0.57,12.001,57,26.67,0.00,0,6.3,0.140
209,2871.020,AllocLarge,2B,0.358,0.0,0.105,13.81,19.500,19.508,2,9.380,0.805,0,98.68,0.004,0,85.80,0.289,100,0.57,18.401,47,52.18,0.00,0,4.7,0.123
210,2876.488,AllocLarge,2B,0.699,30.0,0.000,0.00,20.308,13.108,2,9.380,0.805,0,0.82,0.004,0,85.80,0.289,100,0.57,12.001,57,26.67,0.00,0,10.2,0.249
211,2885.862,AllocLarge,2B,0.507,11.1,0.000,0.00,21.113,19.522,2,9.380,0.819,0,98.70,0.004,0,85.80,0.289,100,0.57,18.401,43,52.18,0.00,0,6.2,0.258
212,2891.176,AllocLarge,2B,1.213,25.0,0.103,15.05,20.322,13.121,2,9.380,0.819,0,0.80,0.004,0,85.80,0.289,100,0.57,12.001,57,26.67,0.00,0,17.7,0.923
213,2900.497,AllocLarge,2B,0.767,11.1,0.000,0.00,21.127,19.535,2,9.380,0.832,0,98.67,0.004,0,85.80,0.289,100,0.57,18.401,43,52.18,0.00,0,9.5,0.502
214,2905.847,AllocLarge,2B,4.164,50.0,0.000,0.00,20.335,13.135,2,9.380,0.832,0,1.70,0.004,0,85.80,0.289,100,0.57,12.001,57,26.67,0.00,0,43.2,0.328
215,2918.457,AllocLarge,2B,2.029,18.2,0.103,10.68,19.540,19.548,2,9.380,0.846,0,98.74,0.004,0,85.80,0.289,100,0.57,18.401,47,52.18,0.00,0,21.1,1.594
216,2931.658,AllocLarge,2B,1.128,18.8,0.000,0.00,20.349,13.148,2,9.380,0.846,0,2.64,0.004,0,85.80,0.289,100,0.57,12.001,57,26.67,0.00,0,8.3,0.265
217,2947.044,AllocLarge,2B,1.931,12.5,0.000,0.00,19.548,19.557,2,9.380,0.854,0,97.74,0.004,0,85.80,0.289,100,0.57,18.401,47,52.18,0.00,0,12.9,1.542
218,2952.997,AllocLarge,2B,0.567,14.3,0.000,0.00,21.157,13.156,2,9.380,0.854,0,2.12,0.004,0,85.80,0.289,100,0.57,12.001,54,26.67,0.00,0,10.9,0.247
219,2962.017,AllocLarge,2B,1.538,16.7,0.000,0.00,19.558,19.566,2,9.380,0.864,0,98.77,0.004,0,85.80,0.289,100,0.57,18.401,47,52.18,0.00,0,16.9,1.287
220,2972.362,AllocLarge,2B,1.876,27.3,0.109,9.31,20.367,13.166,2,9.380,0.864,0,1.34,0.004,0,85.80,0.289,100,0.57,12.001,57,26.67,0.00,0,16.0,0.183
221,2989.596,AllocLarge,2B,0.613,0.0,0.000,0.00,19.574,19.582,2,9.380,0.880,0,98.74,0.004,0,85.80,0.289,100,0.57,18.401,47,52.18,0.00,0,4.1,0.404
222,2995.075,AllocLarge,2B,0.806,14.3,0.000,0.00,20.383,13.182,2,9.380,0.880,0,1.61,0.004,0,85.80,0.289,100,0.57,12.001,57,26.67,0.00,0,12.6,0.528
223,3018.798,AllocLarge,2B,2.673,12.0,0.000,0.00,24.388,24.404,2,10.980,0.901,0,98.67,0.004,0,85.80,0.289,100,0.57,23.201,44,55.17,0.00,0,5.8,2.263
224,3052.130,AllocLarge,2B,0.532,23.5,0.109,8.18,26.005,13.204,2,9.380,0.901,0,0.66,0.004,0,85.80,0.289,100,0.57,12.001,47,26.67,0.00,0,4.0,0.082
225,3077.713,AllocLarge,2B,1.051,18.2,0.000,0.00,18.004,18.012,2,9.380,0.910,0,98.86,0.004,0,85.80,0.289,100,0.57,16.801,52,47.62,0.00,0,4.2,0.691
226,3091.023,AllocLarge,2B,0.576,9.1,0.000,0.00,27.613,26.013,2,10.980,0.910,0,3.92,0.004,0,85.80,0.289,100,0.57,24.801,41,58.07,0.00,0,2.6,0.185
227,3114.282,AllocLarge,2B,1.380,8.7,0.109,4.73,34.813,22.821,2,10.980,0.918,0,3.26,0.004,0,85.80,0.289,100,0.57,21.601,41,51.85,0.00,0,6.0,0.971
228,3132.997,AllocLarge,2B,1.075,7.7,0.000,0.00,26.813,18.013,2,10.980,0.910,0,2.01,0.004,0,85.80,0.289,100,0.57,16.801,51,38.10,0.00,0,8.0,0.753
229,3165.622,AllocLarge,2B,0.466,0.0,0.000,0.00,24.415,24.423,2,10.980,0.920,0,99.26,0.004,0,85.80,0.289,100,0.57,23.201,44,55.17,0.00,0,1.5,0.130
230,3181.167,AllocLarge,2B,0.982,5.6,0.000,0.00,30.823,19.623,2,10.980,0.920,0,2.42,0.004,0,85.80,0.289,100,0.57,18.401,44,43.48,0.00,0,4.8,0.617
231,3200.650,AllocLarge,2B,1.542,11.8,0.106,7.59,22.823,21.223,2,9.380,0.920,0,2.42,0.004,0,85.80,0.289,100,0.57,20.001,43,56.00,0.00,0,11.1,1.143
232,3211.696,AllocLarge,2B,0.728,5.0,0.000,0.00,30.023,24.439,2,10.980,0.936,0,98.78,0.004,0,85.80,0.289,100,0.57,23.201,44,55.17,0.00,0,3.7,0.409
233,3233.642,AllocLarge,2B,2.257,26.7,0.000,0.00,26.040,16.439,2,9.380,0.936,0,1.21,0.004,0,85.80,0.289,100,0.57,15.201,47,42.11,0.00,0,18.7,1.916
234,3243.438,AllocLarge,2B,1.232,27.3,0.000,0.00,17.239,11.639,2,9.380,0.936,0,1.40,0.004,0,85.80,0.289,100,0.57,10.400,57,15.39,0.00,0,13.7,0.843
235,3257.288,AllocLarge,2B,0.481,11.1,0.105,6.28,22.846,22.854,2,10.980,0.951,0,98.37,0.004,0,85.80,0.289,100,0.57,21.601,48,51.85,0.00,0,2.9,0.078
236,3275.059,AllocLarge,2B,0.570,15.0,0.000,0.00,26.854,18.054,2,10.980,0.951,0,1.94,0.004,0,85.80,0.289,100,0.57,16.801,48,38.10,0.00,0,3.0,0.179
237,3286.877,AllocLarge,2B,0.385,16.7,0.000,0.00,19.654,19.654,2,9.380,0.951,0,2.10,0.004,0,85.80,0.289,100,0.57,18.401,47,52.18,0.00,0,6.6,0.098
238,3292.479,AllocLarge,2B,0.659,25.0,0.000,0.00,20.454,14.853,2,9.380,0.951,0,1.20,0.004,0,85.80,0.289,100,0.57,13.601,57,35.30,0.00,0,10.4,0.447
239,3300.120,AllocLarge,2B,1.035,10.0,0.108,14.04,19.662,19.670,2,9.380,0.967,0,98.85,0.004,0,85.80,0.289,100,0.57,18.401,47,52.18,0.00,0,13.4,0.733
240,3305.972,AllocLarge,2B,1.023,25.0,0.000,0.00,20.470,13.270,2,9.380,0.967,0,0.69,0.004,0,85.80,0.289,100,0.57,12.001,57,26.67,0.00,0,15.3,0.749
241,3315.157,AllocLarge,2B,0.385,12.5,0.000,0.00,21.275,19.684,2,9.380,0.981,0,98.92,0.004,0,85.80,0.289,100,0.57,18.401,43,52.18,0.00,0,5.1,0.129
242,3320.603,AllocLarge,2B,1.341,37.5,0.000,0.00,21.284,14.083,2,10.180,0.981,0,0.45,0.004,0,85.80,0.289,100,0.57,12.801,59,25.00,0.00,0,18.6,1.051
243,3338.033,AllocLarge,2B,0.456,6.8,0.103,2.37,42.101,31.741,2,10.180,1.038,0,98.77,0.004,0,85.80,0.289,100,0.57,30.402,23,68.42,0.00,0,1.1,0.023
244,3372.834,AllocLarge,2B,0.487,7.7,0.000,0.00,45.342,24.541,2,11.780,1.038,0,3.44,0.004,0,85.80,0.289,100,0.57,23.201,41,51.73,0.00,0,2.0,0.051
245,3399.293,AllocLarge,2B,3.186,3.2,0.105,2.61,40.542,32.550,2,10.980,1.046,0,99.42,0.004,0,85.80,0.289,100,0.57,31.202,30,66.67,0.00,0,7.9,0.785
246,3438.080,AllocLarge,2B,1.167,6.9,0.000,0.00,46.951,27.749,2,10.980,1.046,0,2.58,0.004,0,85.80,0.289,100,0.57,26.402,35,60.61,0.00,0,3.4,0.788
247,3472.372,AllocLarge,2B,9.954,15.4,0.103,3.04,42.150,29.358,2,10.980,1.054,0,99.47,0.004,0,85.80,0.289,100,0.57,28.002,35,62.86,0.00,0,29.4,2.875
248,3506.431,AllocLarge,2B,0.557,0.0,0.000,0.00,47.759,35.758,2,10.980,1.054,0,4.22,0.004,0,85.80,0.289,100,0.57,34.402,30,69.77,0.00,0,1.8,0.213
249,3538.811,AllocLarge,2B,0.568,2.9,0.104,3.07,56.560,35.775,2,10.980,1.071,0,99.32,0.004,0,85.80,0.289,100,0.57,34.402,28,69.77,0.00,0,1.7,0.201
250,3573.110,AllocLarge,2B,0.592,8.3,0.000,0.00,46.975,22.974,2,10.980,1.071,0,1.98,0.004,0,85.80,0.289,100,0.57,21.601,39,51.85,0.00,0,2.5,0.185
251,3595.111,AllocLarge,2B,0.616,22.2,0.000,0.00,25.374,14.973,2,9.380,1.071,0,1.96,0.004,0,85.80,0.289,100,0.57,13.601,47,35.30,0.00,0,7.5,0.210
252,3606.124,AllocLarge,2B,1.142,18.8,0.105,7.38,19.773,19.782,2,9.380,1.079,0,99.15,0.004,0,85.80,0.289,100,0.57,18.401,47,52.18,0.00,0,8.0,0.764
253,3616.821,AllocLarge,2B,0.542,12.5,0.000,0.00,20.582,13.381,2,9.380,1.079,0,1.46,0.004,0,85.80,0.289,100,0.57,12.001,57,26.67,0.00,0,7.8,0.252
254,3625.093,AllocLarge,2B,0.502,0.0,0.000,0.00,19.785,19.794,2,9.380,1.091,0,98.98,0.004,0,85.80,0.289,100,0.57,18.401,47,52.18,0.00,0,6.8,0.264
255,3630.656,AllocLarge,2B,1.304,33.3,0.000,0.00,20.594,13.393,2,9.380,1.091,0,1.30,0.004,0,85.80,0.289,100,0.57,12.001,57,26.67,0.00,0,18.0,0.967
256,3641.126,AllocLarge,2B,0.497,12.5,0.105,11.79,19.799,19.807,2,9.380,1.104,0,99.00,0.004,0,85.80,0.289,100,0.57,18.401,47,52.18,0.00,0,5.6,0.197
257,3648.445,AllocLarge,2B,0.462,11.1,0.000,0.00,20.607,13.407,2,9.380,1.104,0,1.28,0.004,0,85.80,0.289,100,0.57,12.001,57,26.67,0.00,0,5.7,0.184
258,3657.608,AllocLarge,2B,0.659,10.0,0.000,0.00,19.812,19.820,2,9.380,1.118,0,99.05,0.004,0,85.80,0.289,100,0.57,18.401,47,52.18,0.00,0,7.5,0.163
259,3666.043,AllocLarge,2B,30.454,21.4,0.000,0.00,20.620,13.420,2,9.380,1.118,0,0.59,0.004,0,85.80,0.289,100,0.57,12.001,57,26.67,0.00,0,76.2,0.851
260,3710.956,AllocLarge,2B,1.125,12.5,0.103,6.92,21.426,19.834,2,9.380,1.131,0,99.02,0.004,0,85.80,0.289,100,0.57,18.401,43,52.18,0.00,0,7.6,0.182
261,3721.309,AllocLarge,2B,0.664,16.7,0.000,0.00,20.634,13.433,2,9.380,1.131,0,0.83,0.004,0,85.80,0.289,100,0.57,12.001,57,26.67,0.00,0,6.4,0.288
262,3737.839,AllocLarge,2B,0.571,6.3,0.000,0.00,20.639,19.847,2,9.380,1.145,0,99.03,0.004,0,85.80,0.289,100,0.57,18.401,45,52.18,0.00,0,3.6,0.202
263,3747.223,AllocLarge,2B,1.488,23.1,0.106,10.75,20.647,13.447,2,9.380,1.145,0,1.23,0.004,0,85.80,0.289,100,0.57,12.001,57,26.67,0.00,0,15.0,1.163
264,3761.055,AllocLarge,2B,0.511,0.0,0.000,0.00,19.848,19.856,2,9.380,1.154,0,99.07,0.004,0,85.80,0.289,100,0.57,18.401,47,52.18,0.00,0,4.2,0.127
265,3770.030,AllocLarge,2B,1.359,10.5,0.000,0.00,25.457,21.456,2,10.980,1.154,0,2.04,0.004,0,85.80,0.289,100,0.57,20.001,51,48.00,0.00,0,7.3,0.931
266,3790.750,AllocLarge,2B,0.739,6.3,0.000,0.00,24.657,23.065,2,9.380,1.162,0,98.93,0.004,0,85.80,0.289,100,0.57,21.601,40,59.26,0.00,0,4.9,0.342
267,3808.828,AllocLarge,2B,3.207,6.7,0.102,4.57,28.665,15.864,2,11.780,1.162,0,1.27,0.004,0,85.80,0.289,100,0.57,14.401,58,22.22,0.00,0,14.3,2.765
268,3836.458,AllocLarge,2B,0.537,5.0,0.000,0.00,26.274,26.282,2,9.380,1.179,0,99.06,0.004,0,85.80,0.289,100,0.57,24.801,35,64.52,0.00,0,2.8,0.125
269,3843.470,AllocLarge,2B,0.453,21.4,0.000,0.00,28.682,13.481,2,9.380,1.179,0,0.62,0.004,0,85.80,0.289,100,0.57,12.001,57,26.67,0.00,0,3.8,0.077
270,3861.710,AllocLarge,2B,0.619,8.3,0.107,7.87,19.889,19.898,2,9.380,1.195,0,99.11,0.004,0,85.80,0.289,100,0.57,18.401,47,52.18,0.00,0,4.5,0.257
271,3867.698,AllocLarge,2B,0.626,12.5,0.000,0.00,20.698,13.497,2,9.380,1.195,0,1.57,0.004,0,85.80,0.289,100,0.57,12.001,57,26.67,0.00,0,9.4,0.163
272,3883.250,AllocLarge,2B,1.211,6.3,0.000,0.00,21.498,21.507,2,9.380,1.204,0,99.23,0.004,0,85.80,0.289,100,0.57,20.001,43,56.00,0.00,0,6.4,0.109
273,3902.053,AllocLarge,2B,2.291,26.7,0.106,6.19,22.307,13.506,2,9.380,1.204,0,0.93,0.004,0,85.80,0.289,100,0.57,12.001,57,26.67,0.00,0,13.4,1.914
274,3930.068,AllocLarge,2B,0.536,0.0,0.000,0.00,19.910,19.918,2,9.380,1.215,0,99.09,0.004,0,85.80,0.289,100,0.57,18.401,47,52.18,0.00,0,1.9,0.048
275,3943.714,AllocLarge,2B,1.329,27.3,0.000,0.00,20.718,13.517,2,9.380,1.215,0,0.86,0.004,0,85.80,0.289,100,0.57,12.001,57,26.67,0.00,0,10.0,0.922
276,3960.066,AllocLarge,2B,0.818,12.5,0.000,0.00,19.927,19.935,2,9.380,1.232,0,99.13,0.004,0,85.80,0.289,100,0.57,18.401,47,52.18,0.00,0,5.4,0.335
277,3970.000,AllocLarge,2B,27.079,16.7,0.106,2.80,27.135,23.160,2,15.780,1.257,0,1.53,0.004,0,85.80,0.289,100,0.57,21.601,70,29.63,0.00,0,71.6,2.793
278,4061.124,AllocLarge,2B,0.725,6.2,0.109,1.65,71.244,11.248,2,9.380,1.346,0,98.83,0.004,0,85.80,0.289,100,0.57,9.600,12,8.34,0.00,0,1.1,0.129
279,4068.945,AllocLarge,2B,0.316,0.0,0.000,0.00,16.849,11.248,2,9.380,1.346,0,0.78,0.004,0,85.80,0.289,100,0.57,9.600,57,8.34,0.00,0,7.7,0.079
280,4083.667,AllocLarge,2B,0.549,6.3,0.000,0.00,23.264,23.272,2,9.380,1.369,0,99.22,0.004,0,85.80,0.289,100,0.57,21.601,40,59.26,0.00,0,3.6,0.139
281,4090.554,AllocLarge,2B,1.263,20.0,0.103,12.01,24.872,13.672,2,9.380,1.369,0,1.37,0.004,0,85.80,0.289,100,0.57,12.001,57,26.67,0.00,0,14.8,0.804
282,4105.411,AllocLarge,2B,0.556,0.0,0.000,0.00,20.073,20.081,2,9.380,1.378,0,99.23,0.004,0,85.80,0.289,100,0.57,18.401,47,52.18,0.00,0,4.3,0.101
283,4113.401,AllocLarge,2B,1.252,18.2,0.000,0.00,20.881,13.681,2,9.380,1.378,0,0.70,0.004,0,85.80,0.289,100,0.57,12.001,57,26.67,0.00,0,13.2,0.912
284,4122.566,AllocLarge,2B,0.389,12.5,0.000,0.00,21.686,20.094,2,9.380,1.392,0,99.20,0.004,0,85.80,0.289,100,0.57,18.401,43,52.18,0.00,0,5.2,0.112
285,4128.134,AllocLarge,2B,2.574,36.4,0.106,12.61,22.495,15.302,2,10.980,1.400,0,1.02,0.004,0,85.80,0.289,100,0.57,13.601,61,23.53,0.00,0,30.5,2.104
286,4159.502,AllocLarge,2B,14.518,14.0,0.000,0.00,32.921,32.930,2,9.380,1.426,0,99.32,0.004,0,85.80,0.289,100,0.57,31.202,28,71.80,0.00,0,31.0,1.977
287,4179.806,AllocLarge,2B,0.695,18.8,0.105,8.10,45.731,20.129,2,10.980,1.426,0,1.72,0.004,0,85.80,0.289,100,0.57,18.401,39,43.48,0.00,0,5.4,0.382
288,4199.522,AllocLarge,2B,1.819,5.9,0.000,0.00,35.330,34.554,2,10.980,1.451,0,99.20,0.004,0,85.80,0.289,100,0.57,32.802,31,68.29,0.00,0,5.8,1.443
289,4229.100,AllocLarge,2B,0.505,4.5,0.103,4.79,45.755,24.954,2,10.980,1.451,0,1.89,0.004,0,85.80,0.289,100,0.57,23.201,39,55.17,0.00,0,2.4,0.127
290,4250.487,AllocLarge,2B,1.189,16.7,0.000,0.00,28.954,16.953,2,9.380,1.451,0,1.15,0.004,0,85.80,0.289,100,0.57,15.201,43,42.11,0.00,0,11.3,0.848
291,4263.504,AllocLarge,2B,1.901,27.3,0.000,0.00,17.753,13.753,2,9.380,1.451,0,0.87,0.004,0,85.80,0.289,100,0.57,12.001,57,26.67,0.00,0,17.0,1.018
292,4273.245,AllocLarge,2B,0.677,11.1,0.000,0.00,20.160,20.168,2,9.380,1.466,0,99.24,0.004,0,85.80,0.289,100,0.57,18.401,47,52.18,0.00,0,8.5,0.445
293,4279.689,AllocLarge,2B,1.808,25.0,0.000,0.00,22.569,15.368,2,9.380,1.466,0,1.38,0.004,0,85.80,0.289,100,0.57,13.601,52,35.30,0.00,0,15.6,1.398
294,4307.573,AllocLarge,2B,0.982,5.9,0.104,3.39,21.768,21.777,2,10.980,1.474,0,98.64,0.004,0,85.80,0.289,100,0.57,20.001,51,48.00,0.00,0,3.2,0.440
295,4326.595,AllocLarge,2B,1.976,0.0,0.000,0.00,29.777,26.577,2,10.980,1.474,0,2.36,0.004,0,85.80,0.289,100,0.57,24.801,39,58.07,0.00,0,10.0,0.135
296,4343.728,AllocLarge,2B,0.969,15.4,0.000,0.00,28.977,15.376,2,9.380,1.474,0,1.06,0.004,0,85.80,0.289,100,0.57,13.601,47,35.30,0.00,0,6.2,0.638
297,4356.931,AllocLarge,2B,0.341,0.0,0.108,19.47,18.576,16.976,2,9.380,1.474,0,1.30,0.004,0,85.80,0.289,100,0.57,15.201,52,42.11,0.00,0,6.2,0.105
298,4368.693,AllocLarge,2B,0.663,7.7,0.000,0.00,20.177,20.185,2,9.380,1.482,0,99.25,0.004,0,85.80,0.289,100,0.57,18.401,47,52.18,0.00,0,5.5,0.306
299,4382.055,AllocLarge,2B,2.042,23.1,0.000,0.00,20.985,13.785,2,9.380,1.482,0,0.46,0.004,0,85.80,0.289,100,0.57,12.001,57,26.67,0.00,0,12.8,1.688
300,4400.264,AllocLarge,2B,0.608,7.1,0.000,0.00,20.193,20.201,2,9.380,1.498,0,99.26,0.004,0,85.80,0.289,100,0.57,18.401,47,52.18,0.00,0,3.5,0.274
301,4415.159,AllocLarge,2B,0.842,11.1,0.107,7.54,21.001,13.800,2,9.380,1.498,0,1.25,0.004,0,85.80,0.289,100,0.57,12.001,57,26.67,0.00,0,5.9,0.519
302,4428.652,AllocLarge,2B,4.625,22.2,0.000,0.00,21.002,21.010,2,8.580,1.507,0,99.02,0.004,0,85.80,0.289,100,0.57,19.201,41,58.34,0.00,0,16.0,4.196
303,4452.703,AllocLarge,2B,3.821,13.6,0.000,0.00,29.810,23.410,2,10.980,1.507,0,2.13,0.004,0,85.80,0.289,100,0.57,21.601,48,51.85,0.00,0,16.3,3.439
304,4477.871,AllocLarge,2B,2.352,5.7,0.107,3.28,38.611,34.627,2,10.980,1.524,0,99.62,0.004,0,85.80,0.289,100,0.57,32.802,31,68.29,0.00,0,7.2,1.296
305,4508.238,AllocLarge,2B,3.126,21.7,0.000,0.00,42.628,21.826,2,10.980,1.524,0,1.40,0.004,0,85.80,0.289,100,0.57,20.001,44,48.00,0.00,0,15.7,2.771
306,4530.535,AllocLarge,2B,2.298,21.4,0.000,0.00,23.426,17.026,2,9.380,1.524,0,0.68,0.004,0,85.80,0.289,100,0.57,15.201,47,42.11,0.00,0,19.2,1.969
307,4539.969,AllocLarge,2B,0.506,12.5,0.104,14.20,19.426,13.834,2,9.380,1.532,0,99.27,0.004,0,85.80,0.289,100,0.57,12.001,52,26.67,0.00,0,6.9,0.207
308,4552.857,AllocLarge,2B,0.468,7.7,0.000,0.00,20.234,20.234,2,9.380,1.532,0,1.31,0.004,0,85.80,0.289,100,0.57,18.401,47,52.18,0.00,0,3.7,0.131
309,4573.932,AllocLarge,2B,0.959,13.3,0.000,0.00,22.635,15.434,2,9.380,1.532,0,1.01,0.004,0,85.80,0.289,100,0.57,13.601,52,35.30,0.00,0,3.9,0.582
310,4586.568,AllocLarge,2B,15.525,11.8,0.000,0.00,21.836,21.844,2,10.980,1.541,0,99.56,0.004,0,85.80,0.289,100,0.57,20.001,51,48.00,0.00,0,52.8,0.806
311,4617.981,AllocLarge,2B,5.365,11.1,0.105,4.97,26.644,25.052,2,10.980,1.549,0,1.93,0.004,0,85.80,0.289,100,0.57,23.201,44,55.17,0.00,0,25.3,0.129
312,4638.042,AllocLarge,2B,0.872,18.8,0.000,0.00,28.245,18.644,2,9.380,1.541,0,1.16,0.004,0,85.80,0.289,100,0.57,16.801,43,47.62,0.00,0,6.5,0.298
313,4648.831,AllocLarge,2B,2.985,12.5,0.000,0.00,27.445,25.061,2,10.980,1.558,0,99.41,0.004,0,85.80,0.289,100,0.57,23.201,44,55.17,0.00,0,13.1,2.599
314,4673.871,AllocLarge,2B,1.357,20.0,0.106,8.38,26.661,17.060,2,9.380,1.558,0,0.56,0.004,0,85.80,0.289,100,0.57,15.201,47,42.11,0.00,0,10.8,0.920
315,4682.690,AllocLarge,2B,0.981,20.0,0.000,0.00,19.461,13.868,2,9.380,1.566,0,99.29,0.004,0,85.80,0.289,100,0.57,12.001,52,26.67,0.00,0,14.3,0.651
316,4692.079,AllocLarge,2B,0.439,10.0,0.000,0.00,20.269,20.269,2,9.380,1.566,0,1.29,0.004,0,85.80,0.289,100,0.57,18.401,47,52.18,0.00,0,5.4,0.165
317,4697.635,AllocLarge,2B,0.837,12.5,0.000,0.00,21.069,13.868,2,9.380,1.566,0,0.73,0.004,0,85.80,0.289,100,0.57,12.001,57,26.67,0.00,0,12.9,0.599
318,4706.090,AllocLarge,2B,0.394,12.5,0.000,0.00,20.277,20.285,2,9.380,1.583,0,99.30,0.004,0,85.80,0.289,100,0.57,18.401,47,52.18,0.00,0,5.3,0.113
319,4711.652,AllocLarge,2B,0.598,22.2,0.107,14.93,21.085,13.885,2,9.380,1.583,0,1.18,0.004,0,85.80,0.289,100,0.57,12.001,57,26.67,0.00,0,8.3,0.183
320,4724.561,AllocLarge,2B,0.548,0.0,0.000,0.00,20.286,20.294,2,9.380,1.591,0,99.33,0.004,0,85.80,0.289,100,0.57,18.401,47,52.18,0.00,0,4.7,0.212
321,4732.179,AllocLarge,2B,0.741,11.1,0.000,0.00,21.094,13.894,2,9.380,1.591,0,0.90,0.004,0,85.80,0.289,100,0.57,12.001,57,26.67,0.00,0,8.8,0.176
322,4742.342,AllocLarge,2B,0.552,11.1,0.000,0.00,20.299,20.308,2,9.380,1.605,0,99.33,0.004,0,85.80,0.289,100,0.57,18.401,47,52.18,0.00,0,5.8,0.147
323,4750.615,AllocLarge,2B,0.767,2.7,0.106,2.96,37.109,33.108,2,10.980,1.605,0,2.70,0.004,0,85.80,0.289,100,0.57,31.202,33,66.67,0.00,0,2.1,0.178
324,4788.022,AllocLarge,2B,0.609,18.8,0.000,0.00,34.709,15.507,2,9.380,1.605,0,0.61,0.004,0,85.80,0.289,100,0.57,13.601,52,35.30,0.00,0,5.2,0.161
325,4803.684,AllocLarge,2B,0.953,8.3,0.000,0.00,20.310,18.718,2,9.380,1.615,0,99.31,0.004,0,85.80,0.289,100,0.57,16.801,47,47.62,0.00,0,6.9,0.606
326,4814.681,AllocLarge,2B,0.921,7.1,0.103,8.66,20.318,15.518,2,9.380,1.615,0,1.39,0.004,0,85.80,0.289,100,0.57,13.601,52,35.30,0.00,0,7.7,0.540
327,4826.920,AllocLarge,2B,0.537,9.1,0.000,0.00,18.718,18.726,2,9.380,1.623,0,99.31,0.004,0,85.80,0.289,100,0.57,16.801,52,47.62,0.00,0,5.0,0.160
328,4837.825,AllocLarge,2B,1.143,15.4,0.000,0.00,20.326,15.526,2,9.380,1.623,0,1.02,0.004,0,85.80,0.289,100,0.57,13.601,52,35.30,0.00,0,9.5,0.787
329,4848.698,AllocLarge,2B,0.475,0.0,0.108,11.05,18.726,18.734,2,9.380,1.632,0,99.32,0.004,0,85.80,0.289,100,0.57,16.801,52,47.62,0.00,0,4.9,0.146
330,4870.016,AllocLarge,2B,0.533,0.0,0.000,0.00,25.135,23.535,2,10.980,1.632,0,1.46,0.004,0,85.80,0.289,100,0.57,21.601,48,51.85,0.00,0,1.8,0.158
331,4893.261,AllocLarge,2B,11.144,13.6,0.000,0.00,30.735,26.743,2,10.980,1.640,0,99.54,0.004,0,85.80,0.289,100,0.57,24.801,41,58.07,0.00,0,32.3,10.735
332,4919.484,AllocLarge,2B,0.670,20.0,0.103,8.61,29.143,15.542,2,9.380,1.640,0,0.63,0.004,0,85.80,0.289,100,0.57,13.601,47,35.30,0.00,0,5.6,0.228
333,4932.188,AllocLarge,2B,0.530,8.3,0.000,0.00,18.743,18.751,2,9.380,1.648,0,99.36,0.004,0,85.80,0.289,100,0.57,16.801,52,47.62,0.00,0,4.6,0.166
334,4948.079,AllocLarge,2B,0.558,7.7,0.000,0.00,21.951,20.351,2,9.380,1.648,0,1.59,0.004,0,85.80,0.289,100,0.57,18.401,47,52.18,0.00,0,3.8,0.180
335,4958.997,AllocLarge,2B,10.700,18.8,0.000,0.00,22.751,17.151,2,9.380,1.648,0,0.99,0.004,0,85.80,0.289,100,0.57,15.201,52,42.11,0.00,0,35.0,10.259
336,4989.846,AllocLarge,2B,0.621,0.0,0.108,10.45,18.751,18.759,2,9.380,1.657,0,99.33,0.004,0,85.80,0.289,100,0.57,16.801,52,47.62,0.00,0,6.0,0.199
337,5007.550,AllocLarge,2B,0.884,5.6,0.000,0.00,23.560,21.960,2,10.980,1.657,0,1.29,0.004,0,85.80,0.289,100,0.57,20.001,51,48.00,0.00,0,3.9,0.445
338,5028.665,AllocLarge,2B,1.276,11.8,0.000,0.00,23.560,15.559,2,9.380,1.657,0,1.08,0.004,0,85.80,0.289,100,0.57,13.601,43,35.30,0.00,0,7.9,0.935
339,5034.767,AllocLarge,2B,1.818,25.0,0.000,0.00,18.759,17.159,2,9.380,1.657,0,0.69,0.004,0,85.80,0.289,100,0.57,15.201,52,42.11,0.00,0,31.3,1.561
340,5079.073,AllocLarge,2B,0.645,6.3,0.000,0.00,20.368,20.376,2,9.380,1.673,0,99.33,0.004,0,85.80,0.289,100,0.57,18.401,47,52.18,0.00,0,1.5,0.255
341,5094.778,AllocLarge,2B,0.900,15.0,0.103,5.81,21.176,13.975,2,9.380,1.673,0,1.12,0.004,0,85.80,0.289,100,0.57,12.001,57,26.67,0.00,0,5.1,0.179
342,5113.377,AllocLarge,2B,0.465,0.0,0.000,0.00,20.377,20.385,2,9.380,1.682,0,99.34,0.004,0,85.80,0.289,100,0.57,18.401,47,52.18,0.00,0,2.9,0.120
343,5120.953,AllocLarge,2B,0.734,12.5,0.000,0.00,21.185,13.984,2,9.380,1.682,0,0.85,0.004,0,85.80,0.289,100,0.57,12.001,57,26.67,0.00,0,8.7,0.494
344,5129.867,AllocLarge,2B,0.561,11.1,0.000,0.00,20.390,20.398,2,9.380,1.696,0,99.34,0.004,0,85.80,0.289,100,0.57,18.401,47,52.18,0.00,0,6.9,0.273
345,5135.757,AllocLarge,2B,0.420,12.5,0.106,16.19,21.198,13.998,2,9.380,1.696,0,0.84,0.004,0,85.80,0.289,100,0.57,12.001,57,26.67,0.00,0,6.4,0.122
346,5145.305,AllocLarge,2B,0.398,0.0,0.000,0.00,20.403,20.412,2,9.380,1.709,0,99.35,0.004,0,85.80,0.289,100,0.57,18.401,47,52.18,0.00,0,4.6,0.159
347,5150.945,AllocLarge,2B,0.997,25.0,0.000,0.00,21.212,14.011,2,9.380,1.709,0,0.83,0.004,0,85.80,0.289,100,0.57,12.001,57,26.67,0.00,0,14.4,0.750
348,5160.251,AllocLarge,2B,0.397,11.1,0.106,13.17,20.417,20.425,2,9.380,1.722,0,99.35,0.004,0,85.80,0.289,100,0.57,18.401,47,52.18,0.00,0,4.9,0.116
349,5165.747,AllocLarge,2B,0.729,14.3,0.000,0.00,21.225,14.025,2,9.380,1.722,0,0.82,0.004,0,85.80,0.289,100,0.57,12.001,57,26.67,0.00,0,11.4,0.448
350,5173.864,AllocLarge,2B,0.304,14.3,0.000,0.00,20.430,20.439,2,9.380,1.736,0,99.36,0.004,0,85.80,0.289,100,0.57,18.401,47,52.18,0.00,0,4.3,0.103
351,5179.173,AllocLarge,2B,1.992,30.0,0.000,0.00,22.039,14.847,2,10.180,1.744,0,1.08,0.004,0,85.80,0.289,100,0.57,12.801,59,25.00,0.00,0,26.1,1.739
352,5192.386,AllocLarge,2B,0.587,8.3,0.104,9.17,26.049,25.257,2,9.380,1.754,0,99.37,0.004,0,85.80,0.289,100,0.57,23.201,36,62.07,0.00,0,5.2,0.356
353,5198.004,AllocLarge,2B,0.848,25.0,0.000,0.00,26.857,14.056,2,9.380,1.754,0,0.59,0.004,0,85.80,0.289,100,0.57,12.001,57,26.67,0.00,0,12.4,0.592
354,5206.788,AllocLarge,2B,0.436,12.5,0.000,0.00,22.061,20.469,2,9.380,1.767,0,99.37,0.004,0,85.80,0.289,100,0.57,18.401,43,52.18,0.00,0,6.0,0.110
355,5212.788,AllocLarge,2B,1.060,11.1,0.000,0.00,21.269,14.069,2,9.380,1.767,0,0.81,0.004,0,85.80,0.289,100,0.57,12.001,57,26.67,0.00,0,14.7,0.789
356,5221.944,AllocLarge,2B,0.632,11.1,0.106,13.00,20.474,20.483,2,9.380,1.780,0,99.40,0.004,0,85.80,0.289,100,0.57,18.401,47,52.18,0.00,0,7.7,0.320
357,5227.814,AllocLarge,2B,1.513,20.0,0.000,0.00,21.283,14.082,2,9.380,1.780,0,0.54,0.004,0,85.80,0.289,100,0.57,12.001,57,26.67,0.00,0,20.6,1.256
358,5237.167,AllocLarge,2B,1.574,16.7,0.000,0.00,22.088,20.496,2,9.380,1.793,0,99.38,0.004,0,85.80,0.289,100,0.57,18.401,43,52.18,0.00,0,17.9,1.273
359,5243.181,AllocLarge,2B,0.675,28.6,0.106,18.61,21.296,14.096,2,9.380,1.793,0,0.79,0.004,0,85.80,0.289,100,0.57,12.001,57,26.67,0.00,0,11.8,0.419
360,5251.378,AllocLarge,2B,0.368,0.0,0.000,0.00,20.501,20.510,2,9.380,1.807,0,99.38,0.004,0,85.80,0.289,100,0.57,18.401,47,52.18,0.00,0,5.0,0.111
361,5257.667,AllocLarge,2B,1.493,22.2,0.000,0.00,22.110,14.917,2,10.180,1.815,0,0.79,0.004,0,85.80,0.289,100,0.57,12.801,59,25.00,0.00,0,18.5,1.188
362,5270.972,AllocLarge,2B,1.327,13.3,0.000,0.00,26.124,25.332,2,9.380,1.829,0,99.39,0.004,0,85.80,0.289,100,0.57,23.201,36,62.07,0.00,0,10.6,1.050
363,5276.516,AllocLarge,2B,0.543,28.6,0.108,18.26,26.932,14.131,2,9.380,1.829,0,0.77,0.004,0,85.80,0.289,100,0.57,12.001,57,26.67,0.00,0,9.2,0.279
364,5284.958,AllocLarge,2B,0.322,0.0,0.000,0.00,22.133,20.541,2,9.380,1.838,0,99.39,0.004,0,85.80,0.289,100,0.57,18.401,43,52.18,0.00,0,4.5,0.081
365,5290.452,AllocLarge,2B,1.984,27.3,0.000,0.00,22.141,14.949,2,10.180,1.846,0,0.78,0.004,0,85.80,0.289,100,0.57,12.801,59,25.00,0.00,0,25.8,1.743
366,5304.311,AllocLarge,2B,2.299,18.8,0.110,8.04,26.955,26.172,2,10.180,1.869,0,98.97,0.004,0,85.80,0.289,100,0.57,24.001,38,60.00,0.00,0,16.9,2.057
367,5311.950,AllocLarge,2B,1.863,27.3,0.000,0.00,28.572,14.971,2,9.380,1.869,0,0.33,0.004,0,85.80,0.289,100,0.57,12.801,49,31.25,0.00,0,22.5,1.601
368,5320.106,AllocLarge,2B,1.346,25.0,0.000,0.00,20.577,18.985,2,9.380,1.883,0,99.41,0.004,0,85.80,0.289,100,0.57,16.801,47,47.62,0.00,0,20.7,1.084
369,5326.968,AllocLarge,2B,0.449,12.5,0.000,0.00,20.585,13.903,2,9.380,0.001,0,0.00,0.004,0,28.60,0.289,100,0.57,13.601,52,35.30,0.00,0,6.7,0.147
370,5327.534,AllocSmall,0F,0.387,12.5,1.863,317.45,18.985,17.103,2,0.002,0.001,0,81.43,0.004,NaN,28.60,0.289,NaN,0.57,16.801,NaN,0.00,0.00,1,6.2,0.220
371,5334.834,AllocLarge,2B,0.493,0.0,0.106,14.75,17.119,17.127,2,9.380,0.025,0,54.97,0.004,0,84.80,0.289,100,0.57,16.801,52,47.62,0.00,0,6.5,0.232
372,5341.597,AllocLarge,2B,2.057,20.0,0.000,0.00,19.530,17.938,2,10.180,0.036,0,39.12,0.004,0,84.80,0.289,100,0.57,17.601,54,45.46,0.00,0,24.5,1.729
373,5351.897,AllocLarge,2B,0.298,0.0,0.000,0.00,21.139,20.338,2,9.380,0.036,0,67.18,0.004,0,84.80,0.289,100,0.57,20.001,42,56.00,0.00,0,3.5,0.078
374,5357.320,AllocLarge,2B,0.464,14.3,0.000,0.00,21.139,11.538,2,9.380,0.036,0,39.61,0.004,0,84.80,0.289,100,0.57,11.201,57,21.43,0.00,0,7.1,0.235
375,5365.606,AllocLarge,2B,0.311,12.5,0.104,14.37,18.744,18.752,2,9.380,0.049,0,77.41,0.004,0,84.80,0.289,100,0.57,18.401,47,52.18,0.00,0,4.3,0.080
376,5370.898,AllocLarge,2B,1.015,22.2,0.000,0.00,19.552,12.351,2,9.380,0.049,0,28.69,0.004,0,84.80,0.289,100,0.57,12.001,57,26.67,0.00,0,15.5,0.728
377,5379.215,AllocLarge,2B,1.487,11.1,0.000,0.00,18.757,18.765,2,9.380,0.063,0,82.28,0.004,0,84.80,0.289,100,0.57,18.401,47,52.18,0.00,0,18.1,1.252
378,5384.683,AllocLarge,2B,0.852,33.3,0.000,0.00,19.565,12.365,2,9.380,0.063,0,22.45,0.004,0,84.80,0.289,100,0.57,12.001,57,26.67,0.00,0,15.6,0.602
379,5392.837,AllocLarge,2B,0.451,0.0,0.103,14.38,18.771,18.779,2,9.380,0.076,0,85.43,0.004,0,84.80,0.289,100,0.57,18.401,47,52.18,0.00,0,6.3,0.196
380,5398.889,AllocLarge,2B,0.604,12.5,0.000,0.00,19.579,12.378,2,9.380,0.076,0,18.57,0.004,0,84.80,0.289,100,0.57,12.001,57,26.67,0.00,0,8.8,0.344
381,5407.014,AllocLarge,2B,0.518,12.5,0.000,0.00,18.784,18.792,2,9.380,0.090,0,87.61,0.004,0,84.80,0.289,100,0.57,18.401,47,52.18,0.00,0,7.0,0.293
382,5412.664,AllocLarge,2B,0.650,12.5,0.000,0.00,19.592,12.392,2,9.380,0.090,0,15.74,0.004,0,84.80,0.289,100,0.57,12.001,57,26.67,0.00,0,10.1,0.431
383,5421.068,AllocLarge,2B,0.371,12.5,0.103,13.67,18.798,18.806,2,9.380,0.103,0,89.23,0.004,0,84.80,0.289,100,0.57,18.401,47,52.18,0.00,0,4.9,0.149
384,5426.838,AllocLarge,2B,2.145,27.3,0.000,0.00,20.406,13.214,2,10.180,0.111,0,12.72,0.004,0,84.80,0.289,100,0.57,12.801,59,25.00,0.00,0,26.4,1.849
385,5440.957,AllocLarge,2B,1.828,12.5,0.000,0.00,24.420,23.628,2,9.380,0.125,0,91.16,0.004,0,84.80,0.289,100,0.57,23.201,36,62.07,0.00,0,13.8,1.531
386,5447.010,AllocLarge,2B,0.448,37.5,0.105,18.48,25.229,12.428,2,9.380,0.125,0,5.29,0.004,0,84.80,0.289,100,0.57,12.001,57,26.67,0.00,0,7.9,0.132
387,5455.687,AllocLarge,2B,0.867,10.0,0.000,0.00,18.833,18.842,2,9.380,0.139,0,92.01,0.004,0,84.80,0.289,100,0.57,18.401,47,52.18,0.00,0,10.7,0.614
388,5461.480,AllocLarge,2B,0.698,25.0,0.000,0.00,19.642,12.441,2,9.380,0.139,0,10.15,0.004,0,84.80,0.289,100,0.57,12.001,57,26.67,0.00,0,11.0,0.451
389,5469.984,AllocLarge,2B,1.413,20.0,0.000,0.00,18.847,18.855,2,9.380,0.152,0,92.72,0.004,0,84.80,0.289,100,0.57,18.401,47,52.18,0.00,0,16.6,1.172
390,5475.806,AllocLarge,2B,0.545,14.3,0.103,18.25,19.655,12.455,2,9.380,0.152,0,9.22,0.004,0,84.80,0.289,100,0.57,12.001,57,26.67,0.00,0,9.7,0.268
391,5484.383,AllocLarge,2B,0.486,11.1,0.000,0.00,18.860,18.869,2,9.380,0.166,0,93.31,0.004,0,84.80,0.289,100,0.57,18.401,47,52.18,0.00,0,6.2,0.248
392,5489.956,AllocLarge,2B,1.218,30.0,0.000,0.00,19.669,12.468,2,9.380,0.166,0,8.52,0.004,0,84.80,0.289,100,0.57,12.001,57,26.67,0.00,0,17.2,0.917
393,5498.938,AllocLarge,2B,0.386,0.0,0.000,0.00,18.874,18.882,2,9.380,0.179,0,93.81,0.004,0,84.80,0.289,100,0.57,18.401,47,52.18,0.00,0,5.3,0.143
394,5504.421,AllocLarge,2B,2.228,27.3,0.103,12.86,19.682,12.482,2,9.380,0.179,0,2.44,0.004,0,84.80,0.289,100,0.57,12.001,57,26.67,0.00,0,27.8,1.910
395,5514.365,AllocLarge,2B,0.333,0.0,0.000,0.00,20.489,18.897,2,9.380,0.194,0,94.53,0.004,0,84.80,0.289,100,0.57,18.401,43,52.18,0.00,0,4.5,0.103
396,5519.935,AllocLarge,2B,1.562,22.2,0.000,0.00,19.697,12.497,2,9.380,0.194,0,3.41,0.004,0,84.80,0.289,100,0.57,12.001,57,26.67,0.00,0,20.8,1.305
397,5530.823,AllocLarge,2B,1.432,10.0,0.103,10.21,20.502,18.910,2,9.380,0.208,0,94.66,0.004,0,84.80,0.289,100,0.57,18.401,43,52.18,0.00,0,14.3,1.129
398,5536.629,AllocLarge,2B,0.476,28.6,0.000,0.00,19.711,12.510,2,9.380,0.208,0,6.78,0.004,0,84.80,0.289,100,0.57,12.001,57,26.67,0.00,0,8.6,0.198
399,5545.054,AllocLarge,2B,0.369,0.0,0.000,0.00,18.916,18.924,2,9.380,0.221,0,94.99,0.004,0,84.80,0.289,100,0.57,18.401,47,52.18,0.00,0,4.8,0.141
400,5550.402,AllocLarge,2B,0.394,14.3,0.000,0.00,19.724,12.524,2,9.380,0.221,0,6.35,0.004,0,84.80,0.289,100,0.57,12.001,57,26.67,0.00,0,6.6,0.135
401,5558.807,AllocLarge,2B,0.409,0.0,0.103,13.19,18.929,18.937,2,9.380,0.235,0,95.27,0.004,0,84.80,0.289,100,0.57,18.401,47,52.18,0.00,0,5.3,0.181
402,5564.292,AllocLarge,2B,0.393,16.7,0.000,0.00,19.738,12.537,2,9.380,0.235,0,6.02,0.004,0,84.80,0.289,100,0.57,12.001,57,26.67,0.00,0,6.5,0.117
403,5573.078,AllocLarge,2B,0.351,0.0,0.000,0.00,18.943,18.951,2,9.380,0.248,0,95.53,0.004,0,84.80,0.289,100,0.57,18.401,47,52.18,0.00,0,4.3,0.126
404,5578.465,AllocLarge,2B,0.376,14.3,0.000,0.00,19.751,12.550,2,9.380,0.248,0,5.68,0.004,0,84.80,0.289,100,0.57,12.001,57,26.67,0.00,0,6.2,0.114
405,5586.485,AllocLarge,2B,1.364,10.0,0.103,12.33,18.956,18.964,2,9.380,0.262,0,95.76,0.004,0,84.80,0.289,100,0.57,18.401,47,52.18,0.00,0,16.4,1.160
406,5592.027,AllocLarge,2B,0.764,28.6,0.000,0.00,19.764,12.564,2,9.380,0.262,0,5.37,0.004,0,84.80,0.289,100,0.57,12.001,57,26.67,0.00,0,13.8,0.575
407,5600.182,AllocLarge,2B,0.641,11.1,0.000,0.00,18.970,18.978,2,9.380,0.275,0,95.97,0.004,0,84.80,0.289,100,0.57,18.401,47,52.18,0.00,0,8.6,0.428
408,5609.158,AllocLarge,2B,0.495,20.0,0.000,0.00,19.778,12.577,2,9.380,0.275,0,5.30,0.004,0,84.80,0.289,100,0.57,12.001,57,26.67,0.00,0,5.0,0.079
409,5621.783,AllocLarge,2B,0.952,7.7,0.105,8.72,18.985,18.993,2,9.380,0.291,0,96.18,0.004,0,84.80,0.289,100,0.57,18.401,47,52.18,0.00,0,7.9,0.734
410,5627.248,AllocLarge,2B,2.128,30.0,0.000,0.00,20.593,13.393,2,10.180,0.291,0,1.52,0.004,0,84.80,0.289,100,0.57,12.801,59,25.00,0.00,0,29.9,1.896
411,5646.150,AllocLarge,2B,1.721,18.2,0.000,0.00,24.609,23.818,2,9.380,0.315,0,96.62,0.004,0,84.80,0.289,100,0.57,23.201,36,62.07,0.00,0,9.3,0.609
412,5662.655,AllocLarge,2B,1.081,12.5,0.103,6.06,25.418,12.617,2,9.380,0.315,0,4.49,0.004,0,84.80,0.289,100,0.57,12.001,57,26.67,0.00,0,6.3,0.627
413,5682.170,AllocLarge,2B,0.572,5.6,0.000,0.00,19.023,19.031,2,9.380,0.328,0,96.62,0.004,0,84.80,0.289,100,0.57,18.401,47,52.18,0.00,0,3.3,0.142
414,5689.962,AllocLarge,2B,1.059,18.2,0.000,0.00,19.831,12.630,2,9.380,0.328,0,4.30,0.004,0,84.80,0.289,100,0.57,12.001,57,26.67,0.00,0,11.2,0.600
415,5700.753,AllocLarge,2B,0.529,11.1,0.000,0.00,19.036,19.044,2,9.380,0.342,0,96.75,0.004,0,84.80,0.289,100,0.57,18.401,47,52.18,0.00,0,5.9,0.186
416,5706.305,AllocLarge,2B,1.071,25.0,0.103,14.66,19.844,12.644,2,9.380,0.342,0,4.12,0.004,0,84.80,0.289,100,0.57,12.001,57,26.67,0.00,0,15.3,0.690
417,5715.848,AllocLarge,2B,0.446,0.0,0.000,0.00,19.050,19.058,2,9.380,0.355,0,96.88,0.004,0,84.80,0.289,100,0.57,18.401,47,52.18,0.00,0,5.5,0.167
418,5721.337,AllocLarge,2B,1.555,20.0,0.000,0.00,19.858,12.657,2,9.380,0.355,0,1.87,0.004,0,84.80,0.289,100,0.57,12.001,57,26.67,0.00,0,21.6,1.296
419,5730.612,AllocLarge,2B,0.868,11.1,0.103,13.05,20.663,19.071,2,9.380,0.369,0,96.99,0.004,0,84.80,0.289,100,0.57,18.401,43,52.18,0.00,0,11.0,0.640
420,5736.253,AllocLarge,2B,1.665,25.0,0.000,0.00,19.871,12.671,2,9.380,0.369,0,1.79,0.004,0,84.80,0.289,100,0.57,12.001,57,26.67,0.00,0,23.6,1.435
421,5745.756,AllocLarge,2B,1.339,18.2,0.000,0.00,20.677,19.085,2,9.380,0.382,0,97.10,0.004,0,84.80,0.289,100,0.57,18.401,43,52.18,0.00,0,15.6,1.127
422,5751.032,AllocLarge,2B,2.067,33.3,0.000,0.00,20.685,13.484,2,10.180,0.382,0,1.14,0.004,0,84.80,0.289,100,0.57,12.801,59,25.00,0.00,0,32.4,1.901
423,5765.372,AllocLarge,2B,0.362,0.0,0.111,9.03,24.701,23.909,2,9.380,0.406,0,97.27,0.004,0,84.80,0.289,100,0.57,23.201,36,62.07,0.00,0,3.0,0.139
424,5770.527,AllocLarge,2B,0.459,22.2,0.000,0.00,25.509,12.708,2,9.380,0.406,0,3.48,0.004,0,84.80,0.289,100,0.57,12.001,57,26.67,0.00,0,7.2,0.245
425,5782.937,AllocLarge,2B,0.630,7.7,0.000,0.00,19.114,19.122,2,9.380,0.420,0,97.36,0.004,0,84.80,0.289,100,0.57,18.401,47,52.18,0.00,0,5.5,0.402
426,5789.095,AllocLarge,2B,1.294,22.2,0.000,0.00,19.922,12.722,2,9.380,0.420,0,1.57,0.004,0,84.80,0.289,100,0.57,12.001,57,26.67,0.00,0,17.4,1.045
427,5797.703,AllocLarge,2B,0.337,12.5,0.103,14.59,20.728,19.136,2,9.380,0.433,0,97.44,0.004,0,84.80,0.289,100,0.57,18.401,43,52.18,0.00,0,4.8,0.084
428,5802.881,AllocLarge,2B,1.265,22.2,0.000,0.00,19.936,12.735,2,9.380,0.433,0,3.25,0.004,0,84.80,0.289,100,0.57,12.001,57,26.67,0.00,0,18.6,1.024
429,5812.014,AllocLarge,2B,0.479,0.0,0.000,0.00,19.141,19.149,2,9.380,0.447,0,97.52,0.004,0,84.80,0.289,100,0.57,18.401,47,52.18,0.00,0,6.3,0.250
430,5817.325,AllocLarge,2B,1.431,22.2,0.105,15.60,19.949,12.757,2,9.380,0.455,0,3.13,0.004,0,84.80,0.289,100,0.57,12.001,57,26.67,0.00,0,21.2,1.192
431,5825.819,AllocLarge,2B,0.375,0.0,0.000,0.00,20.758,19.166,2,9.380,0.463,0,97.59,0.004,0,84.80,0.289,100,0.57,18.401,43,52.18,0.00,0,5.4,0.182
432,5831.104,AllocLarge,2B,0.530,28.6,0.000,0.00,19.966,12.765,2,9.380,0.463,0,3.08,0.004,0,84.80,0.289,100,0.57,12.001,57,26.67,0.00,0,8.6,0.271
433,5839.481,AllocLarge,2B,0.394,0.0,0.000,0.00,19.171,19.179,2,9.380,0.476,0,97.67,0.004,0,84.80,0.289,100,0.57,18.401,47,52.18,0.00,0,5.2,0.188
434,5844.908,AllocLarge,2B,2.084,22.2,0.109,14.27,19.979,12.787,2,9.380,0.485,0,2.94,0.004,0,84.80,0.289,100,0.57,12.001,57,26.67,0.00,0,27.4,1.890
435,5854.206,AllocLarge,2B,0.979,11.1,0.000,0.00,20.787,19.196,2,9.380,0.493,0,97.74,0.004,0,84.80,0.289,100,0.57,18.401,43,52.18,0.00,0,12.7,0.761
436,5859.752,AllocLarge,2B,0.779,25.0,0.000,0.00,19.996,12.795,2,9.380,0.493,0,2.89,0.004,0,84.80,0.289,100,0.57,12.001,57,26.67,0.00,0,13.2,0.582
437,5867.705,AllocLarge,2B,0.892,12.5,0.000,0.00,19.201,19.209,2,9.380,0.506,0,97.81,0.004,0,84.80,0.289,100,0.57,18.401,47,52.18,0.00,0,11.9,0.683
438,5873.081,AllocLarge,2B,0.281,20.0,0.000,0.00,20.009,12.808,2,9.380,0.506,0,2.79,0.004,0,84.80,0.289,100,0.57,12.001,57,26.67,0.00,0,5.3,0.104
439,5881.583,AllocLarge,2B,1.781,18.2,0.108,11.37,20.014,20.031,2,10.180,0.528,0,96.36,0.004,0,84.80,0.289,100,0.57,19.201,49,50.00,0.00,0,18.7,1.496
440,5889.368,AllocLarge,2B,1.131,20.0,0.000,0.00,22.431,15.230,2,9.380,0.528,0,2.67,0.004,0,84.80,0.289,100,0.57,14.401,45,38.89,0.00,0,15.0,0.908
441,5894.906,AllocLarge,2B,0.643,20.0,0.000,0.00,16.030,16.039,2,9.380,0.536,0,97.93,0.004,0,84.80,0.289,100,0.57,15.201,57,42.11,0.00,0,13.9,0.403
442,5904.777,AllocLarge,2B,1.351,16.7,0.108,10.15,19.239,19.239,2,9.380,0.536,0,4.02,0.004,0,84.80,0.289,100,0.57,18.401,47,52.18,0.00,0,12.7,1.078
443,5912.603,AllocLarge,2B,1.807,18.2,0.000,0.00,20.039,12.838,2,9.380,0.536,0,2.65,0.004,0,84.80,0.289,100,0.57,12.001,57,26.67,0.00,0,20.2,1.549
444,5925.087,AllocLarge,2B,1.365,8.3,0.000,0.00,19.244,19.252,2,9.380,0.549,0,97.98,0.004,0,84.80,0.289,100,0.57,18.401,47,52.18,0.00,0,12.0,1.081
445,5931.267,AllocLarge,2B,1.184,25.0,0.000,0.00,20.052,12.852,2,9.380,0.549,0,2.58,0.004,0,84.80,0.289,100,0.57,12.001,57,26.67,0.00,0,18.1,0.895
446,5942.186,AllocLarge,2B,0.870,7.1,0.105,8.18,19.257,19.266,2,9.380,0.563,0,98.03,0.004,0,84.80,0.289,100,0.57,18.401,47,52.18,0.00,0,6.8,0.250
447,5949.990,AllocLarge,2B,1.226,37.5,0.000,0.00,20.066,12.865,2,9.380,0.563,0,2.51,0.004,0,84.80,0.289,100,0.57,12.001,57,26.67,0.00,0,16.8,0.563
448,5983.560,AllocLarge,2B,5.903,14.8,0.000,0.00,20.071,20.079,2,8.580,0.576,0,98.25,0.004,0,84.80,0.289,100,0.57,19.201,41,58.34,0.00,0,13.4,3.539
449,6012.560,AllocLarge,2B,1.533,17.6,0.000,0.00,20.879,12.078,2,9.380,0.576,0,2.45,0.004,0,84.80,0.289,100,0.57,11.201,64,21.43,0.00,0,8.6,1.249
450,6025.499,AllocLarge,2B,0.536,8.3,0.103,9.32,22.490,22.499,2,9.380,0.596,0,98.14,0.004,0,84.80,0.289,100,0.57,21.601,40,59.26,0.00,0,4.9,0.281
451,6031.503,AllocLarge,2B,2.203,27.3,0.000,0.00,24.899,13.706,2,10.180,0.604,0,2.36,0.004,0,84.80,0.289,100,0.57,12.801,59,25.00,0.00,0,25.8,1.906
452,6045.316,AllocLarge,2B,0.460,7.7,0.000,0.00,24.913,24.121,2,9.380,0.618,0,98.28,0.004,0,84.80,0.289,100,0.57,23.201,36,62.07,0.00,0,4.1,0.175
453,6050.650,AllocLarge,2B,1.502,22.2,0.105,14.19,25.721,12.920,2,9.380,0.618,0,1.07,0.004,0,84.80,0.289,100,0.57,12.001,57,26.67,0.00,0,20.2,1.266
454,6060.661,AllocLarge,2B,1.360,11.1,0.000,0.00,20.926,19.334,2,9.380,0.632,0,98.24,0.004,0,84.80,0.289,100,0.57,18.401,43,52.18,0.00,0,15.4,1.100
455,6066.310,AllocLarge,2B,0.818,37.5,0.000,0.00,20.134,12.934,2,9.380,0.632,0,2.23,0.004,0,84.80,0.289,100,0.57,12.001,57,26.67,0.00,0,14.3,0.572
456,6074.708,AllocLarge,2B,0.996,20.0,0.000,0.00,19.339,19.348,2,9.380,0.645,0,98.28,0.004,0,84.80,0.289,100,0.57,18.401,47,52.18,0.00,0,12.5,0.753
457,6080.341,AllocLarge,2B,1.898,12.5,0.103,14.38,20.148,12.947,2,9.380,0.645,0,1.02,0.004,0,84.80,0.289,100,0.57,12.001,57,26.67,0.00,0,26.6,1.636
458,6089.548,AllocLarge,2B,0.351,0.0,0.000,0.00,20.953,19.361,2,9.380,0.659,0,98.32,0.004,0,84.80,0.289,100,0.57,18.401,43,52.18,0.00,0,5.0,0.111
459,6095.046,AllocLarge,2B,0.356,14.3,0.000,0.00,20.161,12.961,2,9.380,0.659,0,2.15,0.004,0,84.80,0.289,100,0.57,12.001,57,26.67,0.00,0,5.8,0.114
460,6103.590,AllocLarge,2B,0.399,0.0,0.000,0.00,19.366,19.375,2,9.380,0.672,0,98.35,0.004,0,84.80,0.289,100,0.57,18.401,47,52.18,0.00,0,5.0,0.179
461,6108.928,AllocLarge,2B,0.970,14.3,0.103,15.65,20.175,12.974,2,9.380,0.672,0,2.10,0.004,0,84.80,0.289,100,0.57,12.001,57,26.67,0.00,0,14.8,0.741
462,6118.563,AllocLarge,2B,0.382,0.0,0.000,0.00,19.380,19.388,2,9.380,0.685,0,98.38,0.004,0,84.80,0.289,100,0.57,18.401,47,52.18,0.00,0,4.6,0.138
463,6125.094,AllocLarge,2B,1.034,20.0,0.000,0.00,20.188,12.988,2,9.380,0.685,0,2.05,0.004,0,84.80,0.289,100,0.57,12.001,57,26.67,0.00,0,13.1,0.770
464,6134.417,AllocLarge,2B,0.585,12.5,0.103,12.50,19.393,19.402,2,9.380,0.699,0,98.41,0.004,0,84.80,0.289,100,0.57,18.401,47,52.18,0.00,0,7.1,0.331
465,6140.141,AllocLarge,2B,0.690,22.2,0.000,0.00,20.202,13.001,2,9.380,0.699,0,2.02,0.004,0,84.80,0.289,100,0.57,12.001,57,26.67,0.00,0,10.9,0.373
466,6149.615,AllocLarge,2B,0.694,10.0,0.000,0.00,19.407,19.415,2,9.380,0.712,0,98.44,0.004,0,84.80,0.289,100,0.57,18.401,47,52.18,0.00,0,7.8,0.461
467,6155.179,AllocLarge,2B,0.307,14.3,0.000,0.00,20.215,13.015,2,9.380,0.712,0,1.98,0.004,0,84.80,0.289,100,0.57,12.001,57,26.67,0.00,0,5.3,0.082
468,6163.849,AllocLarge,2B,2.330,23.1,0.102,10.08,20.220,20.237,2,10.180,0.734,0,97.38,0.004,0,84.80,0.289,100,0.57,19.201,49,50.00,0.00,0,22.9,2.078
469,6172.458,AllocLarge,2B,1.161,22.2,0.000,0.00,22.637,15.437,2,9.380,0.734,0,1.91,0.004,0,84.80,0.289,100,0.57,14.401,45,38.89,0.00,0,14.9,0.935
470,6177.925,AllocLarge,2B,1.691,28.6,0.000,0.00,16.237,16.245,2,9.380,0.742,0,98.51,0.004,0,84.80,0.289,100,0.57,15.201,57,42.11,0.00,0,30.3,1.444
471,6186.332,AllocLarge,2B,0.472,12.5,0.000,0.00,19.445,19.453,2,9.380,0.751,0,2.93,0.004,0,84.80,0.289,100,0.57,18.401,47,52.18,0.00,0,6.6,0.242
472,6191.639,AllocLarge,2B,1.134,22.2,0.110,16.49,20.245,13.045,2,9.380,0.743,0,1.91,0.004,0,84.80,0.289,100,0.57,12.001,57,26.67,0.00,0,17.0,0.905
473,6200.880,AllocLarge,2B,1.168,10.0,0.000,0.00,19.450,19.459,2,9.380,0.756,0,98.53,0.004,0,84.80,0.289,100,0.57,18.401,47,52.18,0.00,0,13.7,0.926
474,6206.432,AllocLarge,2B,0.803,25.0,0.000,0.00,20.259,13.058,2,9.380,0.756,0,1.87,0.004,0,84.80,0.289,100,0.57,12.001,57,26.67,0.00,0,13.8,0.576
475,6214.972,AllocLarge,2B,1.201,20.0,0.000,0.00,19.464,19.472,2,9.380,0.769,0,98.56,0.004,0,84.80,0.289,100,0.57,18.401,47,52.18,0.00,0,14.4,0.968
476,6220.812,AllocLarge,2B,0.858,25.0,0.105,17.34,20.272,13.072,2,9.380,0.769,0,1.84,0.004,0,84.80,0.289,100,0.57,12.001,57,26.67,0.00,0,14.2,0.614
477,6229.291,AllocLarge,2B,0.389,14.3,0.000,0.00,19.477,19.486,2,9.380,0.783,0,98.58,0.004,0,84.80,0.289,100,0.57,18.401,47,52.18,0.00,0,5.2,0.113
478,6234.872,AllocLarge,2B,1.840,20.0,0.000,0.00,20.286,13.085,2,9.380,0.783,0,0.84,0.004,0,84.80,0.289,100,0.57,12.001,57,26.67,0.00,0,24.2,1.578
479,6244.884,AllocLarge,2B,2.348,25.0,0.103,10.31,21.091,19.499,2,9.380,0.796,0,98.61,0.004,0,84.80,0.289,100,0.57,18.401,43,52.18,0.00,0,23.6,2.065
480,6251.011,AllocLarge,2B,2.187,25.0,0.000,0.00,21.899,13.899,2,10.180,0.796,0,0.55,0.004,0,84.80,0.289,100,0.57,12.801,57,25.00,0.00,0,33.9,1.904
481,6265.317,AllocLarge,2B,2.361,13.3,0.000,0.00,25.915,25.132,2,10.180,0.829,0,97.68,0.004,0,84.80,0.289,100,0.57,24.001,38,60.00,0.00,0,16.9,2.079
482,6272.773,AllocLarge,2B,2.162,33.3,0.000,0.00,28.332,14.739,2,10.180,0.837,0,0.72,0.004,0,84.80,0.289,100,0.57,13.601,52,29.41,0.00,0,26.5,1.874
483,6283.986,AllocLarge,2B,0.424,22.2,0.102,11.99,21.948,21.156,2,9.380,0.853,0,98.70,0.004,0,84.80,0.289,100,0.57,20.001,42,56.00,0.00,0,5.0,0.191
484,6290.058,AllocLarge,2B,2.059,30.0,0.000,0.00,21.956,13.156,2,9.380,0.853,0,0.78,0.004,0,84.80,0.289,100,0.57,12.001,57,26.67,0.00,0,24.4,1.773
485,6299.794,AllocLarge,2B,0.433,0.0,0.000,0.00,21.161,19.569,2,9.380,0.867,0,98.77,0.004,0,84.80,0.289,100,0.57,18.401,43,52.18,0.00,0,5.9,0.175
486,6305.267,AllocLarge,2B,2.188,30.0,0.105,13.44,20.369,13.169,2,9.380,0.867,0,0.51,0.004,0,84.80,0.289,100,0.57,12.001,57,26.67,0.00,0,28.1,1.902
487,6314.918,AllocLarge,2B,0.519,12.5,0.000,0.00,21.176,19.584,2,9.380,0.882,0,98.74,0.004,0,84.80,0.289,100,0.57,18.401,43,52.18,0.00,0,7.0,0.297
488,6320.270,AllocLarge,2B,0.878,25.0,0.000,0.00,20.385,13.184,2,9.380,0.882,0,1.60,0.004,0,84.80,0.289,100,0.57,12.001,57,26.67,0.00,0,14.0,0.673
489,6328.430,AllocLarge,2B,0.305,0.0,0.000,0.00,19.590,19.598,2,9.380,0.895,0,98.76,0.004,0,84.80,0.289,100,0.57,18.401,47,52.18,0.00,0,4.4,0.084
490,6334.054,AllocLarge,2B,1.575,30.0,0.103,13.70,20.398,13.197,2,9.380,0.895,0,0.74,0.004,0,84.80,0.289,100,0.57,12.001,57,26.67,0.00,0,20.9,1.228
491,6343.044,AllocLarge,2B,1.476,20.0,0.000,0.00,21.203,19.611,2,9.380,0.909,0,98.78,0.004,0,84.80,0.289,100,0.57,18.401,43,52.18,0.00,0,17.8,1.230
492,6348.420,AllocLarge,2B,0.424,16.7,0.000,0.00,20.411,13.211,2,9.380,0.909,0,1.55,0.004,0,84.80,0.289,100,0.57,12.001,57,26.67,0.00,0,8.6,0.177
493,6356.779,AllocLarge,2B,0.495,0.0,0.000,0.00,19.617,19.625,2,9.380,0.922,0,98.80,0.004,0,84.80,0.289,100,0.57,18.401,47,52.18,0.00,0,6.4,0.270
494,6362.344,AllocLarge,2B,0.431,25.0,0.103,16.77,20.425,13.224,2,9.380,0.922,0,1.53,0.004,0,84.80,0.289,100,0.57,12.001,57,26.67,0.00,0,7.0,0.147
495,6371.979,AllocLarge,2B,0.990,9.1,0.000,0.00,19.630,19.638,2,9.380,0.936,0,98.81,0.004,0,84.80,0.289,100,0.57,18.401,47,52.18,0.00,0,10.3,0.759
496,6377.655,AllocLarge,2B,1.555,25.0,0.000,0.00,20.438,13.238,2,9.380,0.936,0,0.70,0.004,0,84.80,0.289,100,0.57,12.001,57,26.67,0.00,0,22.6,1.285
497,6388.798,AllocLarge,2B,0.973,18.2,0.000,0.00,21.244,19.652,2,9.380,0.949,0,98.83,0.004,0,84.80,0.289,100,0.57,18.401,43,52.18,0.00,0,9.7,0.621
498,6395.317,AllocLarge,2B,1.102,12.5,0.103,14.40,20.452,13.251,2,9.380,0.949,0,1.48,0.004,0,84.80,0.289,100,0.57,12.001,57,26.67,0.00,0,15.4,0.884
499,6404.410,AllocLarge,2B,0.517,11.1,0.000,0.00,19.657,19.665,2,9.380,0.963,0,98.85,0.004,0,84.80,0.289,100,0.57,18.401,47,52.18,0.00,0,6.5,0.274
500,6409.842,AllocLarge,2B,1.007,28.6,0.000,0.00,20.465,13.265,2,9.380,0.963,0,1.47,0.004,0,84.80,0.289,100,0.57,12.001,57,26.67,0.00,0,15.5,0.766
501,6418.220,AllocLarge,2B,0.349,11.1,0.103,14.38,19.671,19.679,2,9.380,0.976,0,98.86,0.004,0,84.80,0.289,100,0.57,18.401,47,52.18,0.00,0,4.9,0.126
502,6423.772,AllocLarge,2B,0.930,25.0,0.000,0.00,20.479,13.278,2,9.380,0.976,0,1.44,0.004,0,84.80,0.289,100,0.57,12.001,57,26.67,0.00,0,13.8,0.719
503,6432.552,AllocLarge,2B,0.313,0.0,0.000,0.00,19.684,19.692,2,9.380,0.990,0,98.88,0.004,0,84.80,0.289,100,0.57,18.401,47,52.18,0.00,0,4.1,0.098
504,6438.396,AllocLarge,2B,1.174,22.2,0.000,0.00,20.492,13.292,2,9.380,0.990,0,0.66,0.004,0,84.80,0.289,100,0.57,12.001,57,26.67,0.00,0,16.0,0.901
505,6447.903,AllocLarge,2B,0.406,11.1,0.110,13.63,19.698,19.706,2,9.380,1.003,0,98.89,0.004,0,84.80,0.289,100,0.57,18.401,47,52.18,0.00,0,5.0,0.167
506,6455.812,AllocLarge,2B,0.429,10.0,0.000,0.00,20.506,13.305,2,9.380,1.003,0,1.41,0.004,0,84.80,0.289,100,0.57,12.001,57,26.67,0.00,0,5.0,0.163
507,6466.097,AllocLarge,2B,0.663,9.1,0.000,0.00,19.711,19.719,2,9.380,1.017,0,98.91,0.004,0,84.80,0.289,100,0.57,18.401,47,52.18,0.00,0,6.7,0.441
508,6471.626,AllocLarge,2B,0.396,14.3,0.000,0.00,20.519,13.319,2,9.380,1.017,0,1.39,0.004,0,84.80,0.289,100,0.57,12.001,57,26.67,0.00,0,6.8,0.133
509,6480.882,AllocLarge,2B,0.368,0.0,0.103,11.92,19.725,19.733,2,9.380,1.030,0,98.92,0.004,0,84.80,0.289,100,0.57,18.401,47,52.18,0.00,0,4.3,0.094
510,6486.406,AllocLarge,2B,1.372,22.2,0.000,0.00,20.533,13.332,2,9.380,1.030,0,0.64,0.004,0,84.80,0.289,100,0.57,12.001,57,26.67,0.00,0,19.4,1.133
511,6495.679,AllocLarge,2B,0.379,11.1,0.000,0.00,21.338,19.746,2,9.380,1.044,0,98.98,0.004,0,84.80,0.289,100,0.57,18.401,43,52.18,0.00,0,4.9,0.100
512,6501.307,AllocLarge,2B,0.793,14.3,0.000,0.00,20.546,13.346,2,9.380,1.044,0,1.35,0.004,0,84.80,0.289,100,0.57,12.001,57,26.67,0.00,0,11.8,0.555
513,6509.690,AllocLarge,2B,1.025,11.1,0.103,12.98,19.751,19.760,2,9.380,1.057,0,98.99,0.004,0,84.80,0.289,100,0.57,18.401,47,52.18,0.00,0,12.9,0.778
514,6515.499,AllocLarge,2B,0.452,28.6,0.000,0.00,20.560,13.359,2,9.380,1.057,0,1.33,0.004,0,84.80,0.289,100,0.57,12.001,57,26.67,0.00,0,7.6,0.129
515,6524.507,AllocLarge,2B,0.315,0.0,0.000,0.00,19.765,19.773,2,9.380,1.071,0,98.96,0.004,0,84.80,0.289,100,0.57,18.401,47,52.18,0.00,0,3.9,0.097
516,6530.038,AllocLarge,2B,0.560,22.2,0.000,0.00,20.573,13.373,2,9.380,1.071,0,1.31,0.004,0,84.80,0.289,100,0.57,12.001,57,26.67,0.00,0,8.8,0.330
517,6538.777,AllocLarge,2B,0.548,22.2,0.105,12.81,19.778,19.787,2,9.380,1.084,0,98.98,0.004,0,84.80,0.289,100,0.57,18.401,47,52.18,0.00,0,6.7,0.273
518,6544.261,AllocLarge,2B,0.844,25.0,0.000,0.00,20.587,13.386,2,9.380,1.084,0,1.30,0.004,0,84.80,0.289,100,0.57,12.001,57,26.67,0.00,0,13.3,0.623
519,6553.535,AllocLarge,2B,0.473,0.0,0.000,0.00,19.792,19.800,2,9.380,1.097,0,99.03,0.004,0,84.80,0.289,100,0.57,18.401,47,52.18,0.00,0,5.7,0.250
520,6559.352,AllocLarge,2B,2.177,33.3,0.103,12.82,21.400,14.200,2,10.180,1.097,0,0.40,0.004,0,84.80,0.289,100,0.57,12.801,59,25.00,0.00,0,27.1,1.886
521,6575.880,AllocLarge,2B,0.439,0.0,0.000,0.00,25.416,24.625,2,9.380,1.122,0,99.01,0.004,0,84.80,0.289,100,0.57,23.201,36,62.07,0.00,0,3.1,0.161
522,6582.009,AllocLarge,2B,1.187,27.3,0.000,0.00,26.225,13.424,2,9.380,1.122,0,0.59,0.004,0,84.80,0.289,100,0.57,12.001,57,26.67,0.00,0,15.1,0.909
523,6591.990,AllocLarge,2B,0.404,22.2,0.000,0.00,21.430,19.838,2,9.380,1.135,0,99.02,0.004,0,84.80,0.289,100,0.57,18.401,43,52.18,0.00,0,5.0,0.132
524,6597.574,AllocLarge,2B,1.719,27.3,0.103,13.80,20.638,13.437,2,9.380,1.135,0,0.58,0.004,0,84.80,0.289,100,0.57,12.001,57,26.67,0.00,0,23.0,1.461
525,6608.768,AllocLarge,2B,0.696,9.1,0.000,0.00,21.443,19.851,2,9.380,1.149,0,99.03,0.004,0,84.80,0.289,100,0.57,18.401,43,52.18,0.00,0,7.3,0.457
526,6614.451,AllocLarge,2B,1.692,36.4,0.000,0.00,20.651,13.451,2,9.380,1.149,0,0.57,0.004,0,84.80,0.289,100,0.57,12.001,57,26.67,0.00,0,23.3,1.336
527,6627.107,AllocLarge,2B,2.198,20.0,0.103,8.11,21.457,19.865,2,9.380,1.162,0,99.05,0.004,0,84.80,0.289,100,0.57,18.401,43,52.18,0.00,0,17.4,1.927
528,6633.212,AllocLarge,2B,0.472,16.7,0.000,0.00,20.665,13.464,2,9.380,1.162,0,1.22,0.004,0,84.80,0.289,100,0.57,12.001,57,26.67,0.00,0,9.6,0.196
529,6641.776,AllocLarge,2B,0.417,11.1,0.000,0.00,19.870,19.878,2,9.380,1.175,0,99.06,0.004,0,84.80,0.289,100,0.57,18.401,47,52.18,0.00,0,5.3,0.159
530,6647.341,AllocLarge,2B,1.035,22.2,0.000,0.00,20.678,13.478,2,9.380,1.175,0,1.20,0.004,0,84.80,0.289,100,0.57,12.001,57,26.67,0.00,0,15.4,0.763
531,6656.956,AllocLarge,2B,0.392,0.0,0.102,12.17,19.883,19.892,2,9.380,1.189,0,99.07,0.004,0,84.80,0.289,100,0.57,18.401,47,52.18,0.00,0,4.7,0.153
532,6662.548,AllocLarge,2B,0.383,14.3,0.000,0.00,20.692,13.491,2,9.380,1.189,0,1.18,0.004,0,84.80,0.289,100,0.57,12.001,57,26.67,0.00,0,6.2,0.123
533,6671.696,AllocLarge,2B,0.435,10.0,0.000,0.00,19.897,19.905,2,9.380,1.203,0,99.08,0.004,0,84.80,0.289,100,0.57,18.401,47,52.18,0.00,0,5.0,0.194
534,6677.326,AllocLarge,2B,0.865,14.3,0.000,0.00,20.705,13.505,2,9.380,1.203,0,1.18,0.004,0,84.80,0.289,100,0.57,12.001,57,26.67,0.00,0,13.0,0.619
535,6686.236,AllocLarge,2B,1.811,18.2,0.103,11.15,19.910,19.919,2,9.380,1.216,0,99.09,0.004,0,84.80,0.289,100,0.57,18.401,47,52.18,0.00,0,19.6,1.576
536,6692.325,AllocLarge,2B,1.052,14.3,0.000,0.00,20.719,13.518,2,9.380,1.216,0,1.16,0.004,0,84.80,0.289,100,0.57,12.001,57,26.67,0.00,0,17.9,0.798
537,6702.058,AllocLarge,2B,0.597,9.1,0.000,0.00,19.924,19.932,2,9.380,1.229,0,99.10,0.004,0,84.80,0.289,100,0.57,18.401,47,52.18,0.00,0,6.9,0.338
538,6708.025,AllocLarge,2B,0.928,14.3,0.105,15.31,20.732,13.532,2,9.380,1.229,0,1.14,0.004,0,84.80,0.289,100,0.57,12.001,57,26.67,0.00,0,13.6,0.714
539,6717.371,AllocLarge,2B,0.430,0.0,0.000,0.00,19.937,19.946,2,9.380,1.243,0,99.11,0.004,0,84.80,0.289,100,0.57,18.401,47,52.18,0.00,0,5.2,0.192
540,6722.990,AllocLarge,2B,1.433,22.2,0.000,0.00,21.546,14.353,2,10.180,1.251,0,1.14,0.004,0,84.80,0.289,100,0.57,12.801,59,25.00,0.00,0,20.3,1.180
541,6736.568,AllocLarge,2B,1.852,13.3,0.000,0.00,25.560,24.768,2,9.380,1.265,0,99.12,0.004,0,84.80,0.289,100,0.57,23.201,36,62.07,0.00,0,13.6,1.618
542,6742.549,AllocLarge,2B,0.425,22.2,0.103,18.04,26.368,13.568,2,9.380,1.265,0,1.12,0.004,0,84.80,0.289,100,0.57,12.001,57,26.67,0.00,0,7.4,0.200
543,6751.752,AllocLarge,2B,1.948,18.2,0.000,0.00,19.973,19.981,2,9.380,1.279,0,99.13,0.004,0,84.80,0.289,100,0.57,18.401,47,52.18,0.00,0,20.4,1.709
544,6757.625,AllocLarge,2B,1.052,25.0,0.000,0.00,20.781,13.581,2,9.380,1.279,0,1.10,0.004,0,84.80,0.289,100,0.57,12.001,57,26.67,0.00,0,18.5,0.802
545,6767.366,AllocLarge,2B,0.362,0.0,0.000,0.00,19.987,19.995,2,9.380,1.292,0,99.14,0.004,0,84.80,0.289,100,0.57,18.401,47,52.18,0.00,0,4.3,0.128
546,6773.083,AllocLarge,2B,0.911,22.2,0.103,14.61,20.795,13.594,2,9.380,1.292,0,1.09,0.004,0,84.80,0.289,100,0.57,12.001,57,26.67,0.00,0,12.9,0.648
547,6782.491,AllocLarge,2B,1.667,20.0,0.000,0.00,20.000,20.008,2,9.380,1.306,0,99.15,0.004,0,84.80,0.289,100,0.57,18.401,47,52.18,0.00,0,17.8,1.395
548,6788.009,AllocLarge,2B,0.460,16.7,0.000,0.00,20.808,13.608,2,9.380,1.306,0,1.08,0.004,0,84.80,0.289,100,0.57,12.001,57,26.67,0.00,0,9.4,0.207
549,6797.462,AllocLarge,2B,0.358,11.1,0.103,11.70,20.014,20.022,2,9.380,1.319,0,99.16,0.004,0,84.80,0.289,100,0.57,18.401,47,52.18,0.00,0,4.1,0.127
550,6803.000,AllocLarge,2B,0.419,14.3,0.000,0.00,20.822,13.621,2,9.380,1.319,0,1.07,0.004,0,84.80,0.289,100,0.57,12.001,57,26.67,0.00,0,6.8,0.159
551,6812.527,AllocLarge,2B,0.687,11.1,0.000,0.00,20.027,20.035,2,9.380,1.333,0,99.17,0.004,0,84.80,0.289,100,0.57,18.401,47,52.18,0.00,0,7.5,0.444
552,6818.141,AllocLarge,2B,0.720,14.3,0.000,0.00,20.835,13.635,2,9.380,1.333,0,1.05,0.004,0,84.80,0.289,100,0.57,12.001,57,26.67,0.00,0,11.6,0.464
553,6830.753,AllocLarge,2B,0.587,8.3,0.110,9.23,20.041,20.049,2,9.380,1.346,0,99.18,0.004,0,84.80,0.289,100,0.57,18.401,47,52.18,0.00,0,4.9,0.290
554,6837.557,AllocLarge,2B,2.036,20.0,0.000,0.00,21.649,14.448,2,10.180,1.346,0,0.33,0.004,0,84.80,0.289,100,0.57,12.801,59,25.00,0.00,0,23.3,1.761
555,6858.440,AllocLarge,2B,2.286,8.7,0.000,0.00,25.665,24.873,2,9.380,1.370,0,99.19,0.004,0,84.80,0.289,100,0.57,23.201,36,62.07,0.00,0,11.1,2.024
556,6864.857,AllocLarge,2B,0.402,28.6,0.000,0.00,26.473,13.672,2,9.380,1.370,0,1.03,0.004,0,84.80,0.289,100,0.57,12.001,57,26.67,0.00,0,7.1,0.153
557,6875.033,AllocLarge,2B,0.594,10.0,0.103,11.18,20.078,20.086,2,9.380,1.384,0,99.20,0.004,0,84.80,0.289,100,0.57,18.401,47,52.18,0.00,0,6.4,0.288
558,6881.387,AllocLarge,2B,2.051,18.2,0.000,0.00,21.686,14.486,2,10.180,1.384,0,0.32,0.004,0,84.80,0.289,100,0.57,12.801,59,25.00,0.00,0,24.4,1.775
559,6896.049,AllocLarge,2B,0.358,0.0,0.000,0.00,25.703,24.911,2,9.380,1.408,0,99.21,0.004,0,84.80,0.289,100,0.57,23.201,36,62.07,0.00,0,2.9,0.113
560,6901.970,AllocLarge,2B,0.538,22.2,0.105,14.35,26.511,13.710,2,9.380,1.408,0,1.00,0.004,0,84.80,0.289,100,0.57,12.001,57,26.67,0.00,0,7.3,0.152
561,6911.880,AllocLarge,2B,0.686,10.0,0.000,0.00,20.116,20.124,2,9.380,1.421,0,99.22,0.004,0,84.80,0.289,100,0.57,18.401,47,52.18,0.00,0,7.8,0.446
562,6917.777,AllocLarge,2B,1.027,22.2,0.000,0.00,20.924,13.723,2,9.380,1.421,0,0.99,0.004,0,84.80,0.289,100,0.57,12.001,57,26.67,0.00,0,15.1,0.732
563,6926.308,AllocLarge,2B,0.648,0.0,0.000,0.00,20.129,20.137,2,9.380,1.435,0,99.23,0.004,0,84.80,0.289,100,0.57,18.401,47,52.18,0.00,0,8.5,0.420
564,6931.882,AllocLarge,2B,1.401,22.2,0.103,14.42,20.937,13.737,2,9.380,1.435,0,0.46,0.004,0,84.80,0.289,100,0.57,12.001,57,26.67,0.00,0,19.7,1.110
565,6941.336,AllocLarge,2B,0.917,11.1,0.000,0.00,21.743,20.151,2,9.380,1.448,0,99.27,0.004,0,84.80,0.289,100,0.57,18.401,43,52.18,0.00,0,11.1,0.641
566,6946.976,AllocLarge,2B,0.865,25.0,0.000,0.00,20.951,13.750,2,9.380,1.448,0,0.98,0.004,0,84.80,0.289,100,0.57,12.001,57,26.67,0.00,0,13.9,0.601
567,6955.332,AllocLarge,2B,2.133,18.2,0.103,11.52,20.156,20.164,2,9.380,1.462,0,99.24,0.004,0,84.80,0.289,100,0.57,18.401,47,52.18,0.00,0,23.9,1.912
568,6961.192,AllocLarge,2B,1.203,28.6,0.000,0.00,20.964,13.772,2,9.380,1.470,0,0.45,0.004,0,84.80,0.289,100,0.57,12.001,57,26.67,0.00,0,21.7,0.986
569,6969.961,AllocLarge,2B,1.179,11.1,0.000,0.00,21.777,20.186,2,9.380,1.483,0,99.25,0.004,0,84.80,0.289,100,0.57,18.401,43,52.18,0.00,0,14.4,0.935
570,6975.814,AllocLarge,2B,1.494,30.0,0.000,0.00,20.986,13.785,2,9.380,1.483,0,0.41,0.004,0,84.80,0.289,100,0.57,12.001,57,26.67,0.00,0,21.9,1.256
571,6985.381,AllocLarge,2B,0.637,10.0,0.110,13.72,21.791,20.200,2,9.380,1.497,0,99.26,0.004,0,84.80,0.289,100,0.57,18.401,43,52.18,0.00,0,8.0,0.397
572,6990.703,AllocLarge,2B,2.040,25.0,0.000,0.00,21.800,14.607,2,10.180,1.505,0,0.95,0.004,0,84.80,0.289,100,0.57,12.801,59,25.00,0.00,0,28.4,1.807
573,7003.808,AllocLarge,2B,0.357,16.7,0.000,0.00,25.814,25.022,2,9.380,1.519,0,99.27,0.004,0,84.80,0.289,100,0.57,23.201,36,62.07,0.00,0,3.3,0.103
574,7009.048,AllocLarge,2B,2.251,33.3,0.000,0.00,28.222,15.422,2,10.980,1.519,0,0.28,0.004,0,84.80,0.289,100,0.57,13.601,61,23.53,0.00,0,27.6,1.933
575,7028.397,AllocLarge,2B,0.530,5.9,0.103,6.20,31.451,31.459,2,9.380,1.556,0,99.29,0.004,0,84.80,0.289,100,0.57,29.602,29,70.27,0.00,0,3.2,0.274
576,7033.000,AllocLarge,2B,0.336,25.0,0.000,0.00,32.259,12.258,2,9.380,1.556,0,0.62,0.004,0,84.80,0.289,100,0.57,10.400,64,15.39,0.00,0,5.3,0.070
577,7045.301,AllocLarge,2B,0.364,0.0,0.105,10.04,25.070,23.478,2,9.380,1.575,0,99.30,0.004,0,84.80,0.289,100,0.57,21.601,37,59.26,0.00,0,3.5,0.089
578,7050.890,AllocLarge,2B,0.435,12.5,0.000,0.00,25.078,13.878,2,9.380,1.575,0,0.90,0.004,0,84.80,0.289,100,0.57,12.001,57,26.67,0.00,0,6.5,0.186
579,7059.336,AllocLarge,2B,2.419,25.0,0.000,0.00,20.283,20.291,2,9.380,1.589,0,98.28,0.004,0,84.80,0.289,100,0.57,18.401,47,52.18,0.00,0,25.6,2.143
580,7065.856,AllocLarge,2B,1.357,25.0,0.000,0.00,22.692,13.891,2,9.380,1.589,0,0.97,0.004,0,84.80,0.289,100,0.57,12.001,52,26.67,0.00,0,21.3,1.109
581,7075.626,AllocLarge,2B,1.512,18.2,0.104,11.60,21.892,20.300,2,9.380,1.597,0,99.33,0.004,0,84.80,0.289,100,0.57,18.401,43,52.18,0.00,0,16.8,1.260
582,7081.488,AllocLarge,2B,2.167,33.3,0.000,0.00,21.900,14.699,2,10.180,1.597,0,0.12,0.004,0,84.80,0.289,100,0.57,12.801,59,25.00,0.00,0,30.7,1.897
583,7095.376,AllocLarge,2B,2.203,12.5,0.000,0.00,25.918,25.127,2,9.380,1.624,0,99.32,0.004,0,84.80,0.289,100,0.57,23.201,36,62.07,0.00,0,16.5,1.945
584,7101.767,AllocLarge,2B,0.685,25.0,0.109,18.41,26.727,13.926,2,9.380,1.624,0,0.41,0.004,0,84.80,0.289,100,0.57,12.001,57,26.67,0.00,0,11.6,0.444
585,7110.436,AllocLarge,2B,0.370,0.0,0.000,0.00,20.332,20.340,2,9.380,1.637,0,99.32,0.004,0,84.80,0.289,100,0.57,18.401,47,52.18,0.00,0,5.1,0.086
586,7115.865,AllocLarge,2B,0.914,25.0,0.000,0.00,21.140,13.939,2,9.380,1.637,0,0.86,0.004,0,84.80,0.289,100,0.57,12.001,57,26.67,0.00,0,14.1,0.683
587,7124.857,AllocLarge,2B,1.210,18.2,0.000,0.00,20.345,20.353,2,9.380,1.651,0,99.33,0.004,0,84.80,0.289,100,0.57,18.401,47,52.18,0.00,0,13.8,0.972
588,7130.405,AllocLarge,2B,0.859,25.0,0.103,17.79,21.153,13.961,2,9.380,1.659,0,0.87,0.004,0,84.80,0.289,100,0.57,12.001,57,26.67,0.00,0,14.8,0.562
589,7139.196,AllocLarge,2B,1.621,10.0,0.000,0.00,20.366,20.374,2,9.380,1.672,0,99.34,0.004,0,84.80,0.289,100,0.57,18.401,47,52.18,0.00,0,18.1,1.392
590,7144.752,AllocLarge,2B,1.704,25.0,0.000,0.00,21.175,13.974,2,9.380,1.672,0,0.37,0.004,0,84.80,0.289,100,0.57,12.001,57,26.67,0.00,0,27.1,1.445
591,7153.919,AllocLarge,2B,1.209,11.1,0.000,0.00,21.980,20.388,2,9.380,1.686,0,99.34,0.004,0,84.80,0.289,100,0.57,18.401,43,52.18,0.00,0,15.1,1.001
592,7159.598,AllocLarge,2B,1.238,25.0,0.110,17.16,21.188,13.988,2,9.380,1.686,0,0.39,0.004,0,84.80,0.289,100,0.57,12.001,57,26.67,0.00,0,19.3,0.971
593,7168.823,AllocLarge,2B,0.364,0.0,0.000,0.00,21.994,20.402,2,9.380,1.699,0,99.35,0.004,0,84.80,0.289,100,0.57,18.401,43,52.18,0.00,0,4.7,0.139
594,7174.111,AllocLarge,2B,0.477,25.0,0.000,0.00,21.202,14.001,2,9.380,1.699,0,0.83,0.004,0,84.80,0.289,100,0.57,12.001,57,26.67,0.00,0,8.1,0.270
595,7182.267,AllocLarge,2B,0.510,11.1,0.000,0.00,20.407,20.415,2,9.380,1.713,0,99.38,0.004,0,84.80,0.289,100,0.57,18.401,47,52.18,0.00,0,6.7,0.261
596,7187.657,AllocLarge,2B,1.483,30.0,0.103,14.72,21.215,14.015,2,9.380,1.713,0,0.38,0.004,0,84.80,0.289,100,0.57,12.001,57,26.67,0.00,0,21.2,1.256
597,7196.493,AllocLarge,2B,0.317,0.0,0.000,0.00,22.021,20.429,2,9.380,1.726,0,99.36,0.004,0,84.80,0.289,100,0.57,18.401,43,52.18,0.00,0,4.5,0.101
598,7201.872,AllocLarge,2B,0.919,12.5,0.000,0.00,21.229,14.028,2,9.380,1.726,0,0.82,0.004,0,84.80,0.289,100,0.57,12.001,57,26.67,0.00,0,13.8,0.717
599,7210.158,AllocLarge,2B,0.548,0.0,0.103,13.86,21.234,20.442,2,9.380,1.740,0,99.36,0.004,0,84.80,0.289,100,0.57,18.401,45,52.18,0.00,0,7.4,0.287
600,7216.505,AllocLarge,2B,0.437,22.2,0.000,0.00,21.242,14.042,2,9.380,1.740,0,0.81,0.004,0,84.80,0.289,100,0.57,12.001,57,26.67,0.00,0,6.4,0.186
601,7224.736,AllocLarge,2B,0.349,14.3,0.000,0.00,20.448,20.456,2,9.380,1.753,0,99.37,0.004,0,84.80,0.289,100,0.57,18.401,47,52.18,0.00,0,4.8,0.138
602,7229.945,AllocLarge,2B,0.824,42.9,0.000,0.00,21.256,14.055,2,9.380,1.753,0,0.80,0.004,0,84.80,0.289,100,0.57,12.001,57,26.67,0.00,0,13.2,0.617
603,7238.125,AllocLarge,2B,0.513,12.5,0.110,15.05,20.461,20.469,2,9.380,1.767,0,99.37,0.004,0,84.80,0.289,100,0.57,18.401,47,52.18,0.00,0,7.0,0.289
604,7243.620,AllocLarge,2B,2.363,27.3,0.000,0.00,22.869,15.669,2,10.980,1.767,0,0.25,0.004,0,84.80,0.289,100,0.57,13.601,61,23.53,0.00,0,30.0,2.068
605,7263.868,AllocLarge,2B,0.529,0.0,0.000,0.00,31.698,31.706,2,9.380,1.803,0,99.38,0.004,0,84.80,0.289,100,0.57,29.602,29,70.27,0.00,0,2.9,0.139
606,7268.367,AllocLarge,2B,1.810,41.7,0.105,12.99,32.506,12.505,2,9.380,1.803,0,0.54,0.004,0,84.80,0.289,100,0.57,10.400,64,15.39,0.00,0,22.3,1.599
607,7283.524,AllocLarge,2B,1.399,13.3,0.000,0.00,25.317,23.725,2,9.380,1.822,0,99.39,0.004,0,84.80,0.289,100,0.57,21.601,37,59.26,0.00,0,11.3,1.087
608,7288.955,AllocLarge,2B,0.637,42.9,0.000,0.00,25.325,14.125,2,9.380,1.822,0,0.36,0.004,0,84.80,0.289,100,0.57,12.001,57,26.67,0.00,0,11.9,0.412
609,7299.641,AllocLarge,2B,0.578,0.0,0.000,0.00,20.530,20.539,2,9.380,1.836,0,99.40,0.004,0,84.80,0.289,100,0.57,18.401,47,52.18,0.00,0,5.9,0.345
610,7305.270,AllocLarge,2B,1.079,14.3,0.103,15.33,21.339,14.138,2,9.380,1.836,0,0.77,0.004,0,84.80,0.289,100,0.57,12.001,57,26.67,0.00,0,16.0,0.844
611,7314.682,AllocLarge,2B,0.433,0.0,0.000,0.00,20.544,20.552,2,9.380,1.849,0,99.42,0.004,0,84.80,0.289,100,0.57,18.401,47,52.18,0.00,0,5.3,0.176
612,7320.438,AllocLarge,2B,0.483,16.7,0.000,0.00,21.352,14.152,2,9.380,1.849,0,0.76,0.004,0,84.80,0.289,100,0.57,12.001,57,26.67,0.00,0,7.4,0.250
613,7329.851,AllocLarge,2B,0.403,0.0,0.103,11.93,20.557,20.566,2,9.380,1.863,0,99.40,0.004,0,84.80,0.289,100,0.57,18.401,47,52.18,0.00,0,4.7,0.127
614,7335.417,AllocLarge,2B,0.757,25.0,0.000,0.00,21.366,14.165,2,9.380,1.863,0,0.76,0.004,0,84.80,0.289,100,0.57,12.001,57,26.67,0.00,0,11.2,0.528
615,7345.883,AllocLarge,2B,0.445,10.0,0.000,0.00,20.571,20.587,2,9.380,1.885,0,99.00,0.004,0,84.80,0.289,100,0.57,18.401,47,52.18,0.00,0,4.8,0.192
616,7351.550,AllocLarge,2B,0.605,14.3,0.000,0.00,21.379,14.179,2,9.380,1.877,0,0.75,0.004,0,84.80,0.289,100,0.57,12.001,57,26.67,0.00,0,9.4,0.276
617,7360.170,AllocLarge,2B,0.407,12.5,0.111,14.12,20.585,20.593,2,9.380,1.890,0,99.41,0.004,0,84.80,0.289,100,0.57,18.401,47,52.18,0.00,0,5.2,0.181
618,7365.574,AllocLarge,2B,0.874,14.3,0.000,0.00,21.393,14.192,2,9.380,1.890,0,0.74,0.004,0,84.80,0.289,100,0.57,12.001,57,26.67,0.00,0,13.5,0.638
619,7373.890,AllocLarge,2B,2.161,20.0,0.000,0.00,20.598,20.606,2,9.380,1.904,0,99.42,0.004,0,84.80,0.289,100,0.57,18.401,47,52.18,0.00,0,24.1,1.940
620,7379.753,AllocLarge,2B,0.270,20.0,0.000,0.00,22.206,14.206,2,9.380,1.904,0,0.74,0.004,0,84.80,0.289,100,0.57,12.001,54,26.67,0.00,0,6.0,0.073
621,7388.211,AllocLarge,2B,0.774,10.0,0.103,12.14,20.612,20.620,2,9.380,1.917,0,99.42,0.004,0,84.80,0.289,100,0.57,18.401,47,52.18,0.00,0,9.1,0.566
622,7394.158,AllocLarge,2B,0.954,22.2,0.000,0.00,21.420,14.219,2,9.380,1.917,0,0.74,0.004,0,84.80,0.289,100,0.57,12.001,57,26.67,0.00,0,14.0,0.732
623,7402.485,AllocLarge,2B,0.456,0.0,0.000,0.00,21.425,20.633,2,9.380,1.931,0,99.43,0.004,0,84.80,0.289,100,0.57,18.401,45,52.18,0.00,0,6.3,0.087
624,7410.161,AllocLarge,2B,0.957,10.0,0.105,11.98,21.433,14.233,2,9.380,1.931,0,0.73,0.004,0,84.80,0.289,100,0.57,12.001,57,26.67,0.00,0,11.0,0.733
625,7418.679,AllocLarge,2B,0.440,25.0,0.000,0.00,20.639,20.647,2,9.380,1.944,0,99.43,0.004,0,84.80,0.289,100,0.57,18.401,47,52.18,0.00,0,6.0,0.160
626,7423.934,AllocLarge,2B,1.994,25.0,0.000,0.00,22.247,15.055,2,10.180,1.952,0,0.73,0.004,0,84.80,0.289,100,0.57,12.801,59,25.00,0.00,0,27.2,1.738
627,7437.990,AllocLarge,2B,1.318,12.5,0.000,0.00,26.261,25.469,2,9.380,1.966,0,99.44,0.004,0,84.80,0.289,100,0.57,23.201,36,62.07,0.00,0,10.2,1.078
628,7443.489,AllocLarge,2B,0.381,16.7,0.103,18.44,27.070,14.269,2,9.380,1.966,0,0.34,0.004,0,84.80,0.289,100,0.57,12.001,57,26.67,0.00,0,6.8,0.152
629,7451.679,AllocLarge,2B,1.609,11.1,0.000,0.00,22.274,20.683,2,9.380,1.980,0,99.44,0.004,0,84.80,0.289,100,0.57,18.401,43,52.18,0.00,0,19.3,1.370
630,7457.286,AllocLarge,2B,0.436,16.7,0.000,0.00,21.483,14.282,2,9.380,1.980,0,0.71,0.004,0,84.80,0.289,100,0.57,12.001,57,26.67,0.00,0,8.6,0.119
631,7465.575,AllocLarge,2B,0.430,0.0,0.000,0.00,20.688,20.696,2,9.380,1.993,0,99.44,0.004,0,84.80,0.289,100,0.57,18.401,47,52.18,0.00,0,5.5,0.088
632,7471.172,AllocLarge,2B,1.339,30.0,0.103,14.39,21.496,14.296,2,9.380,1.993,0,0.71,0.004,0,84.80,0.289,100,0.57,12.001,57,26.67,0.00,0,18.7,1.074
633,7480.008,AllocLarge,2B,0.494,0.0,0.000,0.00,20.701,20.710,2,9.380,2.007,0,99.45,0.004,0,84.80,0.289,100,0.57,18.401,47,52.18,0.00,0,6.8,0.253
634,7486.427,AllocLarge,2B,1.894,25.0,0.000,0.00,21.510,14.309,2,9.380,2.007,0,0.33,0.004,0,84.80,0.289,100,0.57,12.001,57,26.67,0.00,0,22.5,1.629
635,7495.939,AllocLarge,2B,0.387,12.5,0.103,13.87,22.315,20.723,2,9.380,2.020,0,99.45,0.004,0,84.80,0.289,100,0.57,18.401,43,52.18,0.00,0,5.2,0.138
636,7501.402,AllocLarge,2B,1.060,12.5,0.000,0.00,21.523,14.323,2,9.380,2.020,0,0.70,0.004,0,84.80,0.289,100,0.57,12.001,57,26.67,0.00,0,15.7,0.800
637,7510.149,AllocLarge,2B,2.380,18.2,0.000,0.00,20.728,20.737,2,9.380,2.034,0,98.66,0.004,0,84.80,0.289,100,0.57,18.401,47,52.18,0.00,0,25.1,2.106
638,7516.432,AllocLarge,2B,1.029,14.3,0.000,0.00,23.137,14.336,2,9.380,2.034,0,1.10,0.004,0,84.80,0.289,100,0.57,12.001,52,26.67,0.00,0,18.7,0.757
639,7525.156,AllocLarge,2B,0.581,12.5,0.104,13.53,20.737,20.745,2,9.380,2.042,0,99.46,0.004,0,84.80,0.289,100,0.57,18.401,47,52.18,0.00,0,7.6,0.262
640,7531.449,AllocLarge,2B,0.639,22.2,0.000,0.00,21.545,14.344,2,9.380,2.042,0,0.57,0.004,0,84.80,0.289,100,0.57,12.001,57,26.67,0.00,0,9.2,0.421
641,7539.417,AllocLarge,2B,1.589,20.0,0.000,0.00,20.752,20.761,2,9.380,2.058,0,99.46,0.004,0,84.80,0.289,100,0.57,18.401,47,52.18,0.00,0,19.1,1.352
642,7545.199,AllocLarge,2B,1.033,28.6,0.000,0.00,21.561,14.360,2,9.380,2.058,0,0.32,0.004,0,84.80,0.289,100,0.57,12.001,57,26.67,0.00,0,17.4,0.772
643,7554.050,AllocLarge,2B,0.355,11.1,0.107,14.29,22.366,20.774,2,9.380,2.071,0,99.46,0.004,0,84.80,0.289,100,0.57,18.401,43,52.18,0.00,0,4.7,0.098
644,7559.276,AllocLarge,2B,1.184,25.0,0.000,0.00,21.574,14.374,2,9.380,2.071,0,0.68,0.004,0,84.80,0.289,100,0.57,12.001,57,26.67,0.00,0,17.8,0.930
645,7568.011,AllocLarge,2B,0.983,11.1,0.000,0.00,20.779,20.788,2,9.380,2.085,0,99.47,0.004,0,84.80,0.289,100,0.57,18.401,47,52.18,0.00,0,12.4,0.743
646,7573.941,AllocLarge,2B,1.340,25.0,0.000,0.00,23.188,15.995,2,10.980,2.093,0,0.68,0.004,0,84.80,0.289,100,0.57,13.601,61,23.53,0.00,0,17.1,0.981
647,7595.359,AllocLarge,2B,0.365,0.0,0.105,5.53,32.015,32.023,2,9.380,2.119,0,99.48,0.004,0,84.80,0.289,100,0.57,29.602,29,70.27,0.00,0,1.9,0.130
648,7600.045,AllocLarge,2B,1.045,30.0,0.000,0.00,32.823,12.822,2,9.380,2.119,0,0.46,0.004,0,84.80,0.289,100,0.57,10.400,64,15.39,0.00,0,14.5,0.776
649,7613.345,AllocLarge,2B,0.393,0.0,0.103,9.57,25.634,24.042,2,9.380,2.139,0,99.48,0.004,0,84.80,0.289,100,0.57,21.601,37,59.26,0.00,0,3.7,0.162
650,7619.046,AllocLarge,2B,0.360,25.0,0.000,0.00,25.642,14.441,2,9.380,2.139,0,0.66,0.004,0,84.80,0.289,100,0.57,12.001,57,26.67,0.00,0,5.4,0.115
651,7628.943,AllocLarge,2B,0.398,10.0,0.000,0.00,20.847,20.855,2,9.380,2.153,0,99.51,0.004,0,84.80,0.289,100,0.57,18.401,47,52.18,0.00,0,4.4,0.125
652,7634.395,AllocLarge,2B,0.989,22.2,0.000,0.00,21.655,14.455,2,9.380,2.153,0,0.65,0.004,0,84.80,0.289,100,0.57,12.001,57,26.67,0.00,0,14.8,0.724
653,7643.714,AllocLarge,2B,0.435,11.1,0.103,12.61,20.860,20.869,2,9.380,2.166,0,99.49,0.004,0,84.80,0.289,100,0.57,18.401,47,52.18,0.00,0,5.3,0.155
654,7649.079,AllocLarge,2B,1.123,25.0,0.000,0.00,21.669,14.468,2,9.380,2.166,0,0.65,0.004,0,84.80,0.289,100,0.57,12.001,57,26.67,0.00,0,17.1,0.895
655,7658.187,AllocLarge,2B,1.632,18.2,0.000,0.00,20.874,20.882,2,9.380,2.180,0,99.49,0.004,0,84.80,0.289,100,0.57,18.401,47,52.18,0.00,0,18.0,1.386
656,7663.682,AllocLarge,2B,1.227,25.0,0.000,0.00,21.682,14.482,2,9.380,2.180,0,0.30,0.004,0,84.80,0.289,100,0.57,12.001,57,26.67,0.00,0,21.7,0.953
657,7672.260,AllocLarge,2B,1.435,11.1,0.103,12.57,22.488,20.896,2,9.380,2.193,0,99.49,0.004,0,84.80,0.289,100,0.57,18.401,43,52.18,0.00,0,17.5,1.224
658,7677.722,AllocLarge,2B,0.609,16.7,0.000,0.00,21.696,14.495,2,9.380,2.193,0,0.64,0.004,0,84.80,0.289,100,0.57,12.001,57,26.67,0.00,0,11.8,0.411
659,7686.390,AllocLarge,2B,0.369,10.0,0.000,0.00,20.901,20.909,2,9.380,2.206,0,99.50,0.004,0,84.80,0.289,100,0.57,18.401,47,52.18,0.00,0,4.7,0.084
660,7691.776,AllocLarge,2B,1.707,25.0,0.105,14.28,21.709,14.509,2,9.380,2.206,0,0.30,0.004,0,84.80,0.289,100,0.57,12.001,57,26.67,0.00,0,23.3,1.452
661,7700.983,AllocLarge,2B,0.356,0.0,0.000,0.00,22.515,20.923,2,9.380,2.220,0,99.50,0.004,0,84.80,0.289,100,0.57,18.401,43,52.18,0.00,0,4.9,0.118
662,7706.471,AllocLarge,2B,0.923,25.0,0.000,0.00,21.723,14.522,2,9.380,2.220,0,0.64,0.004,0,84.80,0.289,100,0.57,12.001,57,26.67,0.00,0,14.1,0.743
663,7714.600,AllocLarge,2B,1.805,10.0,0.000,0.00,20.930,18.703,2,9.380,0.001,0,0.00,0.004,0,28.60,0.289,100,0.57,18.401,47,52.18,0.00,0,20.5,1.593
664,7716.020,AllocSmall,0F,0.267,0.0,0.005,0.60,20.930,18.703,2,0.002,0.001,44,81.43,0.004,NaN,28.60,0.289,NaN,0.57,18.401,NaN,52.18,0.00,1,3.3,0.117
665,7721.882,AllocLarge,2B,1.845,30.0,0.106,13.83,19.516,12.324,2,9.380,0.022,0,13.95,0.004,0,84.80,0.289,100,0.57,12.001,57,26.67,0.00,0,22.3,1.632
666,7731.129,AllocLarge,2B,1.483,20.0,0.000,0.00,20.333,18.741,2,9.380,0.039,0,71.30,0.004,0,84.80,0.289,100,0.57,18.401,43,52.18,0.00,0,17.8,1.262
667,7737.271,AllocLarge,2B,1.080,25.0,0.000,0.00,19.541,12.341,2,9.380,0.039,0,36.57,0.004,0,84.80,0.289,100,0.57,12.001,57,26.67,0.00,0,17.2,0.849
668,7746.293,AllocLarge,2B,0.862,11.1,0.000,0.00,18.747,18.755,2,9.380,0.052,0,78.70,0.004,0,84.80,0.289,100,0.57,18.401,47,52.18,0.00,0,10.5,0.602
669,7752.504,AllocLarge,2B,0.461,14.3,0.108,16.83,19.555,12.354,2,9.380,0.052,0,27.06,0.004,0,84.80,0.289,100,0.57,12.001,57,26.67,0.00,0,7.2,0.210
670,7761.034,AllocLarge,2B,0.324,0.0,0.000,0.00,18.760,18.768,2,9.380,0.066,0,83.08,0.004,0,84.80,0.289,100,0.57,18.401,47,52.18,0.00,0,4.1,0.100
671,7767.734,AllocLarge,2B,0.380,12.5,0.000,0.00,19.568,12.368,2,9.380,0.066,0,21.43,0.004,0,84.80,0.289,100,0.57,12.001,57,26.67,0.00,0,5.2,0.158
672,7775.758,AllocLarge,2B,1.608,20.0,0.000,0.00,18.774,18.782,2,9.380,0.079,0,85.97,0.004,0,84.80,0.289,100,0.57,18.401,47,52.18,0.00,0,18.5,1.386
673,7781.216,AllocLarge,2B,1.339,25.0,0.103,17.80,19.582,12.381,2,9.380,0.079,0,8.38,0.004,0,84.80,0.289,100,0.57,12.001,57,26.67,0.00,0,23.2,1.108
674,7789.651,AllocLarge,2B,0.328,0.0,0.000,0.00,20.387,18.795,2,9.380,0.093,0,88.01,0.004,0,84.80,0.289,100,0.57,18.401,43,52.18,0.00,0,4.8,0.153
675,7794.933,AllocLarge,2B,1.197,22.2,0.000,0.00,19.595,12.395,2,9.380,0.093,0,15.23,0.004,0,84.80,0.289,100,0.57,12.001,57,26.67,0.00,0,17.0,0.923
676,7805.152,AllocLarge,2B,0.345,10.0,0.000,0.00,18.800,18.809,2,9.380,0.106,0,89.53,0.004,0,84.80,0.289,100,0.57,18.401,47,52.18,0.00,0,4.0,0.083
677,7811.286,AllocLarge,2B,1.045,12.5,0.103,13.60,19.609,12.408,2,9.380,0.106,0,13.26,0.004,0,84.80,0.289,100,0.57,12.001,57,26.67,0.00,0,13.8,0.751
678,7820.051,AllocLarge,2B,1.011,11.1,0.000,0.00,18.814,18.822,2,9.380,0.120,0,90.72,0.004,0,84.80,0.289,100,0.57,18.401,47,52.18,0.00,0,12.6,0.760
679,7825.943,AllocLarge,2B,0.710,14.3,0.000,0.00,19.622,12.422,2,9.380,0.120,0,11.82,0.004,0,84.80,0.289,100,0.57,12.001,57,26.67,0.00,0,11.5,0.486
680,7834.817,AllocLarge,2B,0.396,0.0,0.000,0.00,18.827,18.836,2,9.380,0.133,0,92.00,0.004,0,84.80,0.289,100,0.57,18.401,47,52.18,0.00,0,5.0,0.143
681,7840.224,AllocLarge,2B,2.196,27.3,0.103,13.28,20.436,13.235,2,10.180,0.133,0,3.31,0.004,0,84.80,0.289,100,0.57,12.801,59,25.00,0.00,0,28.4,1.932
682,7854.417,AllocLarge,2B,1.534,7.7,0.000,0.00,24.452,23.660,2,9.380,0.157,0,92.95,0.004,0,84.80,0.289,100,0.57,23.201,36,62.07,0.00,0,11.8,1.262
683,7861.272,AllocLarge,2B,0.620,22.2,0.000,0.00,25.260,12.460,2,9.380,0.157,0,8.99,0.004,0,84.80,0.289,100,0.57,12.001,57,26.67,0.00,0,8.8,0.339
684,7870.500,AllocLarge,2B,0.382,0.0,0.103,13.09,18.865,18.873,2,9.380,0.171,0,93.50,0.004,0,84.80,0.289,100,0.57,18.401,47,52.18,0.00,0,4.9,0.133
685,7876.720,AllocLarge,2B,0.937,22.2,0.000,0.00,19.673,12.473,2,9.380,0.171,0,8.26,0.004,0,84.80,0.289,100,0.57,12.001,57,26.67,0.00,0,12.5,0.640
686,7886.341,AllocLarge,2B,0.466,11.1,0.000,0.00,18.879,18.887,2,9.380,0.184,0,93.98,0.004,0,84.80,0.289,100,0.57,18.401,47,52.18,0.00,0,5.5,0.248
687,7891.980,AllocLarge,2B,1.149,22.2,0.105,14.99,19.687,12.486,2,9.380,0.184,0,7.63,0.004,0,84.80,0.289,100,0.57,12.001,57,26.67,0.00,0,16.5,0.901
688,7901.145,AllocLarge,2B,0.609,10.0,0.000,0.00,18.892,18.900,2,9.380,0.198,0,94.62,0.004,0,84.80,0.289,100,0.57,18.401,47,52.18,0.00,0,7.6,0.357
689,7907.717,AllocLarge,2B,0.611,12.5,0.000,0.00,19.700,12.500,2,9.380,0.198,0,7.15,0.004,0,84.80,0.289,100,0.57,12.001,57,26.67,0.00,0,8.4,0.291
690,7917.914,AllocLarge,2B,0.514,0.0,0.000,0.00,18.906,18.914,2,9.380,0.211,0,94.75,0.004,0,84.80,0.289,100,0.57,18.401,47,52.18,0.00,0,5.5,0.275
691,7924.162,AllocLarge,2B,0.502,12.5,0.103,14.91,19.714,12.513,2,9.380,0.211,0,6.67,0.004,0,84.80,0.289,100,0.57,12.001,57,26.67,0.00,0,7.3,0.268
692,7933.112,AllocLarge,2B,1.193,10.0,0.000,0.00,18.919,18.927,2,9.380,0.225,0,95.26,0.004,0,84.80,0.289,100,0.57,18.401,47,52.18,0.00,0,13.3,0.945
693,7939.339,AllocLarge,2B,1.418,22.2,0.000,0.00,19.727,12.527,2,9.380,0.225,0,2.92,0.004,0,84.80,0.289,100,0.57,12.001,57,26.67,0.00,0,20.0,1.132
694,7948.739,AllocLarge,2B,0.472,0.0,0.000,0.00,20.533,18.941,2,9.380,0.238,0,95.34,0.004,0,84.80,0.289,100,0.57,18.401,43,52.18,0.00,0,6.0,0.234
695,7955.355,AllocLarge,2B,0.419,12.5,0.103,14.48,19.741,12.540,2,9.380,0.238,0,5.93,0.004,0,84.80,0.289,100,0.57,12.001,57,26.67,0.00,0,5.9,0.152
696,7964.074,AllocLarge,2B,1.476,10.0,0.000,0.00,18.946,18.954,2,9.380,0.252,0,95.77,0.004,0,84.80,0.289,100,0.57,18.401,47,52.18,0.00,0,16.0,1.223
697,7970.016,AllocLarge,2B,0.498,14.3,0.000,0.00,19.754,12.554,2,9.380,0.252,0,5.60,0.004,0,84.80,0.289,100,0.57,12.001,57,26.67,0.00,0,9.0,0.253
698,7978.574,AllocLarge,2B,0.403,11.1,0.000,0.00,18.960,18.968,2,9.380,0.265,0,95.81,0.004,0,84.80,0.289,100,0.57,18.401,47,52.18,0.00,0,5.1,0.143
699,7984.363,AllocLarge,2B,0.437,14.3,0.103,16.16,19.768,12.567,2,9.380,0.265,0,5.30,0.004,0,84.80,0.289,100,0.57,12.001,57,26.67,0.00,0,6.9,0.180
700,7992.942,AllocLarge,2B,0.512,10.0,0.000,0.00,18.973,18.981,2,9.380,0.279,0,96.02,0.004,0,84.80,0.289,100,0.57,18.401,47,52.18,0.00,0,6.3,0.276
701,7998.782,AllocLarge,2B,1.553,27.3,0.000,0.00,19.781,12.581,2,9.380,0.279,0,2.38,0.004,0,84.80,0.289,100,0.57,12.001,57,26.67,0.00,0,20.4,1.295
702,8008.200,AllocLarge,2B,1.601,9.1,0.103,11.74,19.787,18.995,2,9.380,0.292,0,96.20,0.004,0,84.80,0.289,100,0.57,18.401,45,52.18,0.00,0,18.3,1.372
703,8013.678,AllocLarge,2B,0.956,20.0,0.000,0.00,19.795,12.594,2,9.380,0.292,0,2.26,0.004,0,84.80,0.289,100,0.57,12.001,57,26.67,0.00,0,17.9,0.728
704,8022.462,AllocLarge,2B,0.455,12.5,0.000,0.00,19.800,19.008,2,9.380,0.306,0,96.37,0.004,0,84.80,0.289,100,0.57,18.401,45,52.18,0.00,0,5.9,0.222
705,8028.123,AllocLarge,2B,1.882,30.0,0.000,0.00,19.808,12.608,2,9.380,0.306,0,2.14,0.004,0,84.80,0.289,100,0.57,12.001,57,26.67,0.00,0,24.2,1.616
706,8037.954,AllocLarge,2B,0.510,11.1,0.110,14.19,20.614,19.022,2,9.380,0.319,0,96.52,0.004,0,84.80,0.289,100,0.57,18.401,43,52.18,0.00,0,6.6,0.273
707,8043.645,AllocLarge,2B,2.048,27.3,0.000,0.00,19.822,12.621,2,9.380,0.319,0,2.08,0.004,0,84.80,0.289,100,0.57,12.001,57,26.67,0.00,0,26.2,1.777
708,8054.101,AllocLarge,2B,0.406,0.0,0.000,0.00,20.627,19.035,2,9.380,0.333,0,96.66,0.004,0,84.80,0.289,100,0.57,18.401,43,52.18,0.00,0,4.9,0.170
709,8059.790,AllocLarge,2B,0.884,25.0,0.000,0.00,19.835,12.635,2,9.380,0.333,0,4.24,0.004,0,84.80,0.289,100,0.57,12.001,57,26.67,0.00,0,13.0,0.610
710,8070.637,AllocLarge,2B,0.522,0.0,0.103,10.45,19.040,19.049,2,9.380,0.346,0,96.79,0.004,0,84.80,0.289,100,0.57,18.401,47,52.18,0.00,0,5.3,0.272
711,8076.349,AllocLarge,2B,1.918,20.0,0.000,0.00,19.849,12.648,2,9.380,0.346,0,1.89,0.004,0,84.80,0.289,100,0.57,12.001,57,26.67,0.00,0,24.2,1.617
712,8086.425,AllocLarge,2B,0.673,12.5,0.000,0.00,20.654,19.062,2,9.380,0.360,0,96.91,0.004,0,84.80,0.289,100,0.57,18.401,43,52.18,0.00,0,8.3,0.444
713,8092.251,AllocLarge,2B,0.324,14.3,0.000,0.00,19.862,12.662,2,9.380,0.360,0,3.93,0.004,0,84.80,0.289,100,0.57,12.001,57,26.67,0.00,0,5.4,0.082
714,8101.608,AllocLarge,2B,0.702,10.0,0.103,11.18,19.067,19.076,2,9.380,0.373,0,97.03,0.004,0,84.80,0.289,100,0.57,18.401,47,52.18,0.00,0,7.6,0.457
715,8107.834,AllocLarge,2B,0.618,14.3,0.000,0.00,19.876,12.675,2,9.380,0.373,0,3.78,0.004,0,84.80,0.289,100,0.57,12.001,57,26.67,0.00,0,9.2,0.394
716,8116.875,AllocLarge,2B,2.447,16.7,0.000,0.00,19.081,19.089,2,9.380,0.386,0,92.91,0.004,0,84.80,0.289,100,0.57,18.401,47,52.18,0.00,0,23.8,2.177
717,8123.521,AllocLarge,2B,1.075,25.0,0.105,17.93,21.489,12.689,2,9.380,0.386,0,5.77,0.004,0,84.80,0.289,100,0.57,12.001,52,26.67,0.00,0,18.4,0.797
718,8132.587,AllocLarge,2B,0.984,11.1,0.000,0.00,19.089,19.097,2,9.380,0.395,0,97.19,0.004,0,84.80,0.289,100,0.57,18.401,47,52.18,0.00,0,11.7,0.747
719,8138.410,AllocLarge,2B,2.347,33.3,0.000,0.00,19.897,12.697,2,9.380,0.395,0,0.47,0.004,0,84.80,0.289,100,0.57,12.001,57,26.67,0.00,0,29.8,2.058
720,8152.709,AllocLarge,2B,0.434,8.3,0.000,0.00,20.707,19.115,2,9.380,0.412,0,97.31,0.004,0,84.80,0.289,100,0.57,18.401,43,52.18,0.00,0,3.7,0.123
721,8158.660,AllocLarge,2B,1.265,22.2,0.108,14.70,19.915,12.715,2,9.380,0.412,0,3.43,0.004,0,84.80,0.289,100,0.57,12.001,57,26.67,0.00,0,17.2,0.988
722,8168.165,AllocLarge,2B,0.439,11.1,0.000,0.00,19.120,19.129,2,9.380,0.426,0,97.39,0.004,0,84.80,0.289,100,0.57,18.401,47,52.18,0.00,0,5.4,0.143
723,8174.002,AllocLarge,2B,1.097,14.3,0.000,0.00,19.929,12.728,2,9.380,0.426,0,3.31,0.004,0,84.80,0.289,100,0.57,12.001,57,26.67,0.00,0,15.8,0.817
724,8182.786,AllocLarge,2B,0.490,0.0,0.000,0.00,19.134,19.142,2,9.380,0.439,0,97.47,0.004,0,84.80,0.289,100,0.57,18.401,47,52.18,0.00,0,6.5,0.245
725,8188.417,AllocLarge,2B,2.124,27.3,0.103,13.06,19.942,12.742,2,9.380,0.439,0,1.49,0.004,0,84.80,0.289,100,0.57,12.001,57,26.67,0.00,0,27.0,1.872
726,8198.431,AllocLarge,2B,0.657,11.1,0.000,0.00,20.747,19.156,2,9.380,0.453,0,97.55,0.004,0,84.80,0.289,100,0.57,18.401,43,52.18,0.00,0,8.2,0.410
727,8203.919,AllocLarge,2B,1.356,20.0,0.000,0.00,19.956,12.755,2,9.380,0.453,0,3.12,0.004,0,84.80,0.289,100,0.57,12.001,57,26.67,0.00,0,20.4,1.103
728,8212.975,AllocLarge,2B,0.384,0.0,0.000,0.00,19.161,19.169,2,9.380,0.466,0,97.62,0.004,0,84.80,0.289,100,0.57,18.401,47,52.18,0.00,0,5.1,0.131
729,8218.476,AllocLarge,2B,0.918,14.3,0.103,15.69,19.969,12.769,2,9.380,0.466,0,3.02,0.004,0,84.80,0.289,100,0.57,12.001,57,26.67,0.00,0,14.0,0.719
730,8226.890,AllocLarge,2B,0.475,0.0,0.000,0.00,19.174,19.182,2,9.380,0.480,0,97.78,0.004,0,84.80,0.289,100,0.57,18.401,47,52.18,0.00,0,6.4,0.259
731,8232.322,AllocLarge,2B,0.386,28.6,0.000,0.00,19.983,12.782,2,9.380,0.480,0,2.93,0.004,0,84.80,0.289,100,0.57,12.001,57,26.67,0.00,0,6.5,0.114
732,8241.235,AllocLarge,2B,0.353,11.1,0.103,12.34,19.188,19.196,2,9.380,0.493,0,97.75,0.004,0,84.80,0.289,100,0.57,18.401,47,52.18,0.00,0,4.2,0.124
733,8246.793,AllocLarge,2B,0.454,16.7,0.000,0.00,19.996,12.796,2,9.380,0.493,0,2.87,0.004,0,84.80,0.289,100,0.57,12.001,57,26.67,0.00,0,7.4,0.194
734,8255.615,AllocLarge,2B,1.723,15.4,0.000,0.00,19.201,19.209,2,9.380,0.507,0,97.81,0.004,0,84.80,0.289,100,0.57,18.401,47,52.18,0.00,0,18.0,1.429
735,8261.382,AllocLarge,2B,0.486,28.6,0.000,0.00,20.009,12.809,2,9.380,0.507,0,2.78,0.004,0,84.80,0.289,100,0.57,12.001,57,26.67,0.00,0,9.3,0.204
736,8271.248,AllocLarge,2B,2.203,8.3,0.102,9.43,19.215,19.223,2,9.380,0.520,0,97.95,0.004,0,84.80,0.289,100,0.57,18.401,47,52.18,0.00,0,20.3,1.918
737,8277.357,AllocLarge,2B,0.610,28.6,0.000,0.00,20.023,12.822,2,9.380,0.520,0,4.28,0.004,0,84.80,0.289,100,0.57,12.001,57,26.67,0.00,0,11.7,0.273
738,8286.879,AllocLarge,2B,0.914,10.0,0.000,0.00,19.223,19.231,2,9.380,0.528,0,97.90,0.004,0,84.80,0.289,100,0.57,18.401,47,52.18,0.00,0,10.0,0.646
739,8293.137,AllocLarge,2B,0.526,14.3,0.000,0.00,20.031,12.831,2,9.380,0.528,0,2.16,0.004,0,84.80,0.289,100,0.57,12.001,57,26.67,0.00,0,8.1,0.258
740,8301.739,AllocLarge,2B,0.532,11.1,0.108,13.49,19.239,19.247,2,9.380,0.545,0,97.96,0.004,0,84.80,0.289,100,0.57,18.401,47,52.18,0.00,0,6.6,0.313
741,8307.307,AllocLarge,2B,0.702,28.6,0.000,0.00,20.047,12.847,2,9.380,0.545,0,2.60,0.004,0,84.80,0.289,100,0.57,12.001,57,26.67,0.00,0,11.2,0.480
742,8315.869,AllocLarge,2B,0.337,11.1,0.000,0.00,19.252,19.261,2,9.380,0.558,0,98.01,0.004,0,84.80,0.289,100,0.57,18.401,47,52.18,0.00,0,4.4,0.113
743,8321.157,AllocLarge,2B,0.359,16.7,0.000,0.00,20.061,12.860,2,9.380,0.558,0,2.53,0.004,0,84.80,0.289,100,0.57,12.001,57,26.67,0.00,0,6.0,0.108
744,8329.813,AllocLarge,2B,0.352,11.1,0.103,12.97,19.266,19.274,2,9.380,0.572,0,98.06,0.004,0,84.80,0.289,100,0.57,18.401,47,52.18,0.00,0,4.4,0.118
745,8335.516,AllocLarge,2B,1.335,22.2,0.000,0.00,20.074,12.874,2,9.380,0.572,0,1.15,0.004,0,84.80,0.289,100,0.57,12.001,57,26.67,0.00,0,18.2,1.074
746,8344.367,AllocLarge,2B,0.818,12.5,0.000,0.00,20.880,19.288,2,9.380,0.585,0,98.10,0.004,0,84.80,0.289,100,0.57,18.401,43,52.18,0.00,0,10.6,0.586
747,8349.813,AllocLarge,2B,0.921,16.7,0.105,17.15,20.088,12.887,2,9.380,0.585,0,2.42,0.004,0,84.80,0.289,100,0.57,12.001,57,26.67,0.00,0,15.1,0.662
748,8358.545,AllocLarge,2B,0.457,12.5,0.000,0.00,19.293,19.301,2,9.380,0.598,0,98.15,0.004,0,84.80,0.289,100,0.57,18.401,47,52.18,0.00,0,5.9,0.194
749,8364.783,AllocLarge,2B,1.565,22.2,0.000,0.00,20.101,12.901,2,9.380,0.598,0,1.10,0.004,0,84.80,0.289,100,0.57,12.001,57,26.67,0.00,0,19.7,1.289
750,8373.722,AllocLarge,2B,0.620,10.0,0.000,0.00,20.907,19.315,2,9.380,0.612,0,98.19,0.004,0,84.80,0.289,100,0.57,18.401,43,52.18,0.00,0,8.3,0.407
751,8379.771,AllocLarge,2B,0.935,14.3,0.103,14.85,20.115,12.914,2,9.380,0.612,0,2.30,0.004,0,84.80,0.289,100,0.57,12.001,57,26.67,0.00,0,13.5,0.715
752,8388.130,AllocLarge,2B,0.469,0.0,0.000,0.00,19.320,19.328,2,9.380,0.625,0,98.23,0.004,0,84.80,0.289,100,0.57,18.401,47,52.18,0.00,0,6.4,0.258
753,8393.452,AllocLarge,2B,2.005,27.3,0.000,0.00,20.928,13.728,2,10.180,0.625,0,0.71,0.004,0,84.80,0.289,100,0.57,12.801,59,25.00,0.00,0,26.7,1.746
754,8407.859,AllocLarge,2B,0.554,14.3,0.000,0.00,24.944,24.153,2,9.380,0.650,0,98.29,0.004,0,84.80,0.289,100,0.57,23.201,36,62.07,0.00,0,4.5,0.266
755,8413.897,AllocLarge,2B,0.409,22.2,0.103,14.55,25.753,12.952,2,9.380,0.650,0,1.02,0.004,0,84.80,0.289,100,0.57,12.001,57,26.67,0.00,0,5.8,0.128
756,8422.834,AllocLarge,2B,0.435,0.0,0.000,0.00,20.958,19.366,2,9.380,0.663,0,98.40,0.004,0,84.80,0.289,100,0.57,18.401,43,52.18,0.00,0,5.6,0.206
757,8430.032,AllocLarge,2B,0.359,11.1,0.000,0.00,20.166,12.965,2,9.380,0.663,0,2.13,0.004,0,84.80,0.289,100,0.57,12.001,57,26.67,0.00,0,4.7,0.106
758,8446.595,AllocLarge,2B,0.497,5.9,0.102,6.29,19.371,19.379,2,9.380,0.676,0,98.36,0.004,0,84.80,0.289,100,0.57,18.401,47,52.18,0.00,0,3.0,0.149
759,8455.073,AllocLarge,2B,2.145,23.1,0.000,0.00,20.979,13.779,2,10.180,0.676,0,0.64,0.004,0,84.80,0.289,100,0.57,12.801,59,25.00,0.00,0,19.9,1.771
760,8470.044,AllocLarge,2B,0.448,7.1,0.000,0.00,24.995,24.204,2,9.380,0.701,0,98.42,0.004,0,84.80,0.289,100,0.57,23.201,36,62.07,0.00,0,3.5,0.090
761,8476.677,AllocLarge,2B,0.371,18.2,0.000,0.00,25.804,13.003,2,9.380,0.701,0,0.95,0.004,0,84.80,0.289,100,0.57,12.001,57,26.67,0.00,0,4.9,0.094
762,8485.246,AllocLarge,2B,0.446,12.5,0.103,13.94,20.209,19.417,2,9.380,0.714,0,98.45,0.004,0,84.80,0.289,100,0.57,18.401,45,52.18,0.00,0,6.0,0.175
763,8490.674,AllocLarge,2B,1.175,25.0,0.000,0.00,20.217,13.016,2,9.380,0.714,0,0.92,0.004,0,84.80,0.289,100,0.57,12.001,57,26.67,0.00,0,17.5,0.921
764,8499.170,AllocLarge,2B,0.996,11.1,0.000,0.00,21.022,19.430,2,9.380,0.728,0,98.47,0.004,0,84.80,0.289,100,0.57,18.401,43,52.18,0.00,0,12.9,0.742
765,8505.277,AllocLarge,2B,0.339,14.3,0.000,0.00,20.230,13.030,2,9.380,0.728,0,1.93,0.004,0,84.80,0.289,100,0.57,12.001,57,26.67,0.00,0,5.6,0.114
766,8514.067,AllocLarge,2B,0.652,0.0,0.105,12.32,19.436,19.444,2,9.380,0.741,0,98.50,0.004,0,84.80,0.289,100,0.57,18.401,47,52.18,0.00,0,7.7,0.423
767,8519.491,AllocLarge,2B,1.968,22.2,0.000,0.00,21.044,13.852,2,10.180,0.749,0,1.90,0.004,0,84.80,0.289,100,0.57,12.801,59,25.00,0.00,0,27.2,1.743
768,8568.165,AllocLarge,2B,2.631,10.7,0.000,0.00,25.058,24.266,2,9.380,0.763,0,98.61,0.004,0,84.80,0.289,100,0.57,23.201,36,62.07,0.00,0,4.8,1.613
769,8592.947,AllocLarge,2B,0.664,18.2,0.103,5.81,25.867,13.066,2,9.380,0.763,0,1.85,0.004,0,84.80,0.289,100,0.57,12.001,57,26.67,0.00,0,3.7,0.340
770,8631.344,AllocLarge,2B,0.456,5.6,0.000,0.00,19.471,19.479,2,9.380,0.777,0,98.57,0.004,0,84.80,0.289,100,0.57,18.401,47,52.18,0.00,0,1.2,0.174
771,8636.986,AllocLarge,2B,2.311,27.3,0.000,0.00,21.080,13.887,2,10.180,0.785,0,1.81,0.004,0,84.80,0.289,100,0.57,12.801,59,25.00,0.00,0,28.4,2.012
772,8653.583,AllocLarge,2B,0.826,6.7,0.103,7.10,25.094,24.302,2,9.380,0.799,0,98.61,0.004,0,84.80,0.289,100,0.57,23.201,36,62.07,0.00,0,5.7,0.589
773,8659.856,AllocLarge,2B,0.670,20.0,0.000,0.00,25.902,13.101,2,9.380,0.799,0,0.83,0.004,0,84.80,0.289,100,0.57,12.001,57,26.67,0.00,0,9.2,0.418
774,8669.722,AllocLarge,2B,0.484,0.0,0.000,0.00,21.107,19.515,2,9.380,0.813,0,98.63,0.004,0,84.80,0.289,100,0.57,18.401,43,52.18,0.00,0,5.7,0.240
775,8678.334,AllocLarge,2B,1.432,16.7,0.000,0.00,20.315,13.115,2,9.380,0.813,0,1.73,0.004,0,84.80,0.289,100,0.57,12.001,57,26.67,0.00,0,13.9,1.099
776,8690.807,AllocLarge,2B,0.471,9.1,0.103,9.55,19.521,19.529,2,9.380,0.826,0,98.66,0.004,0,84.80,0.289,100,0.57,18.401,47,52.18,0.00,0,4.4,0.155
777,8699.654,AllocLarge,2B,0.782,9.1,0.000,0.00,20.329,13.128,2,9.380,0.826,0,1.70,0.004,0,84.80,0.289,100,0.57,12.001,57,26.67,0.00,0,7.8,0.500
778,8713.053,AllocLarge,2B,0.429,15.4,0.000,0.00,19.534,19.542,2,9.380,0.840,0,98.68,0.004,0,84.80,0.289,100,0.57,18.401,47,52.18,0.00,0,3.5,0.089
779,8721.551,AllocLarge,2B,0.901,18.2,0.000,0.00,20.342,13.142,2,9.380,0.840,0,1.68,0.004,0,84.80,0.289,100,0.57,12.001,57,26.67,0.00,0,9.3,0.648
780,8731.363,AllocLarge,2B,1.293,10.0,0.103,10.87,19.547,19.556,2,9.380,0.853,0,98.70,0.004,0,84.80,0.289,100,0.57,18.401,47,52.18,0.00,0,13.7,1.017
781,8737.523,AllocLarge,2B,2.028,30.0,0.000,0.00,20.356,13.155,2,9.380,0.853,0,0.77,0.004,0,84.80,0.289,100,0.57,12.001,57,26.67,0.00,0,27.0,1.725
782,8747.377,AllocLarge,2B,0.649,0.0,0.000,0.00,21.161,19.569,2,9.380,0.867,0,98.72,0.004,0,84.80,0.289,100,0.57,18.401,43,52.18,0.00,0,8.3,0.415
783,8752.957,AllocLarge,2B,1.310,22.2,0.105,15.49,20.369,13.169,2,9.380,0.867,0,0.76,0.004,0,84.80,0.289,100,0.57,12.001,57,26.67,0.00,0,19.4,1.101
784,8762.428,AllocLarge,2B,0.829,10.0,0.000,0.00,21.175,19.583,2,9.380,0.880,0,98.74,0.004,0,84.80,0.289,100,0.57,18.401,43,52.18,0.00,0,9.8,0.570
785,8768.302,AllocLarge,2B,2.282,20.0,0.000,0.00,21.183,13.991,2,10.180,0.888,0,1.60,0.004,0,84.80,0.289,100,0.57,12.801,59,25.00,0.00,0,29.0,2.031
786,8787.286,AllocLarge,2B,1.395,10.0,0.000,0.00,25.197,24.405,2,9.380,0.902,0,98.77,0.004,0,84.80,0.289,100,0.57,23.201,36,62.07,0.00,0,7.9,1.147
787,8793.430,AllocLarge,2B,1.124,30.0,0.103,14.91,26.005,13.205,2,9.380,0.902,0,0.73,0.004,0,84.80,0.289,100,0.57,12.001,57,26.67,0.00,0,16.2,0.891
788,8803.305,AllocLarge,2B,0.371,11.1,0.000,0.00,21.210,19.618,2,9.380,0.916,0,98.84,0.004,0,84.80,0.289,100,0.57,18.401,43,52.18,0.00,0,4.7,0.081
789,8808.948,AllocLarge,2B,0.615,14.3,0.000,0.00,20.419,13.218,2,9.380,0.916,0,1.54,0.004,0,84.80,0.289,100,0.57,12.001,57,26.67,0.00,0,9.6,0.337
790,8817.930,AllocLarge,2B,0.400,0.0,0.000,0.00,19.624,19.632,2,9.380,0.929,0,98.81,0.004,0,84.80,0.289,100,0.57,18.401,47,52.18,0.00,0,4.9,0.161
791,8823.457,AllocLarge,2B,0.892,25.0,0.103,15.64,20.432,13.232,2,9.380,0.929,0,1.51,0.004,0,84.80,0.289,100,0.57,12.001,57,26.67,0.00,0,13.6,0.663
792,8831.880,AllocLarge,2B,1.024,11.1,0.000,0.00,19.637,19.645,2,9.380,0.943,0,98.87,0.004,0,84.80,0.289,100,0.57,18.401,47,52.18,0.00,0,12.8,0.753
793,8837.562,AllocLarge,2B,2.048,27.3,0.000,0.00,20.446,13.245,2,9.380,0.943,0,0.70,0.004,0,84.80,0.289,100,0.57,12.001,57,26.67,0.00,0,27.9,1.787
794,8847.190,AllocLarge,2B,1.478,10.0,0.103,12.19,21.251,19.659,2,9.380,0.956,0,98.84,0.004,0,84.80,0.289,100,0.57,18.401,43,52.18,0.00,0,17.5,1.237
795,8852.673,AllocLarge,2B,0.738,14.3,0.000,0.00,20.459,13.258,2,9.380,0.956,0,1.47,0.004,0,84.80,0.289,100,0.57,12.001,57,26.67,0.00,0,14.0,0.513
796,8860.815,AllocLarge,2B,0.311,0.0,0.000,0.00,19.664,19.672,2,9.380,0.970,0,98.86,0.004,0,84.80,0.289,100,0.57,18.401,47,52.18,0.00,0,4.3,0.083
797,8866.759,AllocLarge,2B,0.333,14.3,0.000,0.00,20.472,13.272,2,9.380,0.970,0,1.45,0.004,0,84.80,0.289,100,0.57,12.001,57,26.67,0.00,0,5.1,0.109
798,8875.106,AllocLarge,2B,0.427,12.5,0.110,14.15,19.678,19.686,2,9.380,0.983,0,98.87,0.004,0,84.80,0.289,100,0.57,18.401,47,52.18,0.00,0,5.5,0.197
799,8880.563,AllocLarge,2B,1.307,20.0,0.000,0.00,20.486,13.285,2,9.380,0.983,0,0.67,0.004,0,84.80,0.289,100,0.57,12.001,57,26.67,0.00,0,18.8,1.072
800,8889.268,AllocLarge,2B,0.373,0.0,0.000,0.00,21.291,19.699,2,9.380,0.997,0,98.89,0.004,0,84.80,0.289,100,0.57,18.401,43,52.18,0.00,0,5.2,0.148
801,8895.034,AllocLarge,2B,0.594,14.3,0.000,0.00,20.499,13.299,2,9.380,0.997,0,1.41,0.004,0,84.80,0.289,100,0.57,12.001,57,26.67,0.00,0,8.9,0.347
802,8907.608,AllocLarge,2B,0.376,0.0,0.103,8.85,19.705,19.713,2,9.380,1.010,0,98.90,0.004,0,84.80,0.289,100,0.57,18.401,47,52.18,0.00,0,3.2,0.143
803,8914.764,AllocLarge,2B,0.974,20.0,0.000,0.00,20.513,13.312,2,9.380,1.010,0,1.39,0.004,0,84.80,0.289,100,0.57,12.001,57,26.67,0.00,0,11.6,0.715
804,8923.316,AllocLarge,2B,0.690,11.1,0.000,0.00,19.718,19.726,2,9.380,1.024,0,98.92,0.004,0,84.80,0.289,100,0.57,18.401,47,52.18,0.00,0,9.0,0.466
805,8929.066,AllocLarge,2B,0.837,25.0,0.000,0.00,20.526,13.326,2,9.380,1.024,0,1.38,0.004,0,84.80,0.289,100,0.57,12.001,57,26.67,0.00,0,13.0,0.589
806,8937.883,AllocLarge,2B,0.394,0.0,0.103,13.14,19.732,19.740,2,9.380,1.037,0,98.93,0.004,0,84.80,0.289,100,0.57,18.401,47,52.18,0.00,0,5.0,0.166
807,8943.276,AllocLarge,2B,1.826,30.0,0.000,0.00,20.540,13.339,2,9.380,1.037,0,0.64,0.004,0,84.80,0.289,100,0.57,12.001,57,26.67,0.00,0,24.5,1.598
808,8952.547,AllocLarge,2B,0.328,12.5,0.000,0.00,21.345,19.753,2,9.380,1.051,0,98.94,0.004,0,84.80,0.289,100,0.57,18.401,43,52.18,0.00,0,4.6,0.108
809,8957.969,AllocLarge,2B,0.991,12.5,0.000,0.00,20.553,13.353,2,9.380,1.051,0,1.34,0.004,0,84.80,0.289,100,0.57,12.001,57,26.67,0.00,0,14.6,0.751
810,8966.868,AllocLarge,2B,1.166,18.2,0.105,12.51,19.759,19.767,2,9.380,1.064,0,98.96,0.004,0,84.80,0.289,100,0.57,18.401,47,52.18,0.00,0,13.9,0.921
811,8972.492,AllocLarge,2B,1.167,25.0,0.000,0.00,20.567,13.366,2,9.380,1.064,0,0.62,0.004,0,84.80,0.289,100,0.57,12.001,57,26.67,0.00,0,18.6,0.920
812,8985.286,AllocLarge,2B,0.486,0.0,0.000,0.00,21.372,19.780,2,9.380,1.078,0,98.97,0.004,0,84.80,0.289,100,0.57,18.401,43,52.18,0.00,0,4.3,0.257
813,8991.636,AllocLarge,2B,0.817,22.2,0.103,14.16,20.580,13.380,2,9.380,1.078,0,1.31,0.004,0,84.80,0.289,100,0.57,12.001,57,26.67,0.00,0,11.2,0.592
814,8999.925,AllocLarge,2B,0.387,0.0,0.000,0.00,19.786,19.794,2,9.380,1.091,0,98.98,0.004,0,84.80,0.289,100,0.57,18.401,47,52.18,0.00,0,5.3,0.156
815,9005.514,AllocLarge,2B,0.472,14.3,0.000,0.00,20.594,13.393,2,9.380,1.091,0,1.29,0.004,0,84.80,0.289,100,0.57,12.001,57,26.67,0.00,0,7.5,0.221
816,9014.157,AllocLarge,2B,0.372,11.1,0.000,0.00,19.799,19.807,2,9.380,1.105,0,99.00,0.004,0,84.80,0.289,100,0.57,18.401,47,52.18,0.00,0,4.7,0.112
817,9019.762,AllocLarge,2B,0.388,14.3,0.103,16.50,20.607,13.407,2,9.380,1.105,0,1.28,0.004,0,84.80,0.289,100,0.57,12.001,57,26.67,0.00,0,6.2,0.132
818,9028.122,AllocLarge,2B,0.346,11.1,0.000,0.00,19.813,19.821,2,9.380,1.118,0,99.01,0.004,0,84.80,0.289,100,0.57,18.401,47,52.18,0.00,0,4.5,0.118
819,9033.561,AllocLarge,2B,0.372,16.7,0.000,0.00,20.621,13.420,2,9.380,1.118,0,1.26,0.004,0,84.80,0.289,100,0.57,12.001,57,26.67,0.00,0,6.1,0.144
820,9042.195,AllocLarge,2B,0.748,10.0,0.000,0.00,19.826,19.834,2,9.380,1.132,0,99.02,0.004,0,84.80,0.289,100,0.57,18.401,47,52.18,0.00,0,8.9,0.520
821,9047.920,AllocLarge,2B,0.996,25.0,0.103,15.67,20.634,13.434,2,9.380,1.132,0,1.24,0.004,0,84.80,0.289,100,0.57,12.001,57,26.67,0.00,0,15.2,0.761
822,9056.919,AllocLarge,2B,0.357,12.5,0.000,0.00,19.840,19.848,2,9.380,1.145,0,99.03,0.004,0,84.80,0.289,100,0.57,18.401,47,52.18,0.00,0,4.6,0.128
823,9062.509,AllocLarge,2B,0.806,12.5,0.000,0.00,20.648,13.447,2,9.380,1.145,0,1.23,0.004,0,84.80,0.289,100,0.57,12.001,57,26.67,0.00,0,12.3,0.565
824,9070.828,AllocLarge,2B,0.329,0.0,0.103,14.11,19.853,19.861,2,9.380,1.159,0,99.04,0.004,0,84.80,0.289,100,0.57,18.401,47,52.18,0.00,0,4.5,0.100
825,9076.363,AllocLarge,2B,0.914,12.5,0.000,0.00,20.661,13.461,2,9.380,1.159,0,1.22,0.004,0,84.80,0.289,100,0.57,12.001,57,26.67,0.00,0,13.3,0.624
826,9085.116,AllocLarge,2B,0.337,12.5,0.000,0.00,19.866,19.875,2,9.380,1.172,0,99.05,0.004,0,84.80,0.289,100,0.57,18.401,47,52.18,0.00,0,4.5,0.103
827,9091.150,AllocLarge,2B,0.337,14.3,0.000,0.00,20.675,13.474,2,9.380,1.172,0,1.20,0.004,0,84.80,0.289,100,0.57,12.001,57,26.67,0.00,0,5.1,0.081
828,9100.375,AllocLarge,2B,0.431,11.1,0.110,12.57,19.880,19.888,2,9.380,1.186,0,99.06,0.004,0,84.80,0.289,100,0.57,18.401,47,52.18,0.00,0,4.9,0.171
829,9105.830,AllocLarge,2B,2.164,27.3,0.000,0.00,21.488,14.296,2,10.180,1.194,0,1.19,0.004,0,84.80,0.289,100,0.57,12.801,59,25.00,0.00,0,28.0,1.906
830,9120.749,AllocLarge,2B,0.372,0.0,0.000,0.00,25.503,24.711,2,9.380,1.208,0,99.08,0.004,0,84.80,0.289,100,0.57,23.201,36,62.07,0.00,0,3.0,0.114
831,9126.426,AllocLarge,2B,1.427,20.0,0.000,0.00,26.311,13.510,2,9.380,1.208,0,0.55,0.004,0,84.80,0.289,100,0.57,12.001,57,26.67,0.00,0,17.7,1.136
832,9137.697,AllocLarge,2B,0.508,8.3,0.103,11.39,21.516,19.924,2,9.380,1.221,0,99.09,0.004,0,84.80,0.289,100,0.57,18.401,43,52.18,0.00,0,5.6,0.220
833,9144.033,AllocLarge,2B,1.474,30.0,0.000,0.00,20.724,13.532,2,9.380,1.230,0,1.18,0.004,0,84.80,0.289,100,0.57,12.001,57,26.67,0.00,0,18.1,1.139
834,9154.663,AllocLarge,2B,1.095,10.0,0.000,0.00,19.937,19.945,2,9.380,1.243,0,99.11,0.004,0,84.80,0.289,100,0.57,18.401,47,52.18,0.00,0,11.6,0.846
835,9160.554,AllocLarge,2B,0.987,22.2,0.104,16.11,20.745,13.545,2,9.380,1.243,0,1.10,0.004,0,84.80,0.289,100,0.57,12.001,57,26.67,0.00,0,15.2,0.722
836,9170.228,AllocLarge,2B,2.333,16.7,0.000,0.00,20.751,20.767,2,10.180,1.265,0,98.48,0.004,0,84.80,0.289,100,0.57,19.201,49,50.00,0.00,0,22.5,2.062
837,9178.905,AllocLarge,2B,1.940,20.0,0.000,0.00,23.168,15.967,2,9.380,1.265,0,0.71,0.004,0,84.80,0.289,100,0.57,14.401,45,38.89,0.00,0,22.0,1.615
838,9185.316,AllocLarge,2B,1.919,25.0,0.000,0.00,18.367,16.775,2,9.380,1.273,0,99.13,0.004,0,84.80,0.289,100,0.57,15.201,52,42.11,0.00,0,32.9,1.683
839,9193.793,AllocLarge,2B,0.512,12.5,0.107,15.24,19.976,19.976,2,9.380,1.273,0,1.69,0.004,0,84.80,0.289,100,0.57,18.401,47,52.18,0.00,0,7.3,0.272
840,9199.901,AllocLarge,2B,0.418,14.3,0.000,0.00,20.776,13.575,2,9.380,1.273,0,1.11,0.004,0,84.80,0.289,100,0.57,12.001,57,26.67,0.00,0,6.3,0.189
841,9208.193,AllocLarge,2B,0.348,11.1,0.000,0.00,19.981,19.989,2,9.380,1.286,0,99.14,0.004,0,84.80,0.289,100,0.57,18.401,47,52.18,0.00,0,4.6,0.105
842,9214.234,AllocLarge,2B,1.005,22.2,0.000,0.00,20.789,13.589,2,9.380,1.286,0,1.10,0.004,0,84.80,0.289,100,0.57,12.001,57,26.67,0.00,0,13.8,0.749
843,9222.870,AllocLarge,2B,0.530,12.5,0.105,13.79,19.994,20.002,2,9.380,1.300,0,99.15,0.004,0,84.80,0.289,100,0.57,18.401,47,52.18,0.00,0,7.0,0.281
844,9228.332,AllocLarge,2B,1.255,25.0,0.000,0.00,20.802,13.602,2,9.380,1.300,0,1.09,0.004,0,84.80,0.289,100,0.57,12.001,57,26.67,0.00,0,18.3,0.943
845,9237.494,AllocLarge,2B,0.601,0.0,0.000,0.00,20.008,20.016,2,9.380,1.313,0,99.15,0.004,0,84.80,0.289,100,0.57,18.401,47,52.18,0.00,0,7.7,0.329
846,9242.986,AllocLarge,2B,0.409,12.5,0.000,0.00,20.816,13.615,2,9.380,1.313,0,1.07,0.004,0,84.80,0.289,100,0.57,12.001,57,26.67,0.00,0,7.0,0.163
847,9251.992,AllocLarge,2B,1.606,18.2,0.103,10.58,20.021,20.029,2,9.380,1.327,0,99.20,0.004,0,84.80,0.289,100,0.57,18.401,47,52.18,0.00,0,16.5,1.329
848,9257.602,AllocLarge,2B,2.180,30.0,0.000,0.00,21.629,14.429,2,10.180,1.327,0,0.33,0.004,0,84.80,0.289,100,0.57,12.801,59,25.00,0.00,0,32.3,1.912
849,9273.660,AllocLarge,2B,0.562,7.1,0.000,0.00,25.646,24.854,2,9.380,1.351,0,99.18,0.004,0,84.80,0.289,100,0.57,23.201,36,62.07,0.00,0,4.1,0.333
850,9279.851,AllocLarge,2B,0.481,20.0,0.105,14.45,26.454,13.653,2,9.380,1.351,0,0.49,0.004,0,84.80,0.289,100,0.57,12.001,57,26.67,0.00,0,6.6,0.161
851,9288.914,AllocLarge,2B,1.307,11.1,0.000,0.00,21.659,20.067,2,9.380,1.364,0,99.19,0.004,0,84.80,0.289,100,0.57,18.401,43,52.18,0.00,0,15.0,1.038
852,9295.813,AllocLarge,2B,0.450,14.3,0.000,0.00,20.867,13.666,2,9.380,1.364,0,1.03,0.004,0,84.80,0.289,100,0.57,12.001,57,26.67,0.00,0,6.7,0.148
853,9304.701,AllocLarge,2B,1.520,10.0,0.000,0.00,20.072,20.080,2,9.380,1.378,0,99.19,0.004,0,84.80,0.289,100,0.57,18.401,47,52.18,0.00,0,16.3,1.265
854,9310.523,AllocLarge,2B,0.595,22.2,0.103,16.40,20.880,13.680,2,9.380,1.378,0,1.02,0.004,0,84.80,0.289,100,0.57,12.001,57,26.67,0.00,0,9.5,0.274
855,9319.753,AllocLarge,2B,2.343,16.7,0.000,0.00,20.886,20.894,2,10.180,1.391,0,98.03,0.004,0,84.80,0.289,100,0.57,19.201,49,50.00,0.00,0,24.4,2.070
856,9328.848,AllocLarge,2B,0.658,20.0,0.000,0.00,23.294,16.094,2,9.380,1.391,0,2.20,0.004,0,84.80,0.289,100,0.57,14.401,45,38.89,0.00,0,8.4,0.367
857,9334.252,AllocLarge,2B,0.427,0.0,0.000,0.00,16.894,16.894,2,9.380,1.391,0,1.02,0.004,0,84.80,0.289,100,0.57,15.201,57,42.11,0.00,0,9.0,0.191
858,9342.163,AllocLarge,2B,0.303,11.1,0.110,14.03,20.099,20.116,2,9.380,1.413,0,98.66,0.004,0,84.80,0.289,100,0.57,18.401,47,52.18,0.00,0,3.9,0.081
859,9348.508,AllocLarge,2B,1.583,20.0,0.000,0.00,20.908,13.707,2,9.380,1.405,0,0.50,0.004,0,84.80,0.289,100,0.57,12.001,57,26.67,0.00,0,19.1,1.334
860,9357.810,AllocLarge,2B,1.473,18.2,0.000,0.00,21.713,20.121,2,9.380,1.418,0,99.25,0.004,0,84.80,0.289,100,0.57,18.401,43,52.18,0.00,0,17.2,1.224
861,9363.397,AllocLarge,2B,1.035,28.6,0.103,17.93,20.921,13.721,2,9.380,1.418,0,0.99,0.004,0,84.80,0.289,100,0.57,12.001,57,26.67,0.00,0,18.0,0.805
862,9371.821,AllocLarge,2B,0.344,0.0,0.000,0.00,20.126,20.135,2,9.380,1.432,0,99.23,0.004,0,84.80,0.289,100,0.57,18.401,47,52.18,0.00,0,4.8,0.109
863,9377.345,AllocLarge,2B,0.560,12.5,0.000,0.00,20.935,13.734,2,9.380,1.432,0,0.99,0.004,0,84.80,0.289,100,0.57,12.001,57,26.67,0.00,0,8.7,0.244
864,9387.323,AllocLarge,2B,0.359,0.0,0.000,0.00,20.140,20.148,2,9.380,1.445,0,99.23,0.004,0,84.80,0.289,100,0.57,18.401,47,52.18,0.00,0,4.0,0.130
865,9392.715,AllocLarge,2B,1.714,20.0,0.103,13.81,20.948,13.748,2,9.380,1.445,0,0.46,0.004,0,84.80,0.289,100,0.57,12.001,57,26.67,0.00,0,23.0,1.452
866,9403.129,AllocLarge,2B,0.655,10.0,0.000,0.00,21.753,20.162,2,9.380,1.459,0,99.24,0.004,0,84.80,0.289,100,0.57,18.401,43,52.18,0.00,0,7.5,0.430
867,9408.545,AllocLarge,2B,0.386,16.7,0.000,0.00,20.962,13.761,2,9.380,1.459,0,0.96,0.004,0,84.80,0.289,100,0.57,12.001,57,26.67,0.00,0,6.7,0.157
868,9417.282,AllocLarge,2B,0.338,0.0,0.103,12.68,20.167,20.175,2,9.380,1.472,0,99.25,0.004,0,84.80,0.289,100,0.57,18.401,47,52.18,0.00,0,4.2,0.102
869,9422.659,AllocLarge,2B,2.134,27.3,0.000,0.00,21.775,14.583,2,10.180,1.481,0,0.96,0.004,0,84.80,0.289,100,0.57,12.801,59,25.00,0.00,0,27.7,1.894
870,9436.760,AllocLarge,2B,0.757,0.0,0.000,0.00,25.790,24.998,2,9.380,1.495,0,99.26,0.004,0,84.80,0.289,100,0.57,23.201,36,62.07,0.00,0,6.2,0.501
871,9442.653,AllocLarge,2B,0.827,22.2,0.000,0.00,26.598,13.797,2,9.380,1.495,0,0.95,0.004,0,84.80,0.289,100,0.57,12.001,57,26.67,0.00,0,11.3,0.511
872,9451.671,AllocLarge,2B,0.384,0.0,0.103,14.22,20.203,20.211,2,9.380,1.508,0,99.26,0.004,0,84.80,0.289,100,0.57,18.401,47,52.18,0.00,0,5.3,0.158
873,9457.328,AllocLarge,2B,0.390,14.3,0.000,0.00,21.011,13.810,2,9.380,1.508,0,0.93,0.004,0,84.80,0.289,100,0.57,12.001,57,26.67,0.00,0,6.2,0.164
874,9465.834,AllocLarge,2B,1.398,18.2,0.000,0.00,20.216,20.224,2,9.380,1.522,0,99.27,0.004,0,84.80,0.289,100,0.57,18.401,47,52.18,0.00,0,15.7,1.123
875,9471.549,AllocLarge,2B,2.011,30.0,0.105,14.97,21.024,13.824,2,9.380,1.522,0,0.03,0.004,0,84.80,0.289,100,0.57,12.001,57,26.67,0.00,0,28.8,1.753
876,9482.226,AllocLarge,2B,0.627,11.1,0.000,0.00,21.837,20.245,2,9.380,1.542,0,99.28,0.004,0,84.80,0.289,100,0.57,18.401,43,52.18,0.00,0,7.2,0.400
877,9487.816,AllocLarge,2B,0.960,12.5,0.000,0.00,21.045,13.845,2,9.380,1.542,0,0.92,0.004,0,84.80,0.289,100,0.57,12.001,57,26.67,0.00,0,14.8,0.724
878,9497.032,AllocLarge,2B,0.826,10.0,0.000,0.00,21.050,20.258,2,9.380,1.556,0,99.29,0.004,0,84.80,0.289,100,0.57,18.401,45,52.18,0.00,0,9.4,0.510
879,9502.914,AllocLarge,2B,1.008,25.0,0.103,16.24,21.058,13.858,2,9.380,1.556,0,0.91,0.004,0,84.80,0.289,100,0.57,12.001,57,26.67,0.00,0,15.9,0.783
880,9511.444,AllocLarge,2B,0.970,11.1,0.000,0.00,20.264,20.272,2,9.380,1.569,0,99.29,0.004,0,84.80,0.289,100,0.57,18.401,47,52.18,0.00,0,12.2,0.682
881,9517.593,AllocLarge,2B,0.494,12.5,0.000,0.00,21.072,13.871,2,9.380,1.569,0,0.90,0.004,0,84.80,0.289,100,0.57,12.001,57,26.67,0.00,0,7.9,0.275
882,9525.702,AllocLarge,2B,0.372,12.5,0.000,0.00,20.277,20.285,2,9.380,1.583,0,99.30,0.004,0,84.80,0.289,100,0.57,18.401,47,52.18,0.00,0,5.0,0.098
883,9531.432,AllocLarge,2B,1.059,22.2,0.103,14.71,21.085,13.885,2,9.380,1.583,0,0.89,0.004,0,84.80,0.289,100,0.57,12.001,57,26.67,0.00,0,15.2,0.809
884,9539.833,AllocLarge,2B,0.609,12.5,0.000,0.00,20.291,20.299,2,9.380,1.596,0,99.30,0.004,0,84.80,0.289,100,0.57,18.401,47,52.18,0.00,0,8.2,0.346
885,9545.716,AllocLarge,2B,1.028,22.2,0.000,0.00,21.099,13.898,2,9.380,1.596,0,0.41,0.004,0,84.80,0.289,100,0.57,12.001,57,26.67,0.00,0,14.6,0.728
886,9554.599,AllocLarge,2B,0.331,12.5,0.102,13.79,21.104,20.312,2,9.380,1.610,0,99.31,0.004,0,84.80,0.289,100,0.57,18.401,45,52.18,0.00,0,4.5,0.079
887,9560.540,AllocLarge,2B,0.909,20.0,0.000,0.00,21.112,13.912,2,9.380,1.610,0,0.87,0.004,0,84.80,0.289,100,0.57,12.001,57,26.67,0.00,0,12.4,0.625
888,9569.607,AllocLarge,2B,0.335,0.0,0.000,0.00,20.318,20.326,2,9.380,1.623,0,99.32,0.004,0,84.80,0.289,100,0.57,18.401,47,52.18,0.00,0,4.3,0.110
889,9575.071,AllocLarge,2B,0.339,14.3,0.000,0.00,21.126,13.925,2,9.380,1.623,0,0.87,0.004,0,84.80,0.289,100,0.57,12.001,57,26.67,0.00,0,5.6,0.109
890,9584.620,AllocLarge,2B,0.333,0.0,0.103,11.49,20.331,20.339,2,9.380,1.637,0,99.32,0.004,0,84.80,0.289,100,0.57,18.401,47,52.18,0.00,0,3.7,0.102
891,9590.188,AllocLarge,2B,0.399,25.0,0.000,0.00,21.139,13.939,2,9.380,1.637,0,0.86,0.004,0,84.80,0.289,100,0.57,12.001,57,26.67,0.00,0,6.5,0.111
892,9600.787,AllocLarge,2B,0.364,0.0,0.000,0.00,20.345,20.353,2,9.380,1.650,0,99.33,0.004,0,84.80,0.289,100,0.57,18.401,47,52.18,0.00,0,3.6,0.138
893,9606.363,AllocLarge,2B,1.004,12.5,0.000,0.00,21.153,13.952,2,9.380,1.650,0,0.85,0.004,0,84.80,0.289,100,0.57,12.001,57,26.67,0.00,0,14.8,0.762
894,9615.480,AllocLarge,2B,1.151,20.0,0.103,11.81,20.358,20.366,2,9.380,1.664,0,99.33,0.004,0,84.80,0.289,100,0.57,18.401,47,52.18,0.00,0,13.2,0.889
895,9621.113,AllocLarge,2B,2.155,33.3,0.000,0.00,21.966,14.774,2,10.180,1.672,0,0.85,0.004,0,84.80,0.289,100,0.57,12.801,59,25.00,0.00,0,30.1,1.887
896,9635.465,AllocLarge,2B,0.836,7.1,0.000,0.00,25.981,25.189,2,9.380,1.686,0,99.34,0.004,0,84.80,0.289,100,0.57,23.201,36,62.07,0.00,0,6.7,0.585
897,9641.149,AllocLarge,2B,2.204,30.0,0.105,13.15,27.589,14.796,2,10.180,1.694,0,0.84,0.004,0,84.80,0.289,100,0.57,12.801,59,25.00,0.00,0,27.5,1.924
898,9656.377,AllocLarge,2B,0.482,0.0,0.000,0.00,26.003,25.211,2,9.380,1.708,0,99.35,0.004,0,84.80,0.289,100,0.57,23.201,36,62.07,0.00,0,3.8,0.245
899,9662.449,AllocLarge,2B,0.743,22.2,0.000,0.00,26.811,14.011,2,9.380,1.708,0,0.39,0.004,0,84.80,0.289,100,0.57,12.001,57,26.67,0.00,0,9.6,0.439
900,9671.571,AllocLarge,2B,0.434,12.5,0.000,0.00,22.016,20.424,2,9.380,1.722,0,99.36,0.004,0,84.80,0.289,100,0.57,18.401,43,52.18,0.00,0,5.8,0.189
901,9677.076,AllocLarge,2B,1.335,22.2,0.103,14.64,21.224,14.024,2,9.380,1.722,0,0.82,0.004,0,84.80,0.289,100,0.57,12.001,57,26.67,0.00,0,18.9,1.099
902,9686.197,AllocLarge,2B,2.130,27.3,0.000,0.00,20.430,20.438,2,9.380,1.735,0,99.36,0.004,0,84.80,0.289,100,0.57,18.401,47,52.18,0.00,0,22.9,1.897
903,9692.173,AllocLarge,2B,0.344,20.0,0.000,0.00,21.238,14.037,2,9.380,1.735,0,0.81,0.004,0,84.80,0.289,100,0.57,12.001,57,26.67,0.00,0,7.1,0.110
904,9702.449,AllocLarge,2B,0.859,9.1,0.103,10.16,20.443,20.451,2,9.380,1.749,0,99.37,0.004,0,84.80,0.289,100,0.57,18.401,47,52.18,0.00,0,8.5,0.593
905,9707.888,AllocLarge,2B,0.657,16.7,0.000,0.00,21.251,14.051,2,9.380,1.749,0,0.81,0.004,0,84.80,0.289,100,0.57,12.001,57,26.67,0.00,0,11.1,0.419
906,9718.496,AllocLarge,2B,1.653,14.3,0.000,0.00,20.457,20.465,2,9.380,1.762,0,99.37,0.004,0,84.80,0.289,100,0.57,18.401,47,52.18,0.00,0,15.2,1.391
907,9724.094,AllocLarge,2B,0.629,16.7,0.000,0.00,21.265,14.064,2,9.380,1.762,0,0.80,0.004,0,84.80,0.289,100,0.57,12.001,57,26.67,0.00,0,12.0,0.405
908,9734.699,AllocLarge,2B,0.330,0.0,0.102,10.62,20.470,20.478,2,9.380,1.776,0,99.38,0.004,0,84.80,0.289,100,0.57,18.401,47,52.18,0.00,0,3.4,0.101
909,9740.247,AllocLarge,2B,0.960,25.0,0.000,0.00,21.278,14.078,2,9.380,1.776,0,0.79,0.004,0,84.80,0.289,100,0.57,12.001,57,26.67,0.00,0,14.0,0.721
910,9749.881,AllocLarge,2B,0.376,0.0,0.000,0.00,20.484,20.492,2,9.380,1.789,0,99.38,0.004,0,84.80,0.289,100,0.57,18.401,47,52.18,0.00,0,4.5,0.109
911,9755.216,AllocLarge,2B,2.155,27.3,0.000,0.00,22.092,14.900,2,10.180,1.797,0,0.79,0.004,0,84.80,0.289,100,0.57,12.801,59,25.00,0.00,0,28.1,1.885
912,9769.984,AllocLarge,2B,1.503,13.3,0.105,7.72,26.106,25.315,2,9.380,1.812,0,99.39,0.004,0,84.80,0.289,100,0.57,23.201,36,62.07,0.00,0,11.1,1.257
913,9775.954,AllocLarge,2B,0.500,25.0,0.000,0.00,26.915,14.114,2,9.380,1.812,0,0.78,0.004,0,84.80,0.289,100,0.57,12.001,57,26.67,0.00,0,8.4,0.185
914,9787.831,AllocLarge,2B,2.370,20.0,0.000,0.00,20.519,20.536,2,9.380,1.833,0,98.97,0.004,0,84.80,0.289,100,0.57,18.401,47,52.18,0.00,0,18.6,2.087
915,9795.572,AllocLarge,2B,0.605,14.3,0.103,15.27,21.328,14.128,2,9.380,1.825,0,0.77,0.004,0,84.80,0.289,100,0.57,12.001,57,26.67,0.00,0,8.9,0.293
916,9808.195,AllocLarge,2B,0.328,8.3,0.000,0.00,20.533,20.541,2,9.380,1.839,0,99.40,0.004,0,84.80,0.289,100,0.57,18.401,47,52.18,0.00,0,2.8,0.084
917,9814.696,AllocLarge,2B,0.511,22.2,0.000,0.00,21.342,14.141,2,9.380,1.839,0,0.76,0.004,0,84.80,0.289,100,0.57,12.001,57,26.67,0.00,0,7.0,0.269
918,9823.243,AllocLarge,2B,0.402,12.5,0.000,0.00,20.547,20.555,2,9.380,1.852,0,99.40,0.004,0,84.80,0.289,100,0.57,18.401,47,52.18,0.00,0,5.2,0.175
919,9828.669,AllocLarge,2B,0.555,12.5,0.103,16.33,21.355,14.155,2,9.380,1.852,0,0.76,0.004,0,84.80,0.289,100,0.57,12.001,57,26.67,0.00,0,8.8,0.298
920,9837.424,AllocLarge,2B,1.289,18.2,0.000,0.00,20.560,20.568,2,9.380,1.866,0,99.41,0.004,0,84.80,0.289,100,0.57,18.401,47,52.18,0.00,0,14.7,1.060
921,9842.790,AllocLarge,2B,1.887,30.0,0.000,0.00,21.368,14.168,2,9.380,1.866,0,0.35,0.004,0,84.80,0.289,100,0.57,12.001,57,26.67,0.00,0,28.2,1.584
922,9852.895,AllocLarge,2B,0.337,0.0,0.102,13.19,22.174,20.582,2,9.380,1.879,0,99.41,0.004,0,84.80,0.289,100,0.57,18.401,43,52.18,0.00,0,4.3,0.082
923,9858.182,AllocLarge,2B,0.798,12.5,0.000,0.00,21.382,14.181,2,9.380,1.879,0,0.75,0.004,0,84.80,0.289,100,0.57,12.001,57,26.67,0.00,0,12.5,0.544
924,9868.776,AllocLarge,2B,0.425,0.0,0.000,0.00,20.587,20.595,2,9.380,1.893,0,99.41,0.004,0,84.80,0.289,100,0.57,18.401,47,52.18,0.00,0,4.4,0.186
925,9877.521,AllocLarge,2B,0.877,18.2,0.000,0.00,21.395,14.195,2,9.380,1.893,0,0.75,0.004,0,84.80,0.289,100,0.57,12.001,57,26.67,0.00,0,8.8,0.620
926,9888.422,AllocLarge,2B,0.394,0.0,0.103,10.61,20.601,20.609,2,9.380,1.906,0,99.42,0.004,0,84.80,0.289,100,0.57,18.401,47,52.18,0.00,0,4.1,0.160
927,9894.111,AllocLarge,2B,1.092,22.2,0.000,0.00,21.409,14.208,2,9.380,1.906,0,0.74,0.004,0,84.80,0.289,100,0.57,12.001,57,26.67,0.00,0,15.6,0.798
928,9904.192,AllocLarge,2B,0.682,11.1,0.000,0.00,20.614,20.622,2,9.380,1.920,0,99.42,0.004,0,84.80,0.289,100,0.57,18.401,47,52.18,0.00,0,7.5,0.441
929,9910.612,AllocLarge,2B,1.000,20.0,0.000,0.00,21.422,14.222,2,9.380,1.920,0,0.73,0.004,0,84.80,0.289,100,0.57,12.001,57,26.67,0.00,0,13.4,0.661
930,9924.926,AllocLarge,2B,0.419,0.0,0.103,7.89,20.628,20.636,2,9.380,1.933,0,99.43,0.004,0,84.80,0.289,100,0.57,18.401,47,52.18,0.00,0,3.2,0.113
931,9934.256,AllocLarge,2B,1.283,15.4,0.000,0.00,21.436,14.235,2,9.380,1.933,0,0.73,0.004,0,84.80,0.289,100,0.57,12.001,57,26.67,0.00,0,11.7,0.830
932,9948.474,AllocLarge,2B,0.502,7.7,0.000,0.00,20.641,20.649,2,9.380,1.947,0,99.43,0.004,0,84.80,0.289,100,0.57,18.401,47,52.18,0.00,0,4.0,0.114
933,9957.057,AllocLarge,2B,0.807,16.7,0.000,0.00,21.449,14.249,2,9.380,1.947,0,0.72,0.004,0,84.80,0.289,100,0.57,12.001,57,26.67,0.00,0,8.4,0.470
934,9969.857,AllocLarge,2B,1.365,15.4,0.105,8.33,20.655,20.663,2,9.380,1.960,0,99.43,0.004,0,84.80,0.289,100,0.57,18.401,47,52.18,0.00,0,10.8,1.032
935,9978.217,AllocLarge,2B,0.587,18.2,0.000,0.00,21.463,14.262,2,9.380,1.960,0,0.72,0.004,0,84.80,0.289,100,0.57,12.001,57,26.67,0.00,0,6.8,0.199
936,9992.627,AllocLarge,2B,0.423,7.1,0.000,0.00,20.668,20.676,2,9.380,1.974,0,99.44,0.004,0,84.80,0.289,100,0.57,18.401,47,52.18,0.00,0,3.2,0.144
937,10000.730,AllocLarge,2B,2.324,21.4,0.103,9.47,21.476,14.276,2,9.380,1.974,0,0.34,0.004,0,84.80,0.289,100,0.57,12.001,57,26.67,0.00,0,21.4,1.982
938,10015.318,AllocLarge,2B,0.558,7.1,0.000,0.00,22.282,20.690,2,9.380,1.987,0,99.44,0.004,0,84.80,0.289,100,0.57,18.401,43,52.18,0.00,0,4.7,0.279
939,10024.154,AllocLarge,2B,2.383,23.1,0.000,0.00,23.090,15.906,2,10.980,2.004,0,0.73,0.004,0,84.80,0.289,100,0.57,13.601,61,23.53,0.00,0,21.2,1.958
940,10054.355,AllocLarge,2B,2.491,6.3,0.102,3.45,31.925,31.933,2,9.380,2.029,0,99.45,0.004,0,84.80,0.289,100,0.57,29.602,29,70.27,0.00,0,8.4,2.236
941,10061.583,AllocLarge,2B,0.620,30.0,0.000,0.00,32.733,12.732,2,9.380,2.029,0,0.48,0.004,0,84.80,0.289,100,0.57,10.400,64,15.39,0.00,0,7.4,0.173
942,10081.741,AllocLarge,2B,0.618,5.3,0.000,0.00,25.544,23.952,2,9.380,2.049,0,99.46,0.004,0,84.80,0.289,100,0.57,21.601,37,59.26,0.00,0,3.6,0.304
943,10090.357,AllocLarge,2B,2.393,21.4,0.105,9.10,26.352,15.160,2,10.180,2.057,0,0.69,0.004,0,84.80,0.289,100,0.57,12.801,59,25.00,0.00,0,20.7,2.097
944,10112.300,AllocLarge,2B,1.588,9.5,0.000,0.00,26.366,25.574,2,9.380,2.071,0,99.46,0.004,0,84.80,0.289,100,0.57,23.201,36,62.07,0.00,0,8.0,1.286
945,10121.268,AllocLarge,2B,1.339,23.1,0.000,0.00,27.174,14.382,2,9.380,2.080,0,0.32,0.004,0,84.80,0.289,100,0.57,12.001,57,26.67,0.00,0,13.7,1.051
946,10132.928,AllocLarge,2B,0.841,10.0,0.103,10.22,22.387,20.795,2,9.380,2.092,0,99.47,0.004,0,84.80,0.289,100,0.57,18.401,43,52.18,0.00,0,8.4,0.606
947,10141.623,AllocLarge,2B,1.569,23.1,0.000,0.00,21.595,14.395,2,9.380,2.092,0,0.65,0.004,0,84.80,0.289,100,0.57,12.001,57,26.67,0.00,0,15.6,1.294
948,10153.391,AllocLarge,2B,0.343,0.0,0.000,0.00,20.801,20.809,2,9.380,2.106,0,99.47,0.004,0,84.80,0.289,100,0.57,18.401,47,52.18,0.00,0,3.5,0.112
949,10160.248,AllocLarge,2B,1.055,20.0,0.000,0.00,21.609,14.409,2,9.380,2.106,0,0.67,0.004,0,84.80,0.289,100,0.57,12.001,57,26.67,0.00,0,12.7,0.752
950,10172.720,AllocLarge,2B,0.388,0.0,0.110,10.02,20.814,20.823,2,9.380,2.120,0,99.48,0.004,0,84.80,0.289,100,0.57,18.401,47,52.18,0.00,0,3.5,0.117
951,10180.510,AllocLarge,2B,0.685,10.0,0.000,0.00,21.623,14.422,2,9.380,2.120,0,0.66,0.004,0,84.80,0.289,100,0.57,12.001,57,26.67,0.00,0,7.7,0.312
952,10193.329,AllocLarge,2B,1.224,14.3,0.000,0.00,20.828,20.836,2,9.380,2.133,0,99.48,0.004,0,84.80,0.289,100,0.57,18.401,47,52.18,0.00,0,9.8,0.966
953,10199.396,AllocLarge,2B,0.577,25.0,0.000,0.00,21.636,14.436,2,9.380,2.133,0,0.66,0.004,0,84.80,0.289,100,0.57,12.001,57,26.67,0.00,0,9.3,0.283
954,10207.739,AllocLarge,2B,1.076,30.0,0.103,12.62,20.841,20.850,2,9.380,2.147,0,99.48,0.004,0,84.80,0.289,100,0.57,18.401,47,52.18,0.00,0,13.2,0.787
955,10213.370,AllocLarge,2B,1.780,33.3,0.000,0.00,21.650,14.449,2,9.380,2.147,0,0.31,0.004,0,84.80,0.289,100,0.57,12.001,57,26.67,0.00,0,24.9,1.489
956,10227.311,AllocLarge,2B,0.473,0.0,0.000,0.00,21.655,20.863,2,9.380,2.160,0,99.49,0.004,0,84.80,0.289,100,0.57,18.401,45,52.18,0.00,0,4.0,0.174
957,10236.013,AllocLarge,2B,0.839,11.1,0.000,0.00,21.663,14.463,2,9.380,2.160,0,0.65,0.004,0,84.80,0.289,100,0.57,12.001,57,26.67,0.00,0,8.8,0.569
958,10246.680,AllocSmall,0N,0.253,0.0,0.015,1.65,17.664,15.503,2,0.002,0.001,0,81.43,0.004,NaN,35.80,0.289,NaN,0.57,15.201,NaN,0.00,0.00,1,2.7,0.007
959,10248.561,AllocLarge,2B,0.865,25.0,0.000,0.00,18.708,18.716,2,9.380,0.013,0,19.96,0.004,0,81.00,0.289,100,0.57,18.401,47,52.18,0.00,0,32.2,0.619
960,10257.379,AllocLarge,2B,0.538,9.1,0.000,0.00,19.527,12.335,2,9.380,0.033,0,65.87,0.004,0,84.80,0.289,100,0.57,12.001,57,26.67,0.00,0,5.8,0.258
961,10270.414,AllocLarge,2B,0.624,7.7,0.000,0.00,18.735,18.735,2,9.380,0.033,0,63.98,0.004,0,84.80,0.289,100,0.57,18.401,47,52.18,0.00,0,5.0,0.293
962,10277.434,AllocLarge,2B,0.596,12.5,0.000,0.00,19.535,12.335,2,9.380,0.033,0,35.11,0.004,0,84.80,0.289,100,0.57,12.001,57,26.67,0.00,0,7.5,0.166
963,10288.985,AllocLarge,2B,2.342,14.3,0.102,8.25,18.743,18.751,2,9.380,0.049,0,77.20,0.004,0,84.80,0.289,100,0.57,18.401,47,52.18,0.00,0,18.9,1.947
964,10298.240,AllocLarge,2B,1.165,18.2,0.000,0.00,19.551,12.351,2,9.380,0.049,0,13.63,0.004,0,84.80,0.289,100,0.57,12.001,57,26.67,0.00,0,13.2,0.790
965,10309.586,AllocLarge,2B,0.846,8.3,0.000,0.00,20.357,18.765,2,9.380,0.062,0,82.13,0.004,0,84.80,0.289,100,0.57,18.401,43,52.18,0.00,0,8.2,0.378
966,10317.365,AllocLarge,2B,0.835,18.2,0.000,0.00,19.565,12.364,2,9.380,0.062,0,22.70,0.004,0,84.80,0.289,100,0.57,12.001,57,26.67,0.00,0,10.0,0.463
967,10328.011,AllocLarge,2B,0.816,10.0,0.103,10.25,18.770,18.778,2,9.380,0.076,0,85.32,0.004,0,84.80,0.289,100,0.57,18.401,47,52.18,0.00,0,8.1,0.572
968,10334.322,AllocLarge,2B,0.653,12.5,0.000,0.00,19.578,12.378,2,9.380,0.076,0,18.60,0.004,0,84.80,0.289,100,0.57,12.001,57,26.67,0.00,0,9.6,0.338
969,10344.185,AllocLarge,2B,1.166,10.0,0.000,0.00,18.784,18.792,2,9.380,0.089,0,87.55,0.004,0,84.80,0.289,100,0.57,18.401,47,52.18,0.00,0,12.0,0.895
970,10350.263,AllocLarge,2B,0.442,16.7,0.000,0.00,19.592,12.391,2,9.380,0.089,0,15.86,0.004,0,84.80,0.289,100,0.57,12.001,57,26.67,0.00,0,7.5,0.199
971,10362.078,AllocLarge,2B,0.501,0.0,0.105,9.24,18.797,18.805,2,9.380,0.103,0,89.18,0.004,0,84.80,0.289,100,0.57,18.401,47,52.18,0.00,0,4.4,0.202
972,10370.944,AllocLarge,2B,0.618,10.0,0.000,0.00,19.605,12.405,2,9.380,0.103,0,13.75,0.004,0,84.80,0.289,100,0.57,12.001,57,26.67,0.00,0,6.5,0.357
973,10382.102,AllocLarge,2B,0.446,0.0,0.000,0.00,18.810,18.819,2,9.380,0.116,0,90.44,0.004,0,84.80,0.289,100,0.57,18.401,47,52.18,0.00,0,4.3,0.164
974,10387.984,AllocLarge,2B,0.495,14.3,0.103,15.04,19.619,12.418,2,9.380,0.116,0,12.11,0.004,0,84.80,0.289,100,0.57,12.001,57,26.67,0.00,0,7.2,0.167
975,10397.080,AllocLarge,2B,0.442,11.1,0.000,0.00,18.824,18.832,2,9.380,0.130,0,91.79,0.004,0,84.80,0.289,100,0.57,18.401,47,52.18,0.00,0,5.4,0.100
976,10405.886,AllocLarge,2B,0.812,9.1,0.000,0.00,19.632,12.432,2,9.380,0.130,0,10.91,0.004,0,84.80,0.289,100,0.57,12.001,57,26.67,0.00,0,8.3,0.570
977,10414.635,AllocLarge,2B,0.420,14.3,0.000,0.00,19.637,18.846,2,9.380,0.143,0,92.24,0.004,0,84.80,0.289,100,0.57,18.401,45,52.18,0.00,0,5.5,0.097
978,10420.043,AllocLarge,2B,0.613,12.5,0.103,16.58,19.646,12.445,2,9.380,0.143,0,9.86,0.004,0,84.80,0.289,100,0.57,12.001,57,26.67,0.00,0,9.9,0.345
979,10433.360,AllocLarge,2B,0.376,0.0,0.000,0.00,18.851,18.859,2,9.380,0.156,0,92.91,0.004,0,84.80,0.289,100,0.57,18.401,47,52.18,0.00,0,3.0,0.128
980,10438.774,AllocLarge,2B,1.390,22.2,0.000,0.00,20.459,13.267,2,10.180,0.165,0,8.60,0.004,0,84.80,0.289,100,0.57,12.801,59,25.00,0.00,0,19.6,1.085
981,10459.053,AllocLarge,2B,0.520,0.0,0.102,5.46,24.474,23.682,2,9.380,0.179,0,93.80,0.004,0,84.80,0.289,100,0.57,23.201,36,62.07,0.00,0,2.8,0.254
982,10468.605,AllocLarge,2B,0.750,16.7,0.000,0.00,25.282,12.481,2,9.380,0.179,0,7.90,0.004,0,84.80,0.289,100,0.57,12.001,57,26.67,0.00,0,6.8,0.508
983,10481.311,AllocLarge,2B,0.689,9.1,0.000,0.00,18.887,18.895,2,9.380,0.192,0,94.23,0.004,0,84.80,0.289,100,0.57,18.401,47,52.18,0.00,0,6.0,0.445
984,10490.076,AllocLarge,2B,1.150,16.7,0.000,0.00,19.695,12.495,2,9.380,0.192,0,7.33,0.004,0,84.80,0.289,100,0.57,12.001,57,26.67,0.00,0,11.7,0.925
985,10500.816,AllocLarge,2B,0.412,10.0,0.103,10.95,18.900,18.908,2,9.380,0.206,0,94.61,0.004,0,84.80,0.289,100,0.57,18.401,47,52.18,0.00,0,4.4,0.119
986,10506.198,AllocLarge,2B,1.412,22.2,0.000,0.00,20.509,13.308,2,10.180,0.206,0,2.11,0.004,0,84.80,0.289,100,0.57,12.801,59,25.00,0.00,0,20.0,1.093
987,10519.757,AllocLarge,2B,0.776,7.1,0.000,0.00,24.525,23.733,2,9.380,0.230,0,95.17,0.004,0,84.80,0.289,100,0.57,23.201,36,62.07,0.00,0,6.3,0.504
988,10525.250,AllocLarge,2B,0.899,33.3,0.105,15.30,25.333,12.532,2,9.380,0.230,0,2.88,0.004,0,84.80,0.289,100,0.57,12.001,57,26.67,0.00,0,13.1,0.566
989,10538.104,AllocLarge,2B,0.347,0.0,0.000,0.00,20.538,18.946,2,9.380,0.243,0,95.44,0.004,0,84.80,0.289,100,0.57,18.401,43,52.18,0.00,0,3.2,0.107
990,10546.546,AllocLarge,2B,0.728,10.0,0.000,0.00,19.746,12.546,2,9.380,0.243,0,5.79,0.004,0,84.80,0.289,100,0.57,12.001,57,26.67,0.00,0,7.5,0.442
991,10556.128,AllocLarge,2B,0.535,11.1,0.000,0.00,18.951,18.960,2,9.380,0.257,0,95.68,0.004,0,84.80,0.289,100,0.57,18.401,47,52.18,0.00,0,6.2,0.169
992,10563.315,AllocLarge,2B,0.772,11.1,0.103,12.59,19.760,12.559,2,9.380,0.257,0,2.55,0.004,0,84.80,0.289,100,0.57,12.001,57,26.67,0.00,0,9.4,0.433
993,10575.030,AllocLarge,2B,1.501,14.3,0.000,0.00,20.565,18.973,2,9.380,0.270,0,95.90,0.004,0,84.80,0.289,100,0.57,18.401,43,52.18,0.00,0,12.9,1.230
994,10581.061,AllocLarge,2B,0.544,16.7,0.000,0.00,19.773,12.573,2,9.380,0.270,0,5.23,0.004,0,84.80,0.289,100,0.57,12.001,57,26.67,0.00,0,9.4,0.165
995,10592.308,AllocLarge,2B,1.744,13.3,0.000,0.00,18.978,18.986,2,9.380,0.284,0,96.09,0.004,0,84.80,0.289,100,0.57,18.401,47,52.18,0.00,0,14.9,1.364
996,10598.441,AllocLarge,2B,0.859,28.6,0.103,17.39,19.787,12.586,2,9.380,0.284,0,4.97,0.004,0,84.80,0.289,100,0.57,12.001,57,26.67,0.00,0,14.5,0.525
997,10608.433,AllocLarge,2B,0.411,10.0,0.000,0.00,18.992,19.000,2,9.380,0.297,0,96.27,0.004,0,84.80,0.289,100,0.57,18.401,47,52.18,0.00,0,4.6,0.149
998,10614.488,AllocLarge,2B,0.445,22.2,0.000,0.00,19.800,12.600,2,9.380,0.297,0,4.73,0.004,0,84.80,0.289,100,0.57,12.001,57,26.67,0.00,0,6.5,0.156
999,10624.542,AllocLarge,2B,1.706,10.0,0.103,9.70,19.005,19.013,2,9.380,0.311,0,91.18,0.004,0,84.80,0.289,100,0.57,18.401,47,52.18,0.00,0,16.1,1.410
1000,10630.634,AllocLarge,2B,1.421,30.0,0.000,0.00,21.414,12.613,2,9.380,0.311,0,7.19,0.004,0,84.80,0.289,100,0.57,12.001,52,26.67,0.00,0,22.0,1.147
1001,10643.288,AllocLarge,2B,0.330,0.0,0.000,0.00,19.013,19.022,2,9.380,0.319,0,96.52,0.004,0,84.80,0.289,100,0.57,18.401,47,52.18,0.00,0,3.0,0.102
1002,10649.508,AllocLarge,2B,2.122,27.3,0.000,0.00,20.622,13.421,2,10.180,0.319,0,0.60,0.004,0,84.80,0.289,100,0.57,12.801,59,25.00,0.00,0,24.3,1.841
1003,10664.247,AllocLarge,2B,1.821,12.5,0.108,7.85,24.641,23.849,2,9.380,0.346,0,96.79,0.004,0,84.80,0.289,100,0.57,23.201,36,62.07,0.00,0,13.2,1.592
1004,10671.043,AllocLarge,2B,2.188,27.3,0.000,0.00,26.249,13.448,2,10.180,0.346,0,1.28,0.004,0,84.80,0.289,100,0.57,12.801,59,25.00,0.00,0,26.7,1.919
1005,10688.227,AllocLarge,2B,0.313,0.0,0.000,0.00,24.665,23.873,2,9.380,0.370,0,97.00,0.004,0,84.80,0.289,100,0.57,23.201,36,62.07,0.00,0,2.2,0.083
1006,10693.754,AllocLarge,2B,0.482,20.0,0.000,0.00,25.473,12.672,2,9.380,0.370,0,3.82,0.004,0,84.80,0.289,100,0.57,12.001,57,26.67,0.00,0,6.7,0.194
1007,10707.587,AllocLarge,2B,1.622,12.5,0.105,7.79,19.078,19.086,2,9.380,0.383,0,97.10,0.004,0,84.80,0.289,100,0.57,18.401,47,52.18,0.00,0,12.0,1.299
1008,10714.990,AllocLarge,2B,1.000,22.2,0.000,0.00,19.886,12.685,2,9.380,0.383,0,3.68,0.004,0,84.80,0.289,100,0.57,12.001,57,26.67,0.00,0,13.5,0.758
1009,10724.026,AllocLarge,2B,0.507,11.1,0.000,0.00,19.091,19.099,2,9.380,0.397,0,97.20,0.004,0,84.80,0.289,100,0.57,18.401,47,52.18,0.00,0,6.3,0.271
1010,10730.114,AllocLarge,2B,0.484,14.3,0.103,15.81,19.899,12.699,2,9.380,0.397,0,3.54,0.004,0,84.80,0.289,100,0.57,12.001,57,26.67,0.00,0,7.4,0.132
1011,10739.149,AllocLarge,2B,1.640,18.2,0.000,0.00,19.105,19.113,2,9.380,0.410,0,97.29,0.004,0,84.80,0.289,100,0.57,18.401,47,52.18,0.00,0,17.0,1.349
1012,10748.046,AllocLarge,2B,1.574,16.7,0.000,0.00,19.913,12.712,2,9.380,0.410,0,3.45,0.004,0,84.80,0.289,100,0.57,12.001,57,26.67,0.00,0,16.6,1.309
1013,10762.017,AllocLarge,2B,0.914,7.1,0.000,0.00,19.118,19.126,2,9.380,0.424,0,97.38,0.004,0,84.80,0.289,100,0.57,18.401,47,52.18,0.00,0,7.2,0.605
1014,10770.171,AllocLarge,2B,0.902,10.0,0.103,11.79,19.926,12.726,2,9.380,0.424,0,3.33,0.004,0,84.80,0.289,100,0.57,12.001,57,26.67,0.00,0,10.3,0.637
1015,10779.565,AllocLarge,2B,0.918,9.1,0.000,0.00,19.132,19.140,2,9.380,0.437,0,97.46,0.004,0,84.80,0.289,100,0.57,18.401,47,52.18,0.00,0,10.4,0.632
1016,10785.986,AllocLarge,2B,2.415,27.3,0.000,0.00,20.740,13.539,2,10.180,0.437,0,0.93,0.004,0,84.80,0.289,100,0.57,12.801,59,25.00,0.00,0,28.5,2.075
1017,10803.320,AllocLarge,2B,0.453,13.3,0.103,6.91,24.756,23.965,2,9.380,0.462,0,97.60,0.004,0,84.80,0.289,100,0.57,23.201,36,62.07,0.00,0,3.1,0.114
1018,10808.941,AllocLarge,2B,0.400,22.2,0.000,0.00,25.565,12.764,2,9.380,0.462,0,3.06,0.004,0,84.80,0.289,100,0.57,12.001,57,26.67,0.00,0,6.1,0.121
1019,10817.770,AllocLarge,2B,0.710,12.5,0.000,0.00,19.169,19.178,2,9.380,0.475,0,97.66,0.004,0,84.80,0.289,100,0.57,18.401,47,52.18,0.00,0,8.8,0.483
1020,10823.662,AllocLarge,2B,0.808,22.2,0.000,0.00,19.978,12.777,2,9.380,0.475,0,2.97,0.004,0,84.80,0.289,100,0.57,12.001,57,26.67,0.00,0,12.3,0.543
1021,10832.298,AllocLarge,2B,0.353,0.0,0.102,13.50,19.183,19.191,2,9.380,0.489,0,97.73,0.004,0,84.80,0.289,100,0.57,18.401,47,52.18,0.00,0,4.7,0.136
1022,10837.590,AllocLarge,2B,0.569,14.3,0.000,0.00,19.991,12.791,2,9.380,0.489,0,2.88,0.004,0,84.80,0.289,100,0.57,12.001,57,26.67,0.00,0,9.3,0.318
1023,10847.407,AllocLarge,2B,0.386,0.0,0.000,0.00,19.197,19.205,2,9.380,0.502,0,97.79,0.004,0,84.80,0.289,100,0.57,18.401,47,52.18,0.00,0,4.3,0.165
1024,10852.782,AllocLarge,2B,0.477,14.3,0.000,0.00,20.005,12.804,2,9.380,0.502,0,2.82,0.004,0,84.80,0.289,100,0.57,12.001,57,26.67,0.00,0,7.8,0.240
1025,10861.106,AllocLarge,2B,1.921,20.0,0.103,11.23,19.210,19.218,2,9.380,0.515,0,97.85,0.004,0,84.80,0.289,100,0.57,18.401,47,52.18,0.00,0,21.0,1.637
1026,10867.201,AllocLarge,2B,0.842,28.6,0.000,0.00,20.018,12.818,2,9.380,0.515,0,2.73,0.004,0,84.80,0.289,100,0.57,12.001,57,26.67,0.00,0,15.0,0.616
1027,10877.965,AllocLarge,2B,0.457,0.0,0.000,0.00,19.223,19.232,2,9.380,0.529,0,97.90,0.004,0,84.80,0.289,100,0.57,18.401,47,52.18,0.00,0,4.7,0.105
1028,10886.858,AllocLarge,2B,1.020,14.3,0.105,10.28,20.032,12.831,2,9.380,0.529,0,1.24,0.004,0,84.80,0.289,100,0.57,12.001,57,26.67,0.00,0,10.0,0.748
1029,10895.552,AllocLarge,2B,1.735,27.3,0.000,0.00,20.837,19.245,2,9.380,0.543,0,97.95,0.004,0,84.80,0.289,100,0.57,18.401,43,52.18,0.00,0,20.0,1.443
1030,10903.058,AllocLarge,2B,0.469,11.1,0.000,0.00,20.045,12.845,2,9.380,0.543,0,2.61,0.004,0,84.80,0.289,100,0.57,12.001,57,26.67,0.00,0,6.7,0.194
1031,10913.630,AllocLarge,2B,1.279,16.7,0.000,0.00,19.250,19.259,2,9.380,0.556,0,98.00,0.004,0,84.80,0.289,100,0.57,18.401,47,52.18,0.00,0,12.0,0.965
1032,10919.317,AllocLarge,2B,0.656,14.3,0.103,17.92,20.059,12.858,2,9.380,0.556,0,1.19,0.004,0,84.80,0.289,100,0.57,12.001,57,26.67,0.00,0,11.4,0.397
1033,10929.262,AllocLarge,2B,0.475,20.0,0.000,0.00,20.864,19.272,2,9.380,0.569,0,98.05,0.004,0,84.80,0.289,100,0.57,18.401,43,52.18,0.00,0,5.2,0.197
1034,10936.011,AllocLarge,2B,2.030,27.3,0.000,0.00,20.872,13.672,2,10.180,0.569,0,0.76,0.004,0,84.80,0.289,100,0.57,12.801,59,25.00,0.00,0,22.8,1.779
1035,10954.512,AllocLarge,2B,0.576,11.1,0.000,0.00,24.888,24.097,2,9.380,0.594,0,98.13,0.004,0,84.80,0.289,100,0.57,23.201,36,62.07,0.00,0,3.5,0.255
1036,10960.889,AllocLarge,2B,0.523,20.0,0.103,12.98,25.697,12.896,2,9.380,0.594,0,1.12,0.004,0,84.80,0.289,100,0.57,12.001,57,26.67,0.00,0,6.6,0.186
1037,10974.384,AllocLarge,2B,0.484,0.0,0.000,0.00,20.902,19.310,2,9.380,0.607,0,98.17,0.004,0,84.80,0.289,100,0.57,18.401,43,52.18,0.00,0,4.1,0.180
1038,10981.861,AllocLarge,2B,1.652,20.0,0.000,0.00,20.110,12.909,2,9.380,0.607,0,2.32,0.004,0,84.80,0.289,100,0.57,12.001,57,26.67,0.00,0,17.6,1.283
1039,10994.477,AllocLarge,2B,0.422,0.0,0.102,9.66,19.315,19.323,2,9.380,0.620,0,98.29,0.004,0,84.80,0.289,100,0.57,18.401,47,52.18,0.00,0,4.0,0.138
1040,11001.972,AllocLarge,2B,1.701,18.2,0.000,0.00,20.123,12.923,2,9.380,0.620,0,2.27,0.004,0,84.80,0.289,100,0.57,12.001,57,26.67,0.00,0,18.1,1.435
1041,11011.574,AllocLarge,2B,1.184,18.2,0.000,0.00,19.328,19.337,2,9.380,0.634,0,98.25,0.004,0,84.80,0.289,100,0.57,18.401,47,52.18,0.00,0,13.6,0.870
1042,11018.852,AllocLarge,2B,1.783,20.0,0.000,0.00,20.137,12.936,2,9.380,0.634,0,1.05,0.004,0,84.80,0.289,100,0.57,12.001,57,26.67,0.00,0,21.8,1.487
1043,11030.241,AllocLarge,2B,0.699,10.0,0.103,10.39,20.142,19.350,2,9.380,0.647,0,98.29,0.004,0,84.80,0.289,100,0.57,18.401,45,52.18,0.00,0,7.1,0.312
1044,11039.337,AllocLarge,2B,2.034,23.1,0.000,0.00,20.150,12.950,2,9.380,0.647,0,0.97,0.004,0,84.80,0.289,100,0.57,12.001,57,26.67,0.00,0,18.8,1.790
1045,11052.003,AllocLarge,2B,0.421,9.1,0.000,0.00,20.956,19.364,2,9.380,0.661,0,98.32,0.004,0,84.80,0.289,100,0.57,18.401,43,52.18,0.00,0,4.0,0.157
1046,11059.820,AllocLarge,2B,0.424,10.0,0.000,0.00,20.164,12.963,2,9.380,0.661,0,2.14,0.004,0,84.80,0.289,100,0.57,12.001,57,26.67,0.00,0,5.0,0.151
1047,11069.411,AllocLarge,2B,0.477,11.1,0.103,11.42,19.369,19.377,2,9.380,0.675,0,98.36,0.004,0,84.80,0.289,100,0.57,18.401,47,52.18,0.00,0,5.3,0.208
1048,11074.819,AllocLarge,2B,1.244,25.0,0.000,0.00,20.177,12.977,2,9.380,0.675,0,0.98,0.004,0,84.80,0.289,100,0.57,12.001,57,26.67,0.00,0,18.1,0.942
1049,11088.122,AllocLarge,2B,0.353,0.0,0.000,0.00,20.183,19.391,2,9.380,0.688,0,98.39,0.004,0,84.80,0.289,100,0.57,18.401,45,52.18,0.00,0,3.0,0.086
1050,11097.052,AllocLarge,2B,2.300,26.7,0.105,8.98,20.191,12.990,2,9.380,0.688,0,0.95,0.004,0,84.80,0.289,100,0.57,12.001,57,26.67,0.00,0,19.7,1.652
1051,11111.400,AllocLarge,2B,0.512,7.7,0.000,0.00,20.996,19.404,2,9.380,0.702,0,98.42,0.004,0,84.80,0.289,100,0.57,18.401,43,52.18,0.00,0,4.3,0.228
1052,11117.052,AllocLarge,2B,0.646,16.7,0.000,0.00,20.204,13.004,2,9.380,0.702,0,2.01,0.004,0,84.80,0.289,100,0.57,12.001,57,26.67,0.00,0,9.9,0.348
1053,11129.821,AllocLarge,2B,1.365,14.3,0.000,0.00,19.410,19.426,2,9.380,0.723,0,97.39,0.004,0,84.80,0.289,100,0.57,18.401,47,52.18,0.00,0,10.5,1.093
1054,11135.572,AllocLarge,2B,1.895,25.0,0.103,15.65,20.218,13.018,2,9.380,0.715,0,0.98,0.004,0,84.80,0.289,100,0.57,12.001,57,26.67,0.00,0,28.8,1.645
1055,11145.117,AllocLarge,2B,0.635,12.5,0.000,0.00,21.023,19.432,2,9.380,0.729,0,98.54,0.004,0,84.80,0.289,100,0.57,18.401,43,52.18,0.00,0,8.1,0.261
1056,11151.381,AllocLarge,2B,0.951,11.1,0.000,0.00,20.232,13.031,2,9.380,0.729,0,1.93,0.004,0,84.80,0.289,100,0.57,12.001,57,26.67,0.00,0,13.6,0.720
1057,11159.641,AllocLarge,2B,0.807,12.5,0.000,0.00,19.437,19.445,2,9.380,0.742,0,98.51,0.004,0,84.80,0.289,100,0.57,18.401,47,52.18,0.00,0,10.7,0.555
1058,11165.948,AllocLarge,2B,1.904,27.3,0.103,12.65,20.245,13.045,2,9.380,0.742,0,0.89,0.004,0,84.80,0.289,100,0.57,12.001,57,26.67,0.00,0,23.4,1.598
1059,11177.719,AllocLarge,2B,0.705,10.0,0.000,0.00,21.050,19.459,2,9.380,0.756,0,98.53,0.004,0,84.80,0.289,100,0.57,18.401,43,52.18,0.00,0,7.1,0.443
1060,11183.708,AllocLarge,2B,1.145,22.2,0.000,0.00,20.259,13.058,2,9.380,0.756,0,0.87,0.004,0,84.80,0.289,100,0.57,12.001,57,26.67,0.00,0,16.3,0.875
1061,11192.572,AllocLarge,2B,1.000,10.0,0.102,12.63,20.264,19.472,2,9.380,0.769,0,98.56,0.004,0,84.80,0.289,100,0.57,18.401,45,52.18,0.00,0,12.3,0.745
1062,11200.997,AllocLarge,2B,1.059,20.0,0.000,0.00,20.272,13.072,2,9.380,0.769,0,1.83,0.004,0,84.80,0.289,100,0.57,12.001,57,26.67,0.00,0,11.5,0.772
1063,11214.847,AllocLarge,2B,0.387,7.1,0.000,0.00,19.477,19.486,2,9.380,0.783,0,98.58,0.004,0,84.80,0.289,100,0.57,18.401,47,52.18,0.00,0,3.1,0.120
1064,11223.891,AllocLarge,2B,0.434,10.0,0.000,0.00,20.286,13.085,2,9.380,0.783,0,1.81,0.004,0,84.80,0.289,100,0.57,12.001,57,26.67,0.00,0,4.5,0.210
1065,11235.840,AllocLarge,2B,0.365,8.3,0.103,9.11,19.491,19.491,2,9.380,0.788,0,98.55,0.004,0,84.80,0.289,100,0.57,18.401,47,52.18,0.00,0,3.2,0.112
1066,11244.904,AllocLarge,2B,2.573,20.0,0.000,0.00,20.291,13.090,2,9.380,0.788,0,1.79,0.004,0,84.80,0.289,100,0.57,12.001,57,26.67,0.00,0,21.5,2.249
1067,11259.908,AllocLarge,2B,0.362,0.0,0.000,0.00,21.091,19.499,2,9.380,0.796,0,98.61,0.004,0,84.80,0.289,100,0.57,18.401,43,52.18,0.00,0,3.0,0.091
1068,11269.858,AllocLarge,2B,0.484,8.3,0.000,0.00,20.299,13.099,2,9.380,0.796,0,1.43,0.004,0,84.80,0.289,100,0.57,12.001,57,26.67,0.00,0,4.5,0.200
1069,11283.653,AllocLarge,2B,0.486,14.3,0.108,8.28,19.507,19.515,2,9.380,0.812,0,98.63,0.004,0,84.80,0.289,100,0.57,18.401,47,52.18,0.00,0,3.7,0.159
1070,11292.758,AllocLarge,2B,1.149,16.7,0.000,0.00,20.315,13.115,2,9.380,0.812,0,1.74,0.004,0,84.80,0.289,100,0.57,12.001,57,26.67,0.00,0,11.0,0.898
1071,11306.421,AllocLarge,2B,0.909,6.7,0.000,0.00,19.520,19.529,2,9.380,0.826,0,98.66,0.004,0,84.80,0.289,100,0.57,18.401,47,52.18,0.00,0,7.1,0.680
1072,11314.207,AllocLarge,2B,1.221,18.2,0.000,0.00,20.329,13.128,2,9.380,0.826,0,1.71,0.004,0,84.80,0.289,100,0.57,12.001,57,26.67,0.00,0,14.0,0.923
1073,11323.129,AllocLarge,2B,0.416,0.0,0.103,13.70,19.534,19.542,2,9.380,0.839,0,98.68,0.004,0,84.80,0.289,100,0.57,18.401,47,52.18,0.00,0,5.5,0.189
1074,11329.183,AllocLarge,2B,0.569,14.3,0.000,0.00,20.342,13.142,2,9.380,0.839,0,1.67,0.004,0,84.80,0.289,100,0.57,12.001,57,26.67,0.00,0,8.1,0.209
1075,11342.494,AllocLarge,2B,0.383,7.1,0.000,0.00,19.547,19.556,2,9.380,0.853,0,98.70,0.004,0,84.80,0.289,100,0.57,18.401,47,52.18,0.00,0,3.1,0.136
1076,11351.101,AllocLarge,2B,1.701,21.4,0.000,0.00,20.356,13.155,2,9.380,0.853,0,0.78,0.004,0,84.80,0.289,100,0.57,12.001,57,26.67,0.00,0,15.8,1.313
1077,11365.726,AllocLarge,2B,0.408,7.7,0.103,8.17,21.161,19.569,2,9.380,0.866,0,98.72,0.004,0,84.80,0.289,100,0.57,18.401,43,52.18,0.00,0,3.2,0.116
1078,11374.925,AllocLarge,2B,1.383,18.2,0.000,0.00,20.369,13.169,2,9.380,0.866,0,0.76,0.004,0,84.80,0.289,100,0.57,12.001,57,26.67,0.00,0,12.9,0.928
1079,11387.837,AllocLarge,2B,1.995,17.6,0.000,0.00,21.174,19.582,2,9.380,0.880,0,98.74,0.004,0,84.80,0.289,100,0.57,18.401,43,52.18,0.00,0,15.3,1.586
1080,11397.144,AllocLarge,2B,0.531,11.1,0.000,0.00,20.383,13.182,2,9.380,0.880,0,1.60,0.004,0,84.80,0.289,100,0.57,12.001,57,26.67,0.00,0,6.3,0.193
1081,11411.369,AllocLarge,2B,0.513,0.0,0.105,7.78,19.588,19.596,2,9.380,0.893,0,98.81,0.004,0,84.80,0.289,100,0.57,18.401,47,52.18,0.00,0,3.8,0.211
1082,11420.586,AllocLarge,2B,0.904,18.2,0.000,0.00,20.396,13.196,2,9.380,0.893,0,1.58,0.004,0,84.80,0.289,100,0.57,12.001,57,26.67,0.00,0,8.7,0.624
1083,11433.464,AllocLarge,2B,0.589,8.3,0.000,0.00,19.601,19.609,2,9.380,0.907,0,98.78,0.004,0,84.80,0.289,100,0.57,18.401,47,52.18,0.00,0,4.9,0.173
1084,11440.250,AllocLarge,2B,0.578,11.1,0.103,13.68,20.409,13.209,2,9.380,0.907,0,1.55,0.004,0,84.80,0.289,100,0.57,12.001,57,26.67,0.00,0,7.7,0.290
1085,11453.560,AllocLarge,2B,0.594,7.7,0.000,0.00,19.615,19.623,2,9.380,0.920,0,98.79,0.004,0,84.80,0.289,100,0.57,18.401,47,52.18,0.00,0,4.8,0.238
1086,11462.390,AllocLarge,2B,2.166,23.1,0.000,0.00,20.423,13.222,2,9.380,0.920,0,0.71,0.004,0,84.80,0.289,100,0.57,12.001,57,26.67,0.00,0,19.7,1.791
1087,11475.920,AllocLarge,2B,0.412,8.3,0.000,0.00,21.228,19.636,2,9.380,0.934,0,98.81,0.004,0,84.80,0.289,100,0.57,18.401,43,52.18,0.00,0,3.7,0.120
1088,11482.827,AllocLarge,2B,1.734,30.0,0.103,11.77,20.437,13.236,2,9.380,0.934,0,1.51,0.004,0,84.80,0.289,100,0.57,12.001,57,26.67,0.00,0,19.9,1.448
1089,11492.140,AllocLarge,2B,0.519,0.0,0.000,0.00,19.642,19.650,2,9.380,0.947,0,98.83,0.004,0,84.80,0.289,100,0.57,18.401,47,52.18,0.00,0,6.9,0.273
1090,11499.389,AllocLarge,2B,1.813,25.0,0.000,0.00,20.450,13.249,2,9.380,0.947,0,0.70,0.004,0,84.80,0.289,100,0.57,12.001,57,26.67,0.00,0,19.6,1.489
1091,11513.300,AllocLarge,2B,1.771,13.3,0.000,0.00,21.255,19.663,2,9.380,0.961,0,98.85,0.004,0,84.80,0.289,100,0.57,18.401,43,52.18,0.00,0,13.3,1.461
1092,11522.051,AllocLarge,2B,0.435,20.0,0.103,12.77,20.463,13.263,2,9.380,0.961,0,1.46,0.004,0,84.80,0.289,100,0.57,12.001,57,26.67,0.00,0,5.4,0.135
1093,11535.067,AllocLarge,2B,0.473,7.1,0.000,0.00,19.669,19.677,2,9.380,0.974,0,98.86,0.004,0,84.80,0.289,100,0.57,18.401,47,52.18,0.00,0,3.8,0.223
1094,11540.607,AllocLarge,2B,1.421,22.2,0.000,0.00,20.477,13.276,2,9.380,0.974,0,1.45,0.004,0,84.80,0.289,100,0.57,12.001,57,26.67,0.00,0,19.8,1.134
1095,11550.904,AllocLarge,2B,0.353,11.1,0.103,11.84,19.682,19.690,2,9.380,0.988,0,98.88,0.004,0,84.80,0.289,100,0.57,18.401,47,52.18,0.00,0,4.1,0.130
1096,11556.815,AllocLarge,2B,1.498,20.0,0.000,0.00,20.490,13.290,2,9.380,0.988,0,1.43,0.004,0,84.80,0.289,100,0.57,12.001,57,26.67,0.00,0,19.7,1.238
1097,11566.568,AllocLarge,2B,0.518,10.0,0.000,0.00,19.696,19.704,2,9.380,1.001,0,98.89,0.004,0,84.80,0.289,100,0.57,18.401,47,52.18,0.00,0,6.3,0.264
1098,11575.535,AllocLarge,2B,1.048,16.7,0.000,0.00,20.504,13.303,2,9.380,1.001,0,1.40,0.004,0,84.80,0.289,100,0.57,12.001,57,26.67,0.00,0,10.4,0.611
1099,11585.069,AllocLarge,2B,0.491,11.1,0.110,13.32,19.709,19.717,2,9.380,1.015,0,98.91,0.004,0,84.80,0.289,100,0.57,18.401,47,52.18,0.00,0,5.9,0.257
1100,11590.344,AllocLarge,2B,1.439,22.2,0.000,0.00,20.517,13.317,2,9.380,1.015,0,1.39,0.004,0,84.80,0.289,100,0.57,12.001,57,26.67,0.00,0,20.9,1.234
1101,11600.074,AllocLarge,2B,0.306,0.0,0.000,0.00,19.723,19.731,2,9.380,1.028,0,98.92,0.004,0,84.80,0.289,100,0.57,18.401,47,52.18,0.00,0,3.8,0.080
1102,11605.333,AllocLarge,2B,0.381,28.6,0.000,0.00,20.531,13.330,2,9.380,1.028,0,1.37,0.004,0,84.80,0.289,100,0.57,12.001,57,26.67,0.00,0,6.4,0.118
1103,11615.550,AllocLarge,2B,1.006,9.1,0.103,10.08,19.736,19.744,2,9.380,1.042,0,98.93,0.004,0,84.80,0.289,100,0.57,18.401,47,52.18,0.00,0,9.9,0.749
1104,11621.086,AllocLarge,2B,1.439,22.2,0.000,0.00,20.544,13.344,2,9.380,1.042,0,1.35,0.004,0,84.80,0.289,100,0.57,12.001,57,26.67,0.00,0,21.7,1.232
1105,11630.674,AllocLarge,2B,1.231,10.0,0.000,0.00,19.750,19.758,2,9.380,1.055,0,98.95,0.004,0,84.80,0.289,100,0.57,18.401,47,52.18,0.00,0,14.1,0.953
1106,11636.137,AllocLarge,2B,2.005,33.3,0.000,0.00,20.558,13.357,2,9.380,1.055,0,0.63,0.004,0,84.80,0.289,100,0.57,12.001,57,26.67,0.00,0,29.2,1.773
1107,11646.282,AllocLarge,2B,0.486,11.1,0.103,12.85,21.363,19.771,2,9.380,1.069,0,99.00,0.004,0,84.80,0.289,100,0.57,18.401,43,52.18,0.00,0,6.1,0.155
1108,11655.403,AllocLarge,2B,1.373,23.1,0.000,0.00,20.571,13.371,2,9.380,1.069,0,1.32,0.004,0,84.80,0.289,100,0.57,12.001,57,26.67,0.00,0,12.8,1.099
1109,11664.910,AllocLarge,2B,0.312,0.0,0.000,0.00,19.776,19.785,2,9.380,1.082,0,98.97,0.004,0,84.80,0.289,100,0.57,18.401,47,52.18,0.00,0,4.1,0.084
1110,11670.144,AllocLarge,2B,1.044,20.0,0.000,0.00,20.585,13.384,2,9.380,1.082,0,1.30,0.004,0,84.80,0.289,100,0.57,12.001,57,26.67,0.00,0,15.4,0.805
1111,11679.207,AllocLarge,2B,1.558,18.2,0.105,11.81,19.790,19.798,2,9.380,1.096,0,98.99,0.004,0,84.80,0.289,100,0.57,18.401,47,52.18,0.00,0,17.6,1.267
1112,11688.025,AllocLarge,2B,1.163,18.2,0.000,0.00,20.598,13.398,2,9.380,1.096,0,1.29,0.004,0,84.80,0.289,100,0.57,12.001,57,26.67,0.00,0,12.9,0.920
1113,11697.207,AllocLarge,2B,0.852,11.1,0.000,0.00,19.803,19.812,2,9.380,1.109,0,99.04,0.004,0,84.80,0.289,100,0.57,18.401,47,52.18,0.00,0,10.4,0.586
1114,11704.284,AllocLarge,2B,0.724,22.2,0.103,13.75,20.612,13.411,2,9.380,1.109,0,1.27,0.004,0,84.80,0.289,100,0.57,12.001,57,26.67,0.00,0,9.7,0.472
1115,11716.091,AllocLarge,2B,0.538,8.3,0.000,0.00,19.817,19.825,2,9.380,1.122,0,99.01,0.004,0,84.80,0.289,100,0.57,18.401,47,52.18,0.00,0,4.9,0.187
1116,11721.338,AllocLarge,2B,0.682,14.3,0.000,0.00,20.625,13.425,2,9.380,1.122,0,1.25,0.004,0,84.80,0.289,100,0.57,12.001,57,26.67,0.00,0,11.2,0.452
1117,11733.638,AllocLarge,2B,0.329,0.0,0.000,0.00,19.830,19.839,2,9.380,1.136,0,99.02,0.004,0,84.80,0.289,100,0.57,18.401,47,52.18,0.00,0,2.9,0.102
1118,11742.451,AllocLarge,2B,0.524,9.1,0.103,10.68,20.639,13.438,2,9.380,1.136,0,1.24,0.004,0,84.80,0.289,100,0.57,12.001,57,26.67,0.00,0,5.5,0.270
1119,11752.893,AllocLarge,2B,0.777,0.0,0.000,0.00,19.844,19.852,2,9.380,1.149,0,99.03,0.004,0,84.80,0.289,100,0.57,18.401,47,52.18,0.00,0,7.7,0.556
1120,11758.154,AllocLarge,2B,0.973,14.3,0.000,0.00,20.652,13.452,2,9.380,1.149,0,1.23,0.004,0,84.80,0.289,100,0.57,12.001,57,26.67,0.00,0,16.2,0.748
1121,11769.465,AllocLarge,2B,1.089,9.1,0.000,0.00,19.857,19.866,2,9.380,1.163,0,99.05,0.004,0,84.80,0.289,100,0.57,18.401,47,52.18,0.00,0,10.0,0.788
1122,11778.665,AllocLarge,2B,0.739,18.2,0.103,10.60,20.666,13.465,2,9.380,1.163,0,1.21,0.004,0,84.80,0.289,100,0.57,12.001,57,26.67,0.00,0,7.6,0.353
1123,11792.819,AllocLarge,2B,0.634,0.0,0.000,0.00,19.871,19.879,2,9.380,1.176,0,99.06,0.004,0,84.80,0.289,100,0.57,18.401,47,52.18,0.00,0,4.8,0.337
1124,11801.721,AllocLarge,2B,1.413,16.7,0.000,0.00,20.679,13.479,2,9.380,1.176,0,1.20,0.004,0,84.80,0.289,100,0.57,12.001,57,26.67,0.00,0,14.0,1.132
1125,11816.296,AllocLarge,2B,0.518,7.7,0.103,7.78,19.884,19.893,2,9.380,1.190,0,99.07,0.004,0,84.80,0.289,100,0.57,18.401,47,52.18,0.00,0,3.9,0.204
1126,11822.407,AllocLarge,2B,1.978,30.0,0.000,0.00,20.693,13.492,2,9.380,1.190,0,0.55,0.004,0,84.80,0.289,100,0.57,12.001,57,26.67,0.00,0,23.9,1.687
1127,11833.423,AllocLarge,2B,1.198,8.3,0.000,0.00,21.498,19.906,2,9.380,1.203,0,99.12,0.004,0,84.80,0.289,100,0.57,18.401,43,52.18,0.00,0,12.6,0.950
1128,11840.098,AllocLarge,2B,1.404,22.2,0.000,0.00,20.706,13.506,2,9.380,1.203,0,1.17,0.004,0,84.80,0.289,100,0.57,12.001,57,26.67,0.00,0,18.4,1.117
1129,11849.816,AllocLarge,2B,0.749,10.0,0.110,13.21,19.911,19.920,2,9.380,1.217,0,99.09,0.004,0,84.80,0.289,100,0.57,18.401,47,52.18,0.00,0,9.0,0.503
1130,11855.323,AllocLarge,2B,2.221,33.3,0.000,0.00,21.520,14.327,2,10.180,1.225,0,1.16,0.004,0,84.80,0.289,100,0.57,12.801,59,25.00,0.00,0,29.6,1.929
1131,11872.114,AllocLarge,2B,0.314,6.3,0.000,0.00,25.534,24.742,2,9.380,1.239,0,99.10,0.004,0,84.80,0.289,100,0.57,23.201,36,62.07,0.00,0,2.2,0.081
1132,11878.070,AllocLarge,2B,0.451,14.3,0.000,0.00,26.342,13.541,2,9.380,1.239,0,1.14,0.004,0,84.80,0.289,100,0.57,12.001,57,26.67,0.00,0,6.3,0.157
1133,11887.997,AllocLarge,2B,1.073,16.7,0.103,10.75,19.947,19.955,2,9.380,1.253,0,99.11,0.004,0,84.80,0.289,100,0.57,18.401,47,52.18,0.00,0,11.2,0.749
1134,11895.236,AllocLarge,2B,1.087,20.0,0.000,0.00,20.755,13.555,2,9.380,1.253,0,1.13,0.004,0,84.80,0.289,100,0.57,12.001,57,26.67,0.00,0,13.5,0.742
1135,11904.752,AllocLarge,2B,0.474,0.0,0.000,0.00,19.961,19.969,2,9.380,1.266,0,99.12,0.004,0,84.80,0.289,100,0.57,18.401,47,52.18,0.00,0,5.9,0.230
1136,11912.604,AllocLarge,2B,1.157,25.0,0.105,11.43,20.769,13.568,2,9.380,1.266,0,1.11,0.004,0,84.80,0.289,100,0.57,12.001,57,26.67,0.00,0,12.6,0.788
1137,11921.254,AllocLarge,2B,1.706,20.0,0.000,0.00,19.974,19.982,2,9.380,1.280,0,99.13,0.004,0,84.80,0.289,100,0.57,18.401,47,52.18,0.00,0,19.9,1.460
1138,11927.623,AllocLarge,2B,0.776,25.0,0.000,0.00,20.782,13.582,2,9.380,1.280,0,1.10,0.004,0,84.80,0.289,100,0.57,12.001,57,26.67,0.00,0,12.5,0.514
1139,11936.202,AllocLarge,2B,1.184,11.1,0.000,0.00,19.988,19.996,2,9.380,1.293,0,99.14,0.004,0,84.80,0.289,100,0.57,18.401,47,52.18,0.00,0,14.4,0.928
1140,11943.519,AllocLarge,2B,1.440,27.3,0.103,11.99,20.796,13.595,2,9.380,1.293,0,0.51,0.004,0,84.80,0.289,100,0.57,12.001,57,26.67,0.00,0,16.7,1.145
1141,11957.342,AllocLarge,2B,0.690,8.3,0.000,0.00,21.601,20.009,2,9.380,1.307,0,99.15,0.004,0,84.80,0.289,100,0.57,18.401,43,52.18,0.00,0,5.7,0.442
1142,11963.211,AllocLarge,2B,1.300,20.0,0.000,0.00,20.809,13.609,2,9.380,1.307,0,0.50,0.004,0,84.80,0.289,100,0.57,12.001,57,26.67,0.00,0,17.5,0.978
1143,11977.180,AllocLarge,2B,2.907,16.7,0.000,0.00,21.615,20.023,2,9.380,1.320,0,99.16,0.004,0,84.80,0.289,100,0.57,18.401,43,52.18,0.00,0,19.8,2.413
1144,11985.251,AllocLarge,2B,0.973,22.2,0.103,14.72,20.823,13.622,2,9.380,1.320,0,1.07,0.004,0,84.80,0.289,100,0.57,12.001,57,26.67,0.00,0,13.9,0.586
1145,11994.551,AllocLarge,2B,0.322,0.0,0.000,0.00,20.028,20.036,2,9.380,1.334,0,99.17,0.004,0,84.80,0.289,100,0.57,18.401,47,52.18,0.00,0,4.2,0.083
1146,12003.135,AllocLarge,2B,1.311,16.7,0.000,0.00,20.836,13.636,2,9.380,1.334,0,1.06,0.004,0,84.80,0.289,100,0.57,12.001,57,26.67,0.00,0,12.8,1.053
1147,12012.198,AllocLarge,2B,1.211,18.2,0.000,0.00,20.042,20.050,2,9.380,1.347,0,99.18,0.004,0,84.80,0.289,100,0.57,18.401,47,52.18,0.00,0,14.5,0.869
1148,12020.803,AllocLarge,2B,1.168,18.2,0.103,11.23,20.850,13.649,2,9.380,1.347,0,1.04,0.004,0,84.80,0.289,100,0.57,12.001,57,26.67,0.00,0,12.8,0.929
1149,12029.704,AllocLarge,2B,0.390,0.0,0.000,0.00,20.055,20.063,2,9.380,1.361,0,99.18,0.004,0,84.80,0.289,100,0.57,18.401,47,52.18,0.00,0,5.2,0.110
1150,12038.460,AllocLarge,2B,0.539,11.1,0.000,0.00,20.863,13.663,2,9.380,1.361,0,1.04,0.004,0,84.80,0.289,100,0.57,12.001,57,26.67,0.00,0,5.7,0.276
1151,12047.584,AllocLarge,2B,0.441,0.0,0.103,12.17,20.068,20.077,2,9.380,1.374,0,99.19,0.004,0,84.80,0.289,100,0.57,18.401,47,52.18,0.00,0,5.2,0.158
1152,12052.915,AllocLarge,2B,0.901,22.2,0.000,0.00,20.877,13.676,2,9.380,1.374,0,1.03,0.004,0,84.80,0.289,100,0.57,12.001,57,26.67,0.00,0,13.9,0.660
1153,12061.505,AllocLarge,2B,0.995,22.2,0.000,0.00,20.082,20.090,2,9.380,1.388,0,99.20,0.004,0,84.80,0.289,100,0.57,18.401,47,52.18,0.00,0,12.2,0.707
1154,12070.281,AllocLarge,2B,0.389,10.0,0.000,0.00,20.890,13.690,2,9.380,1.388,0,1.01,0.004,0,84.80,0.289,100,0.57,12.001,57,26.67,0.00,0,4.5,0.115
1155,12083.321,AllocLarge,2B,0.437,0.0,0.110,8.88,20.095,20.104,2,9.380,1.401,0,99.21,0.004,0,84.80,0.289,100,0.57,18.401,47,52.18,0.00,0,3.5,0.186
1156,12091.976,AllocLarge,2B,2.158,23.1,0.000,0.00,20.904,13.703,2,9.380,1.401,0,0.03,0.004,0,84.80,0.289,100,0.57,12.001,57,26.67,0.00,0,19.3,1.863
1157,12105.828,AllocLarge,2B,0.891,8.3,0.000,0.00,21.716,20.124,2,9.380,1.421,0,99.22,0.004,0,84.80,0.289,100,0.57,18.401,43,52.18,0.00,0,7.6,0.580
1158,12111.480,AllocLarge,2B,0.517,14.3,0.000,0.00,20.924,13.723,2,9.380,1.421,0,0.99,0.004,0,84.80,0.289,100,0.57,12.001,57,26.67,0.00,0,8.3,0.272
1159,12124.752,AllocLarge,2B,0.444,7.7,0.103,8.44,20.129,20.137,2,9.380,1.435,0,99.23,0.004,0,84.80,0.289,100,0.57,18.401,47,52.18,0.00,0,3.6,0.208
1160,12133.758,AllocLarge,2B,1.680,21.4,0.000,0.00,20.937,13.737,2,9.380,1.435,0,0.46,0.004,0,84.80,0.289,100,0.57,12.001,57,26.67,0.00,0,15.1,1.393
1161,12143.162,AllocLarge,2B,1.010,20.0,0.000,0.00,21.743,20.151,2,9.380,1.448,0,99.23,0.004,0,84.80,0.289,100,0.57,18.401,43,52.18,0.00,0,12.9,0.757
1162,12150.534,AllocLarge,2B,1.661,27.3,0.000,0.00,20.951,13.750,2,9.380,1.448,0,0.97,0.004,0,84.80,0.289,100,0.57,12.001,57,26.67,0.00,0,19.3,1.395
1163,12159.599,AllocLarge,2B,1.784,10.0,0.105,12.19,20.156,20.164,2,9.380,1.462,0,99.24,0.004,0,84.80,0.289,100,0.57,18.401,47,52.18,0.00,0,20.8,1.535
1164,12166.692,AllocLarge,2B,0.472,12.5,0.000,0.00,20.964,13.764,2,9.380,1.462,0,0.97,0.004,0,84.80,0.289,100,0.57,12.001,57,26.67,0.00,0,7.2,0.195
1165,12176.865,AllocLarge,2B,0.727,9.1,0.000,0.00,20.170,20.178,2,9.380,1.475,0,99.28,0.004,0,84.80,0.289,100,0.57,18.401,47,52.18,0.00,0,7.5,0.483
1166,12182.965,AllocLarge,2B,1.669,20.0,0.103,13.57,20.978,13.777,2,9.380,1.475,0,0.45,0.004,0,84.80,0.289,100,0.57,12.001,57,26.67,0.00,0,22.0,1.419
1167,12192.986,AllocLarge,2B,0.337,11.1,0.000,0.00,21.783,20.191,2,9.380,1.489,0,99.25,0.004,0,84.80,0.289,100,0.57,18.401,43,52.18,0.00,0,4.2,0.078
1168,12199.063,AllocLarge,2B,1.621,27.3,0.000,0.00,20.991,13.791,2,9.380,1.489,0,0.44,0.004,0,84.80,0.289,100,0.57,12.001,57,26.67,0.00,0,20.4,1.350
1169,12207.848,AllocLarge,2B,0.689,0.0,0.000,0.00,21.797,20.205,2,9.380,1.502,0,99.26,0.004,0,84.80,0.289,100,0.57,18.401,43,52.18,0.00,0,9.5,0.442
1170,12214.212,AllocLarge,2B,0.906,22.2,0.103,14.34,21.005,13.804,2,9.380,1.502,0,0.94,0.004,0,84.80,0.289,100,0.57,12.001,57,26.67,0.00,0,12.6,0.630
1171,12223.672,AllocLarge,2B,1.537,16.7,0.000,0.00,20.210,20.218,2,9.380,1.516,0,99.27,0.004,0,84.80,0.289,100,0.57,18.401,47,52.18,0.00,0,16.1,1.252
1172,12231.648,AllocLarge,2B,2.047,25.0,0.000,0.00,21.818,14.618,2,10.180,1.516,0,0.28,0.004,0,84.80,0.289,100,0.57,12.801,59,25.00,0.00,0,22.7,1.764
1173,12245.488,AllocLarge,2B,0.454,0.0,0.102,8.80,25.835,25.043,2,9.380,1.540,0,99.28,0.004,0,84.80,0.289,100,0.57,23.201,36,62.07,0.00,0,3.9,0.185
1174,12252.120,AllocLarge,2B,2.039,25.0,0.000,0.00,26.643,13.850,2,9.380,1.548,0,0.92,0.004,0,84.80,0.289,100,0.57,12.001,57,26.67,0.00,0,21.8,1.756
1175,12263.684,AllocLarge,2B,0.513,0.0,0.000,0.00,21.851,20.259,2,9.380,1.556,0,99.28,0.004,0,84.80,0.289,100,0.57,18.401,43,52.18,0.00,0,5.7,0.210
1176,12273.164,AllocLarge,2B,0.549,9.1,0.000,0.00,21.059,13.859,2,9.380,1.556,0,0.92,0.004,0,84.80,0.289,100,0.57,12.001,57,26.67,0.00,0,5.3,0.216
1177,12283.639,AllocLarge,2B,0.404,9.1,0.109,11.40,20.264,20.273,2,9.380,1.570,0,99.32,0.004,0,84.80,0.289,100,0.57,18.401,47,52.18,0.00,0,4.2,0.174
1178,12289.728,AllocLarge,2B,0.497,14.3,0.000,0.00,21.073,13.872,2,9.380,1.570,0,0.90,0.004,0,84.80,0.289,100,0.57,12.001,57,26.67,0.00,0,7.2,0.246
1179,12300.893,AllocLarge,2B,0.391,9.1,0.000,0.00,20.278,20.286,2,9.380,1.583,0,99.30,0.004,0,84.80,0.289,100,0.57,18.401,47,52.18,0.00,0,3.8,0.140
1180,12306.238,AllocLarge,2B,2.133,27.3,0.000,0.00,21.886,14.686,2,10.180,1.583,0,0.28,0.004,0,84.80,0.289,100,0.57,12.801,59,25.00,0.00,0,28.0,1.893
1181,12319.824,AllocLarge,2B,0.339,0.0,0.103,9.12,25.902,25.110,2,9.380,1.607,0,99.31,0.004,0,84.80,0.289,100,0.57,23.201,36,62.07,0.00,0,3.0,0.112
1182,12325.030,AllocLarge,2B,0.945,33.3,0.000,0.00,26.711,13.910,2,9.380,1.607,0,0.88,0.004,0,84.80,0.289,100,0.57,12.001,57,26.67,0.00,0,13.2,0.594
1183,12334.241,AllocLarge,2B,1.662,18.2,0.000,0.00,20.315,20.324,2,9.380,1.621,0,99.32,0.004,0,84.80,0.289,100,0.57,18.401,47,52.18,0.00,0,19.3,1.435
1184,12340.247,AllocLarge,2B,0.686,25.0,0.105,18.27,21.124,13.923,2,9.380,1.621,0,0.41,0.004,0,84.80,0.289,100,0.57,12.001,57,26.67,0.00,0,12.0,0.418
1185,12352.888,AllocLarge,2B,1.202,14.3,0.000,0.00,20.329,20.337,2,9.380,1.634,0,99.32,0.004,0,84.80,0.289,100,0.57,18.401,47,52.18,0.00,0,9.7,0.934
1186,12358.506,AllocLarge,2B,0.835,25.0,0.000,0.00,21.137,13.937,2,9.380,1.634,0,0.86,0.004,0,84.80,0.289,100,0.57,12.001,57,26.67,0.00,0,14.0,0.585
1187,12367.930,AllocLarge,2B,0.313,0.0,0.000,0.00,20.342,20.351,2,9.380,1.648,0,99.33,0.004,0,84.80,0.289,100,0.57,18.401,47,52.18,0.00,0,3.8,0.082
1188,12373.186,AllocLarge,2B,0.943,25.0,0.103,15.94,21.151,13.950,2,9.380,1.648,0,0.86,0.004,0,84.80,0.289,100,0.57,12.001,57,26.67,0.00,0,14.6,0.735
1189,12382.117,AllocLarge,2B,0.812,11.1,0.000,0.00,20.356,20.364,2,9.380,1.661,0,99.33,0.004,0,84.80,0.289,100,0.57,18.401,47,52.18,0.00,0,9.9,0.555
1190,12387.352,AllocLarge,2B,1.813,25.0,0.000,0.00,21.164,13.964,2,9.380,1.661,0,0.40,0.004,0,84.80,0.289,100,0.57,12.001,57,26.67,0.00,0,26.4,1.566
1191,12397.084,AllocLarge,2B,1.161,11.1,0.000,0.00,21.969,20.377,2,9.380,1.675,0,99.34,0.004,0,84.80,0.289,100,0.57,18.401,43,52.18,0.00,0,13.7,0.940
1192,12403.441,AllocLarge,2B,1.332,11.1,0.103,14.20,21.178,13.977,2,9.380,1.675,0,0.39,0.004,0,84.80,0.289,100,0.57,12.001,57,26.67,0.00,0,18.4,1.049
1193,12416.024,AllocLarge,2B,0.756,7.7,0.000,0.00,21.983,20.391,2,9.380,1.688,0,99.34,0.004,0,84.80,0.289,100,0.57,18.401,43,52.18,0.00,0,6.6,0.495
1194,12421.614,AllocLarge,2B,1.526,30.0,0.000,0.00,21.191,13.991,2,9.380,1.688,0,0.84,0.004,0,84.80,0.289,100,0.57,12.001,57,26.67,0.00,0,21.9,1.241
1195,12430.794,AllocLarge,2B,2.498,33.3,0.103,10.82,20.396,20.404,2,9.380,1.702,0,99.35,0.004,0,84.80,0.289,100,0.57,18.401,47,52.18,0.00,0,26.3,2.108
1196,12438.871,AllocLarge,2B,1.036,11.1,0.000,0.00,21.204,14.004,2,9.380,1.702,0,0.83,0.004,0,84.80,0.289,100,0.57,12.001,57,26.67,0.00,0,14.4,0.781
1197,12447.613,AllocLarge,2B,0.329,11.1,0.000,0.00,20.410,20.418,2,9.380,1.715,0,99.38,0.004,0,84.80,0.289,100,0.57,18.401,47,52.18,0.00,0,4.4,0.108
1198,12453.902,AllocLarge,2B,1.686,20.0,0.000,0.00,21.218,14.017,2,9.380,1.715,0,0.38,0.004,0,84.80,0.289,100,0.57,12.001,57,26.67,0.00,0,20.4,1.447
1199,12463.346,AllocLarge,2B,1.092,11.1,0.103,12.49,22.023,20.431,2,9.380,1.729,0,99.36,0.004,0,84.80,0.289,100,0.57,18.401,43,52.18,0.00,0,13.3,0.807
1200,12471.417,AllocLarge,2B,0.791,20.0,0.000,0.00,21.231,14.031,2,9.380,1.729,0,0.82,0.004,0,84.80,0.289,100,0.57,12.001,57,26.67,0.00,0,9.3,0.523
1201,12482.592,AllocLarge,2B,0.330,0.0,0.000,0.00,20.437,20.445,2,9.380,1.742,0,99.36,0.004,0,84.80,0.289,100,0.57,18.401,47,52.18,0.00,0,3.3,0.110
1202,12487.822,AllocLarge,2B,0.985,25.0,0.000,0.00,21.245,14.044,2,9.380,1.742,0,0.81,0.004,0,84.80,0.289,100,0.57,12.001,57,26.67,0.00,0,15.1,0.727
1203,12496.566,AllocLarge,2B,1.172,11.1,0.102,12.33,20.450,20.458,2,9.380,1.756,0,99.37,0.004,0,84.80,0.289,100,0.57,18.401,47,52.18,0.00,0,14.1,0.905
1204,12505.384,AllocLarge,2B,0.492,12.5,0.000,0.00,21.258,14.058,2,9.380,1.756,0,0.80,0.004,0,84.80,0.289,100,0.57,12.001,57,26.67,0.00,0,5.5,0.172
1205,12518.080,AllocLarge,2B,0.372,0.0,0.000,0.00,20.464,20.472,2,9.380,1.769,0,99.37,0.004,0,84.80,0.289,100,0.57,18.401,47,52.18,0.00,0,3.1,0.087
1206,12526.793,AllocLarge,2B,0.747,9.1,0.000,0.00,21.272,14.071,2,9.380,1.769,0,0.80,0.004,0,84.80,0.289,100,0.57,12.001,57,26.67,0.00,0,7.6,0.442
1207,12536.375,AllocLarge,2B,0.385,10.0,0.103,12.15,21.277,20.485,2,9.380,1.783,0,99.38,0.004,0,84.80,0.289,100,0.57,18.401,45,52.18,0.00,0,4.6,0.158
1208,12541.872,AllocLarge,2B,2.092,27.3,0.000,0.00,22.885,15.685,2,10.980,1.783,0,0.25,0.004,0,84.80,0.289,100,0.57,13.601,61,23.53,0.00,0,26.9,1.841
1209,12560.565,AllocLarge,2B,0.384,5.9,0.000,0.00,31.714,31.722,2,9.380,1.819,0,99.39,0.004,0,84.80,0.289,100,0.57,29.602,29,70.27,0.00,0,2.3,0.106
1210,12565.716,AllocLarge,2B,0.366,33.3,0.105,13.81,32.522,12.521,2,9.380,1.819,0,0.53,0.004,0,84.80,0.289,100,0.57,10.400,64,15.39,0.00,0,4.8,0.087
1211,12582.651,AllocLarge,2B,1.353,6.3,0.000,0.00,25.333,23.741,2,9.380,1.839,0,99.40,0.004,0,84.80,0.289,100,0.57,21.601,37,59.26,0.00,0,8.9,1.130
1212,12588.270,AllocLarge,2B,0.395,28.6,0.000,0.00,25.342,14.141,2,9.380,1.839,0,0.77,0.004,0,84.80,0.289,100,0.57,12.001,57,26.67,0.00,0,6.9,0.190
1213,12597.731,AllocLarge,2B,1.788,16.7,0.103,10.44,20.546,20.555,2,9.380,1.852,0,99.40,0.004,0,84.80,0.289,100,0.57,18.401,47,52.18,0.00,0,18.2,1.539
1214,12603.309,AllocLarge,2B,0.494,16.7,0.000,0.00,21.355,14.154,2,9.380,1.852,0,0.76,0.004,0,84.80,0.289,100,0.57,12.001,57,26.67,0.00,0,9.9,0.257
1215,12611.920,AllocLarge,2B,1.527,18.2,0.000,0.00,20.560,20.568,2,9.380,1.865,0,99.41,0.004,0,84.80,0.289,100,0.57,18.401,47,52.18,0.00,0,17.0,1.277
1216,12617.922,AllocLarge,2B,2.142,33.3,0.000,0.00,22.168,14.976,2,10.180,1.874,0,0.76,0.004,0,84.80,0.289,100,0.57,12.801,59,25.00,0.00,0,30.3,1.886
1217,12631.663,AllocLarge,2B,0.522,8.3,0.105,9.00,26.183,25.391,2,9.380,1.888,0,99.44,0.004,0,84.80,0.289,100,0.57,23.201,36,62.07,0.00,0,4.5,0.153
1218,12640.282,AllocLarge,2B,1.081,16.7,0.000,0.00,26.991,14.190,2,9.380,1.888,0,0.75,0.004,0,84.80,0.289,100,0.57,12.001,57,26.67,0.00,0,10.4,0.826
1219,12653.967,AllocLarge,2B,0.684,0.0,0.000,0.00,20.596,20.604,2,9.380,1.901,0,99.42,0.004,0,84.80,0.289,100,0.57,18.401,47,52.18,0.00,0,5.7,0.438
1220,12662.937,AllocLarge,2B,1.342,23.1,0.103,9.87,21.404,14.203,2,9.380,1.901,0,0.35,0.004,0,84.80,0.289,100,0.57,12.001,57,26.67,0.00,0,12.8,1.073
1221,12675.942,AllocLarge,2B,0.563,7.7,0.000,0.00,22.209,20.617,2,9.380,1.915,0,99.42,0.004,0,84.80,0.289,100,0.57,18.401,43,52.18,0.00,0,4.9,0.280
1222,12684.683,AllocLarge,2B,0.897,16.7,0.000,0.00,21.417,14.217,2,9.380,1.915,0,0.34,0.004,0,84.80,0.289,100,0.57,12.001,57,26.67,0.00,0,9.2,0.592
1223,12697.990,AllocLarge,2B,0.674,7.7,0.000,0.00,21.423,20.631,2,9.380,1.928,0,99.42,0.004,0,84.80,0.289,100,0.57,18.401,45,52.18,0.00,0,5.5,0.433
1224,12707.387,AllocLarge,2B,2.038,21.4,0.103,8.88,21.431,14.231,2,9.380,1.928,0,0.34,0.004,0,84.80,0.289,100,0.57,12.001,57,26.67,0.00,0,17.6,1.657
1225,12720.669,AllocLarge,2B,0.566,8.3,0.000,0.00,22.236,20.644,2,9.380,1.942,0,99.45,0.004,0,84.80,0.289,100,0.57,18.401,43,52.18,0.00,0,5.1,0.232
1226,12729.894,AllocLarge,2B,0.952,16.7,0.000,0.00,21.444,14.244,2,9.380,1.942,0,0.73,0.004,0,84.80,0.289,100,0.57,12.001,57,26.67,0.00,0,9.3,0.580
1227,12742.337,AllocLarge,2B,1.652,14.3,0.000,0.00,20.650,20.658,2,9.380,1.955,0,99.43,0.004,0,84.80,0.289,100,0.57,18.401,47,52.18,0.00,0,13.3,1.420
1228,12749.852,AllocLarge,2B,2.178,25.0,0.103,11.92,22.258,15.057,2,10.180,1.955,0,0.22,0.004,0,84.80,0.289,100,0.57,12.801,59,25.00,0.00,0,25.2,1.897
1229,12763.476,AllocLarge,2B,0.367,0.0,0.000,0.00,26.274,25.482,2,9.380,1.979,0,99.44,0.004,0,84.80,0.289,100,0.57,23.201,36,62.07,0.00,0,3.3,0.087
1230,12769.352,AllocLarge,2B,0.724,22.2,0.000,0.00,27.082,14.282,2,9.380,1.979,0,0.71,0.004,0,84.80,0.289,100,0.57,12.001,57,26.67,0.00,0,9.7,0.493
1231,12778.760,AllocLarge,2B,0.445,11.1,0.102,12.74,20.687,20.695,2,9.380,1.993,0,99.44,0.004,0,84.80,0.289,100,0.57,18.401,47,52.18,0.00,0,5.5,0.144
1232,12785.365,AllocLarge,2B,1.641,22.2,0.000,0.00,21.495,14.295,2,9.380,1.993,0,0.33,0.004,0,84.80,0.289,100,0.57,12.001,57,26.67,0.00,0,19.9,1.425
1233,12794.270,AllocLarge,2B,2.163,27.3,0.000,0.00,22.301,20.709,2,9.380,2.006,0,99.45,0.004,0,84.80,0.289,100,0.57,18.401,43,52.18,0.00,0,24.4,1.873
1234,12800.425,AllocLarge,2B,1.322,28.6,0.000,0.00,21.509,14.308,2,9.380,2.006,0,0.70,0.004,0,84.80,0.289,100,0.57,12.001,57,26.67,0.00,0,22.4,1.109
1235,12809.081,AllocLarge,2B,0.337,12.5,0.103,14.61,20.714,20.722,2,9.380,2.020,0,99.45,0.004,0,84.80,0.289,100,0.57,18.401,47,52.18,0.00,0,4.8,0.101
1236,12816.656,AllocLarge,2B,1.525,25.0,0.000,0.00,21.523,14.322,2,9.380,2.020,0,0.70,0.004,0,84.80,0.289,100,0.57,12.001,57,26.67,0.00,0,16.1,1.281
1237,12830.515,AllocLarge,2B,0.494,8.3,0.000,0.00,20.728,20.736,2,9.380,2.033,0,99.45,0.004,0,84.80,0.289,100,0.57,18.401,47,52.18,0.00,0,4.1,0.165
1238,12839.310,AllocLarge,2B,1.435,28.6,0.000,0.00,21.536,14.335,2,9.380,2.033,0,0.69,0.004,0,84.80,0.289,100,0.57,12.001,57,26.67,0.00,0,13.7,1.116
1239,12848.796,AllocLarge,2B,1.000,11.1,0.105,12.60,20.741,20.749,2,9.380,2.047,0,99.46,0.004,0,84.80,0.289,100,0.57,18.401,47,52.18,0.00,0,12.0,0.770
1240,12854.642,AllocLarge,2B,2.226,33.3,0.000,0.00,22.349,15.157,2,10.180,2.055,0,0.69,0.004,0,84.80,0.289,100,0.57,12.801,59,25.00,0.00,0,29.3,1.893
1241,12869.294,AllocLarge,2B,0.337,0.0,0.000,0.00,26.364,25.572,2,9.380,2.069,0,99.46,0.004,0,84.80,0.289,100,0.57,23.201,36,62.07,0.00,0,2.7,0.110
1242,12874.759,AllocLarge,2B,2.211,27.3,0.103,12.08,27.972,15.171,2,10.180,2.069,0,0.21,0.004,0,84.80,0.289,100,0.57,12.801,59,25.00,0.00,0,25.9,1.896
1243,12890.510,AllocLarge,2B,1.130,7.1,0.000,0.00,26.388,25.596,2,9.380,2.093,0,99.47,0.004,0,84.80,0.289,100,0.57,23.201,36,62.07,0.00,0,8.4,0.906
1244,12895.886,AllocLarge,2B,0.429,33.3,0.000,0.00,27.196,14.395,2,9.380,2.093,0,0.32,0.004,0,84.80,0.289,100,0.57,12.001,57,26.67,0.00,0,7.0,0.139
1245,12904.880,AllocLarge,2B,2.290,23.1,0.103,10.87,23.201,21.618,2,10.180,2.115,0,99.09,0.004,0,84.80,0.289,100,0.57,19.201,46,50.00,0.00,0,24.2,2.050
1246,12914.412,AllocLarge,2B,0.635,11.1,0.000,0.00,24.018,16.817,2,9.380,2.115,0,0.67,0.004,0,84.80,0.289,100,0.57,14.401,45,38.89,0.00,0,7.6,0.341
1247,12923.628,AllocLarge,2B,1.162,18.2,0.000,0.00,17.617,17.625,2,9.380,2.123,0,99.48,0.004,0,84.80,0.289,100,0.57,15.201,57,42.11,0.00,0,12.6,0.918
1248,12932.497,AllocLarge,2B,0.441,0.0,0.000,0.00,20.826,20.826,2,9.380,2.123,0,1.02,0.004,0,84.80,0.289,100,0.57,18.401,47,52.18,0.00,0,5.4,0.158
1249,12938.010,AllocLarge,2B,2.021,27.3,0.104,13.43,21.626,14.425,2,9.380,2.123,0,0.02,0.004,0,84.80,0.289,100,0.57,12.001,57,26.67,0.00,0,26.0,1.737
1250,12949.203,AllocLarge,2B,0.447,10.0,0.000,0.00,22.438,20.846,2,9.380,2.144,0,99.50,0.004,0,84.80,0.289,100,0.57,18.401,43,52.18,0.00,0,5.0,0.191
1251,12957.587,AllocLarge,2B,0.773,10.0,0.000,0.00,21.646,14.446,2,9.380,2.144,0,0.66,0.004,0,84.80,0.289,100,0.57,12.001,57,26.67,0.00,0,8.3,0.478
1252,12971.229,AllocLarge,2B,0.698,7.7,0.000,0.00,20.851,20.860,2,9.380,2.157,0,99.49,0.004,0,84.80,0.289,100,0.57,18.401,47,52.18,0.00,0,5.4,0.426
1253,12980.820,AllocLarge,2B,1.194,23.1,0.103,9.51,21.660,14.459,2,9.380,2.157,0,0.65,0.004,0,84.80,0.289,100,0.57,12.001,57,26.67,0.00,0,11.0,0.806
1254,12994.578,AllocLarge,2B,0.368,7.7,0.000,0.00,20.865,20.873,2,9.380,2.170,0,99.49,0.004,0,84.80,0.289,100,0.57,18.401,47,52.18,0.00,0,3.0,0.099
1255,12999.870,AllocSmall,0N,0.250,0.0,0.007,1.50,20.873,18.703,2,0.003,0.001,14,81.43,0.004,NaN,22.60,0.289,NaN,0.57,18.401,NaN,34.78,0.00,1,5.0,0.007
1256,13002.208,AllocLarge,2B,1.428,33.3,0.000,0.00,19.509,12.317,2,9.380,0.015,0,6.72,0.004,0,84.80,0.289,100,0.57,12.001,57,26.67,0.00,0,33.6,1.225
1257,13015.417,AllocLarge,2B,0.650,0.0,0.108,9.06,18.736,18.744,2,9.380,0.042,0,73.37,0.004,0,84.80,0.289,100,0.57,18.401,47,52.18,0.00,0,5.5,0.410
1258,13024.470,AllocLarge,2B,2.548,21.4,0.000,0.00,19.544,12.344,2,9.380,0.042,0,16.17,0.004,0,84.80,0.289,100,0.57,12.001,57,26.67,0.00,0,22.0,2.305
1259,13035.270,AllocLarge,2B,0.388,0.0,0.000,0.00,20.350,18.758,2,9.380,0.055,0,80.66,0.004,0,84.80,0.289,100,0.57,18.401,43,52.18,0.00,0,4.8,0.137
1260,13040.410,AllocLarge,2B,1.031,25.0,0.000,0.00,19.558,12.357,2,9.380,0.055,0,11.62,0.004,0,84.80,0.289,100,0.57,12.001,57,26.67,0.00,0,15.9,0.763
1261,13052.725,AllocLarge,2B,2.163,15.4,0.102,7.98,19.563,18.771,2,9.380,0.069,0,83.86,0.004,0,84.80,0.289,100,0.57,18.401,45,52.18,0.00,0,16.8,1.913
1262,13058.657,AllocLarge,2B,0.715,28.6,0.000,0.00,19.571,12.371,2,9.380,0.069,0,20.56,0.004,0,84.80,0.289,100,0.57,12.001,57,26.67,0.00,0,14.0,0.472
1263,13067.573,AllocLarge,2B,0.362,0.0,0.000,0.00,18.777,18.785,2,9.380,0.082,0,87.05,0.004,0,84.80,0.289,100,0.57,18.401,47,52.18,0.00,0,4.6,0.119
1264,13072.786,AllocLarge,2B,0.613,25.0,0.000,0.00,19.585,12.384,2,9.380,0.082,0,17.15,0.004,0,84.80,0.289,100,0.57,12.001,57,26.67,0.00,0,10.1,0.323
1265,13082.081,AllocLarge,2B,2.154,23.1,0.103,10.03,18.790,18.798,2,9.380,0.096,0,79.80,0.004,0,84.80,0.289,100,0.57,18.401,47,52.18,0.00,0,21.0,1.898
1266,13088.723,AllocLarge,2B,1.393,25.0,0.000,0.00,20.398,12.398,2,9.380,0.096,0,14.69,0.004,0,84.80,0.289,100,0.57,12.001,54,26.67,0.00,0,21.7,1.178
1267,13098.264,AllocLarge,2B,2.293,16.7,0.000,0.00,18.804,18.812,2,9.380,0.109,0,89.84,0.004,0,84.80,0.289,100,0.57,18.401,47,52.18,0.00,0,23.5,2.050
1268,13106.214,AllocLarge,2B,0.683,12.5,0.000,0.00,19.612,12.411,2,9.380,0.109,0,12.95,0.004,0,84.80,0.289,100,0.57,12.001,57,26.67,0.00,0,9.8,0.418
1269,13115.700,AllocLarge,2B,2.349,23.1,0.105,9.88,19.617,19.625,2,10.180,0.123,0,77.76,0.004,0,84.80,0.289,100,0.57,19.201,49,50.00,0.00,0,22.2,2.069
1270,13124.808,AllocLarge,2B,2.172,23.1,0.000,0.00,22.826,15.625,2,10.180,0.123,0,11.61,0.004,0,84.80,0.289,100,0.57,15.201,47,36.84,0.00,0,23.2,1.884
1271,13134.855,AllocLarge,2B,0.354,12.5,0.103,13.24,19.625,18.834,2,9.380,0.131,0,91.49,0.004,0,84.80,0.289,100,0.57,18.401,45,52.18,0.00,0,4.6,0.128
1272,13140.770,AllocLarge,2B,2.351,25.0,0.000,0.00,20.434,13.233,2,10.180,0.131,0,3.38,0.004,0,84.80,0.289,100,0.57,12.801,59,25.00,0.00,0,27.5,1.956
1273,13159.283,AllocLarge,2B,1.841,10.0,0.000,0.00,24.450,23.658,2,9.380,0.155,0,92.84,0.004,0,84.80,0.289,100,0.57,23.201,36,62.07,0.00,0,10.5,1.497
1274,13168.451,AllocLarge,2B,0.674,11.1,0.000,0.00,25.258,12.457,2,9.380,0.155,0,4.28,0.004,0,84.80,0.289,100,0.57,12.001,57,26.67,0.00,0,7.6,0.395
1275,13178.732,AllocLarge,2B,1.095,18.2,0.108,11.24,20.463,18.871,2,9.380,0.168,0,93.41,0.004,0,84.80,0.289,100,0.57,18.401,43,52.18,0.00,0,11.4,0.764
1276,13186.038,AllocLarge,2B,2.257,25.0,0.000,0.00,20.471,13.271,2,10.180,0.168,0,2.60,0.004,0,84.80,0.289,100,0.57,12.801,59,25.00,0.00,0,24.6,1.952
1277,13203.120,AllocLarge,2B,0.634,0.0,0.000,0.00,24.487,23.695,2,9.380,0.192,0,94.24,0.004,0,84.80,0.289,100,0.57,23.201,36,62.07,0.00,0,4.3,0.345
1278,13210.103,AllocLarge,2B,1.292,27.3,0.105,11.73,25.296,12.495,2,9.380,0.192,0,3.45,0.004,0,84.80,0.289,100,0.57,12.001,57,26.67,0.00,0,14.5,0.889
1279,13223.268,AllocLarge,2B,0.479,0.0,0.000,0.00,20.500,18.909,2,9.380,0.206,0,94.61,0.004,0,84.80,0.289,100,0.57,18.401,43,52.18,0.00,0,4.3,0.195
1280,13231.312,AllocLarge,2B,0.960,9.1,0.000,0.00,19.709,12.508,2,9.380,0.206,0,6.85,0.004,0,84.80,0.289,100,0.57,12.001,57,26.67,0.00,0,10.4,0.682
1281,13239.965,AllocLarge,2B,0.428,12.5,0.000,0.00,18.914,18.922,2,9.380,0.219,0,94.94,0.004,0,84.80,0.289,100,0.57,18.401,47,52.18,0.00,0,5.8,0.164
1282,13245.265,AllocLarge,2B,1.415,22.2,0.103,14.48,19.722,12.522,2,9.380,0.219,0,2.99,0.004,0,84.80,0.289,100,0.57,12.001,57,26.67,0.00,0,19.9,1.115
1283,13255.197,AllocLarge,2B,1.210,9.1,0.000,0.00,20.527,18.936,2,9.380,0.233,0,95.24,0.004,0,84.80,0.289,100,0.57,18.401,43,52.18,0.00,0,13.6,0.948
1284,13260.521,AllocLarge,2B,0.829,28.6,0.000,0.00,19.736,12.535,2,9.380,0.233,0,6.07,0.004,0,84.80,0.289,100,0.57,12.001,57,26.67,0.00,0,14.7,0.575
1285,13269.422,AllocLarge,2B,0.413,22.2,0.000,0.00,18.941,18.949,2,9.380,0.246,0,95.50,0.004,0,84.80,0.289,100,0.57,18.401,47,52.18,0.00,0,5.3,0.132
1286,13275.437,AllocLarge,2B,1.057,22.2,0.103,13.93,19.749,12.549,2,9.380,0.246,0,2.68,0.004,0,84.80,0.289,100,0.57,12.001,57,26.67,0.00,0,14.3,0.749
1287,13284.601,AllocLarge,2B,0.733,10.0,0.000,0.00,18.954,18.963,2,9.380,0.260,0,95.91,0.004,0,84.80,0.289,100,0.57,18.401,47,52.18,0.00,0,9.0,0.443
1288,13289.978,AllocLarge,2B,1.515,33.3,0.000,0.00,19.763,12.562,2,9.380,0.260,0,5.41,0.004,0,84.80,0.289,100,0.57,12.001,57,26.67,0.00,0,22.1,1.255
1289,13299.416,AllocLarge,2B,0.444,12.5,0.000,0.00,18.968,18.976,2,9.380,0.273,0,95.94,0.004,0,84.80,0.289,100,0.57,18.401,47,52.18,0.00,0,5.8,0.147
1290,13304.847,AllocLarge,2B,0.402,14.3,0.103,16.72,19.776,12.576,2,9.380,0.273,0,5.17,0.004,0,84.80,0.289,100,0.57,12.001,57,26.67,0.00,0,6.5,0.122
1291,13313.737,AllocLarge,2B,0.316,11.1,0.000,0.00,18.981,18.989,2,9.380,0.287,0,96.13,0.004,0,84.80,0.289,100,0.57,18.401,47,52.18,0.00,0,3.9,0.056
1292,13319.192,AllocLarge,2B,2.033,40.0,0.000,0.00,20.590,13.397,2,10.180,0.295,0,4.81,0.004,0,84.80,0.289,100,0.57,12.801,59,25.00,0.00,0,26.2,1.750
1293,13336.373,AllocLarge,2B,0.520,0.0,0.103,6.80,24.604,23.812,2,9.380,0.309,0,96.41,0.004,0,84.80,0.289,100,0.57,23.201,36,62.07,0.00,0,3.4,0.254
1294,13342.012,AllocLarge,2B,1.235,20.0,0.000,0.00,25.412,12.611,2,9.380,0.309,0,2.15,0.004,0,84.80,0.289,100,0.57,12.001,57,26.67,0.00,0,16.1,0.939
1295,13352.980,AllocLarge,2B,0.491,10.0,0.000,0.00,20.617,19.025,2,9.380,0.323,0,96.56,0.004,0,84.80,0.289,100,0.57,18.401,43,52.18,0.00,0,5.5,0.221
1296,13361.920,AllocLarge,2B,0.371,10.0,0.000,0.00,19.825,12.625,2,9.380,0.323,0,4.37,0.004,0,84.80,0.289,100,0.57,12.001,57,26.67,0.00,0,3.9,0.086
1297,13373.063,AllocLarge,2B,0.518,0.0,0.103,9.69,19.031,19.039,2,9.380,0.336,0,96.70,0.004,0,84.80,0.289,100,0.57,18.401,47,52.18,0.00,0,4.9,0.257
1298,13381.995,AllocLarge,2B,0.584,9.1,0.000,0.00,19.839,12.638,2,9.380,0.336,0,4.18,0.004,0,84.80,0.289,100,0.57,12.001,57,26.67,0.00,0,6.0,0.327
1299,13395.855,AllocLarge,2B,0.762,6.7,0.000,0.00,19.044,19.052,2,9.380,0.350,0,96.83,0.004,0,84.80,0.289,100,0.57,18.401,47,52.18,0.00,0,5.7,0.483
1300,13403.683,AllocLarge,2B,0.458,11.1,0.000,0.00,19.852,12.652,2,9.380,0.350,0,4.04,0.004,0,84.80,0.289,100,0.57,12.001,57,26.67,0.00,0,5.5,0.166
1301,13417.182,AllocLarge,2B,0.392,7.1,0.105,8.27,19.057,19.066,2,9.380,0.363,0,96.94,0.004,0,84.80,0.289,100,0.57,18.401,47,52.18,0.00,0,3.1,0.146
1302,13426.233,AllocLarge,2B,0.329,10.0,0.000,0.00,19.866,12.665,2,9.380,0.363,0,3.88,0.004,0,84.80,0.289,100,0.57,12.001,57,26.67,0.00,0,3.4,0.086
1303,13440.078,AllocLarge,2B,0.432,0.0,0.000,0.00,19.071,19.079,2,9.380,0.377,0,97.05,0.004,0,84.80,0.289,100,0.57,18.401,47,52.18,0.00,0,3.3,0.193
1304,13449.438,AllocLarge,2B,1.369,14.3,0.103,9.24,19.879,12.679,2,9.380,0.377,0,3.73,0.004,0,84.80,0.289,100,0.57,12.001,57,26.67,0.00,0,12.3,1.077
1305,13460.299,AllocLarge,2B,0.411,10.0,0.000,0.00,19.084,19.093,2,9.380,0.390,0,97.27,0.004,0,84.80,0.289,100,0.57,18.401,47,52.18,0.00,0,4.5,0.177
1306,13466.273,AllocLarge,2B,1.896,30.0,0.000,0.00,20.693,13.492,2,10.180,0.390,0,1.13,0.004,0,84.80,0.289,100,0.57,12.801,59,25.00,0.00,0,23.0,1.575
1307,13485.173,AllocLarge,2B,0.703,0.0,0.000,0.00,24.709,23.917,2,9.380,0.414,0,97.32,0.004,0,84.80,0.289,100,0.57,23.201,36,62.07,0.00,0,4.2,0.429
1308,13494.124,AllocLarge,2B,0.444,10.0,0.103,10.27,25.517,12.716,2,9.380,0.414,0,1.60,0.004,0,84.80,0.289,100,0.57,12.001,57,26.67,0.00,0,4.4,0.113
1309,13507.475,AllocLarge,2B,0.372,7.7,0.000,0.00,20.722,19.130,2,9.380,0.428,0,97.40,0.004,0,84.80,0.289,100,0.57,18.401,43,52.18,0.00,0,3.1,0.084
1310,13516.414,AllocLarge,2B,2.404,20.0,0.000,0.00,20.730,13.538,2,10.180,0.436,0,3.26,0.004,0,84.80,0.289,100,0.57,12.801,59,25.00,0.00,0,20.6,2.084
1311,13538.422,AllocLarge,2B,0.430,4.8,0.103,5.28,24.745,23.953,2,9.380,0.450,0,97.53,0.004,0,84.80,0.289,100,0.57,23.201,36,62.07,0.00,0,2.2,0.139
1312,13547.872,AllocLarge,2B,0.565,16.7,0.000,0.00,25.553,12.752,2,9.380,0.450,0,1.47,0.004,0,84.80,0.289,100,0.57,12.001,57,26.67,0.00,0,5.2,0.265
1313,13561.184,AllocLarge,2B,0.863,7.7,0.000,0.00,20.758,19.166,2,9.380,0.463,0,97.61,0.004,0,84.80,0.289,100,0.57,18.401,43,52.18,0.00,0,7.0,0.592
1314,13570.178,AllocLarge,2B,1.252,21.4,0.000,0.00,19.966,12.766,2,9.380,0.463,0,3.04,0.004,0,84.80,0.289,100,0.57,12.001,57,26.67,0.00,0,12.4,0.930
1315,13584.347,AllocLarge,2B,0.826,7.7,0.103,7.92,19.171,19.179,2,9.380,0.477,0,97.67,0.004,0,84.80,0.289,100,0.57,18.401,47,52.18,0.00,0,6.4,0.488
1316,13593.797,AllocLarge,2B,0.955,9.1,0.000,0.00,19.980,12.779,2,9.380,0.477,0,2.95,0.004,0,84.80,0.289,100,0.57,12.001,57,26.67,0.00,0,9.3,0.658
1317,13607.220,AllocLarge,2B,0.540,7.7,0.000,0.00,19.185,19.193,2,9.380,0.490,0,97.74,0.004,0,84.80,0.289,100,0.57,18.401,47,52.18,0.00,0,4.4,0.264
1318,13616.087,AllocLarge,2B,1.145,25.0,0.105,10.24,19.993,12.793,2,9.380,0.490,0,2.88,0.004,0,84.80,0.289,100,0.57,12.001,57,26.67,0.00,0,11.2,0.788
1319,13629.671,AllocLarge,2B,0.800,7.1,0.000,0.00,19.198,19.206,2,9.380,0.504,0,97.89,0.004,0,84.80,0.289,100,0.57,18.401,47,52.18,0.00,0,6.4,0.319
1320,13639.028,AllocLarge,2B,2.261,23.1,0.000,0.00,20.807,13.606,2,10.180,0.504,0,0.87,0.004,0,84.80,0.289,100,0.57,12.801,59,25.00,0.00,0,19.8,1.938
1321,13660.774,AllocLarge,2B,1.358,9.5,0.000,0.00,24.823,24.031,2,9.380,0.528,0,97.90,0.004,0,84.80,0.289,100,0.57,23.201,36,62.07,0.00,0,6.7,0.910
1322,13670.341,AllocLarge,2B,0.738,23.1,0.103,10.14,25.631,12.830,2,9.380,0.528,0,1.26,0.004,0,84.80,0.289,100,0.57,12.001,57,26.67,0.00,0,7.3,0.410
1323,13679.805,AllocLarge,2B,0.458,0.0,0.000,0.00,20.836,19.244,2,9.380,0.541,0,97.95,0.004,0,84.80,0.289,100,0.57,18.401,43,52.18,0.00,0,5.7,0.111
1324,13689.014,AllocLarge,2B,0.873,16.7,0.000,0.00,20.044,12.852,2,9.380,0.550,0,2.65,0.004,0,84.80,0.289,100,0.57,12.001,57,26.67,0.00,0,8.5,0.416
1325,13702.425,AllocLarge,2B,2.668,23.5,0.102,7.07,19.257,19.265,2,9.380,0.563,0,98.03,0.004,0,84.80,0.289,100,0.57,18.401,47,52.18,0.00,0,18.4,2.322
1326,13711.729,AllocLarge,2B,0.712,20.0,0.000,0.00,20.065,12.865,2,9.380,0.563,0,2.43,0.004,0,84.80,0.289,100,0.57,12.001,57,26.67,0.00,0,8.6,0.324
