Num,PauseStart,Reason,Gen,PauseMSec,Time In GC,AllocMB,Alloc MB/sec,PeakMB,AfterMB,Peak/After Ratio,PromotedMB,Gen0 Size,Gen0 Surv%,Gen0 Frag%,Gen1 Size,Gen1 Surv%,Gen1 Frag%,Gen2 Size,Gen2 Surv%,Gen2 Frag%,LOH Size,LOH Surv%,LOH Frag%,FinalizeSurviveMB,Pinned Object,% Pause Time,Suspend Msec
1,488.462,AllocLarge,2B,0.653,0.0,0.652,1.33,7.082,7.091,2,6.400,0.682,0,54.69,0.000,0,NaN,0.000,0,NaN,6.400,99,0.00,0.00,0,80.6,0.065
2,558.110,AllocSmall,0N,1.174,1.4,7.694,111.92,24.842,17.103,2,0.290,0.001,3,81.43,0.293,NaN,1.11,0.000,NaN,NaN,16.801,NaN,0.00,0.00,1,1.7,0.005
3,568.749,AllocSmall,1N,0.693,0.0,8.381,884.97,25.491,17.099,2,0.290,0.001,0,81.43,0.000,99,10.71,0.289,NaN,0.00,16.801,NaN,0.00,0.00,1,6.8,0.004
4,578.656,AllocSmall,0N,0.178,0.0,8.381,909.28,25.487,17.099,2,0.000,0.001,0,81.43,0.000,NaN,15.38,0.289,NaN,0.00,16.801,NaN,0.00,0.00,1,1.9,0.003
5,588.068,AllocSmall,0N,0.159,0.0,8.389,908.19,25.487,17.099,2,0.000,0.001,0,81.43,0.001,NaN,13.43,0.289,NaN,0.00,16.801,NaN,0.00,0.00,1,1.7,0.004
6,597.334,AllocSmall,0N,0.143,0.0,8.389,920.77,25.488,17.099,2,0.000,0.001,0,81.43,0.001,NaN,15.38,0.289,NaN,0.00,16.801,NaN,0.00,0.00,1,1.5,0.003
7,611.997,AllocSmall,0N,0.166,0.0,8.389,577.64,32.688,24.300,2,0.000,0.001,0,81.43,0.001,NaN,12.30,0.289,NaN,0.00,24.001,NaN,0.00,0.00,1,1.1,0.005
8,621.951,AllocSmall,0N,0.152,0.0,8.388,856.67,32.688,24.300,2,0.000,0.001,0,81.43,0.001,NaN,11.76,0.289,NaN,0.00,24.001,NaN,0.00,0.00,1,1.5,0.004
9,631.289,AllocSmall,0N,0.111,0.0,8.388,912.93,32.688,24.300,2,0.000,0.001,0,81.43,0.001,NaN,12.21,0.289,NaN,0.00,24.001,NaN,0.00,0.00,1,1.2,0.002
10,640.511,AllocSmall,0N,0.109,0.0,8.389,920.50,32.689,24.301,2,0.000,0.001,0,81.43,0.002,NaN,12.00,0.289,NaN,0.00,24.001,NaN,0.00,0.00,1,1.2,0.003
11,649.849,AllocSmall,0N,0.140,0.0,8.388,908.72,32.689,24.301,2,0.000,0.001,0,81.43,0.002,NaN,12.80,0.289,NaN,0.00,24.001,NaN,0.00,0.00,1,1.5,0.005
12,659.570,AllocSmall,0N,0.161,10.0,8.389,875.21,32.689,24.301,2,0.000,0.001,0,81.43,0.002,NaN,12.55,0.289,NaN,0.00,24.001,NaN,0.00,0.00,1,1.7,0.003
13,678.392,AllocLarge,2B,0.746,9.5,6.290,304.39,36.247,36.263,2,7.778,6.362,0,33.82,0.002,0,96.65,0.289,99,0.57,29.601,24,75.68,0.00,0,3.6,0.547
14,683.684,AllocLarge,2B,0.269,25.0,0.000,0.00,37.855,17.055,2,9.378,6.355,0,33.86,0.002,0,96.65,0.289,100,0.57,10.400,73,15.39,0.00,0,4.9,0.083
15,713.224,AllocLarge,2B,0.331,8.8,0.000,0.00,44.257,16.255,2,9.378,6.355,0,33.83,0.002,0,96.65,0.289,100,0.57,9.600,23,0.00,0.00,0,1.1,0.091
16,719.563,AllocLarge,2B,0.219,0.0,0.000,0.00,21.855,17.055,2,9.378,6.355,0,33.85,0.002,0,96.65,0.289,100,0.57,10.400,57,15.39,0.00,0,5.8,0.075
17,733.001,AllocLarge,2B,0.270,0.0,0.110,8.11,28.255,28.255,2,9.378,6.355,0,33.86,0.002,0,96.65,0.289,100,0.57,21.601,40,59.26,0.00,0,2.0,0.091
18,739.340,AllocLarge,2B,0.785,22.2,0.000,0.00,29.855,18.655,2,9.378,6.355,0,33.85,0.002,0,96.65,0.289,100,0.57,12.001,57,26.67,0.00,0,10.1,0.589
19,749.127,AllocLarge,2B,0.246,0.0,0.000,0.00,25.855,25.055,2,9.378,6.355,0,33.86,0.002,0,96.65,0.289,100,0.57,18.401,45,52.18,0.00,0,3.0,0.078
20,755.359,AllocLarge,2B,0.708,22.2,0.000,0.00,25.855,18.655,2,9.378,6.355,0,33.85,0.002,0,96.65,0.289,100,0.57,12.001,57,26.67,0.00,0,9.8,0.569
21,765.126,AllocLarge,2B,0.430,9.1,0.000,0.00,25.055,25.055,2,9.378,6.355,0,33.86,0.002,0,96.65,0.289,100,0.57,18.401,47,52.18,0.00,0,4.7,0.108
22,771.588,AllocLarge,2B,1.059,20.0,0.000,0.00,25.855,18.655,2,9.378,6.355,0,33.85,0.002,0,96.65,0.289,100,0.57,12.001,57,26.67,0.00,0,14.0,0.879
23,781.140,AllocLarge,2B,0.238,11.1,0.000,0.00,25.855,25.055,2,9.378,6.355,0,33.85,0.002,0,96.65,0.289,100,0.57,18.401,45,52.18,0.00,0,2.9,0.077
24,787.324,AllocLarge,2B,0.431,14.3,0.000,0.00,25.855,18.655,2,9.378,6.355,0,33.85,0.002,0,96.65,0.289,100,0.57,12.001,57,26.67,0.00,0,6.2,0.241
25,796.963,AllocLarge,2B,0.259,0.0,0.000,0.00,25.055,25.055,2,9.378,6.355,0,33.85,0.002,0,96.65,0.289,100,0.57,18.401,47,52.18,0.00,0,2.9,0.079
26,803.205,AllocLarge,2B,0.360,0.0,0.000,0.00,25.855,18.655,2,9.378,6.355,0,33.85,0.002,0,96.65,0.289,100,0.57,12.001,57,26.67,0.00,0,5.2,0.131
27,812.852,AllocLarge,2B,0.259,0.0,0.000,0.00,25.055,25.055,2,9.378,6.355,0,33.86,0.002,0,96.65,0.289,100,0.57,18.401,47,52.18,0.00,0,2.9,0.092
28,819.009,AllocLarge,2B,0.522,12.5,0.000,0.00,25.855,18.655,2,9.378,6.355,0,33.85,0.002,0,96.65,0.289,100,0.57,12.001,57,26.67,0.00,0,7.5,0.095
29,828.723,AllocLarge,2B,0.269,10.0,0.000,0.00,25.055,25.055,2,9.378,6.355,0,33.85,0.002,0,96.65,0.289,100,0.57,18.401,47,52.18,0.00,0,3.0,0.112
30,834.896,AllocLarge,2B,0.308,12.5,0.000,0.00,25.855,18.655,2,9.378,6.355,0,33.85,0.002,0,96.65,0.289,100,0.57,12.001,57,26.67,0.00,0,4.5,0.123
31,844.456,AllocLarge,2B,0.222,0.0,0.000,0.00,25.055,25.055,2,9.378,6.355,0,33.85,0.002,0,96.65,0.289,100,0.57,18.401,47,52.18,0.00,0,2.5,0.076
32,850.580,AllocLarge,2B,0.332,25.0,0.000,0.00,25.855,18.655,2,9.378,6.355,0,33.85,0.002,0,96.65,0.289,100,0.57,12.001,57,26.67,0.00,0,4.9,0.154
33,860.079,AllocLarge,2B,0.262,0.0,0.000,0.00,25.055,25.055,2,9.378,6.355,0,33.85,0.002,0,96.65,0.289,100,0.57,18.401,47,52.18,0.00,0,2.9,0.079
34,866.405,AllocLarge,2B,0.339,25.0,0.000,0.00,25.855,18.655,2,9.378,6.355,0,33.85,0.002,0,96.65,0.289,100,0.57,12.001,57,26.67,0.00,0,4.8,0.120
35,876.112,AllocLarge,2B,0.284,0.0,0.000,0.00,25.055,25.055,2,9.378,6.355,0,33.86,0.002,0,96.65,0.289,100,0.57,18.401,47,52.18,0.00,0,3.2,0.097
36,882.492,AllocLarge,2B,1.091,25.0,0.000,0.00,25.855,18.655,2,9.378,6.355,0,33.85,0.002,0,96.65,0.289,100,0.57,12.001,57,26.67,0.00,0,14.0,0.863
37,892.522,AllocLarge,2B,0.312,0.0,0.000,0.00,25.055,25.055,2,9.378,6.355,0,33.86,0.002,0,96.65,0.289,100,0.57,18.401,47,52.18,0.00,0,3.6,0.111
38,898.950,AllocLarge,2B,0.782,20.0,0.103,13.45,25.855,18.655,2,9.378,6.355,0,33.85,0.002,0,96.65,0.289,100,0.57,12.001,57,26.67,0.00,0,10.2,0.585
39,908.560,AllocLarge,2B,0.295,11.1,0.000,0.00,25.055,25.055,2,9.378,6.355,0,33.86,0.002,0,96.65,0.289,100,0.57,18.401,47,52.18,0.00,0,3.5,0.117
40,914.880,AllocLarge,2B,0.247,11.1,0.000,0.00,25.855,18.655,2,9.378,6.355,0,33.85,0.002,0,96.65,0.289,100,0.57,12.001,57,26.67,0.00,0,3.6,0.087
41,924.477,AllocLarge,2B,0.258,0.0,0.000,0.00,25.055,25.055,2,9.378,6.355,0,33.85,0.002,0,96.65,0.289,100,0.57,18.401,47,52.18,0.00,0,2.9,0.076
42,930.856,AllocLarge,2B,1.297,20.0,0.000,0.00,25.855,18.655,2,9.378,6.355,0,33.85,0.002,0,96.65,0.289,100,0.57,12.001,57,26.67,0.00,0,16.0,1.062
43,941.089,AllocLarge,2B,0.267,10.0,0.000,0.00,25.855,25.055,2,9.378,6.355,0,33.85,0.002,0,96.65,0.289,100,0.57,18.401,45,52.18,0.00,0,3.1,0.081
44,947.386,AllocLarge,2B,1.018,12.5,0.000,0.00,25.855,18.655,2,9.378,6.355,0,33.85,0.002,0,96.65,0.289,100,0.57,12.001,57,26.67,0.00,0,13.5,0.861
45,956.819,AllocLarge,2B,0.269,22.2,0.000,0.00,25.855,25.055,2,9.378,6.355,0,33.85,0.002,0,96.65,0.289,100,0.57,18.401,45,52.18,0.00,0,3.3,0.076
46,963.416,AllocLarge,2B,1.123,20.0,0.000,0.00,25.855,18.655,2,9.378,6.355,0,33.85,0.002,0,96.65,0.289,100,0.57,12.001,57,26.67,0.00,0,13.9,0.926
47,973.220,AllocLarge,2B,0.266,0.0,0.000,0.00,25.855,25.055,2,9.378,6.355,0,33.86,0.002,0,96.65,0.289,100,0.57,18.401,45,52.18,0.00,0,3.2,0.081
48,979.667,AllocLarge,2B,0.337,11.1,0.000,0.00,25.855,18.655,2,9.378,6.355,0,33.85,0.002,0,96.65,0.289,100,0.57,12.001,57,26.67,0.00,0,4.8,0.163
49,988.941,AllocLarge,2B,0.260,10.0,0.000,0.00,25.055,25.055,2,9.378,6.355,0,33.85,0.002,0,96.65,0.289,100,0.57,18.401,47,52.18,0.00,0,3.0,0.089
50,995.202,AllocLarge,2B,0.444,12.5,0.000,0.00,25.855,18.655,2,9.378,6.355,0,33.85,0.002,0,96.65,0.289,100,0.57,12.001,57,26.67,0.00,0,6.3,0.251
51,1004.663,AllocLarge,2B,0.265,0.0,0.000,0.00,25.055,25.055,2,9.378,6.355,0,33.86,0.002,0,96.65,0.289,100,0.57,18.401,47,52.18,0.00,0,3.0,0.086
52,1010.974,AllocLarge,2B,0.772,11.1,0.000,0.00,25.855,18.655,2,9.378,6.355,0,33.85,0.002,0,96.65,0.289,100,0.57,12.001,57,26.67,0.00,0,10.4,0.570
53,1020.681,AllocLarge,2B,0.280,0.0,0.000,0.00,25.055,25.055,2,9.378,6.355,0,33.86,0.002,0,96.65,0.289,100,0.57,18.401,47,52.18,0.00,0,3.2,0.092
54,1029.682,AllocLarge,2B,0.491,6.3,0.000,0.00,25.855,18.655,2,9.378,6.355,0,33.85,0.002,0,96.65,0.289,100,0.57,12.001,57,26.67,0.00,0,5.1,0.286
55,1039.533,AllocLarge,2B,0.268,9.1,0.000,0.00,25.055,25.063,2,9.378,6.363,0,33.82,0.002,0,96.65,0.289,100,0.57,18.401,47,52.18,0.00,0,2.9,0.081
56,1045.656,AllocLarge,2B,0.717,12.5,0.107,15.29,25.856,18.655,2,9.378,6.355,0,33.72,0.002,0,96.65,0.289,100,0.57,12.001,57,26.67,0.00,0,10.2,0.578
57,1055.288,AllocLarge,2B,0.269,0.0,0.000,0.00,25.055,25.055,2,9.378,6.355,0,33.86,0.002,0,96.65,0.289,100,0.57,18.401,47,52.18,0.00,0,3.1,0.088
58,1061.383,AllocLarge,2B,1.041,22.2,0.000,0.00,25.856,18.655,2,9.378,6.355,0,33.85,0.002,0,96.65,0.289,100,0.57,12.001,57,26.67,0.00,0,14.1,0.889
59,1070.777,AllocLarge,2B,0.250,0.0,0.000,0.00,25.856,25.055,2,9.378,6.355,0,33.85,0.002,0,96.65,0.289,100,0.57,18.401,45,52.18,0.00,0,3.1,0.077
60,1076.910,AllocLarge,2B,0.416,7.7,0.000,0.00,25.856,18.655,2,9.378,6.355,0,33.85,0.002,0,96.65,0.289,100,0.57,12.001,57,26.67,0.00,0,6.0,0.248
61,1085.952,AllocLarge,2B,0.244,0.0,0.000,0.00,25.055,25.055,2,9.378,6.355,0,33.85,0.002,0,96.65,0.289,100,0.57,18.401,47,52.18,0.00,0,2.9,0.078
62,1091.745,AllocLarge,2B,0.759,20.0,0.000,0.00,25.856,18.655,2,9.378,6.355,0,33.85,0.002,0,96.65,0.289,100,0.57,12.001,57,26.67,0.00,0,11.3,0.589
63,1100.723,AllocLarge,2B,0.258,0.0,0.000,0.00,25.055,25.055,2,9.378,6.355,0,33.85,0.002,0,96.65,0.289,100,0.57,18.401,47,52.18,0.00,0,3.2,0.097
64,1106.662,AllocLarge,2B,0.323,12.5,0.000,0.00,25.856,18.655,2,9.378,6.355,0,33.85,0.002,0,96.65,0.289,100,0.57,12.001,57,26.67,0.00,0,4.9,0.164
65,1115.536,AllocLarge,2B,0.252,11.1,0.000,0.00,25.055,25.055,2,9.378,6.355,0,33.85,0.002,0,96.65,0.289,100,0.57,18.401,47,52.18,0.00,0,3.1,0.099
66,1121.337,AllocLarge,2B,0.301,14.3,0.000,0.00,25.856,18.655,2,9.378,6.355,0,33.85,0.002,0,96.65,0.289,100,0.57,12.001,57,26.67,0.00,0,4.7,0.100
67,1130.396,AllocLarge,2B,0.284,10.0,0.000,0.00,25.055,25.055,2,9.378,6.355,0,33.86,0.002,0,96.65,0.289,100,0.57,18.401,47,52.18,0.00,0,3.4,0.100
68,1136.247,AllocLarge,2B,0.346,12.5,0.000,0.00,25.856,18.655,2,9.378,6.355,0,33.85,0.002,0,96.65,0.289,100,0.57,12.001,57,26.67,0.00,0,5.3,0.157
69,1145.289,AllocLarge,2B,0.290,11.1,0.000,0.00,25.055,25.055,2,9.378,6.355,0,33.86,0.002,0,96.65,0.289,100,0.57,18.401,47,52.18,0.00,0,3.4,0.108
70,1151.112,AllocLarge,2B,0.772,25.0,0.000,0.00,25.856,18.655,2,9.378,6.355,0,33.85,0.002,0,96.65,0.289,100,0.57,12.001,57,26.67,0.00,0,11.3,0.614
71,1159.879,AllocLarge,2B,0.199,0.0,0.000,0.00,25.055,25.055,2,9.378,6.355,0,33.85,0.002,0,96.65,0.289,100,0.57,18.401,47,52.18,0.00,0,2.6,0.046
72,1165.602,AllocLarge,2B,1.072,20.0,0.000,0.00,25.856,18.655,2,9.378,6.355,0,33.85,0.002,0,96.65,0.289,100,0.57,12.001,57,26.67,0.00,0,14.9,0.866
73,1174.885,AllocLarge,2B,0.243,0.0,0.000,0.00,25.856,25.055,2,9.378,6.355,0,33.85,0.002,0,96.65,0.289,100,0.57,18.401,45,52.18,0.00,0,3.1,0.078
74,1180.785,AllocLarge,2B,0.427,12.5,0.000,0.00,25.856,18.655,2,9.378,6.355,0,33.85,0.002,0,96.65,0.289,100,0.57,12.001,57,26.67,0.00,0,6.4,0.251
75,1189.865,AllocLarge,2B,0.273,0.0,0.000,0.00,25.055,25.055,2,9.378,6.355,0,33.86,0.002,0,96.65,0.289,100,0.57,18.401,47,52.18,0.00,0,3.3,0.090
76,1195.641,AllocLarge,2B,0.218,11.1,0.000,0.00,25.856,18.655,2,9.378,6.355,0,33.85,0.002,0,96.65,0.289,100,0.57,12.001,57,26.67,0.00,0,3.5,0.077
77,1204.611,AllocLarge,2B,0.277,0.0,0.000,0.00,25.055,25.055,2,9.378,6.355,0,33.86,0.002,0,96.65,0.289,100,0.57,18.401,47,52.18,0.00,0,3.3,0.092
78,1210.485,AllocLarge,2B,0.579,7.1,0.103,15.27,25.856,18.655,2,9.378,6.355,0,33.85,0.002,0,96.65,0.289,100,0.57,12.001,57,26.67,0.00,0,8.6,0.423
79,1219.817,AllocLarge,2B,0.309,10.0,0.000,0.00,25.055,25.055,2,9.378,6.355,0,33.85,0.002,0,96.65,0.289,100,0.57,18.401,47,52.18,0.00,0,3.6,0.111
80,1225.889,AllocLarge,2B,0.246,16.7,0.000,0.00,25.856,18.655,2,9.378,6.355,0,33.85,0.002,0,96.65,0.289,100,0.57,12.001,57,26.67,0.00,0,3.8,0.079
81,1235.197,AllocLarge,2B,0.330,9.1,0.000,0.00,25.055,25.055,2,9.378,6.355,0,33.85,0.002,0,96.65,0.289,100,0.57,18.401,47,52.18,0.00,0,3.7,0.108
82,1241.009,AllocLarge,2B,0.286,0.0,0.000,0.00,25.856,18.655,2,9.378,6.355,0,33.85,0.002,0,96.65,0.289,100,0.57,12.001,57,26.67,0.00,0,4.5,0.101
83,1250.370,AllocLarge,2B,0.267,0.0,0.000,0.00,25.055,25.055,2,9.378,6.355,0,33.85,0.002,0,96.65,0.289,100,0.57,18.401,47,52.18,0.00,0,3.0,0.081
84,1256.155,AllocLarge,2B,0.235,0.0,0.000,0.00,25.856,18.655,2,9.378,6.355,0,33.85,0.002,0,96.65,0.289,100,0.57,12.001,57,26.67,0.00,0,3.8,0.093
85,1265.091,AllocLarge,2B,0.389,11.1,0.000,0.00,25.055,25.055,2,9.378,6.355,0,33.85,0.002,0,96.65,0.289,100,0.57,18.401,47,52.18,0.00,0,4.5,0.223
86,1271.228,AllocLarge,2B,0.878,12.5,0.000,0.00,25.856,18.655,2,9.378,6.355,0,33.85,0.002,0,96.65,0.289,100,0.57,12.001,57,26.67,0.00,0,12.2,0.716
87,1280.292,AllocLarge,2B,0.266,0.0,0.000,0.00,25.856,25.055,2,9.378,6.355,0,33.85,0.002,0,96.65,0.289,100,0.57,18.401,45,52.18,0.00,0,3.4,0.080
88,1286.225,AllocLarge,2B,0.301,12.5,0.000,0.00,25.856,18.655,2,9.378,6.355,0,33.85,0.002,0,96.65,0.289,100,0.57,12.001,57,26.67,0.00,0,4.6,0.109
89,1295.220,AllocLarge,2B,0.255,0.0,0.000,0.00,25.055,25.055,2,9.378,6.355,0,33.85,0.002,0,96.65,0.289,100,0.57,18.401,47,52.18,0.00,0,3.0,0.074
90,1301.014,AllocLarge,2B,0.847,22.2,0.000,0.00,25.856,18.655,2,9.378,6.355,0,33.85,0.002,0,96.65,0.289,100,0.57,12.001,57,26.67,0.00,0,12.1,0.577
91,1310.082,AllocLarge,2B,0.269,12.5,0.000,0.00,25.055,25.055,2,9.378,6.355,0,33.85,0.002,0,96.65,0.289,100,0.57,18.401,47,52.18,0.00,0,3.4,0.079
92,1315.866,AllocLarge,2B,0.551,16.7,0.000,0.00,25.856,18.655,2,9.378,6.355,0,33.85,0.002,0,96.65,0.289,100,0.57,12.001,57,26.67,0.00,0,8.3,0.396
93,1324.844,AllocLarge,2B,0.242,0.0,0.000,0.00,25.055,25.055,2,9.378,6.355,0,33.85,0.002,0,96.65,0.289,100,0.57,18.401,47,52.18,0.00,0,3.0,0.079
94,1330.560,AllocLarge,2B,0.398,12.5,0.000,0.00,25.856,18.655,2,9.378,6.355,0,33.85,0.002,0,96.65,0.289,100,0.57,12.001,57,26.67,0.00,0,6.2,0.244
95,1339.629,AllocLarge,2B,0.305,0.0,0.000,0.00,25.055,25.055,2,9.378,6.355,0,33.85,0.002,0,96.65,0.289,100,0.57,18.401,47,52.18,0.00,0,3.6,0.085
96,1345.534,AllocLarge,2B,0.261,16.7,0.000,0.00,25.856,18.655,2,9.378,6.355,0,33.85,0.002,0,96.65,0.289,100,0.57,12.001,57,26.67,0.00,0,4.1,0.096
97,1354.727,AllocLarge,2B,0.252,11.1,0.000,0.00,25.055,25.055,2,9.378,6.355,0,33.85,0.002,0,96.65,0.289,100,0.57,18.401,47,52.18,0.00,0,2.9,0.078
98,1360.653,AllocLarge,2B,0.579,12.5,0.000,0.00,25.856,18.655,2,9.378,6.355,0,33.85,0.002,0,96.65,0.289,100,0.57,12.001,57,26.67,0.00,0,8.6,0.435
99,1369.557,AllocLarge,2B,0.252,0.0,0.109,13.53,25.055,25.064,2,9.378,6.363,0,33.82,0.002,0,96.65,0.289,100,0.57,18.401,47,52.18,0.00,0,3.1,0.077
100,1375.410,AllocLarge,2B,0.275,12.5,0.000,0.00,25.856,18.655,2,9.378,6.355,0,33.72,0.002,0,96.65,0.289,100,0.57,12.001,57,26.67,0.00,0,4.2,0.109
101,1384.281,AllocLarge,2B,0.260,11.1,0.000,0.00,25.056,25.056,2,9.378,6.355,0,33.85,0.002,0,96.65,0.289,100,0.57,18.401,47,52.18,0.00,0,3.2,0.100
102,1390.125,AllocLarge,2B,1.038,25.0,0.000,0.00,25.856,18.655,2,9.378,6.355,0,33.84,0.002,0,96.65,0.289,100,0.57,12.001,57,26.67,0.00,0,14.4,0.879
103,1399.204,AllocLarge,2B,0.279,0.0,0.000,0.00,26.656,25.056,2,9.378,6.355,0,33.85,0.002,0,96.65,0.289,100,0.57,18.401,43,52.18,0.00,0,3.6,0.119
104,1405.103,AllocLarge,2B,0.923,25.0,0.000,0.00,25.856,18.655,2,9.378,6.355,0,33.84,0.002,0,96.65,0.289,100,0.57,12.001,57,26.67,0.00,0,12.9,0.746
105,1414.091,AllocLarge,2B,0.253,12.5,0.000,0.00,25.856,25.056,2,9.378,6.355,0,33.85,0.002,0,96.65,0.289,100,0.57,18.401,45,52.18,0.00,0,3.3,0.096
106,1420.112,AllocLarge,2B,0.591,12.5,0.000,0.00,25.856,18.655,2,9.378,6.355,0,33.84,0.002,0,96.65,0.289,100,0.57,12.001,57,26.67,0.00,0,8.4,0.413
107,1429.048,AllocLarge,2B,0.233,12.5,0.000,0.00,25.056,25.056,2,9.378,6.355,0,33.86,0.002,0,96.65,0.289,100,0.57,18.401,47,52.18,0.00,0,2.9,0.082
108,1434.916,AllocLarge,2B,1.119,13.3,0.000,0.00,25.856,18.655,2,9.378,6.355,0,33.84,0.002,0,96.65,0.289,100,0.57,12.001,57,26.67,0.00,0,15.2,0.935
109,1444.319,AllocLarge,2B,0.266,0.0,0.000,0.00,25.856,25.056,2,9.378,6.355,0,33.85,0.002,0,96.65,0.289,100,0.57,18.401,45,52.18,0.00,0,3.3,0.080
110,1450.120,AllocLarge,2B,0.321,12.5,0.000,0.00,25.856,18.664,2,9.378,6.363,0,33.81,0.002,0,96.65,0.289,100,0.57,12.001,57,26.67,0.00,0,5.0,0.105
111,1459.217,AllocLarge,2B,0.237,0.0,0.000,0.00,25.056,25.056,2,9.378,6.356,0,33.85,0.002,0,96.65,0.289,100,0.57,18.401,47,52.18,0.00,0,2.8,0.077
112,1464.935,AllocLarge,2B,0.929,25.0,0.000,0.00,25.856,18.656,2,9.378,6.356,0,33.84,0.002,0,96.65,0.289,100,0.57,12.001,57,26.67,0.00,0,13.3,0.766
113,1474.119,AllocLarge,2B,0.273,0.0,0.000,0.00,25.056,25.056,2,9.378,6.356,0,33.85,0.002,0,96.65,0.289,100,0.57,18.401,47,52.18,0.00,0,3.4,0.099
114,1480.006,AllocLarge,2B,0.310,14.3,0.000,0.00,25.856,18.656,2,9.378,6.356,0,33.84,0.002,0,96.65,0.289,100,0.57,12.001,57,26.67,0.00,0,4.7,0.101
115,1489.738,AllocLarge,2B,0.274,0.0,0.000,0.00,25.056,25.056,2,9.378,6.356,0,33.85,0.002,0,96.65,0.289,100,0.57,18.401,47,52.18,0.00,0,3.0,0.084
116,1495.726,AllocLarge,2B,1.101,22.2,0.000,0.00,25.856,18.656,2,9.378,6.356,0,33.84,0.002,0,96.65,0.289,100,0.57,12.001,57,26.67,0.00,0,14.8,0.883
117,1505.754,AllocLarge,2B,0.319,0.0,0.107,12.29,25.856,25.056,2,9.378,6.356,0,33.85,0.002,0,96.65,0.289,100,0.57,18.401,45,52.18,0.00,0,3.7,0.090
118,1512.025,AllocLarge,2B,0.911,22.2,0.000,0.00,25.856,18.656,2,9.378,6.356,0,33.84,0.002,0,96.65,0.289,100,0.57,12.001,57,26.67,0.00,0,12.4,0.719
119,1522.174,AllocLarge,2B,0.279,0.0,0.000,0.00,25.056,25.056,2,9.378,6.356,0,33.85,0.002,0,96.65,0.289,100,0.57,18.401,47,52.18,0.00,0,3.1,0.086
120,1528.518,AllocLarge,2B,0.433,12.5,0.000,0.00,25.856,18.656,2,9.378,6.356,0,33.84,0.002,0,96.65,0.289,100,0.57,12.001,57,26.67,0.00,0,6.1,0.244
121,1538.727,AllocLarge,2B,0.296,10.0,0.000,0.00,25.056,25.056,2,9.378,6.356,0,33.85,0.002,0,96.65,0.289,100,0.57,18.401,47,52.18,0.00,0,3.1,0.084
122,1544.981,AllocLarge,2B,1.101,11.1,0.000,0.00,25.856,18.656,2,9.378,6.356,0,33.84,0.002,0,96.65,0.289,100,0.57,12.001,57,26.67,0.00,0,14.5,0.893
123,1554.427,AllocLarge,2B,0.278,0.0,0.000,0.00,25.856,25.056,2,9.378,6.356,0,33.85,0.002,0,96.65,0.289,100,0.57,18.401,45,52.18,0.00,0,3.4,0.079
124,1560.785,AllocLarge,2B,1.068,22.2,0.000,0.00,25.856,18.656,2,9.378,6.356,0,33.84,0.002,0,96.65,0.289,100,0.57,12.001,57,26.67,0.00,0,13.8,0.884
125,1570.213,AllocLarge,2B,0.274,0.0,0.000,0.00,25.856,25.056,2,9.378,6.356,0,33.85,0.002,0,96.65,0.289,100,0.57,18.401,45,52.18,0.00,0,3.4,0.089
126,1576.382,AllocLarge,2B,0.364,14.3,0.000,0.00,25.856,18.656,2,9.378,6.356,0,33.84,0.002,0,96.65,0.289,100,0.57,12.001,57,26.67,0.00,0,5.3,0.108
127,1585.832,AllocLarge,2B,0.283,0.0,0.000,0.00,25.056,25.056,2,9.378,6.356,0,33.86,0.002,0,96.65,0.289,100,0.57,18.401,47,52.18,0.00,0,3.2,0.099
128,1591.942,AllocLarge,2B,0.451,12.5,0.000,0.00,25.856,18.656,2,9.378,6.356,0,33.84,0.002,0,96.65,0.289,100,0.57,12.001,57,26.67,0.00,0,6.6,0.241
129,1601.243,AllocLarge,2B,0.285,0.0,0.000,0.00,25.056,25.056,2,9.378,6.356,0,33.85,0.002,0,96.65,0.289,100,0.57,18.401,47,52.18,0.00,0,3.3,0.101
130,1607.167,AllocLarge,2B,0.568,14.3,0.000,0.00,25.856,18.656,2,9.378,6.356,0,33.84,0.002,0,96.65,0.289,100,0.57,12.001,57,26.67,0.00,0,8.4,0.392
131,1616.522,AllocLarge,2B,0.317,10.0,0.000,0.00,25.056,25.056,2,9.378,6.356,0,33.85,0.002,0,96.65,0.289,100,0.57,18.401,47,52.18,0.00,0,3.7,0.082
132,1622.699,AllocLarge,2B,0.422,12.5,0.000,0.00,25.856,18.656,2,9.378,6.356,0,33.84,0.002,0,96.65,0.289,100,0.57,12.001,57,26.67,0.00,0,6.1,0.170
133,1631.942,AllocLarge,2B,0.482,10.0,0.000,0.00,25.056,25.056,2,9.378,6.356,0,33.85,0.002,0,96.65,0.289,100,0.57,18.401,47,52.18,0.00,0,5.6,0.264
134,1638.231,AllocLarge,2B,0.408,14.3,0.000,0.00,25.856,18.656,2,9.378,6.356,0,33.84,0.002,0,96.65,0.289,100,0.57,12.001,57,26.67,0.00,0,6.0,0.181
135,1647.706,AllocLarge,2B,0.359,9.1,0.000,0.00,25.056,25.056,2,9.378,6.356,0,33.85,0.002,0,96.65,0.289,100,0.57,18.401,47,52.18,0.00,0,4.1,0.146
136,1654.086,AllocLarge,2B,0.915,12.5,0.000,0.00,25.856,18.656,2,9.378,6.356,0,33.84,0.002,0,96.65,0.289,100,0.57,12.001,57,26.67,0.00,0,12.1,0.718
137,1663.494,AllocLarge,2B,0.299,11.1,0.000,0.00,25.856,25.056,2,9.378,6.356,0,33.85,0.002,0,96.65,0.289,100,0.57,18.401,45,52.18,0.00,0,3.7,0.104
138,1669.715,AllocLarge,2B,0.357,14.3,0.102,14.89,25.856,18.656,2,9.378,6.356,0,33.84,0.002,0,96.65,0.289,100,0.57,12.001,57,26.67,0.00,0,5.2,0.129
139,1679.145,AllocLarge,2B,0.279,0.0,0.000,0.00,25.056,25.056,2,9.378,6.356,0,33.85,0.002,0,96.65,0.289,100,0.57,18.401,47,52.18,0.00,0,3.2,0.083
140,1685.265,AllocLarge,2B,0.333,25.0,0.000,0.00,25.856,18.656,2,9.378,6.356,0,33.84,0.002,0,96.65,0.289,100,0.57,12.001,57,26.67,0.00,0,4.9,0.113
141,1694.691,AllocLarge,2B,0.272,10.0,0.000,0.00,25.056,25.056,2,9.378,6.356,0,33.85,0.002,0,96.65,0.289,100,0.57,18.401,47,52.18,0.00,0,3.1,0.082
142,1700.805,AllocLarge,2B,0.289,12.5,0.000,0.00,25.856,18.656,2,9.378,6.356,0,33.84,0.002,0,96.65,0.289,100,0.57,12.001,57,26.67,0.00,0,4.3,0.098
143,1710.290,AllocLarge,2B,0.296,0.0,0.000,0.00,25.056,25.056,2,9.378,6.356,0,33.86,0.002,0,96.65,0.289,100,0.57,18.401,47,52.18,0.00,0,3.3,0.103
144,1716.554,AllocLarge,2B,0.923,12.5,0.000,0.00,25.856,18.656,2,9.378,6.356,0,33.84,0.002,0,96.65,0.289,100,0.57,12.001,57,26.67,0.00,0,12.3,0.730
145,1725.872,AllocLarge,2B,0.271,0.0,0.000,0.00,25.856,25.056,2,9.378,6.356,0,33.85,0.002,0,96.65,0.289,100,0.57,18.401,45,52.18,0.00,0,3.4,0.079
146,1731.797,AllocLarge,2B,0.641,22.2,0.000,0.00,25.856,18.656,2,9.378,6.356,0,33.84,0.002,0,96.65,0.289,100,0.57,12.001,57,26.67,0.00,0,9.3,0.422
147,1741.116,AllocLarge,2B,0.283,11.1,0.000,0.00,25.056,25.056,2,9.378,6.356,0,33.85,0.002,0,96.65,0.289,100,0.57,18.401,47,52.18,0.00,0,3.4,0.084
148,1747.240,AllocLarge,2B,0.355,14.3,0.000,0.00,25.856,18.656,2,9.378,6.356,0,33.84,0.002,0,96.65,0.289,100,0.57,12.001,57,26.67,0.00,0,5.2,0.152
149,1756.869,AllocLarge,2B,0.275,0.0,0.000,0.00,25.056,25.056,2,9.378,6.356,0,33.85,0.002,0,96.65,0.289,100,0.57,18.401,47,52.18,0.00,0,3.1,0.083
150,1762.767,AllocLarge,2B,0.581,11.1,0.000,0.00,25.856,18.656,2,9.378,6.356,0,33.84,0.002,0,96.65,0.289,100,0.57,12.001,57,26.67,0.00,0,8.3,0.397
151,1772.083,AllocLarge,2B,0.295,0.0,0.000,0.00,25.056,25.056,2,9.378,6.356,0,33.85,0.002,0,96.65,0.289,100,0.57,18.401,47,52.18,0.00,0,3.6,0.096
152,1778.125,AllocLarge,2B,1.120,22.2,0.000,0.00,25.856,18.656,2,9.378,6.356,0,33.84,0.002,0,96.65,0.289,100,0.57,12.001,57,26.67,0.00,0,15.0,0.880
153,1787.570,AllocLarge,2B,0.266,0.0,0.000,0.00,26.656,25.056,2,9.378,6.356,0,33.85,0.002,0,96.65,0.289,100,0.57,18.401,43,52.18,0.00,0,3.3,0.082
154,1793.469,AllocLarge,2B,0.428,12.5,0.000,0.00,25.856,18.656,2,9.378,6.356,0,33.84,0.002,0,96.65,0.289,100,0.57,12.001,57,26.67,0.00,0,6.4,0.237
155,1802.962,AllocLarge,2B,0.306,11.1,0.000,0.00,25.056,25.056,2,9.378,6.356,0,33.85,0.002,0,96.65,0.289,100,0.57,18.401,47,52.18,0.00,0,3.5,0.084
156,1808.912,AllocLarge,2B,0.938,20.0,0.000,0.00,25.856,18.656,2,9.378,6.356,0,33.84,0.002,0,96.65,0.289,100,0.57,12.001,57,26.67,0.00,0,13.2,0.767
157,1818.390,AllocLarge,2B,0.400,0.0,0.000,0.00,25.856,25.056,2,9.378,6.356,0,33.85,0.002,0,96.65,0.289,100,0.57,18.401,45,52.18,0.00,0,4.8,0.086
158,1824.494,AllocLarge,2B,0.355,12.5,0.000,0.00,25.856,18.656,2,9.378,6.356,0,33.84,0.002,0,96.65,0.289,100,0.57,12.001,57,26.67,0.00,0,5.4,0.150
159,1834.061,AllocLarge,2B,0.269,0.0,0.109,12.26,25.056,25.056,2,9.378,6.356,0,33.85,0.002,0,96.65,0.289,100,0.57,18.401,47,52.18,0.00,0,3.0,0.082
160,1839.937,AllocLarge,2B,0.290,14.3,0.000,0.00,25.856,18.656,2,9.378,6.356,0,33.84,0.002,0,96.65,0.289,100,0.57,12.001,57,26.67,0.00,0,4.5,0.105
161,1849.325,AllocLarge,2B,0.285,0.0,0.000,0.00,25.056,25.056,2,9.378,6.356,0,33.85,0.002,0,96.65,0.289,100,0.57,18.401,47,52.18,0.00,0,3.2,0.100
162,1855.248,AllocLarge,2B,0.241,12.5,0.000,0.00,25.856,18.656,2,9.378,6.356,0,33.84,0.002,0,96.65,0.289,100,0.57,12.001,57,26.67,0.00,0,3.8,0.076
163,1864.602,AllocLarge,2B,0.297,0.0,0.000,0.00,25.056,25.056,2,9.378,6.356,0,33.85,0.002,0,96.65,0.289,100,0.57,18.401,47,52.18,0.00,0,3.4,0.086
164,1870.826,AllocLarge,2B,0.923,12.5,0.000,0.00,25.856,18.656,2,9.378,6.356,0,33.84,0.002,0,96.65,0.289,100,0.57,12.001,57,26.67,0.00,0,12.5,0.717
165,1880.075,AllocLarge,2B,0.279,10.0,0.000,0.00,26.656,25.056,2,9.378,6.356,0,33.85,0.002,0,96.65,0.289,100,0.57,18.401,43,52.18,0.00,0,3.5,0.095
166,1886.119,AllocLarge,2B,0.421,12.5,0.000,0.00,25.856,18.656,2,9.378,6.356,0,33.84,0.002,0,96.65,0.289,100,0.57,12.001,57,26.67,0.00,0,6.2,0.242
167,1895.347,AllocLarge,2B,0.271,0.0,0.000,0.00,25.056,25.056,2,9.378,6.356,0,33.85,0.002,0,96.65,0.289,100,0.57,18.401,47,52.18,0.00,0,3.2,0.084
168,1901.960,AllocLarge,2B,1.125,20.0,0.000,0.00,25.856,18.656,2,9.378,6.356,0,33.84,0.002,0,96.65,0.289,100,0.57,12.001,57,26.67,0.00,0,14.0,0.935
169,1911.331,AllocLarge,2B,0.281,0.0,0.000,0.00,25.856,25.056,2,9.378,6.356,0,33.86,0.002,0,96.65,0.289,100,0.57,18.401,45,52.18,0.00,0,3.5,0.090
170,1917.413,AllocLarge,2B,0.362,12.5,0.000,0.00,25.856,18.656,2,9.378,6.356,0,33.84,0.002,0,96.65,0.289,100,0.57,12.001,57,26.67,0.00,0,5.4,0.180
171,1926.539,AllocLarge,2B,0.262,0.0,0.000,0.00,25.056,25.056,2,9.378,6.356,0,33.85,0.002,0,96.65,0.289,100,0.57,18.401,47,52.18,0.00,0,3.1,0.082
172,1932.496,AllocLarge,2B,0.927,22.2,0.000,0.00,25.856,18.656,2,9.378,6.356,0,33.84,0.002,0,96.65,0.289,100,0.57,12.001,57,26.67,0.00,0,12.8,0.734
173,1941.807,AllocLarge,2B,0.265,0.0,0.000,0.00,25.056,25.056,2,9.378,6.356,0,33.85,0.002,0,96.65,0.289,100,0.57,18.401,47,52.18,0.00,0,3.3,0.082
174,1947.634,AllocLarge,2B,0.642,25.0,0.000,0.00,25.856,18.656,2,9.378,6.356,0,33.84,0.002,0,96.65,0.289,100,0.57,12.001,57,26.67,0.00,0,9.4,0.478
175,1956.916,AllocLarge,2B,0.270,0.0,0.000,0.00,25.056,25.056,2,9.378,6.356,0,33.85,0.002,0,96.65,0.289,100,0.57,18.401,47,52.18,0.00,0,3.2,0.096
176,1962.841,AllocLarge,2B,0.893,12.5,0.000,0.00,25.856,18.656,2,9.378,6.356,0,33.84,0.002,0,96.65,0.289,100,0.57,12.001,57,26.67,0.00,0,12.4,0.719
177,1972.205,AllocLarge,2B,0.365,11.1,0.000,0.00,25.856,25.056,2,9.378,6.356,0,33.86,0.002,0,96.65,0.289,100,0.57,18.401,45,52.18,0.00,0,4.4,0.120
178,1978.423,AllocLarge,2B,0.960,22.2,0.000,0.00,25.856,18.656,2,9.378,6.356,0,33.84,0.002,0,96.65,0.289,100,0.57,12.001,57,26.67,0.00,0,13.1,0.724
179,1987.729,AllocLarge,2B,0.264,0.0,0.000,0.00,25.856,25.056,2,9.378,6.356,0,33.85,0.002,0,96.65,0.289,100,0.57,18.401,45,52.18,0.00,0,3.3,0.081
180,1993.591,AllocLarge,2B,0.921,22.2,0.102,14.51,25.856,18.656,2,9.378,6.356,0,33.84,0.002,0,96.65,0.289,100,0.57,12.001,57,26.67,0.00,0,13.1,0.757
181,2002.882,AllocLarge,2B,0.297,11.1,0.000,0.00,25.056,25.056,2,9.378,6.356,0,33.85,0.002,0,96.65,0.289,100,0.57,18.401,47,52.18,0.00,0,3.7,0.101
182,2008.929,AllocLarge,2B,0.915,25.0,0.000,0.00,25.856,18.656,2,9.378,6.356,0,33.84,0.002,0,96.65,0.289,100,0.57,12.001,57,26.67,0.00,0,12.7,0.739
183,2018.193,AllocLarge,2B,0.271,0.0,0.000,0.00,25.856,25.056,2,9.378,6.356,0,33.85,0.002,0,96.65,0.289,100,0.57,18.401,45,52.18,0.00,0,3.4,0.089
184,2024.165,AllocLarge,2B,0.356,22.2,0.000,0.00,25.856,18.656,2,9.378,6.356,0,33.84,0.002,0,96.65,0.289,100,0.57,12.001,57,26.67,0.00,0,5.3,0.106
185,2033.285,AllocLarge,2B,0.284,11.1,0.000,0.00,25.056,25.064,2,9.378,6.364,0,33.81,0.002,0,96.65,0.289,100,0.57,18.401,47,52.18,0.00,0,3.4,0.098
186,2039.194,AllocLarge,2B,0.935,25.0,0.000,0.00,25.857,18.656,2,9.378,6.356,0,33.72,0.002,0,96.65,0.289,100,0.57,12.001,57,26.67,0.00,0,12.9,0.754
187,2048.690,AllocLarge,2B,0.319,0.0,0.000,0.00,25.857,25.057,2,9.378,6.356,0,33.85,0.002,0,96.65,0.289,100,0.57,18.401,45,52.18,0.00,0,3.9,0.103
188,2055.418,AllocLarge,2B,0.351,12.5,0.000,0.00,25.857,18.656,2,9.378,6.356,0,33.84,0.002,0,96.65,0.289,100,0.57,12.001,57,26.67,0.00,0,4.8,0.141
189,2065.291,AllocLarge,2B,0.385,0.0,0.000,0.00,25.057,25.057,2,9.378,6.356,0,33.85,0.002,0,96.65,0.289,100,0.57,18.401,47,52.18,0.00,0,4.1,0.170
190,2071.762,AllocLarge,2B,1.083,22.2,0.000,0.00,25.857,18.656,2,9.378,6.356,0,33.84,0.002,0,96.65,0.289,100,0.57,12.001,57,26.67,0.00,0,14.1,0.894
191,2081.130,AllocLarge,2B,0.370,11.1,0.000,0.00,25.857,25.057,2,9.378,6.356,0,33.85,0.002,0,96.65,0.289,100,0.57,18.401,45,52.18,0.00,0,4.4,0.087
192,2088.037,AllocLarge,2B,0.458,11.1,0.000,0.00,25.857,18.656,2,9.378,6.356,0,33.84,0.002,0,96.65,0.289,100,0.57,12.001,57,26.67,0.00,0,6.3,0.245
193,2097.226,AllocLarge,2B,0.258,0.0,0.000,0.00,25.057,25.057,2,9.378,6.356,0,33.85,0.002,0,96.65,0.289,100,0.57,18.401,47,52.18,0.00,0,3.1,0.078
194,2103.556,AllocLarge,2B,0.427,12.5,0.000,0.00,25.857,18.656,2,9.378,6.356,0,33.84,0.002,0,96.65,0.289,100,0.57,12.001,57,26.67,0.00,0,6.1,0.243
195,2112.835,AllocLarge,2B,0.427,0.0,0.000,0.00,25.057,25.057,2,9.378,6.356,0,33.85,0.002,0,96.65,0.289,100,0.57,18.401,47,52.18,0.00,0,4.9,0.244
196,2119.346,AllocLarge,2B,0.367,14.3,0.000,0.00,25.857,18.656,2,9.378,6.356,0,33.84,0.002,0,96.65,0.289,100,0.57,12.001,57,26.67,0.00,0,5.2,0.157
197,2128.541,AllocLarge,2B,0.272,0.0,0.000,0.00,25.057,25.057,2,9.378,6.356,0,33.85,0.002,0,96.65,0.289,100,0.57,18.401,47,52.18,0.00,0,3.2,0.078
198,2134.893,AllocLarge,2B,0.380,10.0,0.000,0.00,25.857,18.656,2,9.378,6.356,0,33.84,0.002,0,96.65,0.289,100,0.57,12.001,57,26.67,0.00,0,5.4,0.159
199,2144.514,AllocLarge,2B,0.475,11.1,0.107,11.70,25.057,25.057,2,9.378,6.356,0,33.85,0.002,0,96.65,0.289,100,0.57,18.401,47,52.18,0.00,0,5.2,0.235
200,2150.975,AllocLarge,2B,0.808,33.3,0.000,0.00,25.857,18.656,2,9.378,6.356,0,33.84,0.002,0,96.65,0.289,100,0.57,12.001,57,26.67,0.00,0,11.0,0.569
201,2160.739,AllocLarge,2B,0.335,0.0,0.000,0.00,25.057,25.057,2,9.378,6.356,0,33.85,0.002,0,96.65,0.289,100,0.57,18.401,47,52.18,0.00,0,3.8,0.133
202,2167.175,AllocLarge,2B,0.358,12.5,0.000,0.00,25.857,18.656,2,9.378,6.356,0,33.84,0.002,0,96.65,0.289,100,0.57,12.001,57,26.67,0.00,0,5.1,0.166
203,2176.493,AllocLarge,2B,0.327,0.0,0.000,0.00,25.057,25.057,2,9.378,6.356,0,33.85,0.002,0,96.65,0.289,100,0.57,18.401,47,52.18,0.00,0,3.7,0.102
204,2182.830,AllocLarge,2B,0.611,12.5,0.000,0.00,25.857,18.656,2,9.378,6.356,0,33.84,0.002,0,96.65,0.289,100,0.57,12.001,57,26.67,0.00,0,8.7,0.421
205,2192.239,AllocLarge,2B,0.294,11.1,0.000,0.00,25.057,25.057,2,9.378,6.356,0,33.85,0.002,0,96.65,0.289,100,0.57,18.401,47,52.18,0.00,0,3.4,0.084
206,2198.416,AllocLarge,2B,0.528,22.2,0.000,0.00,25.857,18.656,2,9.378,6.356,0,33.84,0.002,0,96.65,0.289,100,0.57,12.001,57,26.67,0.00,0,7.4,0.333
207,2207.791,AllocLarge,2B,0.347,0.0,0.000,0.00,25.057,25.057,2,9.378,6.356,0,33.85,0.002,0,96.65,0.289,100,0.57,18.401,47,52.18,0.00,0,4.1,0.083
208,2213.962,AllocLarge,2B,0.295,14.3,0.000,0.00,25.857,18.656,2,9.378,6.356,0,33.84,0.002,0,96.65,0.289,100,0.57,12.001,57,26.67,0.00,0,4.4,0.109
209,2223.367,AllocLarge,2B,0.288,0.0,0.000,0.00,25.057,25.057,2,9.378,6.356,0,33.85,0.002,0,96.65,0.289,100,0.57,18.401,47,52.18,0.00,0,3.2,0.099
210,2229.631,AllocLarge,2B,0.309,0.0,0.000,0.00,25.857,18.656,2,9.378,6.356,0,33.84,0.002,0,96.65,0.289,100,0.57,12.001,57,26.67,0.00,0,4.5,0.121
211,2239.021,AllocLarge,2B,0.273,0.0,0.000,0.00,25.057,25.057,2,9.378,6.356,0,33.85,0.002,0,96.65,0.289,100,0.57,18.401,47,52.18,0.00,0,3.1,0.084
212,2245.058,AllocLarge,2B,0.347,12.5,0.000,0.00,25.857,18.656,2,9.378,6.356,0,33.84,0.002,0,96.65,0.289,100,0.57,12.001,57,26.67,0.00,0,5.2,0.139
213,2254.597,AllocLarge,2B,0.309,0.0,0.000,0.00,25.057,25.057,2,9.378,6.356,0,33.85,0.002,0,96.65,0.289,100,0.57,18.401,47,52.18,0.00,0,3.5,0.110
214,2260.972,AllocLarge,2B,1.192,18.2,0.000,0.00,25.857,18.656,2,9.378,6.356,0,33.84,0.002,0,96.65,0.289,100,0.57,12.001,57,26.67,0.00,0,15.2,0.944
215,2270.837,AllocLarge,2B,0.346,0.0,0.000,0.00,25.857,25.057,2,9.378,6.356,0,33.85,0.002,0,96.65,0.289,100,0.57,18.401,45,52.18,0.00,0,4.0,0.108
216,2277.116,AllocLarge,2B,0.957,22.2,0.000,0.00,25.857,18.656,2,9.378,6.356,0,33.84,0.002,0,96.65,0.289,100,0.57,12.001,57,26.67,0.00,0,13.1,0.745
217,2286.985,AllocLarge,2B,0.317,0.0,0.000,0.00,25.057,25.057,2,9.378,6.356,0,33.85,0.002,0,96.65,0.289,100,0.57,18.401,47,52.18,0.00,0,3.7,0.082
218,2293.207,AllocLarge,2B,0.296,12.5,0.000,0.00,25.857,18.656,2,9.378,6.356,0,33.84,0.002,0,96.65,0.289,100,0.57,12.001,57,26.67,0.00,0,4.4,0.082
219,2302.770,AllocLarge,2B,0.357,10.0,0.000,0.00,25.057,25.057,2,9.378,6.356,0,33.85,0.002,0,96.65,0.289,100,0.57,18.401,47,52.18,0.00,0,3.9,0.108
220,2309.035,AllocLarge,2B,0.319,14.3,0.102,15.16,25.857,18.656,2,9.378,6.356,0,33.84,0.002,0,96.65,0.289,100,0.57,12.001,57,26.67,0.00,0,4.7,0.131
221,2318.118,AllocLarge,2B,0.310,11.1,0.000,0.00,25.057,25.057,2,9.378,6.356,0,33.85,0.002,0,96.65,0.289,100,0.57,18.401,47,52.18,0.00,0,3.6,0.103
222,2324.589,AllocLarge,2B,0.627,12.5,0.000,0.00,25.857,18.656,2,9.378,6.356,0,33.84,0.002,0,96.65,0.289,100,0.57,12.001,57,26.67,0.00,0,8.6,0.435
223,2334.120,AllocLarge,2B,0.345,0.0,0.000,0.00,25.057,25.057,2,9.378,6.356,0,33.85,0.002,0,96.65,0.289,100,0.57,18.401,47,52.18,0.00,0,3.9,0.116
224,2340.329,AllocLarge,2B,0.378,25.0,0.000,0.00,25.857,18.656,2,9.378,6.356,0,33.84,0.002,0,96.65,0.289,100,0.57,12.001,57,26.67,0.00,0,5.5,0.151
225,2349.727,AllocLarge,2B,0.297,0.0,0.000,0.00,25.057,25.057,2,9.378,6.356,0,33.85,0.002,0,96.65,0.289,100,0.57,18.401,47,52.18,0.00,0,3.4,0.087
226,2355.799,AllocLarge,2B,0.972,20.0,0.000,0.00,25.857,18.656,2,9.378,6.356,0,33.84,0.002,0,96.65,0.289,100,0.57,12.001,57,26.67,0.00,0,13.5,0.781
227,2365.183,AllocLarge,2B,0.299,0.0,0.000,0.00,25.057,25.057,2,9.378,6.356,0,33.85,0.002,0,96.65,0.289,100,0.57,18.401,47,52.18,0.00,0,3.6,0.086
228,2373.688,AllocLarge,2B,1.071,18.2,0.000,0.00,25.857,18.656,2,9.378,6.356,0,33.84,0.002,0,96.65,0.289,100,0.57,12.001,57,26.67,0.00,0,10.6,0.799
229,2384.867,AllocLarge,2B,1.829,8.3,0.000,0.00,25.057,25.057,2,9.378,6.356,0,33.85,0.002,0,96.65,0.289,100,0.57,18.401,47,52.18,0.00,0,15.7,0.414
230,2394.245,AllocLarge,2B,0.380,11.1,0.000,0.00,25.857,18.656,2,9.378,6.356,0,33.84,0.002,0,96.65,0.289,100,0.57,12.001,57,26.67,0.00,0,4.8,0.156
231,2405.083,AllocLarge,2B,0.335,0.0,0.000,0.00,25.057,25.057,2,9.378,6.356,0,33.85,0.002,0,96.65,0.289,100,0.57,18.401,47,52.18,0.00,0,3.3,0.104
232,2411.290,AllocLarge,2B,0.460,12.5,0.000,0.00,25.857,18.656,2,9.378,6.356,0,33.84,0.002,0,96.65,0.289,100,0.57,12.001,57,26.67,0.00,0,6.6,0.248
233,2430.009,AllocLarge,2B,19.532,8.3,0.000,0.00,25.057,25.057,2,9.378,6.356,0,33.85,0.002,0,96.65,0.289,100,0.57,18.401,47,52.18,0.00,0,49.4,0.231
234,2463.108,AllocLarge,2B,3.855,25.0,0.000,0.00,25.857,18.656,2,9.378,6.356,0,33.84,0.002,0,96.65,0.289,100,0.57,12.001,57,26.67,0.00,0,24.0,3.458
235,2476.831,AllocLarge,2B,0.348,0.0,0.000,0.00,25.857,25.057,2,9.378,6.356,0,33.85,0.002,0,96.65,0.289,100,0.57,18.401,45,52.18,0.00,0,3.7,0.108
236,2488.716,AllocLarge,2B,0.962,12.5,0.000,0.00,25.857,18.656,2,9.378,6.356,0,33.84,0.002,0,96.65,0.289,100,0.57,12.001,57,26.67,0.00,0,7.2,0.737
237,2498.862,AllocLarge,2B,0.283,0.0,0.000,0.00,25.857,25.057,2,9.378,6.356,0,33.85,0.002,0,96.65,0.289,100,0.57,18.401,45,52.18,0.00,0,3.3,0.083
238,2505.258,AllocLarge,2B,0.658,27.3,0.000,0.00,25.857,18.656,2,9.378,6.356,0,33.84,0.002,0,96.65,0.289,100,0.57,12.001,57,26.67,0.00,0,8.5,0.425
239,2515.448,AllocLarge,2B,1.477,9.1,0.000,0.00,25.857,25.057,2,9.378,6.356,0,33.85,0.002,0,96.65,0.289,100,0.57,18.401,45,52.18,0.00,0,14.4,0.118
240,2524.191,AllocLarge,2B,0.280,11.1,0.000,0.00,25.857,18.656,2,9.378,6.356,0,33.84,0.002,0,96.65,0.289,100,0.57,12.001,57,26.67,0.00,0,3.4,0.084
241,2535.531,AllocLarge,2B,0.315,0.0,0.109,10.49,25.057,25.057,2,9.378,6.356,0,33.85,0.002,0,96.65,0.289,100,0.57,18.401,47,52.18,0.00,0,3.0,0.113
242,2541.815,AllocLarge,2B,0.939,22.2,0.000,0.00,25.857,18.656,2,9.378,6.356,0,33.84,0.002,0,96.65,0.289,100,0.57,12.001,57,26.67,0.00,0,12.3,0.720
243,2551.705,AllocLarge,2B,0.274,0.0,0.000,0.00,26.657,25.057,2,9.378,6.356,0,33.85,0.002,0,96.65,0.289,100,0.57,18.401,43,52.18,0.00,0,3.2,0.084
244,2557.889,AllocLarge,2B,0.973,22.2,0.000,0.00,25.857,18.656,2,9.378,6.356,0,33.84,0.002,0,96.65,0.289,100,0.57,12.001,57,26.67,0.00,0,13.0,0.780
245,2567.389,AllocLarge,2B,0.274,0.0,0.000,0.00,25.857,25.057,2,9.378,6.356,0,33.85,0.002,0,96.65,0.289,100,0.57,18.401,45,52.18,0.00,0,3.3,0.083
246,2573.402,AllocLarge,2B,0.329,12.5,0.000,0.00,25.857,18.656,2,9.378,6.356,0,33.84,0.002,0,96.65,0.289,100,0.57,12.001,57,26.67,0.00,0,4.9,0.117
247,2583.391,AllocLarge,2B,0.298,10.0,0.000,0.00,25.057,25.057,2,9.378,6.356,0,33.85,0.002,0,96.65,0.289,100,0.57,18.401,47,52.18,0.00,0,3.2,0.082
248,2589.657,AllocLarge,2B,0.903,0.0,0.000,0.00,25.857,18.656,2,9.378,6.356,0,33.84,0.002,0,96.65,0.289,100,0.57,12.001,57,26.67,0.00,0,12.1,0.714
249,2598.897,AllocLarge,2B,0.304,0.0,0.000,0.00,25.857,25.057,2,9.378,6.356,0,33.85,0.002,0,96.65,0.289,100,0.57,18.401,45,52.18,0.00,0,3.8,0.104
250,2605.286,AllocLarge,2B,0.957,20.0,0.000,0.00,25.857,18.656,2,9.378,6.356,0,33.84,0.002,0,96.65,0.289,100,0.57,12.001,57,26.67,0.00,0,12.4,0.735
251,2615.136,AllocLarge,2B,0.371,20.0,0.000,0.00,25.857,25.057,2,9.378,6.356,0,33.85,0.002,0,96.65,0.289,100,0.57,18.401,45,52.18,0.00,0,4.3,0.107
252,2621.591,AllocLarge,2B,0.602,12.5,0.000,0.00,25.857,18.656,2,9.378,6.356,0,33.84,0.002,0,96.65,0.289,100,0.57,12.001,57,26.67,0.00,0,8.3,0.390
253,2631.269,AllocLarge,2B,0.302,0.0,0.000,0.00,25.057,25.057,2,9.378,6.356,0,33.85,0.002,0,96.65,0.289,100,0.57,18.401,47,52.18,0.00,0,3.5,0.099
254,2637.410,AllocLarge,2B,0.917,22.2,0.000,0.00,25.857,18.656,2,9.378,6.356,0,33.84,0.002,0,96.65,0.289,100,0.57,12.001,57,26.67,0.00,0,12.3,0.727
255,2646.592,AllocLarge,2B,0.279,0.0,0.000,0.00,25.857,25.057,2,9.378,6.356,0,33.85,0.002,0,96.65,0.289,100,0.57,18.401,45,52.18,0.00,0,3.6,0.100
256,2652.670,AllocLarge,2B,1.097,22.2,0.000,0.00,25.857,18.656,2,9.378,6.356,0,33.84,0.002,0,96.65,0.289,100,0.57,12.001,57,26.67,0.00,0,14.6,0.894
257,2662.029,AllocLarge,2B,0.302,0.0,0.000,0.00,25.857,25.057,2,9.378,6.356,0,33.85,0.002,0,96.65,0.289,100,0.57,18.401,45,52.18,0.00,0,3.8,0.090
258,2668.148,AllocLarge,2B,0.343,28.6,0.000,0.00,25.857,18.656,2,9.378,6.356,0,33.84,0.002,0,96.65,0.289,100,0.57,12.001,57,26.67,0.00,0,5.1,0.128
259,2677.327,AllocLarge,2B,0.272,11.1,0.000,0.00,25.057,25.057,2,9.378,6.356,0,33.85,0.002,0,96.65,0.289,100,0.57,18.401,47,52.18,0.00,0,3.2,0.078
260,2683.328,AllocLarge,2B,0.344,12.5,0.000,0.00,25.857,18.656,2,9.378,6.356,0,33.84,0.002,0,96.65,0.289,100,0.57,12.001,57,26.67,0.00,0,5.2,0.150
261,2692.527,AllocLarge,2B,0.307,0.0,0.000,0.00,25.057,25.057,2,9.378,6.356,0,33.85,0.002,0,96.65,0.289,100,0.57,18.401,47,52.18,0.00,0,3.6,0.122
262,2698.692,AllocLarge,2B,1.185,25.0,0.102,13.06,25.857,18.656,2,9.378,6.356,0,33.84,0.002,0,96.65,0.289,100,0.57,12.001,57,26.67,0.00,0,15.1,0.950
263,2708.465,AllocLarge,2B,0.298,12.5,0.000,0.00,25.857,25.057,2,9.378,6.356,0,33.85,0.002,0,96.65,0.289,100,0.57,18.401,45,52.18,0.00,0,3.7,0.103
264,2714.263,AllocLarge,2B,0.293,12.5,0.000,0.00,25.857,18.656,2,9.378,6.356,0,33.84,0.002,0,96.65,0.289,100,0.57,12.001,57,26.67,0.00,0,4.6,0.110
265,2723.254,AllocLarge,2B,0.251,0.0,0.000,0.00,25.057,25.057,2,9.378,6.356,0,33.85,0.002,0,96.65,0.289,100,0.57,18.401,47,52.18,0.00,0,3.0,0.084
266,2729.061,AllocLarge,2B,0.273,16.7,0.000,0.00,25.857,18.656,2,9.378,6.356,0,33.84,0.002,0,96.65,0.289,100,0.57,12.001,57,26.67,0.00,0,4.2,0.081
267,2738.355,AllocLarge,2B,0.276,0.0,0.000,0.00,25.057,25.057,2,9.378,6.356,0,33.85,0.002,0,96.65,0.289,100,0.57,18.401,47,52.18,0.00,0,3.2,0.081
268,2744.229,AllocLarge,2B,0.471,25.0,0.000,0.00,25.857,18.656,2,9.378,6.356,0,33.84,0.002,0,96.65,0.289,100,0.57,12.001,57,26.67,0.00,0,7.1,0.280
269,2753.197,AllocLarge,2B,0.256,0.0,0.000,0.00,25.057,25.057,2,9.378,6.356,0,33.85,0.002,0,96.65,0.289,100,0.57,18.401,47,52.18,0.00,0,3.1,0.086
270,2759.174,AllocLarge,2B,0.472,12.5,0.000,0.00,25.857,18.656,2,9.378,6.356,0,33.84,0.002,0,96.65,0.289,100,0.57,12.001,57,26.67,0.00,0,6.9,0.222
271,2768.905,AllocLarge,2B,0.269,0.0,0.000,0.00,25.057,25.057,2,9.378,6.356,0,33.85,0.002,0,96.65,0.289,100,0.57,18.401,47,52.18,0.00,0,3.0,0.081
272,2774.967,AllocLarge,2B,0.296,12.5,0.000,0.00,25.857,18.656,2,9.378,6.356,0,33.84,0.002,0,96.65,0.289,100,0.57,12.001,57,26.67,0.00,0,4.3,0.107
273,2784.230,AllocLarge,2B,0.294,0.0,0.000,0.00,25.057,25.057,2,9.378,6.356,0,33.85,0.002,0,96.65,0.289,100,0.57,18.401,47,52.18,0.00,0,3.5,0.092
274,2790.320,AllocLarge,2B,0.367,12.5,0.000,0.00,25.857,18.656,2,9.378,6.356,0,33.84,0.002,0,96.65,0.289,100,0.57,12.001,57,26.67,0.00,0,5.3,0.154
275,2800.132,AllocLarge,2B,0.299,11.1,0.000,0.00,25.057,25.057,2,9.378,6.356,0,33.85,0.002,0,96.65,0.289,100,0.57,18.401,47,52.18,0.00,0,3.3,0.107
276,2806.269,AllocLarge,2B,0.288,11.1,0.000,0.00,25.857,18.656,2,9.378,6.356,0,33.84,0.002,0,96.65,0.289,100,0.57,12.001,57,26.67,0.00,0,4.3,0.109
277,2815.274,AllocLarge,2B,0.271,0.0,0.000,0.00,25.057,25.057,2,9.378,6.356,0,33.85,0.002,0,96.65,0.289,100,0.57,18.401,47,52.18,0.00,0,3.2,0.079
278,2821.538,AllocLarge,2B,0.331,0.0,0.000,0.00,25.857,18.656,2,9.378,6.356,0,33.84,0.002,0,96.65,0.289,100,0.57,12.001,57,26.67,0.00,0,4.8,0.108
279,2830.966,AllocLarge,2B,0.275,0.0,0.000,0.00,25.057,25.057,2,9.378,6.356,0,33.85,0.002,0,96.65,0.289,100,0.57,18.401,47,52.18,0.00,0,3.1,0.082
280,2837.232,AllocLarge,2B,0.900,12.5,0.000,0.00,25.857,18.656,2,9.378,6.356,0,33.84,0.002,0,96.65,0.289,100,0.57,12.001,57,26.67,0.00,0,12.0,0.712
281,2846.638,AllocLarge,2B,0.293,11.1,0.000,0.00,25.857,25.057,2,9.378,6.356,0,33.85,0.002,0,96.65,0.289,100,0.57,18.401,45,52.18,0.00,0,3.6,0.103
282,2852.780,AllocLarge,2B,0.446,12.5,0.000,0.00,25.857,18.656,2,9.378,6.356,0,33.84,0.002,0,96.65,0.289,100,0.57,12.001,57,26.67,0.00,0,6.4,0.262
283,2862.204,AllocLarge,2B,0.281,0.0,0.109,12.73,25.057,25.057,2,9.378,6.356,0,33.85,0.002,0,96.65,0.289,100,0.57,18.401,47,52.18,0.00,0,3.3,0.093
284,2868.335,AllocLarge,2B,1.250,11.1,0.000,0.00,25.857,18.656,2,9.378,6.356,0,33.84,0.002,0,96.65,0.289,100,0.57,12.001,57,26.67,0.00,0,16.3,1.030
285,2877.805,AllocLarge,2B,0.262,0.0,0.000,0.00,25.857,25.057,2,9.378,6.356,0,33.85,0.002,0,96.65,0.289,100,0.57,18.401,45,52.18,0.00,0,3.3,0.080
286,2883.884,AllocLarge,2B,0.305,12.5,0.000,0.00,25.857,18.656,2,9.378,6.356,0,33.84,0.002,0,96.65,0.289,100,0.57,12.001,57,26.67,0.00,0,4.6,0.104
287,2893.540,AllocLarge,2B,0.279,0.0,0.000,0.00,25.057,25.057,2,9.378,6.356,0,33.85,0.002,0,96.65,0.289,100,0.57,18.401,47,52.18,0.00,0,3.1,0.093
288,2899.414,AllocLarge,2B,1.063,12.5,0.000,0.00,25.857,18.656,2,9.378,6.356,0,33.84,0.002,0,96.65,0.289,100,0.57,12.001,57,26.67,0.00,0,14.6,0.726
289,2909.152,AllocLarge,2B,0.310,10.0,0.000,0.00,25.857,25.057,2,9.378,6.356,0,33.85,0.002,0,96.65,0.289,100,0.57,18.401,45,52.18,0.00,0,3.7,0.101
290,2915.029,AllocLarge,2B,0.890,12.5,0.000,0.00,25.857,18.656,2,9.378,6.356,0,33.84,0.002,0,96.65,0.289,100,0.57,12.001,57,26.67,0.00,0,12.6,0.724
291,2924.075,AllocLarge,2B,0.309,12.5,0.000,0.00,25.857,25.057,2,9.378,6.356,0,33.85,0.002,0,96.65,0.289,100,0.57,18.401,45,52.18,0.00,0,3.9,0.090
292,2930.136,AllocLarge,2B,0.898,14.3,0.000,0.00,25.857,18.656,2,9.378,6.356,0,33.84,0.002,0,96.65,0.289,100,0.57,12.001,57,26.67,0.00,0,12.5,0.701
293,2939.973,AllocLarge,2B,0.290,0.0,0.000,0.00,25.857,25.057,2,9.378,6.356,0,33.85,0.002,0,96.65,0.289,100,0.57,18.401,45,52.18,0.00,0,3.3,0.093
294,2945.917,AllocLarge,2B,0.345,0.0,0.000,0.00,25.857,18.656,2,9.378,6.356,0,33.84,0.002,0,96.65,0.289,100,0.57,12.001,57,26.67,0.00,0,5.2,0.104
295,2955.291,AllocLarge,2B,0.272,0.0,0.000,0.00,25.057,25.057,2,9.378,6.356,0,33.85,0.002,0,96.65,0.289,100,0.57,18.401,47,52.18,0.00,0,3.1,0.089
296,2961.360,AllocLarge,2B,0.894,25.0,0.000,0.00,25.857,18.656,2,9.378,6.356,0,33.84,0.002,0,96.65,0.289,100,0.57,12.001,57,26.67,0.00,0,12.3,0.719
297,2970.891,AllocLarge,2B,0.358,20.0,0.000,0.00,25.857,25.057,2,9.378,6.356,0,33.85,0.002,0,96.65,0.289,100,0.57,18.401,45,52.18,0.00,0,4.3,0.092
298,2977.050,AllocLarge,2B,0.774,20.0,0.000,0.00,25.857,18.656,2,9.378,6.356,0,33.84,0.002,0,96.65,0.289,100,0.57,12.001,57,26.67,0.00,0,10.6,0.592
299,2986.508,AllocLarge,2B,0.270,0.0,0.000,0.00,25.057,25.057,2,9.378,6.356,0,33.85,0.002,0,96.65,0.289,100,0.57,18.401,47,52.18,0.00,0,3.2,0.086
300,2992.396,AllocLarge,2B,0.320,25.0,0.000,0.00,25.857,18.656,2,9.378,6.356,0,33.84,0.002,0,96.65,0.289,100,0.57,12.001,57,26.67,0.00,0,5.0,0.109
301,3001.852,AllocLarge,2B,0.291,0.0,0.000,0.00,25.057,25.057,2,9.378,6.356,0,33.85,0.002,0,96.65,0.289,100,0.57,18.401,47,52.18,0.00,0,3.2,0.087
302,3008.104,AllocLarge,2B,0.369,12.5,0.000,0.00,25.857,18.656,2,9.378,6.356,0,33.84,0.002,0,96.65,0.289,100,0.57,12.001,57,26.67,0.00,0,5.3,0.155
303,3017.798,AllocLarge,2B,0.278,0.0,0.000,0.00,25.057,25.057,2,9.378,6.356,0,33.85,0.002,0,96.65,0.289,100,0.57,18.401,47,52.18,0.00,0,3.1,0.090
304,3023.650,AllocLarge,2B,0.251,14.3,0.102,16.07,25.857,18.656,2,9.378,6.356,0,33.84,0.002,0,96.65,0.289,100,0.57,12.001,57,26.67,0.00,0,3.9,0.074
305,3032.679,AllocLarge,2B,0.296,0.0,0.000,0.00,25.057,25.057,2,9.378,6.356,0,33.85,0.002,0,96.65,0.289,100,0.57,18.401,47,52.18,0.00,0,3.5,0.092
306,3038.678,AllocLarge,2B,0.803,22.2,0.000,0.00,25.857,18.656,2,9.378,6.356,0,33.84,0.002,0,96.65,0.289,100,0.57,12.001,57,26.67,0.00,0,11.3,0.608
307,3047.973,AllocLarge,2B,0.294,11.1,0.000,0.00,25.057,25.057,2,9.378,6.356,0,33.85,0.002,0,96.65,0.289,100,0.57,18.401,47,52.18,0.00,0,3.6,0.091
308,3053.912,AllocLarge,2B,0.266,14.3,0.000,0.00,25.857,18.656,2,9.378,6.356,0,33.84,0.002,0,96.65,0.289,100,0.57,12.001,57,26.67,0.00,0,4.1,0.081
309,3063.469,AllocLarge,2B,0.298,0.0,0.000,0.00,25.057,25.057,2,9.378,6.356,0,33.85,0.002,0,96.65,0.289,100,0.57,18.401,47,52.18,0.00,0,3.3,0.099
310,3069.784,AllocLarge,2B,1.055,12.5,0.000,0.00,25.857,18.656,2,9.378,6.356,0,33.84,0.002,0,96.65,0.289,100,0.57,12.001,57,26.67,0.00,0,13.7,0.872
311,3079.230,AllocLarge,2B,0.334,11.1,0.000,0.00,25.857,25.057,2,9.378,6.356,0,33.85,0.002,0,96.65,0.289,100,0.57,18.401,45,52.18,0.00,0,4.1,0.115
312,3085.455,AllocLarge,2B,0.309,0.0,0.000,0.00,25.857,18.656,2,9.378,6.356,0,33.84,0.002,0,96.65,0.289,100,0.57,12.001,57,26.67,0.00,0,4.6,0.102
313,3094.880,AllocLarge,2B,0.306,0.0,0.000,0.00,25.057,25.057,2,9.378,6.356,0,33.85,0.002,0,96.65,0.289,100,0.57,18.401,47,52.18,0.00,0,3.4,0.088
314,3101.017,AllocLarge,2B,0.260,12.5,0.000,0.00,25.857,18.656,2,9.378,6.356,0,33.84,0.002,0,96.65,0.289,100,0.57,12.001,57,26.67,0.00,0,4.0,0.081
315,3110.568,AllocLarge,2B,0.277,0.0,0.000,0.00,25.057,25.057,2,9.378,6.356,0,33.85,0.002,0,96.65,0.289,100,0.57,18.401,47,52.18,0.00,0,3.1,0.098
316,3116.484,AllocLarge,2B,0.960,22.2,0.000,0.00,25.857,18.656,2,9.378,6.356,0,33.84,0.002,0,96.65,0.289,100,0.57,12.001,57,26.67,0.00,0,13.4,0.763
317,3125.605,AllocLarge,2B,0.262,12.5,0.000,0.00,25.857,25.057,2,9.378,6.356,0,33.85,0.002,0,96.65,0.289,100,0.57,18.401,45,52.18,0.00,0,3.3,0.077
318,3131.548,AllocLarge,2B,1.077,22.2,0.000,0.00,25.857,18.656,2,9.378,6.356,0,33.84,0.002,0,96.65,0.289,100,0.57,12.001,57,26.67,0.00,0,14.9,0.890
319,3140.843,AllocLarge,2B,0.320,12.5,0.000,0.00,25.857,25.057,2,9.378,6.356,0,33.85,0.002,0,96.65,0.289,100,0.57,18.401,45,52.18,0.00,0,4.0,0.080
320,3146.982,AllocLarge,2B,0.615,12.5,0.000,0.00,25.857,18.656,2,9.378,6.356,0,33.84,0.002,0,96.65,0.289,100,0.57,12.001,57,26.67,0.00,0,8.9,0.420
321,3156.251,AllocLarge,2B,0.344,10.0,0.000,0.00,25.057,25.057,2,9.378,6.356,0,33.85,0.002,0,96.65,0.289,100,0.57,18.401,47,52.18,0.00,0,4.1,0.146
322,3162.456,AllocLarge,2B,0.947,22.2,0.000,0.00,25.857,18.656,2,9.378,6.356,0,33.84,0.002,0,96.65,0.289,100,0.57,12.001,57,26.67,0.00,0,12.8,0.758
323,3171.780,AllocLarge,2B,0.267,0.0,0.000,0.00,25.857,25.057,2,9.378,6.356,0,33.85,0.002,0,96.65,0.289,100,0.57,18.401,45,52.18,0.00,0,3.3,0.092
324,3177.693,AllocLarge,2B,1.074,22.2,0.000,0.00,25.857,18.656,2,9.378,6.356,0,33.84,0.002,0,96.65,0.289,100,0.57,12.001,57,26.67,0.00,0,14.6,0.870
325,3186.988,AllocLarge,2B,0.284,11.1,0.109,13.74,25.857,25.057,2,9.378,6.356,0,33.85,0.002,0,96.65,0.289,100,0.57,18.401,45,52.18,0.00,0,3.6,0.101
326,3193.019,AllocLarge,2B,0.930,25.0,0.000,0.00,25.857,18.656,2,9.378,6.356,0,33.84,0.002,0,96.65,0.289,100,0.57,12.001,57,26.67,0.00,0,12.7,0.743
327,3202.275,AllocLarge,2B,0.268,0.0,0.000,0.00,25.857,25.057,2,9.378,6.356,0,33.85,0.002,0,96.65,0.289,100,0.57,18.401,45,52.18,0.00,0,3.4,0.081
328,3208.454,AllocLarge,2B,0.370,25.0,0.000,0.00,25.857,18.656,2,9.378,6.356,0,33.84,0.002,0,96.65,0.289,100,0.57,12.001,57,26.67,0.00,0,5.4,0.161
329,3217.773,AllocLarge,2B,0.287,0.0,0.000,0.00,25.057,25.057,2,9.378,6.356,0,33.85,0.002,0,96.65,0.289,100,0.57,18.401,47,52.18,0.00,0,3.3,0.091
330,3223.815,AllocLarge,2B,1.129,22.2,0.000,0.00,25.857,18.656,2,9.378,6.356,0,33.84,0.002,0,96.65,0.289,100,0.57,12.001,57,26.67,0.00,0,15.3,0.895
331,3233.314,AllocLarge,2B,0.282,0.0,0.000,0.00,26.657,25.057,2,9.378,6.356,0,33.85,0.002,0,96.65,0.289,100,0.57,18.401,43,52.18,0.00,0,3.5,0.092
332,3239.271,AllocLarge,2B,0.288,12.5,0.000,0.00,25.857,18.656,2,9.378,6.356,0,33.84,0.002,0,96.65,0.289,100,0.57,12.001,57,26.67,0.00,0,4.4,0.093
333,3248.448,AllocLarge,2B,0.301,0.0,0.000,0.00,25.057,25.057,2,9.378,6.356,0,33.85,0.002,0,96.65,0.289,100,0.57,18.401,47,52.18,0.00,0,3.5,0.093
334,3254.431,AllocLarge,2B,0.927,12.5,0.000,0.00,25.857,18.656,2,9.378,6.356,0,33.84,0.002,0,96.65,0.289,100,0.57,12.001,57,26.67,0.00,0,12.9,0.712
335,3263.518,AllocLarge,2B,0.269,0.0,0.000,0.00,25.857,25.057,2,9.378,6.356,0,33.85,0.002,0,96.65,0.289,100,0.57,18.401,45,52.18,0.00,0,3.4,0.078
336,3269.517,AllocLarge,2B,0.326,12.5,0.000,0.00,25.857,18.656,2,9.378,6.356,0,33.84,0.002,0,96.65,0.289,100,0.57,12.001,57,26.67,0.00,0,4.8,0.117
337,3278.771,AllocLarge,2B,0.282,11.1,0.000,0.00,25.057,25.057,2,9.378,6.356,0,33.85,0.002,0,96.65,0.289,100,0.57,18.401,47,52.18,0.00,0,3.3,0.084
338,3284.966,AllocLarge,2B,0.420,12.5,0.000,0.00,25.857,18.656,2,9.378,6.356,0,33.84,0.002,0,96.65,0.289,100,0.57,12.001,57,26.67,0.00,0,6.1,0.157
339,3294.597,AllocLarge,2B,0.416,9.1,0.000,0.00,25.057,25.057,2,9.378,6.356,0,33.85,0.002,0,96.65,0.289,100,0.57,18.401,47,52.18,0.00,0,4.6,0.154
340,3300.902,AllocLarge,2B,0.346,12.5,0.000,0.00,25.857,18.656,2,9.378,6.356,0,33.84,0.002,0,96.65,0.289,100,0.57,12.001,57,26.67,0.00,0,5.1,0.148
341,3310.348,AllocLarge,2B,0.294,10.0,0.000,0.00,25.057,25.057,2,9.378,6.356,0,33.85,0.002,0,96.65,0.289,100,0.57,18.401,47,52.18,0.00,0,3.3,0.082
342,3316.519,AllocLarge,2B,1.089,22.2,0.000,0.00,25.857,18.656,2,9.378,6.356,0,33.84,0.002,0,96.65,0.289,100,0.57,12.001,57,26.67,0.00,0,14.5,0.884
343,3325.991,AllocLarge,2B,0.281,0.0,0.000,0.00,25.857,25.057,2,9.378,6.356,0,33.85,0.002,0,96.65,0.289,100,0.57,18.401,45,52.18,0.00,0,3.5,0.083
344,3332.289,AllocLarge,2B,0.553,20.0,0.000,0.00,25.857,18.656,2,9.378,6.356,0,33.84,0.002,0,96.65,0.289,100,0.57,12.001,57,26.67,0.00,0,7.7,0.298
345,3341.807,AllocLarge,2B,0.306,10.0,0.000,0.00,25.057,25.057,2,9.378,6.356,0,33.85,0.002,0,96.65,0.289,100,0.57,18.401,47,52.18,0.00,0,3.5,0.104
346,3347.991,AllocLarge,2B,0.337,11.1,0.110,16.43,25.857,18.664,2,9.378,6.364,0,33.80,0.002,0,96.65,0.289,100,0.57,12.001,57,26.67,0.00,0,5.0,0.105
347,3357.666,AllocLarge,2B,0.289,0.0,0.000,0.00,25.057,25.057,2,9.378,6.356,0,33.85,0.002,0,96.65,0.289,100,0.57,18.401,47,52.18,0.00,0,3.2,0.081
348,3363.897,AllocLarge,2B,0.335,14.3,0.000,0.00,25.857,18.656,2,9.378,6.356,0,33.84,0.002,0,96.65,0.289,100,0.57,12.001,57,26.67,0.00,0,4.8,0.108
349,3373.349,AllocLarge,2B,0.298,0.0,0.000,0.00,25.057,25.057,2,9.378,6.356,0,33.85,0.002,0,96.65,0.289,100,0.57,18.401,47,52.18,0.00,0,3.4,0.103
350,3379.720,AllocLarge,2B,1.144,11.1,0.000,0.00,25.857,18.656,2,9.378,6.356,0,33.84,0.002,0,96.65,0.289,100,0.57,12.001,57,26.67,0.00,0,14.7,0.906
351,3389.848,AllocLarge,2B,0.344,0.0,0.000,0.00,25.857,25.057,2,9.378,6.356,0,33.85,0.002,0,96.65,0.289,100,0.57,18.401,45,52.18,0.00,0,3.9,0.113
352,3396.494,AllocLarge,2B,1.103,25.0,0.000,0.00,25.857,18.656,2,9.378,6.356,0,33.84,0.002,0,96.65,0.289,100,0.57,12.001,57,26.67,0.00,0,13.9,0.896
353,3406.457,AllocLarge,2B,0.311,0.0,0.000,0.00,25.857,25.057,2,9.378,6.356,0,33.85,0.002,0,96.65,0.289,100,0.57,18.401,45,52.18,0.00,0,3.6,0.081
354,3412.890,AllocLarge,2B,0.298,12.5,0.000,0.00,25.857,18.656,2,9.378,6.356,0,33.84,0.002,0,96.65,0.289,100,0.57,12.001,57,26.67,0.00,0,4.3,0.102
355,3422.676,AllocLarge,2B,0.357,0.0,0.000,0.00,25.057,25.057,2,9.378,6.356,0,33.85,0.002,0,96.65,0.289,100,0.57,18.401,47,52.18,0.00,0,3.8,0.108
356,3429.260,AllocLarge,2B,0.959,16.7,0.000,0.00,25.857,18.656,2,9.378,6.356,0,33.84,0.002,0,96.65,0.289,100,0.57,12.001,57,26.67,0.00,0,12.2,0.736
357,3439.398,AllocLarge,2B,0.309,0.0,0.000,0.00,25.057,25.057,2,9.378,6.356,0,33.85,0.002,0,96.65,0.289,100,0.57,18.401,47,52.18,0.00,0,3.5,0.085
358,3445.874,AllocLarge,2B,0.646,18.2,0.000,0.00,25.857,18.656,2,9.378,6.356,0,33.84,0.002,0,96.65,0.289,100,0.57,12.001,57,26.67,0.00,0,8.8,0.441
359,3455.683,AllocLarge,2B,0.381,0.0,0.000,0.00,25.057,25.057,2,9.378,6.356,0,33.85,0.002,0,96.65,0.289,100,0.57,18.401,47,52.18,0.00,0,4.2,0.093
360,3462.207,AllocLarge,2B,0.941,12.5,0.000,0.00,25.857,18.656,2,9.378,6.356,0,33.84,0.002,0,96.65,0.289,100,0.57,12.001,57,26.67,0.00,0,12.4,0.736
361,3472.309,AllocLarge,2B,0.303,0.0,0.000,0.00,25.057,25.057,2,9.378,6.356,0,33.85,0.002,0,96.65,0.289,100,0.57,18.401,47,52.18,0.00,0,3.4,0.100
362,3478.582,AllocLarge,2B,1.323,11.1,0.000,0.00,25.857,18.656,2,9.378,6.356,0,33.84,0.002,0,96.65,0.289,100,0.57,12.001,57,26.67,0.00,0,16.8,1.080
363,3488.763,AllocLarge,2B,0.297,11.1,0.000,0.00,25.857,25.057,2,9.378,6.356,0,33.85,0.002,0,96.65,0.289,100,0.57,18.401,45,52.18,0.00,0,3.4,0.084
364,3495.082,AllocLarge,2B,0.951,30.0,0.000,0.00,25.857,18.656,2,9.378,6.356,0,33.84,0.002,0,96.65,0.289,100,0.57,12.001,57,26.67,0.00,0,12.7,0.757
365,3504.938,AllocLarge,2B,0.319,0.0,0.000,0.00,25.857,25.057,2,9.378,6.356,0,33.85,0.002,0,96.65,0.289,100,0.57,18.401,45,52.18,0.00,0,3.7,0.103
366,3511.519,AllocLarge,2B,0.995,20.0,0.000,0.00,25.857,18.656,2,9.378,6.356,0,33.84,0.002,0,96.65,0.289,100,0.57,12.001,57,26.67,0.00,0,12.7,0.750
367,3521.486,AllocLarge,2B,0.336,11.1,0.110,12.48,25.057,25.057,2,9.378,6.356,0,33.85,0.002,0,96.65,0.289,100,0.57,18.401,47,52.18,0.00,0,3.8,0.105
368,3527.789,AllocLarge,2B,0.434,12.5,0.000,0.00,25.857,18.656,2,9.378,6.356,0,33.84,0.002,0,96.65,0.289,100,0.57,12.001,57,26.67,0.00,0,6.3,0.232
369,3537.618,AllocLarge,2B,0.294,10.0,0.000,0.00,25.057,25.057,2,9.378,6.356,0,33.85,0.002,0,96.65,0.289,100,0.57,18.401,47,52.18,0.00,0,3.2,0.081
370,3544.147,AllocLarge,2B,1.094,9.1,0.000,0.00,25.857,18.656,2,9.378,6.356,0,33.84,0.002,0,96.65,0.289,100,0.57,12.001,57,26.67,0.00,0,13.8,0.869
371,3553.821,AllocLarge,2B,0.344,0.0,0.000,0.00,25.057,25.057,2,9.378,6.356,0,33.85,0.002,0,96.65,0.289,100,0.57,18.401,47,52.18,0.00,0,4.1,0.109
372,3560.176,AllocLarge,2B,0.337,11.1,0.000,0.00,25.857,18.656,2,9.378,6.356,0,33.85,0.002,0,96.65,0.289,100,0.57,12.001,57,26.67,0.00,0,4.9,0.106
373,3570.040,AllocLarge,2B,0.314,0.0,0.000,0.00,25.057,25.057,2,9.378,6.356,0,33.85,0.002,0,96.65,0.289,100,0.57,18.401,47,52.18,0.00,0,3.4,0.086
374,3576.254,AllocLarge,2B,0.328,14.3,0.000,0.00,25.857,18.656,2,9.378,6.356,0,33.84,0.002,0,96.65,0.289,100,0.57,12.001,57,26.67,0.00,0,4.8,0.113
375,3585.872,AllocLarge,2B,0.341,10.0,0.000,0.00,25.057,25.057,2,9.378,6.356,0,33.85,0.002,0,96.65,0.289,100,0.57,18.401,47,52.18,0.00,0,3.8,0.104
376,3592.184,AllocLarge,2B,0.440,11.1,0.000,0.00,25.857,18.656,2,9.378,6.356,0,33.84,0.002,0,96.65,0.289,100,0.57,12.001,57,26.67,0.00,0,6.3,0.170
377,3601.972,AllocLarge,2B,0.332,0.0,0.000,0.00,25.057,25.057,2,9.378,6.356,0,33.85,0.002,0,96.65,0.289,100,0.57,18.401,47,52.18,0.00,0,3.6,0.105
378,3608.320,AllocLarge,2B,0.834,20.0,0.000,0.00,25.857,18.665,2,9.378,6.364,0,33.80,0.002,0,96.65,0.289,100,0.57,12.001,57,26.67,0.00,0,11.3,0.598
379,3618.217,AllocLarge,2B,0.329,10.0,0.000,0.00,25.057,25.057,2,9.378,6.357,0,33.84,0.002,0,96.65,0.289,100,0.57,18.401,47,52.18,0.00,0,3.7,0.105
380,3624.358,AllocLarge,2B,0.916,22.2,0.000,0.00,25.857,18.657,2,9.378,6.357,0,33.83,0.002,0,96.65,0.289,100,0.57,12.001,57,26.67,0.00,0,12.7,0.741
381,3633.787,AllocLarge,2B,0.361,11.1,0.000,0.00,25.057,25.057,2,9.378,6.357,0,33.85,0.002,0,96.65,0.289,100,0.57,18.401,47,52.18,0.00,0,4.3,0.106
382,3640.130,AllocLarge,2B,0.371,12.5,0.000,0.00,25.857,18.657,2,9.378,6.357,0,33.84,0.002,0,96.65,0.289,100,0.57,12.001,57,26.67,0.00,0,5.4,0.157
383,3649.655,AllocLarge,2B,0.332,0.0,0.000,0.00,25.057,25.057,2,9.378,6.357,0,33.84,0.002,0,96.65,0.289,100,0.57,18.401,47,52.18,0.00,0,3.7,0.103
384,3655.939,AllocLarge,2B,0.338,28.6,0.000,0.00,25.857,18.657,2,9.378,6.357,0,33.84,0.002,0,96.65,0.289,100,0.57,12.001,57,26.67,0.00,0,4.9,0.121
385,3665.406,AllocLarge,2B,0.306,0.0,0.000,0.00,25.057,25.057,2,9.378,6.357,0,33.84,0.002,0,96.65,0.289,100,0.57,18.401,47,52.18,0.00,0,3.5,0.086
386,3671.541,AllocLarge,2B,1.017,22.2,0.000,0.00,25.857,18.657,2,9.378,6.357,0,33.84,0.002,0,96.65,0.289,100,0.57,12.001,57,26.67,0.00,0,13.8,0.775
387,3681.366,AllocLarge,2B,0.329,0.0,0.109,12.64,25.857,25.057,2,9.378,6.357,0,33.84,0.002,0,96.65,0.289,100,0.57,18.401,45,52.18,0.00,0,3.8,0.084
388,3687.742,AllocLarge,2B,0.414,12.5,0.000,0.00,25.857,18.657,2,9.378,6.357,0,33.84,0.002,0,96.65,0.289,100,0.57,12.001,57,26.67,0.00,0,5.9,0.162
389,3697.531,AllocLarge,2B,0.299,0.0,0.000,0.00,25.057,25.057,2,9.378,6.357,0,33.84,0.002,0,96.65,0.289,100,0.57,18.401,47,52.18,0.00,0,3.3,0.099
390,3704.068,AllocLarge,2B,1.098,11.1,0.000,0.00,25.857,18.657,2,9.378,6.357,0,33.84,0.002,0,96.65,0.289,100,0.57,12.001,57,26.67,0.00,0,13.9,0.896
391,3713.876,AllocLarge,2B,0.284,0.0,0.000,0.00,25.857,25.057,2,9.378,6.357,0,33.84,0.002,0,96.65,0.289,100,0.57,18.401,45,52.18,0.00,0,3.4,0.081
392,3720.318,AllocLarge,2B,0.449,11.1,0.000,0.00,25.857,18.657,2,9.378,6.357,0,33.84,0.002,0,96.65,0.289,100,0.57,12.001,57,26.67,0.00,0,6.1,0.246
393,3730.003,AllocLarge,2B,0.306,0.0,0.000,0.00,25.057,25.057,2,9.378,6.357,0,33.84,0.002,0,96.65,0.289,100,0.57,18.401,47,52.18,0.00,0,3.5,0.083
394,3736.357,AllocLarge,2B,0.325,14.3,0.000,0.00,25.857,18.657,2,9.378,6.357,0,33.84,0.002,0,96.65,0.289,100,0.57,12.001,57,26.67,0.00,0,4.6,0.116
395,3746.086,AllocLarge,2B,0.314,0.0,0.000,0.00,25.057,25.057,2,9.378,6.357,0,33.84,0.002,0,96.65,0.289,100,0.57,18.401,47,52.18,0.00,0,3.5,0.089
396,3752.618,AllocLarge,2B,0.345,14.3,0.000,0.00,25.857,18.657,2,9.378,6.357,0,33.84,0.002,0,96.65,0.289,100,0.57,12.001,57,26.67,0.00,0,4.8,0.118
397,3762.019,AllocLarge,2B,0.292,0.0,0.000,0.00,25.057,25.057,2,9.378,6.357,0,33.84,0.002,0,96.65,0.289,100,0.57,18.401,47,52.18,0.00,0,3.4,0.090
398,3768.296,AllocLarge,2B,0.325,12.5,0.000,0.00,25.857,18.657,2,9.378,6.357,0,33.84,0.002,0,96.65,0.289,100,0.57,12.001,57,26.67,0.00,0,4.7,0.111
399,3778.880,AllocLarge,2B,0.432,11.1,0.000,0.00,25.057,25.057,2,9.378,6.357,0,33.85,0.002,0,96.65,0.289,100,0.57,18.401,47,52.18,0.00,0,4.3,0.133
400,3785.745,AllocLarge,2B,0.401,11.1,0.000,0.00,25.857,18.657,2,9.378,6.357,0,33.84,0.002,0,96.65,0.289,100,0.57,12.001,57,26.67,0.00,0,5.4,0.145
401,3795.883,AllocLarge,2B,0.144,0.0,0.000,0.00,25.057,18.701,2,9.378,0.001,0,0.00,0.002,0,66.53,0.289,100,0.57,18.401,47,52.18,0.00,0,1.5,0.081
402,3795.939,AllocLarge,0N,0.195,0.0,4.205,468.14,23.457,17.101,2,0.001,0.001,0,81.43,0.002,NaN,66.53,0.289,NaN,0.57,16.801,NaN,0.00,0.00,1,2.1,0.000
403,3802.137,AllocLarge,2B,0.365,14.3,0.000,0.00,19.502,12.301,2,9.378,0.001,0,0.00,0.002,0,70.71,0.289,100,0.57,12.001,57,26.67,0.00,0,5.0,0.152
404,3811.735,AllocLarge,2B,0.304,0.0,0.000,0.00,18.702,18.702,2,9.378,0.001,0,52.38,0.002,0,70.71,0.289,100,0.57,18.401,47,52.18,0.00,0,3.4,0.088
405,3818.277,AllocLarge,2B,0.939,12.5,0.000,0.00,19.502,12.301,2,9.378,0.001,0,0.00,0.002,0,70.71,0.289,100,0.57,12.001,57,26.67,0.00,0,12.0,0.720
406,3827.696,AllocLarge,2B,0.268,10.0,0.000,0.00,19.502,18.702,2,9.378,0.002,0,61.90,0.002,0,70.71,0.289,100,0.57,18.401,45,52.18,0.00,0,3.3,0.081
407,3833.722,AllocLarge,2B,1.163,22.2,0.000,0.00,19.502,12.302,2,9.378,0.002,0,0.00,0.002,0,70.71,0.289,100,0.57,12.001,57,26.67,0.00,0,15.6,0.919
408,3843.143,AllocLarge,2B,0.296,0.0,0.105,13.12,19.503,18.703,2,9.378,0.002,0,90.87,0.002,0,70.71,0.289,100,0.57,18.401,45,52.18,0.00,0,3.7,0.085
409,3849.597,AllocLarge,2B,0.686,12.5,0.000,0.00,19.503,12.302,2,9.378,0.002,0,0.00,0.002,0,70.71,0.289,100,0.57,12.001,57,26.67,0.00,0,9.1,0.480
410,3859.767,AllocLarge,2B,0.298,0.0,0.000,0.00,18.703,18.703,2,9.378,0.002,0,92.18,0.002,0,70.71,0.289,100,0.57,18.401,47,52.18,0.00,0,3.3,0.103
411,3865.762,AllocLarge,2B,1.215,20.0,0.000,0.00,19.503,12.302,2,9.378,0.002,0,0.00,0.002,0,70.71,0.289,100,0.57,12.001,57,26.67,0.00,0,15.9,1.021
412,3876.067,AllocLarge,2B,0.357,10.0,0.000,0.00,20.303,18.703,2,9.378,0.003,0,76.19,0.002,0,70.71,0.289,100,0.57,18.401,43,52.18,0.00,0,4.1,0.103
413,3882.879,AllocLarge,2B,1.200,20.0,0.000,0.00,19.503,12.303,2,9.378,0.003,0,0.00,0.002,0,70.71,0.289,100,0.57,12.001,57,26.67,0.00,0,14.7,0.982
414,3892.876,AllocLarge,2B,0.327,11.1,0.000,0.00,18.704,18.704,2,9.378,0.003,0,78.84,0.002,0,70.71,0.289,100,0.57,18.401,47,52.18,0.00,0,3.8,0.101
415,3899.315,AllocLarge,2B,0.327,12.5,0.000,0.00,19.504,12.303,2,9.378,0.003,0,0.00,0.002,0,70.71,0.289,100,0.57,12.001,57,26.67,0.00,0,4.6,0.113
416,3908.608,AllocLarge,2B,0.291,0.0,0.000,0.00,18.704,18.704,2,9.378,0.003,0,80.95,0.002,0,70.71,0.289,100,0.57,18.401,47,52.18,0.00,0,3.4,0.086
417,3914.595,AllocLarge,2B,0.919,22.2,0.000,0.00,19.504,12.303,2,9.378,0.003,0,0.00,0.002,0,70.71,0.289,100,0.57,12.001,57,26.67,0.00,0,12.8,0.729
418,3924.063,AllocLarge,2B,0.295,11.1,0.000,0.00,18.704,18.704,2,9.378,0.004,0,95.02,0.002,0,70.71,0.289,100,0.57,18.401,47,52.18,0.00,0,3.6,0.086
419,3930.074,AllocLarge,2B,0.427,12.5,0.000,0.00,19.504,12.304,2,9.378,0.004,0,0.00,0.002,0,70.71,0.289,100,0.57,12.001,57,26.67,0.00,0,6.4,0.182
420,3939.338,AllocLarge,2B,0.267,0.0,0.000,0.00,18.705,18.705,2,9.378,0.004,0,84.13,0.002,0,70.71,0.289,100,0.57,18.401,47,52.18,0.00,0,3.1,0.084
421,3945.316,AllocLarge,2B,0.442,12.5,0.000,0.00,19.505,12.304,2,9.378,0.004,0,0.00,0.002,0,70.71,0.289,100,0.57,12.001,57,26.67,0.00,0,6.7,0.262
422,3954.690,AllocLarge,2B,0.288,0.0,0.000,0.00,18.705,18.705,2,9.378,0.004,0,85.35,0.002,0,70.71,0.289,100,0.57,18.401,47,52.18,0.00,0,3.3,0.091
423,3960.867,AllocLarge,2B,0.500,12.5,0.000,0.00,19.505,12.305,2,9.378,0.004,0,0.00,0.002,0,70.71,0.289,100,0.57,12.001,57,26.67,0.00,0,7.2,0.269
424,3970.658,AllocLarge,2B,0.374,0.0,0.000,0.00,18.705,18.705,2,9.378,0.005,0,86.39,0.002,0,70.71,0.289,100,0.57,18.401,47,52.18,0.00,0,4.1,0.110
425,3977.703,AllocLarge,2B,0.537,20.0,0.000,0.00,19.505,12.305,2,9.378,0.005,0,0.00,0.002,0,70.71,0.289,100,0.57,12.001,57,26.67,0.00,0,6.8,0.250
426,3988.182,AllocLarge,2B,0.932,18.2,0.109,10.77,18.706,18.706,2,9.378,0.005,0,87.30,0.002,0,70.71,0.289,100,0.57,18.401,47,52.18,0.00,0,9.2,0.080
427,3995.323,AllocLarge,2B,0.465,14.3,0.000,0.00,19.506,12.305,2,9.378,0.005,0,0.00,0.002,0,70.71,0.289,100,0.57,12.001,57,26.67,0.00,0,6.4,0.248
428,4005.049,AllocLarge,2B,0.295,10.0,0.000,0.00,18.706,18.706,2,9.378,0.005,0,88.10,0.002,0,70.71,0.289,100,0.57,18.401,47,52.18,0.00,0,3.3,0.084
429,4011.622,AllocLarge,2B,0.307,14.3,0.000,0.00,19.506,12.306,2,9.378,0.005,0,0.00,0.002,0,70.71,0.289,100,0.57,12.001,57,26.67,0.00,0,4.3,0.109
430,4021.535,AllocLarge,2B,0.318,0.0,0.000,0.00,18.706,18.706,2,9.378,0.006,0,88.80,0.002,0,70.71,0.289,100,0.57,18.401,47,52.18,0.00,0,3.4,0.102
431,4027.935,AllocLarge,2B,0.855,22.2,0.000,0.00,19.506,12.306,2,9.378,0.006,0,0.00,0.002,0,70.71,0.289,100,0.57,12.001,57,26.67,0.00,0,11.2,0.646
432,4038.024,AllocLarge,2B,0.358,10.0,0.000,0.00,18.707,18.707,2,9.378,0.006,0,96.96,0.002,0,70.71,0.289,100,0.57,18.401,47,52.18,0.00,0,4.0,0.097
433,4044.841,AllocLarge,2B,0.772,20.0,0.000,0.00,19.507,12.306,2,9.378,0.006,0,0.00,0.002,0,70.71,0.289,100,0.57,12.001,57,26.67,0.00,0,9.3,0.469
434,4056.057,AllocLarge,2B,0.389,10.0,0.000,0.00,18.707,18.707,2,9.378,0.006,0,89.97,0.002,0,70.71,0.289,100,0.57,18.401,47,52.18,0.00,0,4.0,0.135
435,4063.349,AllocLarge,2B,0.386,20.0,0.000,0.00,19.507,12.307,2,9.378,0.006,0,0.00,0.002,0,70.71,0.289,100,0.57,12.001,57,26.67,0.00,0,4.8,0.176
436,4073.242,AllocLarge,2B,0.329,0.0,0.000,0.00,18.707,18.707,2,9.378,0.007,0,97.26,0.002,0,70.71,0.289,100,0.57,18.401,47,52.18,0.00,0,3.7,0.091
437,4079.853,AllocLarge,2B,0.320,12.5,0.000,0.00,19.507,12.307,2,9.378,0.007,0,0.00,0.002,0,70.71,0.289,100,0.57,12.001,57,26.67,0.00,0,4.4,0.102
438,4089.972,AllocLarge,2B,0.343,9.1,0.000,0.00,18.708,18.708,2,9.378,0.007,0,90.93,0.002,0,70.71,0.289,100,0.57,18.401,47,52.18,0.00,0,3.6,0.087
439,4096.467,AllocLarge,2B,0.389,14.3,0.000,0.00,19.508,12.307,2,9.378,0.007,0,0.00,0.002,0,70.71,0.289,100,0.57,12.001,57,26.67,0.00,0,5.4,0.122
440,4106.625,AllocLarge,2B,0.336,18.2,0.104,11.00,18.708,18.708,2,9.378,0.007,0,91.34,0.002,0,70.71,0.289,100,0.57,18.401,47,52.18,0.00,0,3.6,0.085
441,4113.478,AllocLarge,2B,0.824,27.3,0.000,0.00,19.508,12.308,2,9.378,0.007,0,0.00,0.002,0,70.71,0.289,100,0.57,12.001,57,26.67,0.00,0,10.3,0.568
442,4123.480,AllocLarge,2B,0.317,11.1,0.000,0.00,18.708,18.708,2,9.378,0.008,0,91.72,0.002,0,70.71,0.289,100,0.57,18.401,47,52.18,0.00,0,3.5,0.086
443,4129.902,AllocLarge,2B,0.702,27.3,0.000,0.00,19.508,12.308,2,9.378,0.008,0,0.00,0.002,0,70.71,0.289,100,0.57,12.001,57,26.67,0.00,0,9.5,0.430
444,4140.050,AllocLarge,2B,0.294,0.0,0.000,0.00,18.709,18.709,2,9.378,0.008,0,97.72,0.002,0,70.71,0.289,100,0.57,18.401,47,52.18,0.00,0,3.2,0.091
445,4146.212,AllocLarge,2B,0.941,12.5,0.000,0.00,19.509,12.308,2,9.378,0.008,0,0.00,0.002,0,70.71,0.289,100,0.57,12.001,57,26.67,0.00,0,12.8,0.738
446,4155.799,AllocLarge,2B,0.273,0.0,0.000,0.00,18.709,18.709,2,9.378,0.008,0,92.38,0.002,0,70.71,0.289,100,0.57,18.401,47,52.18,0.00,0,3.3,0.085
447,4162.072,AllocLarge,2B,0.349,14.3,0.000,0.00,19.509,12.309,2,9.378,0.008,0,0.00,0.002,0,70.71,0.289,100,0.57,12.001,57,26.67,0.00,0,5.0,0.124
448,4172.577,AllocLarge,2B,0.348,9.1,0.000,0.00,18.709,18.709,2,9.378,0.009,0,92.67,0.002,0,70.71,0.289,100,0.57,18.401,47,52.18,0.00,0,3.5,0.105
449,4179.014,AllocLarge,2B,1.146,20.0,0.000,0.00,19.509,12.309,2,9.378,0.009,0,0.00,0.002,0,70.71,0.289,100,0.57,12.001,57,26.67,0.00,0,14.6,0.921
450,4188.974,AllocLarge,2B,0.304,20.0,0.000,0.00,19.510,18.710,2,9.378,0.009,0,92.95,0.002,0,70.71,0.289,100,0.57,18.401,45,52.18,0.00,0,3.6,0.083
451,4195.377,AllocLarge,2B,1.113,20.0,0.000,0.00,19.510,12.309,2,9.378,0.009,0,0.00,0.002,0,70.71,0.289,100,0.57,12.001,57,26.67,0.00,0,14.3,0.885
452,4205.335,AllocLarge,2B,0.281,0.0,0.000,0.00,19.510,18.710,2,9.378,0.009,0,93.20,0.002,0,70.71,0.289,100,0.57,18.401,45,52.18,0.00,0,3.3,0.081
453,4211.674,AllocLarge,2B,1.102,11.1,0.110,14.19,19.510,12.310,2,9.378,0.009,0,0.00,0.002,0,70.71,0.289,100,0.57,12.001,57,26.67,0.00,0,14.2,0.889
454,4221.616,AllocLarge,2B,0.318,0.0,0.000,0.00,19.510,18.710,2,9.378,0.010,0,93.43,0.002,0,70.71,0.289,100,0.57,18.401,45,52.18,0.00,0,3.7,0.084
455,4228.038,AllocLarge,2B,1.026,22.2,0.000,0.00,19.510,12.310,2,9.378,0.010,0,0.00,0.002,0,70.71,0.289,100,0.57,12.001,57,26.67,0.00,0,13.1,0.805
456,4238.514,AllocLarge,2B,0.275,0.0,0.000,0.00,19.511,18.711,2,9.378,0.010,0,93.65,0.002,0,70.71,0.289,100,0.57,18.401,45,52.18,0.00,0,3.0,0.081
457,4244.963,AllocLarge,2B,0.481,11.1,0.000,0.00,19.511,12.310,2,9.378,0.010,0,0.00,0.002,0,70.71,0.289,100,0.57,12.001,57,26.67,0.00,0,6.6,0.271
458,4255.134,AllocLarge,2B,0.333,10.0,0.000,0.00,18.711,18.711,2,9.378,0.010,0,93.86,0.002,0,70.71,0.289,100,0.57,18.401,47,52.18,0.00,0,3.5,0.084
459,4261.504,AllocLarge,2B,0.324,12.5,0.000,0.00,19.511,12.311,2,9.378,0.010,0,0.00,0.002,0,70.71,0.289,100,0.57,12.001,57,26.67,0.00,0,4.7,0.134
460,4271.371,AllocLarge,2B,0.319,0.0,0.000,0.00,18.711,18.711,2,9.378,0.011,0,94.05,0.002,0,70.71,0.289,100,0.57,18.401,47,52.18,0.00,0,3.4,0.104
461,4277.830,AllocLarge,2B,0.401,11.1,0.000,0.00,19.511,12.311,2,9.378,0.011,0,0.00,0.002,0,70.71,0.289,100,0.57,12.001,57,26.67,0.00,0,5.6,0.190
462,4287.830,AllocLarge,2B,0.322,10.0,0.000,0.00,18.712,18.712,2,9.378,0.011,0,94.23,0.002,0,70.71,0.289,100,0.57,18.401,47,52.18,0.00,0,3.5,0.082
463,4294.236,AllocLarge,2B,0.313,12.5,0.000,0.00,19.512,12.311,2,9.378,0.011,0,0.00,0.002,0,70.71,0.289,100,0.57,12.001,57,26.67,0.00,0,4.5,0.103
464,4303.946,AllocLarge,2B,0.268,0.0,0.000,0.00,18.712,18.712,2,9.378,0.011,0,94.40,0.002,0,70.71,0.289,100,0.57,18.401,47,52.18,0.00,0,3.0,0.082
465,4310.195,AllocLarge,2B,1.161,20.0,0.106,13.64,19.512,12.312,2,9.378,0.011,0,0.00,0.002,0,70.71,0.289,100,0.57,12.001,57,26.67,0.00,0,15.0,0.919
466,4320.655,AllocLarge,2B,0.313,0.0,0.000,0.00,19.512,18.712,2,9.378,0.012,0,94.56,0.002,0,70.71,0.289,100,0.57,18.401,45,52.18,0.00,0,3.5,0.084
467,4327.057,AllocLarge,2B,0.635,12.5,0.000,0.00,19.512,12.312,2,9.378,0.012,0,0.00,0.002,0,70.71,0.289,100,0.57,12.001,57,26.67,0.00,0,8.7,0.421
468,4336.736,AllocLarge,2B,0.311,0.0,0.000,0.00,18.713,18.713,2,9.378,0.012,0,98.48,0.002,0,70.71,0.289,100,0.57,18.401,47,52.18,0.00,0,3.6,0.096
469,4343.660,AllocLarge,2B,1.428,18.2,0.000,0.00,19.513,12.312,2,9.378,0.012,0,3.04,0.002,0,70.71,0.289,100,0.57,12.001,57,26.67,0.00,0,15.8,1.100
470,4355.014,AllocLarge,2B,0.374,0.0,0.000,0.00,18.713,18.713,2,9.378,0.012,0,94.85,0.002,0,70.71,0.289,100,0.57,18.401,47,52.18,0.00,0,4.0,0.122
471,4361.459,AllocLarge,2B,1.162,30.0,0.000,0.00,19.513,12.313,2,9.378,0.012,0,0.00,0.002,0,70.71,0.289,100,0.57,12.001,57,26.67,0.00,0,15.0,0.890
472,4371.427,AllocLarge,2B,0.331,0.0,0.000,0.00,19.513,18.713,2,9.378,0.013,0,98.56,0.002,0,70.71,0.289,100,0.57,18.401,45,52.18,0.00,0,3.9,0.093
473,4378.163,AllocLarge,2B,0.688,22.2,0.000,0.00,19.513,12.313,2,9.378,0.013,0,0.00,0.002,0,70.71,0.289,100,0.57,12.001,57,26.67,0.00,0,8.8,0.473
474,4388.036,AllocLarge,2B,0.323,0.0,0.000,0.00,18.714,18.714,2,9.378,0.013,0,95.12,0.002,0,70.71,0.289,100,0.57,18.401,47,52.18,0.00,0,3.7,0.087
475,4394.507,AllocLarge,2B,1.012,12.5,0.000,0.00,19.514,12.313,2,9.378,0.013,0,0.00,0.002,0,70.71,0.289,100,0.57,12.001,57,26.67,0.00,0,12.9,0.717
476,4404.543,AllocLarge,2B,0.393,0.0,0.000,0.00,19.514,18.714,2,9.378,0.013,0,98.63,0.002,0,70.71,0.289,100,0.57,18.401,45,52.18,0.00,0,4.5,0.137
477,4411.422,AllocLarge,2B,1.138,22.2,0.106,12.90,19.514,12.314,2,9.378,0.013,0,0.00,0.002,0,70.71,0.289,100,0.57,12.001,57,26.67,0.00,0,13.9,0.887
478,4424.605,AllocLarge,2B,0.478,7.7,0.000,0.00,19.514,18.714,2,9.378,0.014,0,98.66,0.002,0,70.71,0.289,100,0.57,18.401,45,52.18,0.00,0,4.0,0.143
479,4431.393,AllocLarge,2B,1.032,22.2,0.000,0.00,19.514,12.314,2,9.378,0.014,0,0.00,0.002,0,70.71,0.289,100,0.57,12.001,57,26.67,0.00,0,13.1,0.763
480,4441.560,AllocLarge,2B,0.341,10.0,0.000,0.00,18.715,18.715,2,9.378,0.014,0,95.46,0.002,0,70.71,0.289,100,0.57,18.401,47,52.18,0.00,0,3.9,0.084
481,4448.012,AllocLarge,2B,0.353,12.5,0.000,0.00,19.515,12.314,2,9.378,0.014,0,0.00,0.002,0,70.71,0.289,100,0.57,12.001,57,26.67,0.00,0,5.0,0.112
482,4457.781,AllocLarge,2B,0.318,0.0,0.000,0.00,18.715,18.715,2,9.378,0.014,0,95.57,0.002,0,70.71,0.289,100,0.57,18.401,47,52.18,0.00,0,3.5,0.097
483,4464.094,AllocLarge,2B,1.108,20.0,0.000,0.00,19.515,12.315,2,9.378,0.014,0,0.00,0.002,0,70.71,0.289,100,0.57,12.001,57,26.67,0.00,0,14.1,0.890
484,4475.941,AllocLarge,2B,0.301,9.1,0.000,0.00,18.715,18.715,2,9.378,0.015,0,95.67,0.002,0,70.71,0.289,100,0.57,18.401,47,52.18,0.00,0,2.9,0.085
485,4483.354,AllocLarge,2B,0.578,18.2,0.000,0.00,19.515,12.315,2,9.378,0.015,0,0.00,0.002,0,70.71,0.289,100,0.57,12.001,57,26.67,0.00,0,6.5,0.172
486,4493.582,AllocLarge,2B,0.884,10.0,0.000,0.00,18.716,18.716,2,9.378,0.015,0,98.78,0.002,0,70.71,0.289,100,0.57,18.401,47,52.18,0.00,0,9.4,0.083
487,4500.460,AllocLarge,2B,0.395,14.3,0.000,0.00,19.516,12.315,2,9.378,0.015,0,0.00,0.002,0,70.71,0.289,100,0.57,12.001,57,26.67,0.00,0,5.5,0.119
488,4510.598,AllocLarge,2B,0.380,10.0,0.000,0.00,18.716,18.716,2,9.378,0.015,0,98.81,0.002,0,70.71,0.289,100,0.57,18.401,47,52.18,0.00,0,4.1,0.107
489,4518.123,AllocLarge,2B,0.506,11.1,0.106,11.92,19.516,12.316,2,9.378,0.015,0,0.00,0.002,0,70.71,0.289,100,0.57,12.001,57,26.67,0.00,0,5.7,0.264
490,4528.747,AllocLarge,2B,0.408,10.0,0.000,0.00,19.516,18.716,2,9.378,0.016,0,95.95,0.002,0,70.71,0.289,100,0.57,18.401,45,52.18,0.00,0,4.3,0.131
491,4535.751,AllocLarge,2B,0.547,20.0,0.000,0.00,19.516,12.316,2,9.378,0.016,0,0.00,0.002,0,70.71,0.289,100,0.57,12.001,57,26.67,0.00,0,6.5,0.254
492,4546.679,AllocLarge,2B,0.295,0.0,0.000,0.00,18.717,18.717,2,9.378,0.016,0,96.03,0.002,0,70.71,0.289,100,0.57,18.401,47,52.18,0.00,0,3.2,0.083
493,4553.013,AllocLarge,2B,1.164,22.2,0.000,0.00,19.517,12.316,2,9.378,0.016,0,0.00,0.002,0,70.71,0.289,100,0.57,12.001,57,26.67,0.00,0,14.8,0.903
494,4563.068,AllocLarge,2B,0.347,0.0,0.000,0.00,19.517,18.717,2,9.378,0.016,0,96.11,0.002,0,70.71,0.289,100,0.57,18.401,45,52.18,0.00,0,4.0,0.123
495,4569.357,AllocLarge,2B,1.124,25.0,0.000,0.00,19.517,12.317,2,9.378,0.016,0,0.00,0.002,0,70.71,0.289,100,0.57,12.001,57,26.67,0.00,0,14.7,0.904
496,4579.090,AllocLarge,2B,0.289,11.1,0.000,0.00,18.717,18.717,2,9.378,0.017,0,96.19,0.002,0,70.71,0.289,100,0.57,18.401,47,52.18,0.00,0,3.5,0.082
497,4585.260,AllocLarge,2B,0.968,22.2,0.000,0.00,19.517,12.317,2,9.378,0.017,0,0.00,0.002,0,70.71,0.289,100,0.57,12.001,57,26.67,0.00,0,13.0,0.745
498,4594.869,AllocLarge,2B,0.276,0.0,0.000,0.00,19.518,18.718,2,9.378,0.017,0,96.27,0.002,0,70.71,0.289,100,0.57,18.401,45,52.18,0.00,0,3.3,0.083
499,4601.155,AllocLarge,2B,0.671,11.1,0.000,0.00,19.518,12.317,2,9.378,0.017,0,0.00,0.002,0,70.71,0.289,100,0.57,12.001,57,26.67,0.00,0,8.9,0.447
500,4611.378,AllocLarge,2B,0.315,0.0,0.000,0.00,18.718,18.718,2,9.378,0.017,0,96.34,0.002,0,70.71,0.289,100,0.57,18.401,47,52.18,0.00,0,3.5,0.086
501,4617.468,AllocLarge,2B,0.334,12.5,0.106,15.95,19.518,12.318,2,9.378,0.017,0,0.00,0.002,0,70.71,0.289,100,0.57,12.001,57,26.67,0.00,0,5.0,0.147
502,4626.576,AllocLarge,2B,0.278,0.0,0.000,0.00,18.718,18.718,2,9.378,0.018,0,98.97,0.002,0,70.71,0.289,100,0.57,18.401,47,52.18,0.00,0,3.3,0.081
503,4632.544,AllocLarge,2B,0.595,12.5,0.000,0.00,19.518,12.318,2,9.378,0.018,0,0.00,0.002,0,70.71,0.289,100,0.57,12.001,57,26.67,0.00,0,8.7,0.410
504,4641.965,AllocLarge,2B,0.305,0.0,0.000,0.00,18.719,18.719,2,9.378,0.018,0,98.99,0.002,0,70.71,0.289,100,0.57,18.401,47,52.18,0.00,0,3.6,0.113
505,4648.058,AllocLarge,2B,1.076,12.5,0.000,0.00,19.519,12.318,2,9.378,0.018,0,0.00,0.002,0,70.71,0.289,100,0.57,12.001,57,26.67,0.00,0,14.4,0.893
506,4657.896,AllocLarge,2B,0.331,8.3,0.000,0.00,18.719,18.719,2,9.378,0.018,0,96.54,0.002,0,70.71,0.289,100,0.57,18.401,47,52.18,0.00,0,3.9,0.114
507,4664.174,AllocLarge,2B,0.281,14.3,0.000,0.00,19.519,12.319,2,9.378,0.018,0,0.00,0.002,0,70.71,0.289,100,0.57,12.001,57,26.67,0.00,0,4.1,0.100
508,4673.670,AllocLarge,2B,0.307,0.0,0.000,0.00,18.719,18.719,2,9.378,0.019,0,96.60,0.002,0,70.71,0.289,100,0.57,18.401,47,52.18,0.00,0,3.4,0.085
509,4679.783,AllocLarge,2B,0.286,12.5,0.000,0.00,19.519,12.319,2,9.378,0.019,0,0.00,0.002,0,70.71,0.289,100,0.57,12.001,57,26.67,0.00,0,4.3,0.109
510,4689.387,AllocLarge,2B,0.318,0.0,0.000,0.00,18.720,18.720,2,9.378,0.019,0,99.04,0.002,0,70.71,0.289,100,0.57,18.401,47,52.18,0.00,0,3.5,0.123
511,4695.762,AllocLarge,2B,0.596,11.1,0.000,0.00,19.520,12.319,2,9.378,0.019,0,0.00,0.002,0,70.71,0.289,100,0.57,12.001,57,26.67,0.00,0,8.2,0.416
512,4705.431,AllocLarge,2B,0.334,0.0,0.000,0.00,18.720,18.720,2,9.378,0.019,0,96.72,0.002,0,70.71,0.289,100,0.57,18.401,47,52.18,0.00,0,3.8,0.103
513,4711.696,AllocLarge,2B,0.479,12.5,0.106,15.04,19.520,12.320,2,9.378,0.019,0,0.00,0.002,0,70.71,0.289,100,0.57,12.001,57,26.67,0.00,0,6.8,0.264
514,4721.291,AllocLarge,2B,0.300,0.0,0.000,0.00,18.720,18.720,2,9.378,0.020,0,96.77,0.002,0,70.71,0.289,100,0.57,18.401,47,52.18,0.00,0,3.4,0.084
515,4727.422,AllocLarge,2B,0.406,25.0,0.000,0.00,19.520,12.320,2,9.378,0.020,0,0.00,0.002,0,70.71,0.289,100,0.57,12.001,57,26.67,0.00,0,6.0,0.120
516,4736.983,AllocLarge,2B,0.354,11.1,0.000,0.00,18.721,18.721,2,9.378,0.020,0,96.83,0.002,0,70.71,0.289,100,0.57,18.401,47,52.18,0.00,0,4.0,0.122
517,4743.240,AllocLarge,2B,0.281,14.3,0.000,0.00,19.521,12.320,2,9.378,0.020,0,0.00,0.002,0,70.71,0.289,100,0.57,12.001,57,26.67,0.00,0,4.2,0.111
518,4752.484,AllocLarge,2B,0.280,0.0,0.000,0.00,18.721,18.721,2,9.378,0.020,0,96.88,0.002,0,70.71,0.289,100,0.57,18.401,47,52.18,0.00,0,3.2,0.084
519,4758.573,AllocLarge,2B,0.344,25.0,0.000,0.00,19.521,12.321,2,9.378,0.020,0,0.00,0.002,0,70.71,0.289,100,0.57,12.001,57,26.67,0.00,0,5.1,0.135
520,4767.918,AllocLarge,2B,0.307,0.0,0.000,0.00,18.721,18.721,2,9.378,0.021,0,96.93,0.002,0,70.71,0.289,100,0.57,18.401,47,52.18,0.00,0,3.5,0.085
521,4773.993,AllocLarge,2B,0.620,12.5,0.000,0.00,19.521,12.321,2,9.378,0.021,0,0.00,0.002,0,70.71,0.289,100,0.57,12.001,57,26.67,0.00,0,9.0,0.423
522,4783.409,AllocLarge,2B,0.309,0.0,0.000,0.00,18.722,18.722,2,9.378,0.021,0,96.98,0.002,0,70.71,0.289,100,0.57,18.401,47,52.18,0.00,0,3.6,0.086
523,4789.774,AllocLarge,2B,0.943,14.3,0.000,0.00,19.522,12.321,2,9.378,0.021,0,0.00,0.002,0,70.71,0.289,100,0.57,12.001,57,26.67,0.00,0,12.5,0.745
524,4799.090,AllocLarge,2B,0.257,0.0,0.000,0.00,18.722,18.722,2,9.378,0.022,0,97.02,0.002,0,70.71,0.289,100,0.57,18.401,47,52.18,0.00,0,3.2,0.081
525,4805.151,AllocLarge,2B,0.401,14.3,0.106,15.54,19.522,12.322,2,9.378,0.022,0,0.00,0.002,0,70.71,0.289,100,0.57,12.001,57,26.67,0.00,0,5.9,0.233
526,4814.512,AllocLarge,2B,0.296,10.0,0.000,0.00,18.722,18.722,2,9.378,0.022,0,99.16,0.002,0,70.71,0.289,100,0.57,18.401,47,52.18,0.00,0,3.4,0.108
527,4820.681,AllocLarge,2B,0.354,12.5,0.000,0.00,19.522,12.322,2,9.378,0.022,0,0.00,0.002,0,70.71,0.289,100,0.57,12.001,57,26.67,0.00,0,5.1,0.121
528,4830.072,AllocLarge,2B,0.282,0.0,0.000,0.00,18.723,18.723,2,9.378,0.022,0,97.11,0.002,0,70.71,0.289,100,0.57,18.401,47,52.18,0.00,0,3.3,0.102
529,4836.359,AllocLarge,2B,1.119,20.0,0.000,0.00,19.523,12.322,2,9.378,0.022,0,0.00,0.002,0,70.71,0.289,100,0.57,12.001,57,26.67,0.00,0,14.4,0.898
530,4846.329,AllocLarge,2B,0.312,0.0,0.000,0.00,19.523,18.723,2,9.378,0.023,0,97.16,0.002,0,70.71,0.289,100,0.57,18.401,45,52.18,0.00,0,3.6,0.094
531,4852.438,AllocLarge,2B,0.619,25.0,0.000,0.00,19.523,12.323,2,9.378,0.023,0,0.00,0.002,0,70.71,0.289,100,0.57,12.001,57,26.67,0.00,0,8.8,0.427
532,4861.951,AllocLarge,2B,0.345,9.1,0.000,0.00,18.723,18.723,2,9.378,0.023,0,97.20,0.002,0,70.71,0.289,100,0.57,18.401,47,52.18,0.00,0,4.0,0.103
533,4868.363,AllocLarge,2B,0.629,12.5,0.000,0.00,19.523,12.323,2,9.378,0.023,0,0.00,0.002,0,70.71,0.289,100,0.57,12.001,57,26.67,0.00,0,8.6,0.396
534,4878.291,AllocLarge,2B,0.349,11.1,0.000,0.00,18.724,18.724,2,9.378,0.023,0,97.24,0.002,0,70.71,0.289,100,0.57,18.401,47,52.18,0.00,0,3.9,0.103
535,4884.679,AllocLarge,2B,0.352,12.5,0.000,0.00,19.524,12.323,2,9.378,0.023,0,0.00,0.002,0,70.71,0.289,100,0.57,12.001,57,26.67,0.00,0,5.0,0.119
536,4894.937,AllocLarge,2B,0.353,9.1,0.000,0.00,18.724,18.724,2,9.378,0.024,0,97.28,0.002,0,70.71,0.289,100,0.57,18.401,47,52.18,0.00,0,3.7,0.110
537,4901.508,AllocLarge,2B,0.398,22.2,0.106,14.36,19.524,12.324,2,9.378,0.024,0,0.00,0.002,0,70.71,0.289,100,0.57,12.001,57,26.67,0.00,0,5.4,0.117
538,4911.463,AllocLarge,2B,0.353,0.0,0.000,0.00,18.724,18.724,2,9.378,0.024,0,97.32,0.002,0,70.71,0.289,100,0.57,18.401,47,52.18,0.00,0,3.9,0.106
539,4918.098,AllocLarge,2B,0.328,12.5,0.000,0.00,19.524,12.324,2,9.378,0.024,0,0.00,0.002,0,70.71,0.289,100,0.57,12.001,57,26.67,0.00,0,4.5,0.108
540,4927.687,AllocLarge,2B,0.286,0.0,0.000,0.00,18.725,18.725,2,9.378,0.024,0,97.35,0.002,0,70.71,0.289,100,0.57,18.401,47,52.18,0.00,0,3.2,0.086
541,4933.849,AllocLarge,2B,0.483,12.5,0.000,0.00,19.525,12.324,2,9.378,0.024,0,0.00,0.002,0,70.71,0.289,100,0.57,12.001,57,26.67,0.00,0,7.0,0.256
542,4943.538,AllocLarge,2B,0.301,0.0,0.000,0.00,18.725,18.725,2,9.378,0.025,0,97.39,0.002,0,70.71,0.289,100,0.57,18.401,47,52.18,0.00,0,3.4,0.092
543,4949.833,AllocLarge,2B,0.554,12.5,0.000,0.00,19.525,12.325,2,9.378,0.025,0,0.00,0.002,0,70.71,0.289,100,0.57,12.001,57,26.67,0.00,0,7.7,0.261
544,4959.515,AllocLarge,2B,0.296,10.0,0.000,0.00,18.725,18.725,2,9.378,0.025,0,99.26,0.002,0,70.71,0.289,100,0.57,18.401,47,52.18,0.00,0,3.4,0.087
545,4965.955,AllocLarge,2B,0.401,12.5,0.000,0.00,19.526,12.325,2,9.378,0.025,0,0.00,0.002,0,70.71,0.289,100,0.57,12.001,57,26.67,0.00,0,5.7,0.119
546,4975.695,AllocLarge,2B,0.314,0.0,0.000,0.00,18.726,18.726,2,9.378,0.025,0,97.46,0.002,0,70.71,0.289,100,0.57,18.401,47,52.18,0.00,0,3.4,0.101
547,4982.097,AllocLarge,2B,0.846,22.2,0.000,0.00,19.526,12.325,2,9.378,0.025,0,0.00,0.002,0,70.71,0.289,100,0.57,12.001,57,26.67,0.00,0,11.3,0.615
548,4991.889,AllocLarge,2B,0.270,0.0,0.000,0.00,18.726,18.726,2,9.378,0.026,0,97.49,0.002,0,70.71,0.289,100,0.57,18.401,47,52.18,0.00,0,3.1,0.082
549,4998.005,AllocLarge,2B,0.996,25.0,0.106,14.14,19.526,12.326,2,9.378,0.026,0,0.00,0.002,0,70.71,0.289,100,0.57,12.001,57,26.67,0.00,0,13.3,0.752
550,5008.026,AllocLarge,2B,0.328,0.0,0.000,0.00,18.726,18.726,2,9.378,0.026,0,97.53,0.002,0,70.71,0.289,100,0.57,18.401,47,52.18,0.00,0,3.7,0.085
551,5014.461,AllocLarge,2B,1.100,22.2,0.000,0.00,19.527,12.326,2,9.378,0.026,0,0.00,0.002,0,70.71,0.289,100,0.57,12.001,57,26.67,0.00,0,14.1,0.877
552,5024.203,AllocLarge,2B,0.325,0.0,0.000,0.00,19.527,18.727,2,9.378,0.026,0,97.56,0.002,0,70.71,0.289,100,0.57,18.401,45,52.18,0.00,0,3.9,0.118
553,5030.341,AllocLarge,2B,0.479,12.5,0.000,0.00,19.527,12.326,2,9.378,0.026,0,0.00,0.002,0,70.71,0.289,100,0.57,12.001,57,26.67,0.00,0,7.0,0.267
554,5039.910,AllocLarge,2B,0.304,11.1,0.000,0.00,18.727,18.727,2,9.378,0.027,0,97.59,0.002,0,70.71,0.289,100,0.57,18.401,47,52.18,0.00,0,3.4,0.103
555,5046.016,AllocLarge,2B,1.107,22.2,0.000,0.00,19.527,12.327,2,9.378,0.027,0,0.00,0.002,0,70.71,0.289,100,0.57,12.001,57,26.67,0.00,0,14.8,0.906
556,5055.778,AllocLarge,2B,0.272,0.0,0.000,0.00,19.528,18.727,2,9.378,0.027,0,97.62,0.002,0,70.71,0.289,100,0.57,18.401,45,52.18,0.00,0,3.3,0.083
557,5062.134,AllocLarge,2B,0.349,0.0,0.000,0.00,19.528,12.327,2,9.378,0.027,0,0.00,0.002,0,70.71,0.289,100,0.57,12.001,57,26.67,0.00,0,5.0,0.104
558,5072.869,AllocLarge,2B,0.359,0.0,0.000,0.00,18.728,18.728,2,9.378,0.027,0,99.32,0.002,0,70.71,0.289,100,0.57,18.401,47,52.18,0.00,0,3.5,0.112
559,5079.747,AllocLarge,2B,1.147,16.7,0.000,0.00,19.528,12.327,2,9.378,0.027,0,0.00,0.002,0,70.71,0.289,100,0.57,12.001,57,26.67,0.00,0,13.7,0.912
560,5090.950,AllocLarge,2B,0.314,0.0,0.000,0.00,19.528,18.728,2,9.378,0.028,0,97.68,0.002,0,70.71,0.289,100,0.57,18.401,45,52.18,0.00,0,3.3,0.085
561,5097.516,AllocLarge,2B,0.326,11.1,0.106,14.63,19.528,12.328,2,9.378,0.028,0,0.00,0.002,0,70.71,0.289,100,0.57,12.001,57,26.67,0.00,0,4.5,0.103
562,5107.449,AllocLarge,2B,0.314,10.0,0.000,0.00,18.728,18.728,2,9.378,0.028,0,97.71,0.002,0,70.71,0.289,100,0.57,18.401,47,52.18,0.00,0,3.4,0.101
563,5113.520,AllocLarge,2B,0.352,11.1,0.000,0.00,19.529,12.328,2,9.378,0.028,0,0.00,0.002,0,70.71,0.289,100,0.57,12.001,57,26.67,0.00,0,5.2,0.161
564,5123.267,AllocLarge,2B,0.334,0.0,0.000,0.00,18.729,18.729,2,9.378,0.028,0,97.73,0.002,0,70.71,0.289,100,0.57,18.401,47,52.18,0.00,0,3.7,0.089
565,5130.040,AllocLarge,2B,0.458,14.3,0.000,0.00,19.529,12.328,2,9.378,0.028,0,1.30,0.002,0,70.71,0.289,100,0.57,12.001,57,26.67,0.00,0,6.0,0.115
566,5144.069,AllocLarge,2B,0.328,0.0,0.000,0.00,18.729,18.729,2,9.378,0.029,0,97.76,0.002,0,70.71,0.289,100,0.57,18.401,47,52.18,0.00,0,2.5,0.086
567,5150.746,AllocLarge,2B,1.224,12.5,0.000,0.00,19.529,12.329,2,9.378,0.029,0,0.00,0.002,0,70.71,0.289,100,0.57,12.001,57,26.67,0.00,0,14.9,0.925
568,5161.160,AllocLarge,2B,0.296,0.0,0.000,0.00,19.530,18.729,2,9.378,0.029,0,97.79,0.002,0,70.71,0.289,100,0.57,18.401,45,52.18,0.00,0,3.4,0.088
569,5167.340,AllocLarge,2B,0.307,14.3,0.000,0.00,19.530,12.329,2,9.378,0.029,0,0.00,0.002,0,70.71,0.289,100,0.57,12.001,57,26.67,0.00,0,4.5,0.100
570,5177.232,AllocLarge,2B,0.281,0.0,0.000,0.00,18.730,18.730,2,9.378,0.029,0,97.81,0.002,0,70.71,0.289,100,0.57,18.401,47,52.18,0.00,0,3.1,0.102
571,5183.975,AllocLarge,2B,0.432,11.1,0.000,0.00,19.530,12.329,2,9.378,0.029,0,1.26,0.002,0,70.71,0.289,100,0.57,12.001,57,26.67,0.00,0,5.5,0.111
572,5194.873,AllocLarge,2B,0.352,0.0,0.000,0.00,18.730,18.730,2,9.378,0.030,0,97.84,0.002,0,70.71,0.289,100,0.57,18.401,47,52.18,0.00,0,3.6,0.102
573,5201.992,AllocLarge,2B,0.451,11.1,0.106,13.17,19.530,12.330,2,9.378,0.030,0,1.24,0.002,0,70.71,0.289,100,0.57,12.001,57,26.67,0.00,0,5.6,0.132
574,5213.687,AllocLarge,2B,0.317,0.0,0.000,0.00,18.730,18.730,2,9.378,0.030,0,97.86,0.002,0,70.71,0.289,100,0.57,18.401,47,52.18,0.00,0,2.9,0.084
575,5220.330,AllocLarge,2B,0.401,10.0,0.000,0.00,19.531,12.330,2,9.378,0.030,0,0.00,0.002,0,70.71,0.289,100,0.57,12.001,57,26.67,0.00,0,5.5,0.171
576,5230.522,AllocLarge,2B,0.329,0.0,0.000,0.00,18.731,18.731,2,9.378,0.030,0,97.88,0.002,0,70.71,0.289,100,0.57,18.401,47,52.18,0.00,0,3.4,0.084
577,5236.748,AllocLarge,2B,0.441,12.5,0.000,0.00,19.531,12.330,2,9.378,0.030,0,0.00,0.002,0,70.71,0.289,100,0.57,12.001,57,26.67,0.00,0,6.3,0.128
578,5246.320,AllocLarge,2B,0.450,11.1,0.000,0.00,18.731,18.731,2,9.378,0.031,0,97.91,0.002,0,70.71,0.289,100,0.57,18.401,47,52.18,0.00,0,4.9,0.119
579,5254.324,AllocLarge,2B,0.700,20.0,0.000,0.00,19.531,12.331,2,9.378,0.031,0,0.00,0.002,0,70.71,0.289,100,0.57,12.001,57,26.67,0.00,0,8.0,0.434
580,5264.011,AllocLarge,2B,0.344,12.5,0.000,0.00,18.731,18.731,2,9.378,0.031,0,97.93,0.002,0,70.71,0.289,100,0.57,18.401,47,52.18,0.00,0,4.0,0.124
581,5270.526,AllocLarge,2B,0.324,14.3,0.000,0.00,19.532,12.331,2,9.378,0.031,0,0.00,0.002,0,70.71,0.289,100,0.57,12.001,57,26.67,0.00,0,4.5,0.105
582,5280.334,AllocLarge,2B,0.298,20.0,0.000,0.00,18.732,18.732,2,9.378,0.031,0,97.95,0.002,0,70.71,0.289,100,0.57,18.401,47,52.18,0.00,0,3.3,0.083
583,5287.345,AllocLarge,2B,0.317,12.5,0.000,0.00,19.532,12.331,2,9.378,0.031,0,1.18,0.002,0,70.71,0.289,100,0.57,12.001,57,26.67,0.00,0,4.1,0.085
584,5297.360,AllocLarge,2B,0.300,0.0,0.000,0.00,18.732,18.732,2,9.378,0.032,0,97.97,0.002,0,70.71,0.289,100,0.57,18.401,47,52.18,0.00,0,3.2,0.084
585,5304.252,AllocLarge,2B,1.104,20.0,0.106,12.77,19.532,12.332,2,9.378,0.032,0,0.00,0.002,0,70.71,0.289,100,0.57,12.001,57,26.67,0.00,0,13.3,0.897
586,5313.800,AllocLarge,2B,0.286,0.0,0.000,0.00,19.533,18.733,2,9.378,0.032,0,97.99,0.002,0,70.71,0.289,100,0.57,18.401,45,52.18,0.00,0,3.5,0.101
587,5320.230,AllocLarge,2B,0.631,22.2,0.000,0.00,19.533,12.332,2,9.378,0.032,0,0.00,0.002,0,70.71,0.289,100,0.57,12.001,57,26.67,0.00,0,8.5,0.428
588,5329.613,AllocLarge,2B,0.295,11.1,0.000,0.00,18.733,18.733,2,9.378,0.032,0,98.02,0.002,0,70.71,0.289,100,0.57,18.401,47,52.18,0.00,0,3.5,0.084
589,5335.861,AllocLarge,2B,0.339,14.3,0.000,0.00,19.533,12.332,2,9.378,0.032,0,0.00,0.002,0,70.71,0.289,100,0.57,12.001,57,26.67,0.00,0,5.0,0.107
590,5345.685,AllocLarge,2B,0.271,0.0,0.000,0.00,18.733,18.733,2,9.378,0.033,0,98.04,0.002,0,70.71,0.289,100,0.57,18.401,47,52.18,0.00,0,3.0,0.082
591,5352.237,AllocLarge,2B,0.269,12.5,0.000,0.00,19.533,12.333,2,9.378,0.033,0,0.00,0.002,0,70.71,0.289,100,0.57,12.001,57,26.67,0.00,0,3.8,0.101
592,5361.875,AllocLarge,2B,0.256,0.0,0.000,0.00,18.734,18.734,2,9.378,0.033,0,98.06,0.002,0,70.71,0.289,100,0.57,18.401,47,52.18,0.00,0,2.8,0.084
593,5368.470,AllocLarge,2B,0.977,11.1,0.000,0.00,19.534,12.333,2,9.378,0.033,0,0.00,0.002,0,70.71,0.289,100,0.57,12.001,57,26.67,0.00,0,12.2,0.746
594,5378.020,AllocLarge,2B,0.307,10.0,0.000,0.00,18.734,18.734,2,9.378,0.033,0,98.08,0.002,0,70.71,0.289,100,0.57,18.401,47,52.18,0.00,0,3.7,0.119
595,5384.285,AllocLarge,2B,0.344,0.0,0.000,0.00,19.534,12.333,2,9.378,0.033,0,0.00,0.002,0,70.71,0.289,100,0.57,12.001,57,26.67,0.00,0,5.0,0.109
596,5393.776,AllocLarge,2B,0.337,11.1,0.000,0.00,18.734,18.734,2,9.378,0.034,0,98.10,0.002,0,70.71,0.289,100,0.57,18.401,47,52.18,0.00,0,3.8,0.121
597,5400.122,AllocLarge,2B,0.307,14.3,0.106,15.34,19.534,12.334,2,9.378,0.034,0,0.00,0.002,0,70.71,0.289,100,0.57,12.001,57,26.67,0.00,0,4.5,0.102
598,5409.547,AllocLarge,2B,0.268,0.0,0.000,0.00,18.735,18.735,2,9.378,0.034,0,98.11,0.002,0,70.71,0.289,100,0.57,18.401,47,52.18,0.00,0,3.1,0.078
599,5415.699,AllocLarge,2B,0.965,22.2,0.000,0.00,19.535,12.334,2,9.378,0.034,0,0.00,0.002,0,70.71,0.289,100,0.57,12.001,57,26.67,0.00,0,13.0,0.767
600,5425.076,AllocLarge,2B,0.269,11.1,0.000,0.00,18.735,18.735,2,9.378,0.034,0,98.13,0.002,0,70.71,0.289,100,0.57,18.401,47,52.18,0.00,0,3.3,0.081
601,5431.303,AllocLarge,2B,0.949,22.2,0.000,0.00,19.535,12.334,2,9.378,0.034,0,0.00,0.002,0,70.71,0.289,100,0.57,12.001,57,26.67,0.00,0,12.7,0.716
602,5440.786,AllocLarge,2B,0.289,11.1,0.000,0.00,18.735,18.735,2,9.378,0.035,0,98.15,0.002,0,70.71,0.289,100,0.57,18.401,47,52.18,0.00,0,3.5,0.084
603,5446.987,AllocLarge,2B,0.396,14.3,0.000,0.00,19.535,12.335,2,9.378,0.035,0,0.00,0.002,0,70.71,0.289,100,0.57,12.001,57,26.67,0.00,0,5.8,0.152
604,5456.443,AllocLarge,2B,0.337,0.0,0.000,0.00,18.736,18.736,2,9.378,0.035,0,98.17,0.002,0,70.71,0.289,100,0.57,18.401,47,52.18,0.00,0,3.8,0.088
605,5462.994,AllocLarge,2B,0.748,12.5,0.000,0.00,19.536,12.335,2,9.378,0.035,0,0.00,0.002,0,70.71,0.289,100,0.57,12.001,57,26.67,0.00,0,9.9,0.559
606,5472.283,AllocLarge,2B,0.331,11.1,0.000,0.00,18.736,18.736,2,9.378,0.035,0,98.19,0.002,0,70.71,0.289,100,0.57,18.401,47,52.18,0.00,0,4.0,0.101
607,5478.521,AllocLarge,2B,0.936,20.0,0.000,0.00,19.536,12.335,2,9.378,0.035,0,0.00,0.002,0,70.71,0.289,100,0.57,12.001,57,26.67,0.00,0,12.5,0.738
608,5488.318,AllocLarge,2B,0.295,0.0,0.000,0.00,19.536,18.736,2,9.378,0.036,0,99.48,0.002,0,70.71,0.289,100,0.57,18.401,45,52.18,0.00,0,3.5,0.093
609,5494.642,AllocLarge,2B,1.092,25.0,0.106,13.82,19.536,12.336,2,9.378,0.036,0,0.00,0.002,0,70.71,0.289,100,0.57,12.001,57,26.67,0.00,0,14.3,0.861
610,5504.201,AllocLarge,2B,0.280,11.1,0.000,0.00,19.537,18.737,2,9.378,0.036,0,98.22,0.002,0,70.71,0.289,100,0.57,18.401,45,52.18,0.00,0,3.4,0.084
611,5510.510,AllocLarge,2B,0.279,22.2,0.000,0.00,19.537,12.336,2,9.378,0.036,0,0.00,0.002,0,70.71,0.289,100,0.57,12.001,57,26.67,0.00,0,4.1,0.084
612,5520.269,AllocLarge,2B,0.325,9.1,0.000,0.00,18.737,18.737,2,9.378,0.036,0,98.24,0.002,0,70.71,0.289,100,0.57,18.401,47,52.18,0.00,0,3.5,0.105
613,5526.972,AllocLarge,2B,1.101,22.2,0.000,0.00,19.537,12.336,2,9.378,0.036,0,0.00,0.002,0,70.71,0.289,100,0.57,12.001,57,26.67,0.00,0,13.6,0.879
614,5536.666,AllocLarge,2B,0.327,10.0,0.000,0.00,19.537,18.737,2,9.378,0.037,0,98.25,0.002,0,70.71,0.289,100,0.57,18.401,45,52.18,0.00,0,3.9,0.105
615,5542.929,AllocLarge,2B,1.017,27.3,0.000,0.00,19.537,12.337,2,9.378,0.037,0,0.00,0.002,0,70.71,0.289,100,0.57,12.001,57,26.67,0.00,0,13.5,0.721
616,5552.336,AllocLarge,2B,0.320,12.5,0.000,0.00,19.538,18.738,2,9.378,0.037,0,98.27,0.002,0,70.71,0.289,100,0.57,18.401,45,52.18,0.00,0,3.9,0.090
617,5558.800,AllocLarge,2B,0.378,0.0,0.000,0.00,19.538,12.337,2,9.378,0.037,0,0.00,0.002,0,70.71,0.289,100,0.57,12.001,57,26.67,0.00,0,5.4,0.159
618,5568.171,AllocLarge,2B,0.333,10.0,0.000,0.00,18.738,18.738,2,9.378,0.037,0,98.28,0.002,0,70.71,0.289,100,0.57,18.401,47,52.18,0.00,0,3.8,0.088
619,5574.577,AllocLarge,2B,0.382,12.5,0.000,0.00,19.538,12.337,2,9.378,0.037,0,0.00,0.002,0,70.71,0.289,100,0.57,12.001,57,26.67,0.00,0,5.4,0.156
620,5584.227,AllocLarge,2B,0.363,0.0,0.000,0.00,18.738,18.738,2,9.378,0.038,0,98.30,0.002,0,70.71,0.289,100,0.57,18.401,47,52.18,0.00,0,4.1,0.088
621,5590.473,AllocLarge,2B,0.370,14.3,0.106,15.41,19.538,12.338,2,9.378,0.038,0,0.00,0.002,0,70.71,0.289,100,0.57,12.001,57,26.67,0.00,0,5.4,0.112
622,5599.827,AllocLarge,2B,0.370,10.0,0.000,0.00,18.739,18.739,2,9.378,0.038,0,98.31,0.002,0,70.71,0.289,100,0.57,18.401,47,52.18,0.00,0,4.2,0.083
623,5606.467,AllocLarge,2B,0.326,12.5,0.000,0.00,19.539,12.338,2,9.378,0.038,0,0.00,0.002,0,70.71,0.289,100,0.57,12.001,57,26.67,0.00,0,4.6,0.100
624,5616.240,AllocLarge,2B,0.346,0.0,0.000,0.00,18.739,18.739,2,9.378,0.038,0,98.33,0.002,0,70.71,0.289,100,0.57,18.401,47,52.18,0.00,0,3.7,0.086
625,5622.948,AllocLarge,2B,0.408,14.3,0.000,0.00,19.539,12.338,2,9.378,0.038,0,0.00,0.002,0,70.71,0.289,100,0.57,12.001,57,26.67,0.00,0,5.5,0.172
626,5632.664,AllocLarge,2B,0.286,0.0,0.000,0.00,18.739,18.739,2,9.378,0.039,0,98.34,0.002,0,70.71,0.289,100,0.57,18.401,47,52.18,0.00,0,3.2,0.081
627,5638.843,AllocLarge,2B,0.308,11.1,0.000,0.00,19.539,12.339,2,9.378,0.039,0,0.00,0.002,0,70.71,0.289,100,0.57,12.001,57,26.67,0.00,0,4.3,0.114
628,5648.583,AllocLarge,2B,0.357,10.0,0.000,0.00,18.740,18.740,2,9.378,0.039,0,98.36,0.002,0,70.71,0.289,100,0.57,18.401,47,52.18,0.00,0,4.0,0.105
629,5655.038,AllocLarge,2B,1.200,20.0,0.000,0.00,19.540,12.339,2,9.378,0.039,0,0.00,0.002,0,70.71,0.289,100,0.57,12.001,57,26.67,0.00,0,15.1,0.922
630,5665.229,AllocLarge,2B,0.317,0.0,0.000,0.00,19.540,18.740,2,9.378,0.039,0,98.37,0.002,0,70.71,0.289,100,0.57,18.401,45,52.18,0.00,0,3.6,0.084
631,5671.706,AllocLarge,2B,1.287,20.0,0.000,0.00,19.540,12.339,2,9.378,0.039,0,0.00,0.002,0,70.71,0.289,100,0.57,12.001,57,26.67,0.00,0,15.8,1.054
632,5681.711,AllocLarge,2B,0.321,11.1,0.000,0.00,19.540,18.740,2,9.378,0.040,0,98.39,0.002,0,70.71,0.289,100,0.57,18.401,45,52.18,0.00,0,3.9,0.101
633,5688.305,AllocLarge,2B,0.415,20.0,0.106,14.31,19.540,12.340,2,9.378,0.040,0,0.00,0.002,0,70.71,0.289,100,0.57,12.001,57,26.67,0.00,0,5.6,0.159
634,5698.390,AllocLarge,2B,0.298,0.0,0.000,0.00,18.741,18.741,2,9.378,0.040,0,99.54,0.002,0,70.71,0.289,100,0.57,18.401,47,52.18,0.00,0,3.2,0.082
635,5704.625,AllocLarge,2B,0.310,14.3,0.000,0.00,19.541,12.340,2,9.378,0.040,0,0.00,0.002,0,70.71,0.289,100,0.57,12.001,57,26.67,0.00,0,4.5,0.088
636,5714.800,AllocLarge,2B,0.318,9.1,0.000,0.00,18.741,18.741,2,9.378,0.040,0,98.41,0.002,0,70.71,0.289,100,0.57,18.401,47,52.18,0.00,0,3.3,0.118
637,5721.342,AllocLarge,2B,0.613,12.5,0.000,0.00,19.541,12.340,2,9.378,0.040,0,0.00,0.002,0,70.71,0.289,100,0.57,12.001,57,26.67,0.00,0,8.1,0.395
638,5731.040,AllocLarge,2B,0.296,11.1,0.000,0.00,18.741,18.741,2,9.378,0.041,0,98.43,0.002,0,70.71,0.289,100,0.57,18.401,47,52.18,0.00,0,3.4,0.087
639,5737.328,AllocLarge,2B,0.347,14.3,0.000,0.00,19.541,12.341,2,9.378,0.041,0,0.00,0.002,0,70.71,0.289,100,0.57,12.001,57,26.67,0.00,0,5.0,0.152
640,5746.747,AllocLarge,2B,0.300,11.1,0.000,0.00,18.742,18.742,2,9.378,0.041,0,98.44,0.002,0,70.71,0.289,100,0.57,18.401,47,52.18,0.00,0,3.4,0.083
641,5752.876,AllocLarge,2B,0.757,25.0,0.000,0.00,19.542,12.341,2,9.378,0.041,0,0.00,0.002,0,70.71,0.289,100,0.57,12.001,57,26.67,0.00,0,10.5,0.570
642,5762.494,AllocLarge,2B,0.290,0.0,0.000,0.00,18.742,18.742,2,9.378,0.041,0,98.45,0.002,0,70.71,0.289,100,0.57,18.401,47,52.18,0.00,0,3.4,0.101
643,5768.854,AllocLarge,2B,0.620,12.5,0.000,0.00,19.542,12.341,2,9.378,0.041,0,0.00,0.002,0,70.71,0.289,100,0.57,12.001,57,26.67,0.00,0,8.4,0.394
644,5778.655,AllocLarge,2B,0.278,0.0,0.000,0.00,18.742,18.742,2,9.378,0.042,0,98.46,0.002,0,70.71,0.289,100,0.57,18.401,47,52.18,0.00,0,3.2,0.080
645,5784.988,AllocLarge,2B,1.116,12.5,0.106,13.54,19.542,12.342,2,9.378,0.042,0,0.00,0.002,0,70.71,0.289,100,0.57,12.001,57,26.67,0.00,0,14.3,0.884
646,5794.760,AllocLarge,2B,0.328,11.1,0.000,0.00,19.543,18.743,2,9.378,0.042,0,98.48,0.002,0,70.71,0.289,100,0.57,18.401,45,52.18,0.00,0,3.9,0.102
647,5800.949,AllocLarge,2B,0.353,14.3,0.000,0.00,19.543,12.342,2,9.378,0.042,0,0.00,0.002,0,70.71,0.289,100,0.57,12.001,57,26.67,0.00,0,5.2,0.109
648,5810.721,AllocLarge,2B,0.284,0.0,0.000,0.00,18.743,18.743,2,9.378,0.042,0,99.57,0.002,0,70.71,0.289,100,0.57,18.401,47,52.18,0.00,0,3.1,0.101
649,5817.084,AllocLarge,2B,0.396,12.5,0.000,0.00,19.543,12.342,2,9.378,0.042,0,0.00,0.002,0,70.71,0.289,100,0.57,12.001,57,26.67,0.00,0,5.5,0.106
650,5826.839,AllocLarge,2B,0.292,9.1,0.000,0.00,18.743,18.743,2,9.378,0.043,0,98.50,0.002,0,70.71,0.289,100,0.57,18.401,47,52.18,0.00,0,3.2,0.084
651,5833.190,AllocLarge,2B,0.968,33.3,0.000,0.00,19.543,12.343,2,9.378,0.043,0,0.00,0.002,0,70.71,0.289,100,0.57,12.001,57,26.67,0.00,0,12.5,0.726
652,5842.903,AllocLarge,2B,0.273,0.0,0.000,0.00,19.544,18.744,2,9.378,0.043,0,98.51,0.002,0,70.71,0.289,100,0.57,18.401,45,52.18,0.00,0,3.3,0.080
653,5848.940,AllocLarge,2B,0.340,12.5,0.000,0.00,19.544,12.343,2,9.378,0.043,0,0.00,0.002,0,70.71,0.289,100,0.57,12.001,57,26.67,0.00,0,5.1,0.115
654,5858.684,AllocLarge,2B,0.307,10.0,0.000,0.00,18.744,18.744,2,9.378,0.043,0,98.52,0.002,0,70.71,0.289,100,0.57,18.401,47,52.18,0.00,0,3.3,0.084
655,5864.881,AllocLarge,2B,0.353,14.3,0.000,0.00,19.544,12.343,2,9.378,0.043,0,0.00,0.002,0,70.71,0.289,100,0.57,12.001,57,26.67,0.00,0,5.2,0.110
656,5874.396,AllocLarge,2B,0.274,0.0,0.000,0.00,18.744,18.744,2,9.378,0.044,0,98.53,0.002,0,70.71,0.289,100,0.57,18.401,47,52.18,0.00,0,3.1,0.083
657,5880.608,AllocLarge,2B,0.595,12.5,0.106,15.03,19.544,12.344,2,9.378,0.044,0,0.00,0.002,0,70.71,0.289,100,0.57,12.001,57,26.67,0.00,0,8.5,0.429
658,5890.591,AllocLarge,2B,0.279,10.0,0.000,0.00,18.745,18.745,2,9.378,0.044,0,98.55,0.002,0,70.71,0.289,100,0.57,18.401,47,52.18,0.00,0,3.0,0.083
659,5896.888,AllocLarge,2B,1.060,20.0,0.000,0.00,19.545,12.344,2,9.378,0.044,0,0.00,0.002,0,70.71,0.289,100,0.57,12.001,57,26.67,0.00,0,13.7,0.878
660,5906.675,AllocLarge,2B,0.301,11.1,0.000,0.00,19.545,18.745,2,9.378,0.044,0,98.56,0.002,0,70.71,0.289,100,0.57,18.401,45,52.18,0.00,0,3.6,0.083
661,5912.954,AllocLarge,2B,1.075,20.0,0.000,0.00,19.545,12.344,2,9.378,0.044,0,0.00,0.002,0,70.71,0.289,100,0.57,12.001,57,26.67,0.00,0,14.1,0.881
662,5922.482,AllocLarge,2B,0.248,0.0,0.000,0.00,19.545,18.745,2,9.378,0.045,0,98.57,0.002,0,70.71,0.289,100,0.57,18.401,45,52.18,0.00,0,3.1,0.084
663,5928.678,AllocLarge,2B,1.081,12.5,0.000,0.00,19.545,12.345,2,9.378,0.045,0,0.00,0.002,0,70.71,0.289,100,0.57,12.001,57,26.67,0.00,0,14.3,0.907
664,5938.973,AllocLarge,2B,0.354,10.0,0.000,0.00,19.546,18.746,2,9.378,0.045,0,98.58,0.002,0,70.71,0.289,100,0.57,18.401,45,52.18,0.00,0,3.9,0.133
665,5945.514,AllocLarge,2B,0.365,12.5,0.000,0.00,19.546,12.345,2,9.378,0.045,0,0.00,0.002,0,70.71,0.289,100,0.57,12.001,57,26.67,0.00,0,5.1,0.180
666,5955.235,AllocLarge,2B,0.305,0.0,0.000,0.00,18.746,18.746,2,9.378,0.045,0,98.59,0.002,0,70.71,0.289,100,0.57,18.401,47,52.18,0.00,0,3.4,0.103
667,5961.460,AllocLarge,2B,0.356,12.5,0.000,0.00,19.546,12.345,2,9.378,0.045,0,0.00,0.002,0,70.71,0.289,100,0.57,12.001,57,26.67,0.00,0,5.2,0.103
668,5970.828,AllocLarge,2B,0.251,11.1,0.000,0.00,18.746,18.746,2,9.378,0.046,0,98.60,0.002,0,70.71,0.289,100,0.57,18.401,47,52.18,0.00,0,2.9,0.081
669,5976.872,AllocLarge,2B,0.286,12.5,0.106,15.83,19.546,12.346,2,9.378,0.046,0,0.00,0.002,0,70.71,0.289,100,0.57,12.001,57,26.67,0.00,0,4.3,0.100
670,5986.104,AllocLarge,2B,0.278,11.1,0.000,0.00,18.747,18.747,2,9.378,0.046,0,98.61,0.002,0,70.71,0.289,100,0.57,18.401,47,52.18,0.00,0,3.2,0.081
671,5992.117,AllocLarge,2B,0.336,0.0,0.000,0.00,19.547,12.346,2,9.378,0.046,0,0.00,0.002,0,70.71,0.289,100,0.57,12.001,57,26.67,0.00,0,5.1,0.166
672,6001.463,AllocLarge,2B,0.330,11.1,0.000,0.00,18.747,18.747,2,9.378,0.046,0,98.62,0.002,0,70.71,0.289,100,0.57,18.401,47,52.18,0.00,0,3.7,0.085
673,6007.785,AllocLarge,2B,0.439,14.3,0.000,0.00,19.547,12.347,2,9.378,0.046,0,0.00,0.002,0,70.71,0.289,100,0.57,12.001,57,26.67,0.00,0,6.4,0.268
674,6017.647,AllocLarge,2B,0.258,0.0,0.000,0.00,18.747,18.747,2,9.378,0.047,0,99.61,0.002,0,70.71,0.289,100,0.57,18.401,47,52.18,0.00,0,2.8,0.091
675,6023.698,AllocLarge,2B,0.907,22.2,0.000,0.00,19.547,12.347,2,9.378,0.047,0,0.00,0.002,0,70.71,0.289,100,0.57,12.001,57,26.67,0.00,0,12.5,0.749
676,6033.573,AllocLarge,2B,0.244,0.0,0.000,0.00,18.748,18.748,2,9.378,0.047,0,98.64,0.002,0,70.71,0.289,100,0.57,18.401,47,52.18,0.00,0,2.8,0.082
677,6039.619,AllocLarge,2B,0.266,12.5,0.000,0.00,19.548,12.347,2,9.378,0.047,0,0.00,0.002,0,70.71,0.289,100,0.57,12.001,57,26.67,0.00,0,4.0,0.102
678,6048.951,AllocLarge,2B,0.274,11.1,0.000,0.00,18.748,18.748,2,9.378,0.047,0,98.65,0.002,0,70.71,0.289,100,0.57,18.401,47,52.18,0.00,0,3.1,0.083
679,6055.000,AllocLarge,2B,1.275,20.0,0.000,0.00,19.548,12.348,2,9.378,0.047,0,0.00,0.002,0,70.71,0.289,100,0.57,12.001,57,26.67,0.00,0,16.7,1.060
680,6065.217,AllocLarge,2B,0.295,10.0,0.000,0.00,19.548,18.748,2,9.378,0.048,0,98.66,0.002,0,70.71,0.289,100,0.57,18.401,45,52.18,0.00,0,3.4,0.084
681,6071.464,AllocLarge,2B,0.690,12.5,0.106,14.57,19.548,12.348,2,9.378,0.048,0,0.00,0.002,0,70.71,0.289,100,0.57,12.001,57,26.67,0.00,0,9.5,0.427
682,6081.572,AllocLarge,2B,0.352,0.0,0.000,0.00,18.749,18.749,2,9.378,0.048,0,98.67,0.002,0,70.71,0.289,100,0.57,18.401,47,52.18,0.00,0,3.8,0.105
683,6087.963,AllocLarge,2B,0.434,12.5,0.000,0.00,19.549,12.348,2,9.378,0.048,0,0.00,0.002,0,70.71,0.289,100,0.57,12.001,57,26.67,0.00,0,6.1,0.242
684,6097.586,AllocLarge,2B,0.290,0.0,0.000,0.00,18.749,18.749,2,9.378,0.048,0,98.68,0.002,0,70.71,0.289,100,0.57,18.401,47,52.18,0.00,0,3.3,0.090
685,6103.706,AllocLarge,2B,0.355,14.3,0.000,0.00,19.549,12.349,2,9.378,0.048,0,0.00,0.002,0,70.71,0.289,100,0.57,12.001,57,26.67,0.00,0,5.3,0.168
686,6113.208,AllocLarge,2B,0.298,0.0,0.000,0.00,18.749,18.749,2,9.378,0.049,0,98.69,0.002,0,70.71,0.289,100,0.57,18.401,47,52.18,0.00,0,3.3,0.105
687,6119.526,AllocLarge,2B,1.163,27.3,0.000,0.00,19.549,12.349,2,9.378,0.049,0,0.00,0.002,0,70.71,0.289,100,0.57,12.001,57,26.67,0.00,0,14.7,0.884
688,6129.719,AllocLarge,2B,0.281,0.0,0.000,0.00,19.550,18.750,2,9.378,0.049,0,98.70,0.002,0,70.71,0.289,100,0.57,18.401,45,52.18,0.00,0,3.3,0.083
689,6136.152,AllocLarge,2B,0.359,11.1,0.000,0.00,19.550,12.349,2,9.378,0.049,0,0.00,0.002,0,70.71,0.289,100,0.57,12.001,57,26.67,0.00,0,4.9,0.150
690,6145.985,AllocLarge,2B,0.315,0.0,0.000,0.00,18.750,18.750,2,9.378,0.049,0,98.70,0.002,0,70.71,0.289,100,0.57,18.401,47,52.18,0.00,0,3.5,0.091
691,6152.642,AllocLarge,2B,0.375,12.5,0.000,0.00,19.550,12.350,2,9.378,0.049,0,0.00,0.002,0,70.71,0.289,100,0.57,12.001,57,26.67,0.00,0,5.1,0.144
692,6162.681,AllocLarge,2B,0.318,0.0,0.000,0.00,18.750,18.750,2,9.378,0.050,0,98.71,0.002,0,70.71,0.289,100,0.57,18.401,47,52.18,0.00,0,3.4,0.085
693,6169.399,AllocLarge,2B,0.311,10.0,0.106,14.47,19.550,12.350,2,9.378,0.050,0,0.00,0.002,0,70.71,0.289,100,0.57,12.001,57,26.67,0.00,0,4.3,0.084
694,6179.557,AllocLarge,2B,0.333,9.1,0.000,0.00,18.751,18.751,2,9.378,0.050,0,99.63,0.002,0,70.71,0.289,100,0.57,18.401,47,52.18,0.00,0,3.5,0.099
695,6186.200,AllocLarge,2B,1.163,18.2,0.000,0.00,19.551,12.350,2,9.378,0.050,0,0.00,0.002,0,70.71,0.289,100,0.57,12.001,57,26.67,0.00,0,14.6,0.916
696,6195.902,AllocLarge,2B,0.295,0.0,0.000,0.00,19.551,18.751,2,9.378,0.050,0,98.73,0.002,0,70.71,0.289,100,0.57,18.401,45,52.18,0.00,0,3.6,0.100
697,6202.366,AllocLarge,2B,0.454,10.0,0.000,0.00,19.551,12.351,2,9.378,0.050,0,0.00,0.002,0,70.71,0.289,100,0.57,12.001,57,26.67,0.00,0,6.3,0.243
698,6211.915,AllocLarge,2B,0.296,0.0,0.000,0.00,18.751,18.751,2,9.378,0.051,0,98.74,0.002,0,70.71,0.289,100,0.57,18.401,47,52.18,0.00,0,3.4,0.099
699,6218.148,AllocLarge,2B,0.436,14.3,0.000,0.00,19.551,12.351,2,9.378,0.051,0,0.00,0.002,0,70.71,0.289,100,0.57,12.001,57,26.67,0.00,0,6.3,0.235
700,6227.441,AllocLarge,2B,0.241,0.0,0.000,0.00,18.752,18.752,2,9.378,0.051,0,98.75,0.002,0,70.71,0.289,100,0.57,18.401,47,52.18,0.00,0,2.8,0.078
701,6233.821,AllocLarge,2B,0.790,12.5,0.000,0.00,19.552,12.351,2,9.378,0.051,0,0.72,0.002,0,70.71,0.289,100,0.57,12.001,57,26.67,0.00,0,10.6,0.586
702,6243.682,AllocLarge,2B,0.320,0.0,0.000,0.00,18.752,18.752,2,9.378,0.051,0,98.76,0.002,0,70.71,0.289,100,0.57,18.401,47,52.18,0.00,0,3.6,0.106
703,6250.530,AllocLarge,2B,0.992,20.0,0.000,0.00,19.552,12.352,2,9.378,0.051,0,0.00,0.002,0,70.71,0.289,100,0.57,12.001,57,26.67,0.00,0,11.8,0.741
704,6260.215,AllocLarge,2B,0.315,11.1,0.000,0.00,19.552,18.752,2,9.378,0.052,0,98.76,0.002,0,70.71,0.289,100,0.57,18.401,45,52.18,0.00,0,3.8,0.082
705,6266.915,AllocLarge,2B,0.316,12.5,0.106,14.63,19.552,12.352,2,9.378,0.052,0,0.00,0.002,0,70.71,0.289,100,0.57,12.001,57,26.67,0.00,0,4.4,0.112
706,6276.514,AllocLarge,2B,0.310,0.0,0.000,0.00,18.753,18.753,2,9.378,0.052,0,98.77,0.002,0,70.71,0.289,100,0.57,18.401,47,52.18,0.00,0,3.4,0.101
707,6282.611,AllocLarge,2B,0.759,14.3,0.000,0.00,19.553,12.352,2,9.378,0.052,0,0.00,0.002,0,70.71,0.289,100,0.57,12.001,57,26.67,0.00,0,10.8,0.557
708,6292.118,AllocLarge,2B,0.295,0.0,0.000,0.00,18.753,18.753,2,9.378,0.052,0,98.78,0.002,0,70.71,0.289,100,0.57,18.401,47,52.18,0.00,0,3.4,0.104
709,6298.193,AllocLarge,2B,0.326,12.5,0.000,0.00,19.553,12.353,2,9.378,0.052,0,0.00,0.002,0,70.71,0.289,100,0.57,12.001,57,26.67,0.00,0,4.9,0.109
710,6308.017,AllocLarge,2B,0.311,10.0,0.000,0.00,18.753,18.753,2,9.378,0.053,0,98.79,0.002,0,70.71,0.289,100,0.57,18.401,47,52.18,0.00,0,3.4,0.084
711,6314.208,AllocLarge,2B,0.971,11.1,0.000,0.00,19.553,12.353,2,9.378,0.053,0,0.00,0.002,0,70.71,0.289,100,0.57,12.001,57,26.67,0.00,0,13.1,0.760
712,6323.533,AllocLarge,2B,0.300,0.0,0.000,0.00,18.754,18.754,2,9.378,0.053,0,98.79,0.002,0,70.71,0.289,100,0.57,18.401,47,52.18,0.00,0,3.7,0.084
713,6329.720,AllocLarge,2B,1.113,11.1,0.000,0.00,19.554,12.353,2,9.378,0.053,0,0.00,0.002,0,70.71,0.289,100,0.57,12.001,57,26.67,0.00,0,15.0,0.912
714,6339.105,AllocLarge,2B,0.298,12.5,0.000,0.00,19.554,18.754,2,9.378,0.053,0,98.80,0.002,0,70.71,0.289,100,0.57,18.401,45,52.18,0.00,0,3.7,0.082
715,6345.297,AllocLarge,2B,1.141,11.1,0.000,0.00,19.554,12.354,2,9.378,0.053,0,0.00,0.002,0,70.71,0.289,100,0.57,12.001,57,26.67,0.00,0,15.1,0.922
716,6355.015,AllocLarge,2B,0.288,0.0,0.000,0.00,18.754,18.754,2,9.378,0.054,0,98.81,0.002,0,70.71,0.289,100,0.57,18.401,47,52.18,0.00,0,3.4,0.082
717,6361.482,AllocLarge,2B,0.320,11.1,0.106,14.94,19.554,12.354,2,9.378,0.054,0,0.00,0.002,0,70.71,0.289,100,0.57,12.001,57,26.67,0.00,0,4.5,0.113
718,6370.961,AllocLarge,2B,0.264,11.1,0.000,0.00,18.755,18.755,2,9.378,0.054,0,98.82,0.002,0,70.71,0.289,100,0.57,18.401,47,52.18,0.00,0,3.0,0.079
719,6377.676,AllocLarge,2B,0.337,12.5,0.000,0.00,19.555,12.354,2,9.378,0.054,0,0.00,0.002,0,70.71,0.289,100,0.57,12.001,57,26.67,0.00,0,4.7,0.126
720,6387.626,AllocLarge,2B,0.287,0.0,0.000,0.00,18.755,18.755,2,9.378,0.054,0,98.82,0.002,0,70.71,0.289,100,0.57,18.401,47,52.18,0.00,0,3.1,0.081
721,6394.119,AllocLarge,2B,1.138,11.1,0.000,0.00,19.555,12.355,2,9.378,0.054,0,0.00,0.002,0,70.71,0.289,100,0.57,12.001,57,26.67,0.00,0,14.4,0.918
722,6403.646,AllocLarge,2B,0.352,0.0,0.000,0.00,19.555,18.755,2,9.378,0.055,0,98.83,0.002,0,70.71,0.289,100,0.57,18.401,45,52.18,0.00,0,4.3,0.085
723,6409.874,AllocLarge,2B,1.072,20.0,0.000,0.00,19.555,12.355,2,9.378,0.055,0,0.00,0.002,0,70.71,0.289,100,0.57,12.001,57,26.67,0.00,0,14.3,0.883
724,6419.662,AllocLarge,2B,0.316,11.1,0.000,0.00,19.556,18.756,2,9.378,0.055,0,98.84,0.002,0,70.71,0.289,100,0.57,18.401,45,52.18,0.00,0,3.8,0.101
725,6425.845,AllocLarge,2B,1.114,20.0,0.000,0.00,19.556,12.355,2,9.378,0.055,0,0.00,0.002,0,70.71,0.289,100,0.57,12.001,57,26.67,0.00,0,14.8,0.900
726,6435.559,AllocLarge,2B,0.292,0.0,0.000,0.00,19.556,18.756,2,9.378,0.055,0,98.85,0.002,0,70.71,0.289,100,0.57,18.401,45,52.18,0.00,0,3.5,0.085
727,6441.842,AllocLarge,2B,0.283,14.3,0.000,0.00,19.556,12.356,2,9.378,0.055,0,0.00,0.002,0,70.71,0.289,100,0.57,12.001,57,26.67,0.00,0,4.1,0.083
728,6451.475,AllocLarge,2B,0.291,0.0,0.000,0.00,18.756,18.756,2,9.378,0.056,0,98.85,0.002,0,70.71,0.289,100,0.57,18.401,47,52.18,0.00,0,3.2,0.084
729,6457.545,AllocLarge,2B,0.951,22.2,0.106,14.64,19.556,12.356,2,9.378,0.056,0,0.00,0.002,0,70.71,0.289,100,0.57,12.001,57,26.67,0.00,0,13.2,0.733
730,6466.969,AllocLarge,2B,0.307,0.0,0.000,0.00,18.757,18.757,2,9.378,0.056,0,98.86,0.002,0,70.71,0.289,100,0.57,18.401,47,52.18,0.00,0,3.7,0.083
731,6473.306,AllocLarge,2B,0.649,22.2,0.000,0.00,19.557,12.356,2,9.378,0.056,0,0.00,0.002,0,70.71,0.289,100,0.57,12.001,57,26.67,0.00,0,8.9,0.446
732,6482.851,AllocLarge,2B,0.408,0.0,0.000,0.00,18.757,18.757,2,9.378,0.056,0,98.87,0.002,0,70.71,0.289,100,0.57,18.401,47,52.18,0.00,0,4.7,0.103
733,6489.550,AllocLarge,2B,1.019,11.1,0.000,0.00,19.557,12.357,2,9.378,0.056,0,0.00,0.002,0,70.71,0.289,100,0.57,12.001,57,26.67,0.00,0,13.0,0.740
734,6499.369,AllocLarge,2B,0.306,0.0,0.000,0.00,18.757,18.757,2,9.378,0.057,0,98.87,0.002,0,70.71,0.289,100,0.57,18.401,47,52.18,0.00,0,3.6,0.085
735,6505.850,AllocLarge,2B,0.321,12.5,0.000,0.00,19.557,12.357,2,9.378,0.057,0,0.00,0.002,0,70.71,0.289,100,0.57,12.001,57,26.67,0.00,0,4.5,0.114
736,6515.696,AllocLarge,2B,0.321,0.0,0.000,0.00,18.758,18.758,2,9.378,0.057,0,98.88,0.002,0,70.71,0.289,100,0.57,18.401,47,52.18,0.00,0,3.5,0.103
737,6522.130,AllocLarge,2B,0.653,11.1,0.000,0.00,19.558,12.357,2,9.378,0.057,0,0.00,0.002,0,70.71,0.289,100,0.57,12.001,57,26.67,0.00,0,8.8,0.399
738,6532.079,AllocLarge,2B,0.397,10.0,0.000,0.00,18.758,18.758,2,9.378,0.057,0,98.89,0.002,0,70.71,0.289,100,0.57,18.401,47,52.18,0.00,0,4.4,0.115
739,6538.613,AllocLarge,2B,0.377,12.5,0.000,0.00,19.558,12.358,2,9.378,0.057,0,0.00,0.002,0,70.71,0.289,100,0.57,12.001,57,26.67,0.00,0,5.3,0.104
740,6548.538,AllocLarge,2B,0.302,10.0,0.000,0.00,18.758,18.758,2,9.378,0.058,0,98.89,0.002,0,70.71,0.289,100,0.57,18.401,47,52.18,0.00,0,3.3,0.083
741,6554.710,AllocLarge,2B,0.323,25.0,0.106,15.64,19.558,12.358,2,9.378,0.058,0,0.00,0.002,0,70.71,0.289,100,0.57,12.001,57,26.67,0.00,0,4.8,0.111
742,6564.455,AllocLarge,2B,0.300,10.0,0.000,0.00,18.759,18.759,2,9.378,0.058,0,98.90,0.002,0,70.71,0.289,100,0.57,18.401,47,52.18,0.00,0,3.3,0.083
743,6571.035,AllocLarge,2B,0.983,11.1,0.000,0.00,19.559,12.358,2,9.378,0.058,0,0.00,0.002,0,70.71,0.289,100,0.57,12.001,57,26.67,0.00,0,12.5,0.725
744,6580.556,AllocLarge,2B,0.275,0.0,0.000,0.00,18.759,18.759,2,9.378,0.058,0,98.91,0.002,0,70.71,0.289,100,0.57,18.401,47,52.18,0.00,0,3.4,0.081
745,6586.469,AllocLarge,2B,0.242,14.3,0.000,0.00,19.559,12.359,2,9.378,0.058,0,0.00,0.002,0,70.71,0.289,100,0.57,12.001,57,26.67,0.00,0,3.8,0.075
746,6595.665,AllocLarge,2B,0.266,0.0,0.000,0.00,18.759,18.759,2,9.378,0.059,0,98.91,0.002,0,70.71,0.289,100,0.57,18.401,47,52.18,0.00,0,3.1,0.081
747,6601.625,AllocLarge,2B,1.155,30.0,0.000,0.00,19.559,12.359,2,9.378,0.059,0,0.00,0.002,0,70.71,0.289,100,0.57,12.001,57,26.67,0.00,0,15.4,0.921
748,6611.956,AllocLarge,2B,0.315,10.0,0.000,0.00,19.560,18.760,2,9.378,0.059,0,98.92,0.002,0,70.71,0.289,100,0.57,18.401,45,52.18,0.00,0,3.5,0.081
749,6618.617,AllocLarge,2B,0.514,12.5,0.000,0.00,19.560,12.359,2,9.378,0.059,0,0.00,0.002,0,70.71,0.289,100,0.57,12.001,57,26.67,0.00,0,6.9,0.169
750,6628.573,AllocLarge,2B,0.319,0.0,0.000,0.00,18.760,18.760,2,9.378,0.059,0,98.92,0.002,0,70.71,0.289,100,0.57,18.401,47,52.18,0.00,0,3.5,0.110
751,6634.976,AllocLarge,2B,0.959,11.1,0.000,0.00,19.560,12.360,2,9.378,0.059,0,0.00,0.002,0,70.71,0.289,100,0.57,12.001,57,26.67,0.00,0,12.5,0.730
752,6645.199,AllocLarge,2B,0.296,0.0,0.000,0.00,18.760,18.760,2,9.378,0.060,0,98.93,0.002,0,70.71,0.289,100,0.57,18.401,47,52.18,0.00,0,3.3,0.084
753,6651.449,AllocLarge,2B,0.358,12.5,0.106,15.25,19.560,12.360,2,9.378,0.060,0,0.00,0.002,0,70.71,0.289,100,0.57,12.001,57,26.67,0.00,0,5.2,0.105
754,6661.221,AllocLarge,2B,0.332,0.0,0.000,0.00,18.761,18.761,2,9.378,0.060,0,99.69,0.002,0,70.71,0.289,100,0.57,18.401,47,52.18,0.00,0,3.6,0.095
755,6667.580,AllocLarge,2B,1.105,20.0,0.000,0.00,19.561,12.360,2,9.378,0.060,0,0.00,0.002,0,70.71,0.289,100,0.57,12.001,57,26.67,0.00,0,14.3,0.884
756,6677.350,AllocLarge,2B,0.298,0.0,0.000,0.00,19.561,18.761,2,9.378,0.060,0,99.70,0.002,0,70.71,0.289,100,0.57,18.401,45,52.18,0.00,0,3.5,0.093
757,6683.453,AllocLarge,2B,0.909,22.2,0.000,0.00,19.561,12.361,2,9.378,0.060,0,0.00,0.002,0,70.71,0.289,100,0.57,12.001,57,26.67,0.00,0,12.4,0.720
758,6692.900,AllocLarge,2B,0.287,0.0,0.000,0.00,20.362,18.761,2,9.378,0.061,0,98.95,0.002,0,70.71,0.289,100,0.57,18.401,43,52.18,0.00,0,3.5,0.080
759,6698.855,AllocLarge,2B,0.913,22.2,0.000,0.00,19.561,12.361,2,9.378,0.061,0,0.00,0.002,0,70.71,0.289,100,0.57,12.001,57,26.67,0.00,0,12.7,0.725
760,6708.168,AllocLarge,2B,0.300,10.0,0.000,0.00,19.562,18.762,2,9.378,0.061,0,98.95,0.002,0,70.71,0.289,100,0.57,18.401,45,52.18,0.00,0,3.7,0.094
761,6714.412,AllocLarge,2B,0.353,12.5,0.000,0.00,19.562,12.361,2,9.378,0.061,0,0.00,0.002,0,70.71,0.289,100,0.57,12.001,57,26.67,0.00,0,5.0,0.120
762,6724.014,AllocLarge,2B,0.268,0.0,0.000,0.00,18.762,18.762,2,9.378,0.061,0,98.96,0.002,0,70.71,0.289,100,0.57,18.401,47,52.18,0.00,0,3.1,0.082
763,6729.971,AllocLarge,2B,0.890,22.2,0.000,0.00,19.562,12.362,2,9.378,0.061,0,0.00,0.002,0,70.71,0.289,100,0.57,12.001,57,26.67,0.00,0,12.4,0.737
764,6739.012,AllocLarge,2B,0.289,0.0,0.000,0.00,19.562,18.762,2,9.378,0.062,0,98.96,0.002,0,70.71,0.289,100,0.57,18.401,45,52.18,0.00,0,3.7,0.105
765,6744.841,AllocLarge,2B,1.034,12.5,0.106,14.95,19.562,12.362,2,9.378,0.062,0,0.00,0.002,0,70.71,0.289,100,0.57,12.001,57,26.67,0.00,0,14.6,0.874
766,6754.050,AllocLarge,2B,0.249,0.0,0.000,0.00,20.363,18.763,2,9.378,0.062,0,98.97,0.002,0,70.71,0.289,100,0.57,18.401,43,52.18,0.00,0,3.1,0.077
767,6760.497,AllocLarge,2B,1.251,20.0,0.000,0.00,19.563,12.362,2,9.378,0.062,0,0.00,0.002,0,70.71,0.289,100,0.57,12.001,57,26.67,0.00,0,15.4,1.044
768,6770.124,AllocLarge,2B,0.264,0.0,0.000,0.00,19.563,18.763,2,9.378,0.062,0,98.98,0.002,0,70.71,0.289,100,0.57,18.401,45,52.18,0.00,0,3.3,0.081
769,6776.731,AllocLarge,2B,0.343,14.3,0.000,0.00,19.563,12.363,2,9.378,0.062,0,0.00,0.002,0,70.71,0.289,100,0.57,12.001,57,26.67,0.00,0,4.7,0.149
770,6786.509,AllocLarge,2B,0.348,9.1,0.000,0.00,18.763,18.763,2,9.378,0.063,0,98.98,0.002,0,70.71,0.289,100,0.57,18.401,47,52.18,0.00,0,3.8,0.106
771,6792.661,AllocLarge,2B,0.279,12.5,0.000,0.00,19.563,12.363,2,9.378,0.063,0,0.00,0.002,0,70.71,0.289,100,0.57,12.001,57,26.67,0.00,0,4.3,0.110
772,6802.144,AllocLarge,2B,0.314,10.0,0.000,0.00,18.764,18.764,2,9.378,0.063,0,98.99,0.002,0,70.71,0.289,100,0.57,18.401,47,52.18,0.00,0,3.5,0.086
773,6808.219,AllocLarge,2B,0.279,25.0,0.000,0.00,19.564,12.363,2,9.378,0.063,0,0.00,0.002,0,70.71,0.289,100,0.57,12.001,57,26.67,0.00,0,4.3,0.084
774,6817.714,AllocLarge,2B,0.289,10.0,0.000,0.00,18.764,18.764,2,9.378,0.064,0,98.99,0.002,0,70.71,0.289,100,0.57,18.401,47,52.18,0.00,0,3.2,0.101
775,6823.736,AllocLarge,2B,1.045,12.5,0.000,0.00,19.564,12.364,2,9.378,0.064,0,0.00,0.002,0,70.71,0.289,100,0.57,12.001,57,26.67,0.00,0,14.2,0.877
776,6833.456,AllocLarge,2B,0.278,11.1,0.000,0.00,19.564,18.764,2,9.378,0.064,0,99.00,0.002,0,70.71,0.289,100,0.57,18.401,45,52.18,0.00,0,3.3,0.082
777,6839.637,AllocLarge,2B,0.322,12.5,0.106,15.36,19.564,12.364,2,9.378,0.064,0,0.00,0.002,0,70.71,0.289,100,0.57,12.001,57,26.67,0.00,0,4.7,0.113
778,6849.302,AllocLarge,2B,0.276,0.0,0.000,0.00,18.765,18.765,2,9.378,0.064,0,99.00,0.002,0,70.71,0.289,100,0.57,18.401,47,52.18,0.00,0,3.1,0.084
779,6855.592,AllocLarge,2B,0.396,12.5,0.000,0.00,19.565,12.364,2,9.378,0.064,0,0.00,0.002,0,70.71,0.289,100,0.57,12.001,57,26.67,0.00,0,5.6,0.178
780,6864.989,AllocLarge,2B,0.275,0.0,0.000,0.00,18.765,18.765,2,9.378,0.065,0,99.01,0.002,0,70.71,0.289,100,0.57,18.401,47,52.18,0.00,0,3.2,0.084
781,6871.099,AllocLarge,2B,1.066,12.5,0.000,0.00,19.565,12.365,2,9.378,0.065,0,0.00,0.002,0,70.71,0.289,100,0.57,12.001,57,26.67,0.00,0,14.3,0.878
782,6880.886,AllocLarge,2B,0.269,0.0,0.000,0.00,19.565,18.765,2,9.378,0.065,0,99.01,0.002,0,70.71,0.289,100,0.57,18.401,45,52.18,0.00,0,3.2,0.083
783,6887.064,AllocLarge,2B,0.983,14.3,0.000,0.00,19.565,12.365,2,9.378,0.065,0,0.00,0.002,0,70.71,0.289,100,0.57,12.001,57,26.67,0.00,0,13.1,0.752
784,6896.821,AllocLarge,2B,0.308,10.0,0.000,0.00,18.766,18.766,2,9.378,0.065,0,99.02,0.002,0,70.71,0.289,100,0.57,18.401,47,52.18,0.00,0,3.6,0.091
785,6902.953,AllocLarge,2B,0.970,22.2,0.000,0.00,19.566,12.365,2,9.378,0.065,0,0.00,0.002,0,70.71,0.289,100,0.57,12.001,57,26.67,0.00,0,13.0,0.725
786,6912.366,AllocLarge,2B,0.282,0.0,0.000,0.00,19.566,18.766,2,9.378,0.066,0,99.02,0.002,0,70.71,0.289,100,0.57,18.401,45,52.18,0.00,0,3.5,0.084
787,6918.336,AllocLarge,2B,0.348,25.0,0.000,0.00,19.566,12.366,2,9.378,0.066,0,0.00,0.002,0,70.71,0.289,100,0.57,12.001,57,26.67,0.00,0,5.2,0.087
788,6927.783,AllocLarge,2B,0.282,0.0,0.000,0.00,18.766,18.766,2,9.378,0.066,0,99.03,0.002,0,70.71,0.289,100,0.57,18.401,47,52.18,0.00,0,3.2,0.084
789,6933.924,AllocLarge,2B,0.306,16.7,0.106,15.59,19.566,12.366,2,9.378,0.066,0,0.00,0.002,0,70.71,0.289,100,0.57,12.001,57,26.67,0.00,0,4.5,0.115
790,6943.290,AllocLarge,2B,0.272,10.0,0.000,0.00,18.767,18.767,2,9.378,0.066,0,99.03,0.002,0,70.71,0.289,100,0.57,18.401,47,52.18,0.00,0,3.1,0.082
791,6949.313,AllocLarge,2B,0.303,14.3,0.000,0.00,19.567,12.366,2,9.378,0.066,0,0.00,0.002,0,70.71,0.289,100,0.57,12.001,57,26.67,0.00,0,4.5,0.087
792,6958.704,AllocLarge,2B,0.296,0.0,0.000,0.00,18.767,18.767,2,9.378,0.067,0,99.04,0.002,0,70.71,0.289,100,0.57,18.401,47,52.18,0.00,0,3.4,0.084
793,6964.893,AllocLarge,2B,0.333,14.3,0.000,0.00,19.567,12.367,2,9.378,0.067,0,0.00,0.002,0,70.71,0.289,100,0.57,12.001,57,26.67,0.00,0,4.9,0.159
794,6974.372,AllocLarge,2B,0.300,0.0,0.000,0.00,18.767,18.767,2,9.378,0.067,0,99.72,0.002,0,70.71,0.289,100,0.57,18.401,47,52.18,0.00,0,3.4,0.096
795,6981.007,AllocLarge,2B,0.383,14.3,0.000,0.00,19.568,12.367,2,9.378,0.067,0,0.00,0.002,0,70.71,0.289,100,0.57,12.001,57,26.67,0.00,0,5.3,0.171
796,6990.990,AllocLarge,2B,0.311,0.0,0.000,0.00,18.768,18.768,2,9.378,0.067,0,99.05,0.002,0,70.71,0.289,100,0.57,18.401,47,52.18,0.00,0,3.3,0.117
797,6997.628,AllocLarge,2B,0.256,12.5,0.000,0.00,19.568,12.367,2,9.378,0.067,0,0.00,0.002,0,70.71,0.289,100,0.57,12.001,57,26.67,0.00,0,3.6,0.084
798,7007.094,AllocLarge,2B,0.312,10.0,0.000,0.00,18.768,18.768,2,9.378,0.068,0,99.05,0.002,0,70.71,0.289,100,0.57,18.401,47,52.18,0.00,0,3.5,0.116
799,7013.402,AllocLarge,2B,0.349,12.5,0.000,0.00,19.568,12.368,2,9.378,0.068,0,0.00,0.002,0,70.71,0.289,100,0.57,12.001,57,26.67,0.00,0,5.0,0.155
800,7022.971,AllocLarge,2B,0.335,10.0,0.000,0.00,18.768,18.768,2,9.378,0.068,0,99.06,0.002,0,70.71,0.289,100,0.57,18.401,47,52.18,0.00,0,3.7,0.107
801,7029.177,AllocLarge,2B,0.345,22.2,0.106,15.55,19.569,12.368,2,9.378,0.068,0,0.00,0.002,0,70.71,0.289,100,0.57,12.001,57,26.67,0.00,0,5.1,0.113
802,7038.613,AllocLarge,2B,0.289,10.0,0.000,0.00,18.769,18.769,2,9.378,0.068,0,99.73,0.002,0,70.71,0.289,100,0.57,18.401,47,52.18,0.00,0,3.3,0.095
803,7044.862,AllocLarge,2B,0.617,20.0,0.000,0.00,19.569,12.368,2,9.378,0.068,0,0.00,0.002,0,70.71,0.289,100,0.57,12.001,57,26.67,0.00,0,8.6,0.420
804,7054.869,AllocLarge,2B,0.283,0.0,0.000,0.00,18.769,18.769,2,9.378,0.069,0,99.07,0.002,0,70.71,0.289,100,0.57,18.401,47,52.18,0.00,0,3.1,0.090
805,7060.797,AllocLarge,2B,0.608,22.2,0.000,0.00,19.569,12.369,2,9.378,0.069,0,0.00,0.002,0,70.71,0.289,100,0.57,12.001,57,26.67,0.00,0,8.9,0.424
806,7070.323,AllocLarge,2B,0.286,0.0,0.000,0.00,18.769,18.769,2,9.378,0.069,0,99.73,0.002,0,70.71,0.289,100,0.57,18.401,47,52.18,0.00,0,3.3,0.093
807,7076.651,AllocLarge,2B,1.123,22.2,0.000,0.00,19.570,12.369,2,9.378,0.069,0,0.00,0.002,0,70.71,0.289,100,0.57,12.001,57,26.67,0.00,0,14.5,0.895
808,7086.529,AllocLarge,2B,0.338,0.0,0.000,0.00,19.570,18.770,2,9.378,0.069,0,99.08,0.002,0,70.71,0.289,100,0.57,18.401,45,52.18,0.00,0,3.9,0.117
809,7092.599,AllocLarge,2B,0.897,33.3,0.000,0.00,19.570,12.369,2,9.378,0.069,0,0.00,0.002,0,70.71,0.289,100,0.57,12.001,57,26.67,0.00,0,12.2,0.701
810,7102.581,AllocLarge,2B,0.294,0.0,0.000,0.00,20.370,18.770,2,9.378,0.070,0,99.08,0.002,0,70.71,0.289,100,0.57,18.401,43,52.18,0.00,0,3.4,0.083
811,7108.875,AllocLarge,2B,0.658,22.2,0.000,0.00,19.570,12.370,2,9.378,0.070,0,0.00,0.002,0,70.71,0.289,100,0.57,12.001,57,26.67,0.00,0,9.0,0.413
812,7118.534,AllocLarge,2B,0.275,0.0,0.000,0.00,18.770,18.770,2,9.378,0.070,0,99.08,0.002,0,70.71,0.289,100,0.57,18.401,47,52.18,0.00,0,3.2,0.081
813,7124.465,AllocLarge,2B,0.374,14.3,0.106,15.79,19.571,12.370,2,9.378,0.070,0,0.00,0.002,0,70.71,0.289,100,0.57,12.001,57,26.67,0.00,0,5.6,0.181
814,7133.833,AllocLarge,2B,0.254,0.0,0.000,0.00,18.771,18.771,2,9.378,0.070,0,99.09,0.002,0,70.71,0.289,100,0.57,18.401,47,52.18,0.00,0,3.0,0.080
815,7139.757,AllocLarge,2B,0.950,30.0,0.000,0.00,19.571,12.370,2,9.378,0.070,0,0.00,0.002,0,70.71,0.289,100,0.57,12.001,57,26.67,0.00,0,13.2,0.750
816,7149.089,AllocLarge,2B,0.319,22.2,0.000,0.00,19.571,18.771,2,9.378,0.071,0,99.09,0.002,0,70.71,0.289,100,0.57,18.401,45,52.18,0.00,0,3.9,0.110
817,7155.288,AllocLarge,2B,0.935,30.0,0.000,0.00,19.571,12.371,2,9.378,0.071,0,0.00,0.002,0,70.71,0.289,100,0.57,12.001,57,26.67,0.00,0,12.6,0.730
818,7164.374,AllocLarge,2B,0.254,0.0,0.000,0.00,18.771,18.771,2,9.378,0.071,0,99.10,0.002,0,70.71,0.289,100,0.57,18.401,47,52.18,0.00,0,3.3,0.079
819,7170.420,AllocLarge,2B,0.774,14.3,0.000,0.00,19.572,12.371,2,9.378,0.071,0,0.00,0.002,0,70.71,0.289,100,0.57,12.001,57,26.67,0.00,0,10.9,0.595
820,7179.759,AllocLarge,2B,0.263,11.1,0.000,0.00,18.772,18.772,2,9.378,0.071,0,99.10,0.002,0,70.71,0.289,100,0.57,18.401,47,52.18,0.00,0,3.2,0.082
821,7185.862,AllocLarge,2B,0.952,12.5,0.000,0.00,19.572,12.371,2,9.378,0.071,0,0.00,0.002,0,70.71,0.289,100,0.57,12.001,57,26.67,0.00,0,13.0,0.747
822,7195.398,AllocLarge,2B,0.303,11.1,0.000,0.00,19.572,18.772,2,9.378,0.072,0,99.11,0.002,0,70.71,0.289,100,0.57,18.401,45,52.18,0.00,0,3.6,0.085
823,7201.452,AllocLarge,2B,0.463,12.5,0.000,0.00,19.572,12.372,2,9.378,0.072,0,0.00,0.002,0,70.71,0.289,100,0.57,12.001,57,26.67,0.00,0,6.7,0.172
824,7211.086,AllocLarge,2B,0.270,0.0,0.000,0.00,18.772,18.772,2,9.378,0.072,0,99.11,0.002,0,70.71,0.289,100,0.57,18.401,47,52.18,0.00,0,3.1,0.083
825,7217.021,AllocLarge,2B,0.308,14.3,0.106,16.14,19.573,12.380,2,9.378,0.080,0,0.46,0.002,0,70.71,0.289,100,0.57,12.001,57,26.67,0.00,0,4.7,0.099
826,7226.545,AllocLarge,2B,0.282,0.0,0.000,0.00,18.773,18.773,2,9.378,0.072,0,0.31,0.002,0,70.71,0.289,100,0.57,18.401,47,52.18,0.00,0,3.2,0.081
827,7232.554,AllocLarge,2B,0.909,22.2,0.000,0.00,19.573,12.373,2,9.378,0.073,0,87.78,0.002,0,70.71,0.289,100,0.57,12.001,57,26.67,0.00,0,12.5,0.714
828,7241.695,AllocLarge,2B,0.281,12.5,0.000,0.00,20.373,18.773,2,9.378,0.073,0,0.82,0.002,0,70.71,0.289,100,0.57,18.401,43,52.18,0.00,0,3.6,0.100
829,7247.660,AllocLarge,2B,1.061,11.1,0.000,0.00,19.573,12.373,2,9.378,0.073,0,0.00,0.002,0,70.71,0.289,100,0.57,12.001,57,26.67,0.00,0,14.6,0.891
830,7256.879,AllocLarge,2B,0.257,0.0,0.000,0.00,19.574,18.773,2,9.378,0.073,0,99.12,0.002,0,70.71,0.289,100,0.57,18.401,45,52.18,0.00,0,3.3,0.080
831,7262.706,AllocLarge,2B,0.282,14.3,0.000,0.00,19.574,12.373,2,9.378,0.073,0,0.00,0.002,0,70.71,0.289,100,0.57,12.001,57,26.67,0.00,0,4.4,0.102
832,7271.687,AllocLarge,2B,0.271,0.0,0.000,0.00,18.774,18.774,2,9.378,0.073,0,99.13,0.002,0,70.71,0.289,100,0.57,18.401,47,52.18,0.00,0,3.2,0.099
833,7277.665,AllocLarge,2B,0.343,14.3,0.000,0.00,19.574,12.373,2,9.378,0.073,0,0.00,0.002,0,70.71,0.289,100,0.57,12.001,57,26.67,0.00,0,5.2,0.157
834,7286.975,AllocLarge,2B,0.256,0.0,0.000,0.00,18.774,18.774,2,9.378,0.074,0,99.13,0.002,0,70.71,0.289,100,0.57,18.401,47,52.18,0.00,0,3.0,0.080
835,7292.968,AllocLarge,2B,0.614,22.2,0.000,0.00,19.574,12.374,2,9.378,0.074,0,0.00,0.002,0,70.71,0.289,100,0.57,12.001,57,26.67,0.00,0,8.9,0.402
836,7302.039,AllocLarge,2B,0.297,0.0,0.000,0.00,18.774,18.774,2,9.378,0.074,0,99.13,0.002,0,70.71,0.289,100,0.57,18.401,47,52.18,0.00,0,3.6,0.083
837,7308.291,AllocLarge,2B,1.063,12.5,0.000,0.00,19.575,12.374,2,9.378,0.074,0,0.00,0.002,0,70.71,0.289,100,0.57,12.001,57,26.67,0.00,0,14.0,0.873
838,7317.450,AllocLarge,2B,0.283,0.0,0.107,13.70,19.575,18.775,2,9.378,0.074,0,99.14,0.002,0,70.71,0.289,100,0.57,18.401,45,52.18,0.00,0,3.6,0.082
839,7323.476,AllocLarge,2B,0.374,12.5,0.000,0.00,19.575,12.374,2,9.378,0.074,0,0.00,0.002,0,70.71,0.289,100,0.57,12.001,57,26.67,0.00,0,5.6,0.104
840,7332.580,AllocLarge,2B,0.259,0.0,0.000,0.00,18.775,18.775,2,9.378,0.075,0,99.75,0.002,0,70.71,0.289,100,0.57,18.401,47,52.18,0.00,0,3.1,0.082
841,7338.797,AllocLarge,2B,0.350,12.5,0.000,0.00,19.575,12.375,2,9.378,0.075,0,0.00,0.002,0,70.71,0.289,100,0.57,12.001,57,26.67,0.00,0,5.0,0.163
842,7347.942,AllocLarge,2B,0.265,11.1,0.000,0.00,18.775,18.775,2,9.378,0.075,0,99.15,0.002,0,70.71,0.289,100,0.57,18.401,47,52.18,0.00,0,3.1,0.079
843,7353.789,AllocLarge,2B,0.893,25.0,0.000,0.00,19.576,12.375,2,9.378,0.075,0,0.00,0.002,0,70.71,0.289,100,0.57,12.001,57,26.67,0.00,0,12.7,0.722
844,7362.739,AllocLarge,2B,0.242,11.1,0.000,0.00,19.576,18.784,2,9.378,0.083,0,89.93,0.002,0,70.71,0.289,100,0.57,18.401,45,52.18,0.00,0,3.1,0.078
845,7368.801,AllocLarge,2B,1.125,20.0,0.000,0.00,19.576,12.384,2,9.378,0.084,0,0.00,0.002,0,70.71,0.289,100,0.57,12.001,57,26.67,0.00,0,15.1,0.931
846,7378.249,AllocLarge,2B,0.264,11.1,0.000,0.00,19.577,18.777,2,9.378,0.076,0,99.16,0.002,0,70.71,0.289,100,0.57,18.401,45,52.18,0.00,0,3.3,0.080
847,7384.238,AllocLarge,2B,0.640,25.0,0.000,0.00,19.577,12.376,2,9.378,0.076,0,0.00,0.002,0,70.71,0.289,100,0.57,12.001,57,26.67,0.00,0,9.2,0.403
848,7393.480,AllocLarge,2B,0.266,0.0,0.000,0.00,18.777,18.777,2,9.378,0.077,0,99.16,0.002,0,70.71,0.289,100,0.57,18.401,47,52.18,0.00,0,3.2,0.098
849,7399.488,AllocLarge,2B,0.288,14.3,0.105,15.84,19.577,12.385,2,9.378,0.085,0,0.43,0.002,0,70.71,0.289,100,0.57,12.001,57,26.67,0.00,0,4.4,0.101
850,7408.826,AllocLarge,2B,0.353,11.1,0.000,0.00,18.777,18.777,2,9.378,0.077,0,0.29,0.002,0,70.71,0.289,100,0.57,18.401,47,52.18,0.00,0,4.0,0.085
851,7414.956,AllocLarge,2B,0.352,28.6,0.000,0.00,19.578,12.377,2,9.378,0.077,0,88.52,0.002,0,70.71,0.289,100,0.57,12.001,57,26.67,0.00,0,5.2,0.133
852,7424.328,AllocLarge,2B,0.302,9.1,0.000,0.00,18.778,18.778,2,9.378,0.077,0,0.77,0.002,0,70.71,0.289,100,0.57,18.401,47,52.18,0.00,0,3.5,0.098
853,7430.400,AllocLarge,2B,0.931,25.0,0.000,0.00,19.578,12.377,2,9.378,0.077,0,0.00,0.002,0,70.71,0.289,100,0.57,12.001,57,26.67,0.00,0,12.7,0.740
854,7439.797,AllocLarge,2B,0.262,0.0,0.000,0.00,20.378,18.778,2,9.378,0.078,0,99.17,0.002,0,70.71,0.289,100,0.57,18.401,43,52.18,0.00,0,3.2,0.080
855,7445.661,AllocLarge,2B,0.345,12.5,0.000,0.00,19.578,12.378,2,9.378,0.078,0,0.00,0.002,0,70.71,0.289,100,0.57,12.001,57,26.67,0.00,0,5.3,0.151
856,7454.880,AllocLarge,2B,0.278,0.0,0.000,0.00,18.778,18.778,2,9.378,0.078,0,99.18,0.002,0,70.71,0.289,100,0.57,18.401,47,52.18,0.00,0,3.2,0.080
857,7460.831,AllocLarge,2B,0.882,22.2,0.000,0.00,19.579,12.378,2,9.378,0.078,0,0.00,0.002,0,70.71,0.289,100,0.57,12.001,57,26.67,0.00,0,12.4,0.717
858,7469.896,AllocLarge,2B,0.245,0.0,0.000,0.00,18.779,18.779,2,9.378,0.078,0,99.18,0.002,0,70.71,0.289,100,0.57,18.401,47,52.18,0.00,0,3.1,0.076
859,7476.069,AllocLarge,2B,0.432,0.0,0.000,0.00,19.579,12.378,2,9.378,0.078,0,0.00,0.002,0,70.71,0.289,100,0.57,12.001,57,26.67,0.00,0,6.0,0.164
860,7485.781,AllocLarge,2B,0.261,0.0,0.000,0.00,18.779,18.779,2,9.378,0.079,0,99.19,0.002,0,70.71,0.289,100,0.57,18.401,47,52.18,0.00,0,3.0,0.082
861,7491.741,AllocLarge,2B,0.251,0.0,0.000,0.00,19.579,12.379,2,9.378,0.079,0,0.00,0.002,0,70.71,0.289,100,0.57,12.001,57,26.67,0.00,0,3.9,0.080
862,7500.961,AllocLarge,2B,0.270,0.0,0.107,12.29,18.779,18.779,2,9.378,0.079,0,99.19,0.002,0,70.71,0.289,100,0.57,18.401,47,52.18,0.00,0,3.1,0.082
863,7507.348,AllocLarge,2B,0.306,11.1,0.000,0.00,19.580,12.379,2,9.378,0.079,0,0.00,0.002,0,70.71,0.289,100,0.57,12.001,57,26.67,0.00,0,4.3,0.111
864,7516.712,AllocLarge,2B,0.266,0.0,0.000,0.00,18.780,18.780,2,9.378,0.079,0,99.19,0.002,0,70.71,0.289,100,0.57,18.401,47,52.18,0.00,0,3.1,0.081
865,7523.372,AllocLarge,2B,1.101,18.2,0.000,0.00,19.580,12.379,2,9.378,0.079,0,0.00,0.002,0,70.71,0.289,100,0.57,12.001,57,26.67,0.00,0,13.6,0.904
866,7532.814,AllocLarge,2B,0.302,12.5,0.000,0.00,19.580,18.780,2,9.378,0.080,0,99.20,0.002,0,70.71,0.289,100,0.57,18.401,45,52.18,0.00,0,3.7,0.080
867,7539.046,AllocLarge,2B,0.374,12.5,0.000,0.00,19.580,12.380,2,9.378,0.080,0,0.00,0.002,0,70.71,0.289,100,0.57,12.001,57,26.67,0.00,0,5.4,0.151
868,7548.408,AllocLarge,2B,0.279,0.0,0.000,0.00,18.780,18.780,2,9.378,0.080,0,99.20,0.002,0,70.71,0.289,100,0.57,18.401,47,52.18,0.00,0,3.2,0.097
869,7554.572,AllocLarge,2B,0.284,12.5,0.000,0.00,19.581,12.380,2,9.378,0.080,0,0.00,0.002,0,70.71,0.289,100,0.57,12.001,57,26.67,0.00,0,4.2,0.109
870,7563.551,AllocLarge,2B,0.232,0.0,0.000,0.00,18.781,18.781,2,9.378,0.080,0,99.20,0.002,0,70.71,0.289,100,0.57,18.401,47,52.18,0.00,0,2.8,0.076
871,7569.667,AllocLarge,2B,1.168,20.0,0.000,0.00,19.581,12.380,2,9.378,0.080,0,0.00,0.002,0,70.71,0.289,100,0.57,12.001,57,26.67,0.00,0,15.3,0.928
872,7579.331,AllocLarge,2B,0.272,0.0,0.000,0.00,19.581,18.781,2,9.378,0.081,0,99.21,0.002,0,70.71,0.289,100,0.57,18.401,45,52.18,0.00,0,3.3,0.082
873,7585.250,AllocLarge,2B,1.060,11.1,0.000,0.00,19.581,12.381,2,9.378,0.081,0,0.00,0.002,0,70.71,0.289,100,0.57,12.001,57,26.67,0.00,0,14.6,0.889
874,7594.342,AllocLarge,2B,0.239,12.5,0.106,13.71,19.582,18.781,2,9.378,0.081,0,99.21,0.002,0,70.71,0.289,100,0.57,18.401,45,52.18,0.00,0,3.1,0.087
875,7600.158,AllocLarge,2B,0.760,11.1,0.000,0.00,19.582,12.381,2,9.378,0.081,0,0.00,0.002,0,70.71,0.289,100,0.57,12.001,57,26.67,0.00,0,11.0,0.594
876,7609.402,AllocLarge,2B,0.270,11.1,0.000,0.00,18.782,18.782,2,9.378,0.081,0,99.21,0.002,0,70.71,0.289,100,0.57,18.401,47,52.18,0.00,0,3.3,0.084
877,7615.260,AllocLarge,2B,0.343,14.3,0.000,0.00,19.582,12.381,2,9.378,0.081,0,0.00,0.002,0,70.71,0.289,100,0.57,12.001,57,26.67,0.00,0,5.3,0.159
878,7624.573,AllocLarge,2B,0.281,0.0,0.000,0.00,18.782,18.782,2,9.378,0.082,0,99.22,0.002,0,70.71,0.289,100,0.57,18.401,47,52.18,0.00,0,3.2,0.099
879,7630.460,AllocLarge,2B,0.941,22.2,0.000,0.00,19.582,12.382,2,9.378,0.082,0,0.00,0.002,0,70.71,0.289,100,0.57,12.001,57,26.67,0.00,0,13.1,0.737
880,7640.070,AllocLarge,2B,0.326,0.0,0.000,0.00,19.583,18.783,2,9.378,0.082,0,99.22,0.002,0,70.71,0.289,100,0.57,18.401,45,52.18,0.00,0,3.9,0.143
881,7646.147,AllocLarge,2B,0.739,12.5,0.000,0.00,19.583,12.382,2,9.378,0.082,0,0.00,0.002,0,70.71,0.289,100,0.57,12.001,57,26.67,0.00,0,10.5,0.557
882,7655.498,AllocLarge,2B,0.259,11.1,0.000,0.00,18.783,18.783,2,9.378,0.082,0,99.22,0.002,0,70.71,0.289,100,0.57,18.401,47,52.18,0.00,0,3.1,0.080
883,7661.444,AllocLarge,2B,0.399,12.5,0.000,0.00,19.583,12.382,2,9.378,0.082,0,0.00,0.002,0,70.71,0.289,100,0.57,12.001,57,26.67,0.00,0,6.0,0.183
884,7671.178,AllocLarge,2B,0.290,0.0,0.000,0.00,18.783,18.783,2,9.378,0.083,0,99.23,0.002,0,70.71,0.289,100,0.57,18.401,47,52.18,0.00,0,3.2,0.101
885,7677.156,AllocLarge,2B,0.953,22.2,0.000,0.00,19.583,12.383,2,9.378,0.083,0,0.00,0.002,0,70.71,0.289,100,0.57,12.001,57,26.67,0.00,0,13.0,0.757
886,7686.692,AllocLarge,2B,0.259,12.5,0.106,12.97,19.584,18.784,2,9.378,0.083,0,99.23,0.002,0,70.71,0.289,100,0.57,18.401,45,52.18,0.00,0,3.2,0.078
887,7692.550,AllocLarge,2B,0.328,12.5,0.000,0.00,19.584,12.383,2,9.378,0.083,0,0.00,0.002,0,70.71,0.289,100,0.57,12.001,57,26.67,0.00,0,5.1,0.145
888,7701.828,AllocLarge,2B,0.265,0.0,0.000,0.00,18.784,18.784,2,9.378,0.083,0,99.23,0.002,0,70.71,0.289,100,0.57,18.401,47,52.18,0.00,0,3.1,0.079
889,7707.962,AllocLarge,2B,0.631,28.6,0.000,0.00,19.584,12.383,2,9.378,0.083,0,0.00,0.002,0,70.71,0.289,100,0.57,12.001,57,26.67,0.00,0,8.8,0.407
890,7717.409,AllocLarge,2B,0.260,11.1,0.000,0.00,18.784,18.784,2,9.378,0.084,0,99.23,0.002,0,70.71,0.289,100,0.57,18.401,47,52.18,0.00,0,3.1,0.080
891,7723.340,AllocLarge,2B,0.940,20.0,0.000,0.00,19.584,12.384,2,9.378,0.084,0,0.00,0.002,0,70.71,0.289,100,0.57,12.001,57,26.67,0.00,0,13.1,0.750
892,7732.592,AllocLarge,2B,0.268,10.0,0.000,0.00,19.585,18.785,2,9.378,0.084,0,99.24,0.002,0,70.71,0.289,100,0.57,18.401,45,52.18,0.00,0,3.4,0.080
893,7738.620,AllocLarge,2B,0.288,11.1,0.000,0.00,19.585,12.384,2,9.378,0.084,0,0.00,0.002,0,70.71,0.289,100,0.57,12.001,57,26.67,0.00,0,4.4,0.078
894,7747.787,AllocLarge,2B,0.265,0.0,0.000,0.00,18.785,18.785,2,9.378,0.084,0,99.24,0.002,0,70.71,0.289,100,0.57,18.401,47,52.18,0.00,0,3.1,0.078
895,7753.790,AllocLarge,2B,1.098,12.5,0.000,0.00,19.585,12.384,2,9.378,0.084,0,0.00,0.002,0,70.71,0.289,100,0.57,12.001,57,26.67,0.00,0,14.8,0.884
896,7763.248,AllocLarge,2B,0.297,0.0,0.000,0.00,19.585,18.785,2,9.378,0.085,0,99.24,0.002,0,70.71,0.289,100,0.57,18.401,45,52.18,0.00,0,3.7,0.101
897,7769.227,AllocLarge,2B,0.608,11.1,0.000,0.00,19.585,12.385,2,9.378,0.085,0,0.00,0.002,0,70.71,0.289,100,0.57,12.001,57,26.67,0.00,0,8.8,0.411
898,7778.877,AllocLarge,2B,0.294,10.0,0.106,12.14,18.786,18.786,2,9.378,0.085,0,99.25,0.002,0,70.71,0.289,100,0.57,18.401,47,52.18,0.00,0,3.4,0.082
899,7784.976,AllocLarge,2B,0.835,25.0,0.000,0.00,19.586,12.385,2,9.378,0.085,0,0.00,0.002,0,70.71,0.289,100,0.57,12.001,57,26.67,0.00,0,11.4,0.618
900,7794.203,AllocLarge,2B,0.269,0.0,0.000,0.00,19.586,18.786,2,9.378,0.085,0,99.25,0.002,0,70.71,0.289,100,0.57,18.401,45,52.18,0.00,0,3.4,0.083
901,7800.277,AllocLarge,2B,0.301,14.3,0.000,0.00,19.586,12.385,2,9.378,0.085,0,0.00,0.002,0,70.71,0.289,100,0.57,12.001,57,26.67,0.00,0,4.5,0.110
902,7809.973,AllocLarge,2B,0.296,10.0,0.000,0.00,18.786,18.786,2,9.378,0.086,0,99.25,0.002,0,70.71,0.289,100,0.57,18.401,47,52.18,0.00,0,3.2,0.099
903,7816.209,AllocLarge,2B,0.812,20.0,0.000,0.00,19.586,12.386,2,9.378,0.086,0,0.00,0.002,0,70.71,0.289,100,0.57,12.001,57,26.67,0.00,0,10.9,0.602
904,7825.631,AllocLarge,2B,0.267,0.0,0.000,0.00,18.787,18.787,2,9.378,0.086,0,99.79,0.002,0,70.71,0.289,100,0.57,18.401,47,52.18,0.00,0,3.3,0.082
905,7831.655,AllocLarge,2B,0.783,22.2,0.000,0.00,19.587,12.386,2,9.378,0.086,0,0.00,0.002,0,70.71,0.289,100,0.57,12.001,57,26.67,0.00,0,11.0,0.602
906,7840.996,AllocLarge,2B,0.265,0.0,0.000,0.00,18.787,18.787,2,9.378,0.086,0,99.26,0.002,0,70.71,0.289,100,0.57,18.401,47,52.18,0.00,0,3.2,0.080
907,7846.980,AllocLarge,2B,0.648,12.5,0.000,0.00,19.587,12.386,2,9.378,0.086,0,0.00,0.002,0,70.71,0.289,100,0.57,12.001,57,26.67,0.00,0,9.3,0.424
908,7856.806,AllocLarge,2B,0.307,10.0,0.000,0.00,18.787,18.787,2,9.378,0.087,0,99.26,0.002,0,70.71,0.289,100,0.57,18.401,47,52.18,0.00,0,3.5,0.082
909,7862.827,AllocLarge,2B,0.323,14.3,0.000,0.00,19.587,12.387,2,9.378,0.087,0,0.00,0.002,0,70.71,0.289,100,0.57,12.001,57,26.67,0.00,0,4.9,0.112
910,7872.273,AllocLarge,2B,0.267,0.0,0.106,11.99,18.788,18.788,2,9.378,0.087,0,99.26,0.002,0,70.71,0.289,100,0.57,18.401,47,52.18,0.00,0,3.0,0.082
911,7878.272,AllocLarge,2B,1.067,20.0,0.000,0.00,19.588,12.387,2,9.378,0.087,0,0.00,0.002,0,70.71,0.289,100,0.57,12.001,57,26.67,0.00,0,14.5,0.888
912,7888.002,AllocLarge,2B,0.319,12.5,0.000,0.00,19.588,18.788,2,9.378,0.087,0,99.27,0.002,0,70.71,0.289,100,0.57,18.401,45,52.18,0.00,0,3.8,0.087
913,7894.338,AllocLarge,2B,0.614,12.5,0.000,0.00,19.588,12.387,2,9.378,0.087,0,0.00,0.002,0,70.71,0.289,100,0.57,12.001,57,26.67,0.00,0,8.5,0.417
914,7903.684,AllocLarge,2B,0.270,11.1,0.000,0.00,18.788,18.788,2,9.378,0.088,0,99.27,0.002,0,70.71,0.289,100,0.57,18.401,47,52.18,0.00,0,3.2,0.085
915,7909.785,AllocLarge,2B,1.092,22.2,0.000,0.00,19.588,12.388,2,9.378,0.088,0,0.00,0.002,0,70.71,0.289,100,0.57,12.001,57,26.67,0.00,0,14.6,0.905
916,7919.332,AllocLarge,2B,0.280,0.0,0.000,0.00,19.589,18.789,2,9.378,0.088,0,99.27,0.002,0,70.71,0.289,100,0.57,18.401,45,52.18,0.00,0,3.4,0.090
917,7925.477,AllocLarge,2B,0.578,12.5,0.000,0.00,19.589,12.388,2,9.378,0.088,0,0.00,0.002,0,70.71,0.289,100,0.57,12.001,57,26.67,0.00,0,8.3,0.400
918,7934.928,AllocLarge,2B,0.280,0.0,0.000,0.00,18.789,18.789,2,9.378,0.088,0,99.28,0.002,0,70.71,0.289,100,0.57,18.401,47,52.18,0.00,0,3.2,0.087
919,7941.099,AllocLarge,2B,0.474,14.3,0.000,0.00,19.589,12.388,2,9.378,0.088,0,0.00,0.002,0,70.71,0.289,100,0.57,12.001,57,26.67,0.00,0,6.9,0.255
920,7950.372,AllocLarge,2B,0.285,0.0,0.000,0.00,18.789,18.789,2,9.378,0.089,0,99.79,0.002,0,70.71,0.289,100,0.57,18.401,47,52.18,0.00,0,3.4,0.112
921,7956.478,AllocLarge,2B,0.449,12.5,0.000,0.00,19.589,12.389,2,9.378,0.089,0,0.00,0.002,0,70.71,0.289,100,0.57,12.001,57,26.67,0.00,0,6.5,0.239
922,7966.078,AllocLarge,2B,0.298,11.1,0.106,11.93,18.790,18.790,2,9.378,0.089,0,99.28,0.002,0,70.71,0.289,100,0.57,18.401,47,52.18,0.00,0,3.4,0.083
923,7972.315,AllocLarge,2B,0.357,11.1,0.000,0.00,19.590,12.389,2,9.378,0.089,0,0.00,0.002,0,70.71,0.289,100,0.57,12.001,57,26.67,0.00,0,5.2,0.087
924,7981.927,AllocLarge,2B,0.276,0.0,0.000,0.00,18.790,18.790,2,9.378,0.089,0,99.28,0.002,0,70.71,0.289,100,0.57,18.401,47,52.18,0.00,0,3.1,0.082
925,7988.079,AllocLarge,2B,0.313,12.5,0.000,0.00,19.590,12.389,2,9.378,0.089,0,0.00,0.002,0,70.71,0.289,100,0.57,12.001,57,26.67,0.00,0,4.6,0.101
926,7997.364,AllocLarge,2B,0.324,0.0,0.000,0.00,18.790,18.790,2,9.378,0.090,0,99.29,0.002,0,70.71,0.289,100,0.57,18.401,47,52.18,0.00,0,3.7,0.130
927,8003.510,AllocLarge,2B,0.298,0.0,0.000,0.00,19.590,12.390,2,9.378,0.090,0,0.00,0.002,0,70.71,0.289,100,0.57,12.001,57,26.67,0.00,0,4.4,0.091
928,8012.842,AllocLarge,2B,0.268,0.0,0.000,0.00,18.791,18.791,2,9.378,0.090,0,99.29,0.002,0,70.71,0.289,100,0.57,18.401,47,52.18,0.00,0,3.1,0.082
929,8018.884,AllocLarge,2B,0.301,16.7,0.000,0.00,19.591,12.390,2,9.378,0.090,0,0.00,0.002,0,70.71,0.289,100,0.57,12.001,57,26.67,0.00,0,4.5,0.110
930,8027.962,AllocLarge,2B,0.288,0.0,0.000,0.00,18.791,18.791,2,9.378,0.090,0,99.29,0.002,0,70.71,0.289,100,0.57,18.401,47,52.18,0.00,0,3.4,0.092
931,8033.966,AllocLarge,2B,0.410,22.2,0.000,0.00,19.591,12.390,2,9.378,0.090,0,0.00,0.002,0,70.71,0.289,100,0.57,12.001,57,26.67,0.00,0,6.1,0.167
932,8043.427,AllocLarge,2B,0.306,0.0,0.000,0.00,18.791,18.791,2,9.378,0.091,0,99.29,0.002,0,70.71,0.289,100,0.57,18.401,47,52.18,0.00,0,3.5,0.119
933,8049.617,AllocLarge,2B,0.318,12.5,0.000,0.00,19.591,12.391,2,9.378,0.091,0,0.00,0.002,0,70.71,0.289,100,0.57,12.001,57,26.67,0.00,0,4.7,0.105
934,8058.920,AllocLarge,2B,0.265,0.0,0.106,12.20,18.792,18.792,2,9.378,0.091,0,99.30,0.002,0,70.71,0.289,100,0.57,18.401,47,52.18,0.00,0,3.1,0.080
935,8065.082,AllocLarge,2B,0.779,22.2,0.000,0.00,19.592,12.391,2,9.378,0.091,0,0.00,0.002,0,70.71,0.289,100,0.57,12.001,57,26.67,0.00,0,10.7,0.573
936,8074.695,AllocLarge,2B,0.310,10.0,0.000,0.00,18.792,18.792,2,9.378,0.091,0,99.30,0.002,0,70.71,0.289,100,0.57,18.401,47,52.18,0.00,0,3.6,0.079
937,8081.228,AllocLarge,2B,0.368,12.5,0.000,0.00,19.592,12.391,2,9.378,0.091,0,0.00,0.002,0,70.71,0.289,100,0.57,12.001,57,26.67,0.00,0,5.1,0.156
938,8090.782,AllocLarge,2B,0.355,11.1,0.000,0.00,18.792,18.792,2,9.378,0.092,0,99.30,0.002,0,70.71,0.289,100,0.57,18.401,47,52.18,0.00,0,4.0,0.085
939,8096.994,AllocLarge,2B,0.440,22.2,0.000,0.00,19.592,12.392,2,9.378,0.092,0,0.00,0.002,0,70.71,0.289,100,0.57,12.001,57,26.67,0.00,0,6.4,0.236
940,8106.401,AllocLarge,2B,0.283,0.0,0.000,0.00,18.793,18.793,2,9.378,0.092,0,99.30,0.002,0,70.71,0.289,100,0.57,18.401,47,52.18,0.00,0,3.3,0.085
941,8112.364,AllocLarge,2B,1.072,22.2,0.000,0.00,19.593,12.392,2,9.378,0.092,0,0.00,0.002,0,70.71,0.289,100,0.57,12.001,57,26.67,0.00,0,14.7,0.885
942,8121.798,AllocLarge,2B,0.399,0.0,0.000,0.00,19.593,18.793,2,9.378,0.092,0,99.31,0.002,0,70.71,0.289,100,0.57,18.401,45,52.18,0.00,0,4.9,0.148
943,8128.408,AllocLarge,2B,0.631,20.0,0.000,0.00,19.593,12.392,2,9.378,0.092,0,0.00,0.002,0,70.71,0.289,100,0.57,12.001,57,26.67,0.00,0,8.6,0.421
944,8138.153,AllocLarge,2B,0.316,10.0,0.000,0.00,18.793,18.793,2,9.378,0.093,0,99.31,0.002,0,70.71,0.289,100,0.57,18.401,47,52.18,0.00,0,3.6,0.083
945,8144.316,AllocLarge,2B,0.358,14.3,0.000,0.00,19.593,12.393,2,9.378,0.093,0,0.00,0.002,0,70.71,0.289,100,0.57,12.001,57,26.67,0.00,0,5.2,0.159
946,8153.708,AllocLarge,2B,0.281,0.0,0.106,12.11,18.794,18.794,2,9.378,0.093,0,99.31,0.002,0,70.71,0.289,100,0.57,18.401,47,52.18,0.00,0,3.2,0.099
947,8159.802,AllocLarge,2B,0.309,22.2,0.000,0.00,19.594,12.393,2,9.378,0.093,0,0.00,0.002,0,70.71,0.289,100,0.57,12.001,57,26.67,0.00,0,4.6,0.099
948,8169.115,AllocLarge,2B,0.255,11.1,0.000,0.00,18.794,18.794,2,9.378,0.093,0,99.31,0.002,0,70.71,0.289,100,0.57,18.401,47,52.18,0.00,0,3.0,0.083
949,8175.179,AllocLarge,2B,1.117,12.5,0.000,0.00,19.594,12.393,2,9.378,0.093,0,0.00,0.002,0,70.71,0.289,100,0.57,12.001,57,26.67,0.00,0,15.0,0.893
950,8184.623,AllocLarge,2B,0.304,0.0,0.000,0.00,19.594,18.794,2,9.378,0.094,0,99.32,0.002,0,70.71,0.289,100,0.57,18.401,45,52.18,0.00,0,3.7,0.086
951,8190.697,AllocLarge,2B,0.280,12.5,0.000,0.00,19.594,12.394,2,9.378,0.094,0,0.00,0.002,0,70.71,0.289,100,0.57,12.001,57,26.67,0.00,0,4.2,0.085
952,8199.879,AllocLarge,2B,0.274,0.0,0.000,0.00,18.795,18.795,2,9.378,0.094,0,99.80,0.002,0,70.71,0.289,100,0.57,18.401,47,52.18,0.00,0,3.2,0.080
953,8206.115,AllocLarge,2B,0.601,11.1,0.000,0.00,19.595,12.394,2,9.378,0.094,0,0.00,0.002,0,70.71,0.289,100,0.57,12.001,57,26.67,0.00,0,8.4,0.405
954,8215.649,AllocLarge,2B,0.286,11.1,0.000,0.00,18.795,18.795,2,9.378,0.094,0,99.32,0.002,0,70.71,0.289,100,0.57,18.401,47,52.18,0.00,0,3.3,0.098
955,8221.954,AllocLarge,2B,0.294,16.7,0.000,0.00,19.595,12.394,2,9.378,0.094,0,0.00,0.002,0,70.71,0.289,100,0.57,12.001,57,26.67,0.00,0,4.2,0.098
956,8231.190,AllocLarge,2B,0.278,11.1,0.000,0.00,18.795,18.795,2,9.378,0.095,0,99.32,0.002,0,70.71,0.289,100,0.57,18.401,47,52.18,0.00,0,3.2,0.082
957,8237.277,AllocLarge,2B,1.107,22.2,0.000,0.00,19.595,12.395,2,9.378,0.095,0,0.00,0.002,0,70.71,0.289,100,0.57,12.001,57,26.67,0.00,0,14.8,0.887
958,8246.707,AllocLarge,2B,0.258,0.0,0.106,13.14,19.596,18.796,2,9.378,0.095,0,99.33,0.002,0,70.71,0.289,100,0.57,18.401,45,52.18,0.00,0,3.2,0.083
959,8252.679,AllocLarge,2B,0.635,12.5,0.000,0.00,19.596,12.395,2,9.378,0.095,0,0.00,0.002,0,70.71,0.289,100,0.57,12.001,57,26.67,0.00,0,9.2,0.436
960,8262.077,AllocLarge,2B,0.273,11.1,0.000,0.00,18.796,18.796,2,9.378,0.095,0,99.33,0.002,0,70.71,0.289,100,0.57,18.401,47,52.18,0.00,0,3.2,0.086
961,8268.193,AllocLarge,2B,0.911,22.2,0.000,0.00,19.596,12.395,2,9.378,0.095,0,0.00,0.002,0,70.71,0.289,100,0.57,12.001,57,26.67,0.00,0,12.4,0.719
962,8277.425,AllocLarge,2B,0.258,0.0,0.000,0.00,19.596,18.796,2,9.378,0.096,0,99.33,0.002,0,70.71,0.289,100,0.57,18.401,45,52.18,0.00,0,3.3,0.080
963,8283.773,AllocLarge,2B,1.004,20.0,0.000,0.00,19.596,12.396,2,9.378,0.096,0,0.00,0.002,0,70.71,0.289,100,0.57,12.001,57,26.67,0.00,0,12.9,0.768
964,8293.099,AllocLarge,2B,0.253,0.0,0.000,0.00,20.397,18.797,2,9.378,0.096,0,99.33,0.002,0,70.71,0.289,100,0.57,18.401,43,52.18,0.00,0,3.2,0.079
965,8299.173,AllocLarge,2B,0.907,22.2,0.000,0.00,19.597,12.396,2,9.378,0.096,0,0.00,0.002,0,70.71,0.289,100,0.57,12.001,57,26.67,0.00,0,12.5,0.720
966,8308.422,AllocLarge,2B,0.312,10.0,0.000,0.00,19.597,18.797,2,9.378,0.096,0,99.34,0.002,0,70.71,0.289,100,0.57,18.401,45,52.18,0.00,0,3.9,0.080
967,8314.478,AllocLarge,2B,0.334,14.3,0.000,0.00,19.597,12.397,2,9.378,0.096,0,0.00,0.002,0,70.71,0.289,100,0.57,12.001,57,26.67,0.00,0,5.1,0.114
968,8323.638,AllocLarge,2B,0.226,0.0,0.000,0.00,18.797,18.797,2,9.378,0.097,0,99.34,0.002,0,70.71,0.289,100,0.57,18.401,47,52.18,0.00,0,2.7,0.047
969,8329.658,AllocLarge,2B,0.281,12.5,0.000,0.00,19.597,12.397,2,9.378,0.097,0,0.00,0.002,0,70.71,0.289,100,0.57,12.001,57,26.67,0.00,0,4.2,0.099
970,8338.932,AllocLarge,2B,0.334,10.0,0.106,11.98,18.798,18.798,2,9.378,0.097,0,99.81,0.002,0,70.71,0.289,100,0.57,18.401,47,52.18,0.00,0,3.8,0.102
971,8344.911,AllocLarge,2B,0.922,25.0,0.000,0.00,19.598,12.397,2,9.378,0.097,0,0.00,0.002,0,70.71,0.289,100,0.57,12.001,57,26.67,0.00,0,13.0,0.724
972,8354.253,AllocLarge,2B,0.269,0.0,0.000,0.00,19.598,18.798,2,9.378,0.097,0,99.34,0.002,0,70.71,0.289,100,0.57,18.401,45,52.18,0.00,0,3.3,0.082
973,8360.418,AllocLarge,2B,0.327,11.1,0.000,0.00,19.598,12.398,2,9.378,0.097,0,0.00,0.002,0,70.71,0.289,100,0.57,12.001,57,26.67,0.00,0,4.7,0.081
974,8370.400,AllocLarge,2B,0.333,10.0,0.000,0.00,18.798,18.798,2,9.378,0.098,0,99.35,0.002,0,70.71,0.289,100,0.57,18.401,47,52.18,0.00,0,3.6,0.102
975,8377.110,AllocLarge,2B,0.614,14.3,0.000,0.00,19.598,12.398,2,9.378,0.098,0,0.00,0.002,0,70.71,0.289,100,0.57,12.001,57,26.67,0.00,0,8.0,0.400
976,8386.701,AllocLarge,2B,0.307,0.0,0.000,0.00,18.799,18.799,2,9.378,0.098,0,99.81,0.002,0,70.71,0.289,100,0.57,18.401,47,52.18,0.00,0,3.6,0.091
977,8392.774,AllocLarge,2B,0.936,12.5,0.000,0.00,19.599,12.398,2,9.378,0.098,0,0.00,0.002,0,70.71,0.289,100,0.57,12.001,57,26.67,0.00,0,12.8,0.699
978,8402.277,AllocLarge,2B,0.271,0.0,0.000,0.00,19.599,18.799,2,9.378,0.098,0,99.35,0.002,0,70.71,0.289,100,0.57,18.401,45,52.18,0.00,0,3.3,0.081
979,8408.565,AllocLarge,2B,0.598,11.1,0.000,0.00,19.599,12.399,2,9.378,0.098,0,0.00,0.002,0,70.71,0.289,100,0.57,12.001,57,26.67,0.00,0,8.3,0.396
980,8417.957,AllocLarge,2B,0.265,0.0,0.000,0.00,18.799,18.799,2,9.378,0.099,0,99.35,0.002,0,70.71,0.289,100,0.57,18.401,47,52.18,0.00,0,3.1,0.082
981,8424.067,AllocLarge,2B,0.914,14.3,0.000,0.00,19.599,12.399,2,9.378,0.099,0,0.00,0.002,0,70.71,0.289,100,0.57,12.001,57,26.67,0.00,0,12.4,0.717
982,8433.282,AllocLarge,2B,0.263,0.0,0.106,13.07,19.600,18.800,2,9.378,0.099,0,99.35,0.002,0,70.71,0.289,100,0.57,18.401,45,52.18,0.00,0,3.2,0.080
983,8439.704,AllocLarge,2B,0.749,12.5,0.000,0.00,19.600,12.399,2,9.378,0.099,0,0.00,0.002,0,70.71,0.289,100,0.57,12.001,57,26.67,0.00,0,10.1,0.555
984,8449.163,AllocLarge,2B,0.266,0.0,0.000,0.00,18.800,18.800,2,9.378,0.099,0,99.36,0.002,0,70.71,0.289,100,0.57,18.401,47,52.18,0.00,0,3.2,0.080
985,8455.282,AllocLarge,2B,1.082,22.2,0.000,0.00,19.600,12.400,2,9.378,0.099,0,0.00,0.002,0,70.71,0.289,100,0.57,12.001,57,26.67,0.00,0,14.4,0.893
986,8464.690,AllocLarge,2B,0.258,0.0,0.000,0.00,19.600,18.800,2,9.378,0.100,0,99.36,0.002,0,70.71,0.289,100,0.57,18.401,45,52.18,0.00,0,3.2,0.080
987,8470.690,AllocLarge,2B,0.644,12.5,0.000,0.00,19.600,12.400,2,9.378,0.100,0,0.00,0.002,0,70.71,0.289,100,0.57,12.001,57,26.67,0.00,0,9.3,0.454
988,8482.473,AllocLarge,2B,2.152,12.5,0.000,0.00,18.801,18.809,2,9.378,0.108,0,91.81,0.002,0,70.71,0.289,100,0.57,18.401,47,52.18,0.00,0,15.3,1.769
989,8493.687,AllocLarge,2B,0.418,9.1,0.000,0.00,20.409,12.408,2,9.378,0.108,0,0.31,0.002,0,70.71,0.289,100,0.57,12.001,54,26.67,0.00,0,4.2,0.128
990,8510.286,AllocLarge,2B,1.605,5.6,0.104,5.73,18.809,18.817,2,9.378,0.117,0,92.80,0.002,0,70.71,0.289,100,0.57,18.401,47,52.18,0.00,0,8.9,0.789
991,8522.194,AllocLarge,2B,1.524,12.5,0.000,0.00,22.018,14.017,2,9.378,0.117,0,0.00,0.002,0,70.71,0.289,100,0.57,13.601,49,35.30,0.00,0,11.3,1.278
992,8537.961,AllocLarge,2B,0.410,0.0,0.000,0.00,21.218,20.426,2,9.378,0.125,0,93.46,0.002,0,70.71,0.289,100,0.57,20.001,42,56.00,0.00,0,2.3,0.125
993,8555.279,AllocLarge,2B,2.286,15.0,0.000,0.00,25.226,16.425,2,10.978,0.125,0,6.72,0.002,0,70.71,0.289,100,0.57,16.001,54,35.00,0.00,0,12.0,1.955
994,8586.273,AllocLarge,2B,0.458,0.0,0.000,0.00,26.826,26.034,2,10.178,0.133,0,93.52,0.002,0,70.71,0.289,100,0.57,25.602,36,62.50,0.00,0,1.4,0.115
995,8606.781,AllocLarge,2B,0.533,9.5,0.000,0.00,30.835,15.634,2,9.378,0.133,0,0.11,0.002,0,70.71,0.289,100,0.57,15.201,45,42.11,0.00,0,2.8,0.174
996,8628.954,AllocLarge,2B,0.846,5.3,0.000,0.00,21.234,18.842,2,10.178,0.142,0,94.14,0.002,0,70.71,0.289,100,0.57,18.401,47,47.83,0.00,0,3.6,0.484
997,8649.127,AllocLarge,2B,0.530,5.9,0.109,6.62,22.042,19.642,2,9.378,0.142,0,5.83,0.002,0,70.71,0.289,100,0.57,19.201,43,54.17,0.00,0,3.2,0.138
998,8662.373,AllocLarge,2B,0.943,20.0,0.000,0.00,20.442,12.442,2,9.378,0.142,0,0.00,0.002,0,70.71,0.289,100,0.57,12.001,57,26.67,0.00,0,10.9,0.739
999,8672.510,AllocLarge,2B,0.276,10.0,0.000,0.00,19.642,18.842,2,9.378,0.142,0,99.55,0.002,0,70.71,0.289,100,0.57,18.401,45,52.18,0.00,0,3.1,0.081
1000,8678.496,AllocLarge,2B,0.874,14.3,0.000,0.00,19.642,12.442,2,9.378,0.142,0,0.00,0.002,0,70.71,0.289,100,0.57,12.001,57,26.67,0.00,0,12.3,0.709
1001,8687.733,AllocLarge,2B,0.280,10.0,0.000,0.00,19.643,18.843,2,9.378,0.142,0,99.55,0.002,0,70.71,0.289,100,0.57,18.401,45,52.18,0.00,0,3.4,0.099
1002,8700.547,AllocLarge,2B,1.086,15.4,0.000,0.00,19.643,12.442,2,9.378,0.142,0,0.26,0.002,0,70.71,0.289,100,0.57,12.001,57,26.67,0.00,0,7.2,0.194
1003,8722.908,AllocLarge,2B,12.458,11.1,0.000,0.00,18.843,18.843,2,9.378,0.143,0,99.87,0.002,0,70.71,0.289,100,0.57,18.401,47,52.18,0.00,0,37.8,0.528
1004,8746.186,AllocLarge,2B,16.730,14.3,0.000,0.00,20.443,13.243,2,10.178,0.143,0,5.74,0.002,0,70.71,0.289,100,0.57,12.801,59,25.00,0.00,0,42.7,5.743
1005,8797.742,AllocLarge,2B,16.065,5.6,0.000,0.00,29.244,29.252,2,10.178,0.151,0,94.36,0.002,0,70.71,0.289,100,0.57,28.802,33,66.67,0.00,0,31.7,15.678
1006,8834.627,AllocLarge,2B,0.577,10.5,0.103,5.73,34.052,15.651,2,10.978,0.151,0,5.57,0.002,0,70.71,0.289,100,0.57,15.201,54,31.58,0.00,0,3.2,0.213
1007,8861.696,AllocLarge,2B,0.421,0.0,0.000,0.00,21.252,21.252,2,9.378,0.151,0,0.39,0.002,0,70.71,0.289,100,0.57,20.801,42,57.69,0.00,0,2.3,0.111
1008,8873.327,AllocLarge,2B,1.099,17.6,0.000,0.00,22.852,12.451,2,9.378,0.151,0,0.00,0.002,0,70.71,0.289,100,0.57,12.001,57,26.67,0.00,0,8.1,0.767
1009,8896.139,AllocLarge,2B,0.423,0.0,0.000,0.00,19.652,18.852,2,9.378,0.151,0,99.58,0.002,0,70.71,0.289,100,0.57,18.401,45,52.18,0.00,0,2.1,0.113
1010,8907.138,AllocLarge,2B,0.451,20.0,0.000,0.00,19.652,12.451,2,9.378,0.151,0,0.24,0.002,0,70.71,0.289,100,0.57,12.001,57,26.67,0.00,0,3.5,0.133
1011,8937.665,AllocLarge,2B,0.351,6.7,0.000,0.00,18.852,18.852,2,9.378,0.151,0,99.88,0.002,0,70.71,0.289,100,0.57,18.401,47,52.18,0.00,0,1.2,0.107
1012,8943.840,AllocLarge,2B,0.333,14.3,0.000,0.00,19.652,12.452,2,9.378,0.151,0,0.00,0.002,0,70.71,0.289,100,0.57,12.001,57,26.67,0.00,0,4.8,0.108
1013,8952.977,AllocLarge,2B,0.268,12.5,0.000,0.00,18.852,18.852,2,9.378,0.152,0,99.58,0.002,0,70.71,0.289,100,0.57,18.401,47,52.18,0.00,0,3.2,0.078
1014,8959.029,AllocLarge,2B,0.421,12.5,0.000,0.00,19.652,12.452,2,9.378,0.152,0,0.00,0.002,0,70.71,0.289,100,0.57,12.001,57,26.67,0.00,0,6.2,0.143
1015,8968.188,AllocLarge,2B,0.224,12.5,0.000,0.00,18.853,18.853,2,9.378,0.152,0,99.58,0.002,0,70.71,0.289,100,0.57,18.401,47,52.18,0.00,0,2.7,0.077
1016,8973.935,AllocLarge,2B,0.349,14.3,0.000,0.00,19.653,12.452,2,9.378,0.152,0,0.00,0.002,0,70.71,0.289,100,0.57,12.001,57,26.67,0.00,0,5.4,0.168
1017,8990.556,AllocLarge,2B,0.816,4.0,0.105,4.42,18.853,18.861,2,9.378,0.161,0,94.48,0.002,0,70.71,0.289,100,0.57,18.401,47,52.18,0.00,0,3.4,0.419
1018,9003.357,AllocLarge,2B,9.964,60.0,0.000,0.00,19.661,12.461,2,9.378,0.161,0,0.21,0.002,0,70.71,0.289,100,0.57,12.001,57,26.67,0.00,0,58.1,9.097
1019,9030.534,AllocLarge,2B,0.368,0.0,0.000,0.00,18.862,18.862,2,9.378,0.161,0,99.60,0.002,0,70.71,0.289,100,0.57,18.401,47,52.18,0.00,0,2.4,0.087
1020,9037.582,AllocLarge,2B,1.328,20.0,0.000,0.00,19.662,12.461,2,9.378,0.161,0,0.00,0.002,0,70.71,0.289,100,0.57,12.001,57,26.67,0.00,0,15.6,1.099
1021,9047.789,AllocLarge,2B,0.301,10.0,0.000,0.00,19.662,18.862,2,9.378,0.161,0,99.60,0.002,0,70.71,0.289,100,0.57,18.401,45,52.18,0.00,0,3.5,0.080
1022,9054.572,AllocLarge,2B,0.470,11.1,0.000,0.00,19.662,12.462,2,9.378,0.161,0,0.23,0.002,0,70.71,0.289,100,0.57,12.001,57,26.67,0.00,0,6.0,0.131
1023,9065.169,AllocLarge,2B,0.352,9.1,0.000,0.00,18.862,18.862,2,9.378,0.162,0,99.60,0.002,0,70.71,0.289,100,0.57,18.401,47,52.18,0.00,0,3.7,0.110
1024,9071.734,AllocLarge,2B,0.385,12.5,0.000,0.00,19.662,12.470,2,9.378,0.170,0,0.22,0.002,0,70.71,0.289,100,0.57,12.001,57,26.67,0.00,0,5.3,0.162
1025,9081.687,AllocLarge,2B,0.332,9.1,0.000,0.00,18.863,18.863,2,9.378,0.162,0,0.14,0.002,0,70.71,0.289,100,0.57,18.401,47,52.18,0.00,0,3.6,0.101
1026,9088.019,AllocLarge,2B,0.291,12.5,0.000,0.00,19.663,12.462,2,9.378,0.162,0,94.54,0.002,0,70.71,0.289,100,0.57,12.001,57,26.67,0.00,0,4.1,0.111
1027,9097.403,AllocLarge,2B,0.364,0.0,0.000,0.00,18.863,18.863,2,9.378,0.162,0,0.36,0.002,0,70.71,0.289,100,0.57,18.401,47,52.18,0.00,0,4.2,0.100
1028,9104.034,AllocLarge,2B,0.892,25.0,0.000,0.00,19.663,12.462,2,9.378,0.162,0,0.00,0.002,0,70.71,0.289,100,0.57,12.001,57,26.67,0.00,0,11.5,0.633
1029,9113.725,AllocLarge,2B,0.325,0.0,0.000,0.00,18.863,18.863,2,9.378,0.163,0,99.61,0.002,0,70.71,0.289,100,0.57,18.401,47,52.18,0.00,0,3.8,0.113
1030,9120.065,AllocLarge,2B,0.957,12.5,0.106,14.18,19.663,12.463,2,9.378,0.163,0,0.00,0.002,0,70.71,0.289,100,0.57,12.001,57,26.67,0.00,0,12.7,0.760
1031,9129.495,AllocLarge,2B,0.260,0.0,0.000,0.00,18.864,18.864,2,9.378,0.163,0,99.61,0.002,0,70.71,0.289,100,0.57,18.401,47,52.18,0.00,0,3.2,0.082
1032,9135.719,AllocLarge,2B,1.237,20.0,0.000,0.00,19.664,12.463,2,9.378,0.163,0,0.00,0.002,0,70.71,0.289,100,0.57,12.001,57,26.67,0.00,0,15.8,1.030
1033,9145.289,AllocLarge,2B,0.270,0.0,0.000,0.00,20.464,18.864,2,9.378,0.163,0,99.61,0.002,0,70.71,0.289,100,0.57,18.401,43,52.18,0.00,0,3.4,0.100
1034,9151.592,AllocLarge,2B,0.947,22.2,0.000,0.00,19.664,12.463,2,9.378,0.163,0,0.00,0.002,0,70.71,0.289,100,0.57,12.001,57,26.67,0.00,0,12.4,0.696
1035,9161.290,AllocLarge,2B,0.291,11.1,0.000,0.00,18.864,18.864,2,9.378,0.164,0,99.61,0.002,0,70.71,0.289,100,0.57,18.401,47,52.18,0.00,0,3.5,0.079
1036,9167.354,AllocLarge,2B,1.113,20.0,0.000,0.00,19.664,12.464,2,9.378,0.164,0,0.00,0.002,0,70.71,0.289,100,0.57,12.001,57,26.67,0.00,0,14.9,0.890
1037,9176.662,AllocLarge,2B,0.257,0.0,0.000,0.00,19.665,18.865,2,9.378,0.164,0,99.61,0.002,0,70.71,0.289,100,0.57,18.401,45,52.18,0.00,0,3.3,0.081
1038,9182.469,AllocLarge,2B,0.461,22.2,0.000,0.00,19.665,12.464,2,9.378,0.164,0,0.00,0.002,0,70.71,0.289,100,0.57,12.001,57,26.67,0.00,0,7.0,0.232
1039,9191.810,AllocLarge,2B,0.262,0.0,0.000,0.00,18.865,18.865,2,9.378,0.164,0,99.61,0.002,0,70.71,0.289,100,0.57,18.401,47,52.18,0.00,0,3.0,0.081
1040,9197.840,AllocLarge,2B,1.078,25.0,0.000,0.00,19.665,12.465,2,9.378,0.164,0,0.00,0.002,0,70.71,0.289,100,0.57,12.001,57,26.67,0.00,0,14.6,0.873
1041,9207.352,AllocLarge,2B,0.275,0.0,0.000,0.00,19.665,18.865,2,9.378,0.165,0,99.61,0.002,0,70.71,0.289,100,0.57,18.401,45,52.18,0.00,0,3.4,0.084
1042,9213.363,AllocLarge,2B,1.071,12.5,0.106,14.30,19.665,12.465,2,9.378,0.165,0,0.00,0.002,0,70.71,0.289,100,0.57,12.001,57,26.67,0.00,0,14.5,0.876
1043,9222.819,AllocLarge,2B,0.285,0.0,0.000,0.00,19.666,18.866,2,9.378,0.165,0,99.61,0.002,0,70.71,0.289,100,0.57,18.401,45,52.18,0.00,0,3.5,0.082
1044,9228.935,AllocLarge,2B,0.371,12.5,0.000,0.00,19.666,12.465,2,9.378,0.165,0,0.00,0.002,0,70.71,0.289,100,0.57,12.001,57,26.67,0.00,0,5.5,0.160
1045,9238.181,AllocLarge,2B,0.266,0.0,0.000,0.00,18.866,18.866,2,9.378,0.165,0,99.61,0.002,0,70.71,0.289,100,0.57,18.401,47,52.18,0.00,0,3.1,0.082
1046,9244.198,AllocLarge,2B,0.496,25.0,0.000,0.00,19.666,12.466,2,9.378,0.165,0,0.00,0.002,0,70.71,0.289,100,0.57,12.001,57,26.67,0.00,0,7.3,0.274
1047,9253.996,AllocLarge,2B,0.299,0.0,0.000,0.00,18.866,18.866,2,9.378,0.166,0,99.61,0.002,0,70.71,0.289,100,0.57,18.401,47,52.18,0.00,0,3.3,0.084
1048,9260.137,AllocLarge,2B,0.396,12.5,0.000,0.00,19.666,12.466,2,9.378,0.166,0,0.00,0.002,0,70.71,0.289,100,0.57,12.001,57,26.67,0.00,0,5.8,0.165
1049,9269.517,AllocLarge,2B,0.295,0.0,0.000,0.00,18.867,18.867,2,9.378,0.166,0,99.61,0.002,0,70.71,0.289,100,0.57,18.401,47,52.18,0.00,0,3.4,0.083
1050,9275.630,AllocLarge,2B,0.375,25.0,0.000,0.00,19.667,12.466,2,9.378,0.166,0,0.00,0.002,0,70.71,0.289,100,0.57,12.001,57,26.67,0.00,0,5.5,0.107
1051,9285.300,AllocLarge,2B,0.288,0.0,0.000,0.00,18.867,18.867,2,9.378,0.166,0,99.62,0.002,0,70.71,0.289,100,0.57,18.401,47,52.18,0.00,0,3.2,0.101
1052,9291.361,AllocLarge,2B,0.367,14.3,0.000,0.00,19.667,12.467,2,9.378,0.166,0,0.00,0.002,0,70.71,0.289,100,0.57,12.001,57,26.67,0.00,0,5.4,0.167
1053,9300.740,AllocLarge,2B,0.294,0.0,0.000,0.00,18.867,18.867,2,9.378,0.167,0,99.62,0.002,0,70.71,0.289,100,0.57,18.401,47,52.18,0.00,0,3.4,0.103
1054,9306.852,AllocLarge,2B,1.086,14.3,0.106,14.16,19.667,12.467,2,9.378,0.167,0,0.00,0.002,0,70.71,0.289,100,0.57,12.001,57,26.67,0.00,0,14.5,0.887
1055,9316.348,AllocLarge,2B,0.287,11.1,0.000,0.00,19.668,18.868,2,9.378,0.167,0,99.62,0.002,0,70.71,0.289,100,0.57,18.401,45,52.18,0.00,0,3.5,0.082
1056,9322.415,AllocLarge,2B,0.588,12.5,0.000,0.00,19.668,12.467,2,9.378,0.167,0,0.00,0.002,0,70.71,0.289,100,0.57,12.001,57,26.67,0.00,0,8.5,0.401
1057,9331.528,AllocLarge,2B,0.261,11.1,0.000,0.00,18.868,18.868,2,9.378,0.167,0,99.62,0.002,0,70.71,0.289,100,0.57,18.401,47,52.18,0.00,0,3.2,0.080
1058,9337.532,AllocLarge,2B,0.461,12.5,0.000,0.00,19.668,12.468,2,9.378,0.167,0,0.00,0.002,0,70.71,0.289,100,0.57,12.001,57,26.67,0.00,0,6.8,0.283
1059,9346.956,AllocLarge,2B,0.283,0.0,0.000,0.00,18.868,18.868,2,9.378,0.168,0,99.62,0.002,0,70.71,0.289,100,0.57,18.401,47,52.18,0.00,0,3.3,0.096
1060,9352.810,AllocLarge,2B,0.375,12.5,0.000,0.00,19.668,12.468,2,9.378,0.168,0,0.00,0.002,0,70.71,0.289,100,0.57,12.001,57,26.67,0.00,0,5.7,0.155
1061,9361.996,AllocLarge,2B,0.303,0.0,0.000,0.00,18.869,18.869,2,9.378,0.168,0,99.62,0.002,0,70.71,0.289,100,0.57,18.401,47,52.18,0.00,0,3.6,0.102
1062,9367.873,AllocLarge,2B,0.332,12.5,0.000,0.00,19.669,12.468,2,9.378,0.168,0,0.00,0.002,0,70.71,0.289,100,0.57,12.001,57,26.67,0.00,0,5.1,0.106
1063,9377.197,AllocLarge,2B,0.272,0.0,0.000,0.00,18.869,18.869,2,9.378,0.168,0,99.62,0.002,0,70.71,0.289,100,0.57,18.401,47,52.18,0.00,0,3.2,0.082
1064,9383.174,AllocLarge,2B,0.330,12.5,0.000,0.00,19.669,12.469,2,9.378,0.168,0,0.00,0.002,0,70.71,0.289,100,0.57,12.001,57,26.67,0.00,0,5.0,0.111
1065,9392.595,AllocLarge,2B,0.267,0.0,0.000,0.00,18.869,18.869,2,9.378,0.169,0,99.62,0.002,0,70.71,0.289,100,0.57,18.401,47,52.18,0.00,0,3.0,0.081
1066,9398.473,AllocLarge,2B,0.507,25.0,0.106,15.86,19.669,12.469,2,9.378,0.169,0,0.00,0.002,0,70.71,0.289,100,0.57,12.001,57,26.67,0.00,0,7.6,0.281
1067,9407.684,AllocLarge,2B,0.299,10.0,0.000,0.00,18.870,18.870,2,9.378,0.169,0,99.62,0.002,0,70.71,0.289,100,0.57,18.401,47,52.18,0.00,0,3.5,0.104
1068,9413.733,AllocLarge,2B,0.651,22.2,0.000,0.00,19.670,12.469,2,9.378,0.169,0,0.00,0.002,0,70.71,0.289,100,0.57,12.001,57,26.67,0.00,0,9.4,0.421
1069,9423.002,AllocLarge,2B,0.355,0.0,0.000,0.00,18.870,18.870,2,9.378,0.169,0,99.62,0.002,0,70.71,0.289,100,0.57,18.401,47,52.18,0.00,0,4.2,0.171
1070,9429.093,AllocLarge,2B,0.306,14.3,0.000,0.00,19.670,12.470,2,9.378,0.169,0,0.00,0.002,0,70.71,0.289,100,0.57,12.001,57,26.67,0.00,0,4.6,0.103
1071,9438.725,AllocLarge,2B,0.281,0.0,0.000,0.00,18.870,18.870,2,9.378,0.170,0,99.89,0.002,0,70.71,0.289,100,0.57,18.401,47,52.18,0.00,0,3.1,0.082
1072,9444.808,AllocLarge,2B,0.319,14.3,0.000,0.00,19.670,12.470,2,9.378,0.170,0,0.00,0.002,0,70.71,0.289,100,0.57,12.001,57,26.67,0.00,0,4.8,0.114
1073,9454.313,AllocLarge,2B,0.266,10.0,0.000,0.00,18.871,18.871,2,9.378,0.170,0,99.62,0.002,0,70.71,0.289,100,0.57,18.401,47,52.18,0.00,0,3.0,0.083
1074,9460.311,AllocLarge,2B,0.318,12.5,0.000,0.00,19.671,12.470,2,9.378,0.170,0,0.00,0.002,0,70.71,0.289,100,0.57,12.001,57,26.67,0.00,0,4.8,0.115
1075,9469.711,AllocLarge,2B,0.298,0.0,0.000,0.00,18.871,18.871,2,9.378,0.170,0,99.62,0.002,0,70.71,0.289,100,0.57,18.401,47,52.18,0.00,0,3.4,0.100
1076,9475.742,AllocLarge,2B,0.767,22.2,0.000,0.00,19.671,12.471,2,9.378,0.170,0,0.00,0.002,0,70.71,0.289,100,0.57,12.001,57,26.67,0.00,0,10.8,0.578
1077,9485.099,AllocLarge,2B,0.286,11.1,0.000,0.00,18.871,18.871,2,9.378,0.171,0,99.63,0.002,0,70.71,0.289,100,0.57,18.401,47,52.18,0.00,0,3.4,0.082
1078,9491.170,AllocLarge,2B,0.360,12.5,0.106,15.58,19.671,12.471,2,9.378,0.171,0,0.00,0.002,0,70.71,0.289,100,0.57,12.001,57,26.67,0.00,0,5.3,0.155
1079,9500.499,AllocLarge,2B,0.312,11.1,0.000,0.00,18.872,18.872,2,9.378,0.171,0,99.63,0.002,0,70.71,0.289,100,0.57,18.401,47,52.18,0.00,0,3.6,0.083
1080,9506.636,AllocLarge,2B,0.911,22.2,0.000,0.00,19.672,12.471,2,9.378,0.171,0,0.00,0.002,0,70.71,0.289,100,0.57,12.001,57,26.67,0.00,0,12.5,0.727
1081,9515.795,AllocLarge,2B,0.279,0.0,0.000,0.00,19.672,18.872,2,9.378,0.171,0,99.89,0.002,0,70.71,0.289,100,0.57,18.401,45,52.18,0.00,0,3.5,0.082
1082,9521.897,AllocLarge,2B,0.501,25.0,0.000,0.00,19.672,12.472,2,9.378,0.171,0,0.00,0.002,0,70.71,0.289,100,0.57,12.001,57,26.67,0.00,0,7.3,0.253
1083,9531.093,AllocLarge,2B,0.269,10.0,0.000,0.00,18.872,18.872,2,9.378,0.172,0,99.63,0.002,0,70.71,0.289,100,0.57,18.401,47,52.18,0.00,0,3.2,0.077
1084,9537.061,AllocLarge,2B,0.271,14.3,0.000,0.00,19.672,12.472,2,9.378,0.172,0,0.00,0.002,0,70.71,0.289,100,0.57,12.001,57,26.67,0.00,0,4.1,0.083
1085,9546.451,AllocLarge,2B,0.269,10.0,0.000,0.00,18.873,18.873,2,9.378,0.172,0,99.63,0.002,0,70.71,0.289,100,0.57,18.401,47,52.18,0.00,0,3.1,0.082
1086,9552.432,AllocLarge,2B,0.902,11.1,0.000,0.00,19.673,12.472,2,9.378,0.172,0,0.00,0.002,0,70.71,0.289,100,0.57,12.001,57,26.67,0.00,0,12.6,0.730
1087,9561.940,AllocLarge,2B,0.284,10.0,0.000,0.00,19.673,18.873,2,9.378,0.172,0,99.63,0.002,0,70.71,0.289,100,0.57,18.401,45,52.18,0.00,0,3.4,0.102
1088,9567.968,AllocLarge,2B,0.288,14.3,0.000,0.00,19.673,12.473,2,9.378,0.172,0,0.00,0.002,0,70.71,0.289,100,0.57,12.001,57,26.67,0.00,0,4.3,0.083
1089,9577.540,AllocLarge,2B,0.269,0.0,0.000,0.00,18.873,18.873,2,9.378,0.173,0,99.63,0.002,0,70.71,0.289,100,0.57,18.401,47,52.18,0.00,0,3.0,0.082
1090,9583.795,AllocLarge,2B,0.392,12.5,0.106,14.85,19.673,12.473,2,9.378,0.173,0,0.00,0.002,0,70.71,0.289,100,0.57,12.001,57,26.67,0.00,0,5.5,0.169
1091,9593.491,AllocLarge,2B,0.271,0.0,0.000,0.00,18.874,18.874,2,9.378,0.173,0,99.63,0.002,0,70.71,0.289,100,0.57,18.401,47,52.18,0.00,0,3.1,0.088
1092,9599.453,AllocLarge,2B,0.865,22.2,0.000,0.00,19.674,12.473,2,9.378,0.173,0,0.00,0.002,0,70.71,0.289,100,0.57,12.001,57,26.67,0.00,0,12.1,0.701
1093,9608.687,AllocLarge,2B,0.286,11.1,0.000,0.00,19.674,18.874,2,9.378,0.173,0,99.63,0.002,0,70.71,0.289,100,0.57,18.401,45,52.18,0.00,0,3.6,0.077
1094,9614.756,AllocLarge,2B,0.939,11.1,0.000,0.00,19.674,12.474,2,9.378,0.173,0,0.00,0.002,0,70.71,0.289,100,0.57,12.001,57,26.67,0.00,0,12.9,0.759
1095,9624.079,AllocLarge,2B,0.282,11.1,0.000,0.00,19.674,18.874,2,9.378,0.174,0,99.89,0.002,0,70.71,0.289,100,0.57,18.401,45,52.18,0.00,0,3.5,0.101
1096,9630.007,AllocLarge,2B,0.437,12.5,0.000,0.00,19.674,12.474,2,9.378,0.174,0,0.00,0.002,0,70.71,0.289,100,0.57,12.001,57,26.67,0.00,0,6.6,0.264
1097,9639.249,AllocLarge,2B,0.287,11.1,0.000,0.00,18.875,18.875,2,9.378,0.174,0,99.89,0.002,0,70.71,0.289,100,0.57,18.401,47,52.18,0.00,0,3.3,0.081
1098,9645.222,AllocLarge,2B,0.905,22.2,0.000,0.00,19.675,12.474,2,9.378,0.174,0,0.00,0.002,0,70.71,0.289,100,0.57,12.001,57,26.67,0.00,0,12.8,0.719
1099,9654.527,AllocLarge,2B,0.286,11.1,0.000,0.00,19.675,18.875,2,9.378,0.174,0,99.63,0.002,0,70.71,0.289,100,0.57,18.401,45,52.18,0.00,0,3.5,0.083
1100,9660.596,AllocLarge,2B,0.587,12.5,0.000,0.00,19.675,12.475,2,9.378,0.174,0,0.00,0.002,0,70.71,0.289,100,0.57,12.001,57,26.67,0.00,0,8.4,0.401
1101,9669.766,AllocLarge,2B,0.268,11.1,0.000,0.00,18.875,18.875,2,9.378,0.175,0,99.63,0.002,0,70.71,0.289,100,0.57,18.401,47,52.18,0.00,0,3.2,0.081
1102,9676.138,AllocLarge,2B,0.376,11.1,0.106,14.98,19.675,12.475,2,9.378,0.175,0,0.00,0.002,0,70.71,0.289,100,0.57,12.001,57,26.67,0.00,0,5.3,0.163
1103,9685.317,AllocLarge,2B,0.321,0.0,0.000,0.00,18.876,18.876,2,9.378,0.175,0,99.89,0.002,0,70.71,0.289,100,0.57,18.401,47,52.18,0.00,0,3.8,0.093
1104,9691.564,AllocLarge,2B,0.907,22.2,0.000,0.00,19.676,12.475,2,9.378,0.175,0,0.00,0.002,0,70.71,0.289,100,0.57,12.001,57,26.67,0.00,0,12.2,0.712
1105,9700.754,AllocLarge,2B,0.306,11.1,0.000,0.00,19.676,18.876,2,9.378,0.175,0,99.90,0.002,0,70.71,0.289,100,0.57,18.401,45,52.18,0.00,0,3.8,0.113
1106,9706.881,AllocLarge,2B,0.362,14.3,0.000,0.00,19.676,12.476,2,9.378,0.175,0,0.00,0.002,0,70.71,0.289,100,0.57,12.001,57,26.67,0.00,0,5.3,0.138
1107,9716.206,AllocLarge,2B,0.244,0.0,0.000,0.00,18.876,18.876,2,9.378,0.176,0,99.64,0.002,0,70.71,0.289,100,0.57,18.401,47,52.18,0.00,0,2.9,0.079
1108,9722.556,AllocLarge,2B,0.336,12.5,0.000,0.00,19.676,12.476,2,9.378,0.176,0,0.00,0.002,0,70.71,0.289,100,0.57,12.001,57,26.67,0.00,0,4.8,0.130
1109,9731.827,AllocLarge,2B,0.271,0.0,0.000,0.00,18.877,18.877,2,9.378,0.176,0,99.64,0.002,0,70.71,0.289,100,0.57,18.401,47,52.18,0.00,0,3.1,0.079
1110,9737.874,AllocLarge,2B,0.423,25.0,0.000,0.00,19.677,12.476,2,9.378,0.176,0,0.00,0.002,0,70.71,0.289,100,0.57,12.001,57,26.67,0.00,0,6.2,0.165
1111,9747.233,AllocLarge,2B,0.260,0.0,0.000,0.00,18.877,18.877,2,9.378,0.176,0,99.64,0.002,0,70.71,0.289,100,0.57,18.401,47,52.18,0.00,0,3.0,0.084
1112,9753.237,AllocLarge,2B,0.906,20.0,0.000,0.00,19.677,12.477,2,9.378,0.176,0,0.00,0.002,0,70.71,0.289,100,0.57,12.001,57,26.67,0.00,0,12.5,0.724
1113,9762.458,AllocLarge,2B,0.253,0.0,0.000,0.00,19.677,18.877,2,9.378,0.177,0,99.64,0.002,0,70.71,0.289,100,0.57,18.401,45,52.18,0.00,0,3.2,0.076
1114,9768.473,AllocLarge,2B,0.299,12.5,0.106,15.87,19.677,12.477,2,9.378,0.177,0,0.00,0.002,0,70.71,0.289,100,0.57,12.001,57,26.67,0.00,0,4.5,0.108
1115,9777.694,AllocLarge,2B,0.280,0.0,0.000,0.00,18.878,18.878,2,9.378,0.177,0,99.64,0.002,0,70.71,0.289,100,0.57,18.401,47,52.18,0.00,0,3.2,0.082
1116,9783.957,AllocLarge,2B,0.941,12.5,0.000,0.00,19.678,12.477,2,9.378,0.177,0,0.00,0.002,0,70.71,0.289,100,0.57,12.001,57,26.67,0.00,0,12.5,0.730
1117,9793.356,AllocLarge,2B,0.287,0.0,0.000,0.00,19.678,18.878,2,9.378,0.177,0,99.64,0.002,0,70.71,0.289,100,0.57,18.401,45,52.18,0.00,0,3.5,0.081
1118,9799.454,AllocLarge,2B,0.433,14.3,0.000,0.00,19.678,12.478,2,9.378,0.177,0,0.00,0.002,0,70.71,0.289,100,0.57,12.001,57,26.67,0.00,0,6.4,0.155
1119,9809.307,AllocLarge,2B,0.317,10.0,0.000,0.00,18.878,18.878,2,9.378,0.178,0,99.64,0.002,0,70.71,0.289,100,0.57,18.401,47,52.18,0.00,0,3.5,0.108
1120,9815.494,AllocLarge,2B,0.387,14.3,0.000,0.00,19.678,12.478,2,9.378,0.178,0,0.00,0.002,0,70.71,0.289,100,0.57,12.001,57,26.67,0.00,0,5.8,0.186
1121,9824.817,AllocLarge,2B,0.266,10.0,0.000,0.00,18.879,18.879,2,9.378,0.178,0,99.64,0.002,0,70.71,0.289,100,0.57,18.401,47,52.18,0.00,0,3.1,0.080
1122,9830.951,AllocLarge,2B,0.379,12.5,0.000,0.00,19.679,12.478,2,9.378,0.178,0,0.00,0.002,0,70.71,0.289,100,0.57,12.001,57,26.67,0.00,0,5.6,0.163
1123,9840.663,AllocLarge,2B,0.235,10.0,0.000,0.00,18.879,18.879,2,9.378,0.178,0,99.64,0.002,0,70.71,0.289,100,0.57,18.401,47,52.18,0.00,0,2.6,0.080
1124,9846.695,AllocLarge,2B,1.098,12.5,0.000,0.00,19.679,12.479,2,9.378,0.178,0,0.00,0.002,0,70.71,0.289,100,0.57,12.001,57,26.67,0.00,0,14.7,0.899
1125,9856.094,AllocLarge,2B,0.265,0.0,0.000,0.00,19.679,18.879,2,9.378,0.179,0,99.64,0.002,0,70.71,0.289,100,0.57,18.401,45,52.18,0.00,0,3.3,0.081
1126,9862.319,AllocLarge,2B,1.034,12.5,0.106,13.99,19.679,12.479,2,9.378,0.179,0,0.00,0.002,0,70.71,0.289,100,0.57,12.001,57,26.67,0.00,0,13.7,0.878
1127,9872.483,AllocLarge,2B,0.262,11.1,0.000,0.00,19.680,18.880,2,9.378,0.179,0,99.64,0.002,0,70.71,0.289,100,0.57,18.401,45,52.18,0.00,0,3.0,0.081
1128,9878.563,AllocLarge,2B,0.273,12.5,0.000,0.00,19.680,12.479,2,9.378,0.179,0,0.00,0.002,0,70.71,0.289,100,0.57,12.001,57,26.67,0.00,0,4.1,0.111
1129,9887.846,AllocLarge,2B,0.284,0.0,0.000,0.00,18.880,18.880,2,9.378,0.179,0,99.90,0.002,0,70.71,0.289,100,0.57,18.401,47,52.18,0.00,0,3.2,0.111
1130,9894.140,AllocLarge,2B,0.992,30.0,0.000,0.00,19.680,12.480,2,9.378,0.179,0,0.00,0.002,0,70.71,0.289,100,0.57,12.001,57,26.67,0.00,0,13.1,0.733
1131,9903.801,AllocLarge,2B,0.302,10.0,0.000,0.00,18.880,18.880,2,9.378,0.180,0,99.64,0.002,0,70.71,0.289,100,0.57,18.401,47,52.18,0.00,0,3.5,0.081
1132,9909.797,AllocLarge,2B,0.323,12.5,0.000,0.00,19.680,12.480,2,9.378,0.180,0,0.00,0.002,0,70.71,0.289,100,0.57,12.001,57,26.67,0.00,0,4.9,0.140
1133,9918.872,AllocLarge,2B,0.254,0.0,0.000,0.00,18.881,18.881,2,9.378,0.180,0,99.64,0.002,0,70.71,0.289,100,0.57,18.401,47,52.18,0.00,0,3.0,0.082
1134,9924.857,AllocLarge,2B,0.330,14.3,0.000,0.00,19.681,12.480,2,9.378,0.180,0,0.00,0.002,0,70.71,0.289,100,0.57,12.001,57,26.67,0.00,0,4.9,0.117
1135,9934.039,AllocLarge,2B,0.268,0.0,0.000,0.00,18.881,18.881,2,9.378,0.180,0,99.65,0.002,0,70.71,0.289,100,0.57,18.401,47,52.18,0.00,0,3.1,0.077
1136,9940.277,AllocLarge,2B,0.315,12.5,0.000,0.00,19.681,12.481,2,9.378,0.180,0,0.00,0.002,0,70.71,0.289,100,0.57,12.001,57,26.67,0.00,0,4.5,0.103
1137,9949.899,AllocLarge,2B,0.284,10.0,0.000,0.00,18.881,18.881,2,9.378,0.181,0,99.90,0.002,0,70.71,0.289,100,0.57,18.401,47,52.18,0.00,0,3.2,0.092
1138,9956.041,AllocLarge,2B,0.328,14.3,0.106,15.55,19.681,12.481,2,9.378,0.181,0,0.00,0.002,0,70.71,0.289,100,0.57,12.001,57,26.67,0.00,0,4.8,0.110
1139,9965.361,AllocLarge,2B,0.262,0.0,0.000,0.00,18.882,18.882,2,9.378,0.181,0,99.65,0.002,0,70.71,0.289,100,0.57,18.401,47,52.18,0.00,0,3.0,0.082
1140,9971.424,AllocLarge,2B,0.310,12.5,0.000,0.00,19.682,12.481,2,9.378,0.181,0,0.00,0.002,0,70.71,0.289,100,0.57,12.001,57,26.67,0.00,0,4.6,0.111
1141,9980.602,AllocLarge,2B,0.268,11.1,0.000,0.00,18.882,18.882,2,9.378,0.182,0,99.65,0.002,0,70.71,0.289,100,0.57,18.401,47,52.18,0.00,0,3.2,0.099
1142,9986.534,AllocLarge,2B,0.938,12.5,0.000,0.00,19.682,12.482,2,9.378,0.182,0,0.00,0.002,0,70.71,0.289,100,0.57,12.001,57,26.67,0.00,0,13.1,0.755
1143,9995.486,AllocLarge,2B,0.260,0.0,0.000,0.00,20.483,18.882,2,9.378,0.182,0,99.65,0.002,0,70.71,0.289,100,0.57,18.401,43,52.18,0.00,0,3.4,0.081
1144,10001.339,AllocLarge,2B,1.090,20.0,0.000,0.00,19.682,12.482,2,9.378,0.182,0,0.00,0.002,0,70.71,0.289,100,0.57,12.001,57,26.67,0.00,0,14.9,0.875
1145,10010.738,AllocLarge,2B,0.260,11.1,0.000,0.00,20.483,18.883,2,9.378,0.182,0,99.65,0.002,0,70.71,0.289,100,0.57,18.401,43,52.18,0.00,0,3.3,0.080
1146,10016.543,AllocLarge,2B,1.123,20.0,0.000,0.00,19.683,12.482,2,9.378,0.182,0,0.00,0.002,0,70.71,0.289,100,0.57,12.001,57,26.67,0.00,0,15.4,0.873
1147,10026.049,AllocLarge,2B,0.263,0.0,0.000,0.00,19.683,18.883,2,9.378,0.183,0,99.65,0.002,0,70.71,0.289,100,0.57,18.401,45,52.18,0.00,0,3.3,0.082
1148,10031.860,AllocLarge,2B,0.248,14.3,0.000,0.00,19.683,12.483,2,9.378,0.183,0,0.00,0.002,0,70.71,0.289,100,0.57,12.001,57,26.67,0.00,0,3.9,0.094
1149,10040.971,AllocLarge,2B,0.311,0.0,0.000,0.00,18.883,18.883,2,9.378,0.183,0,99.65,0.002,0,70.71,0.289,100,0.57,18.401,47,52.18,0.00,0,3.6,0.130
1150,10046.844,AllocLarge,2B,0.266,14.3,0.106,16.61,19.683,12.483,2,9.378,0.183,0,0.00,0.002,0,70.71,0.289,100,0.57,12.001,57,26.67,0.00,0,4.2,0.078
1151,10056.047,AllocLarge,2B,0.252,0.0,0.000,0.00,18.884,18.884,2,9.378,0.183,0,99.65,0.002,0,70.71,0.289,100,0.57,18.401,47,52.18,0.00,0,2.9,0.079
1152,10061.870,AllocLarge,2B,0.267,14.3,0.000,0.00,19.684,12.483,2,9.378,0.183,0,0.00,0.002,0,70.71,0.289,100,0.57,12.001,57,26.67,0.00,0,4.2,0.107
1153,10070.961,AllocLarge,2B,0.249,0.0,0.000,0.00,18.884,18.884,2,9.378,0.184,0,99.65,0.002,0,70.71,0.289,100,0.57,18.401,47,52.18,0.00,0,2.9,0.079
1154,10076.872,AllocLarge,2B,0.786,11.1,0.000,0.00,19.684,12.484,2,9.378,0.184,0,0.00,0.002,0,70.71,0.289,100,0.57,12.001,57,26.67,0.00,0,11.2,0.596
1155,10086.218,AllocLarge,2B,0.336,10.0,0.000,0.00,18.884,18.884,2,9.378,0.184,0,99.65,0.002,0,70.71,0.289,100,0.57,18.401,47,52.18,0.00,0,4.0,0.111
1156,10092.449,AllocLarge,2B,0.596,14.3,0.000,0.00,19.684,12.484,2,9.378,0.184,0,0.00,0.002,0,70.71,0.289,100,0.57,12.001,57,26.67,0.00,0,8.5,0.413
1157,10101.590,AllocLarge,2B,0.285,11.1,0.000,0.00,18.885,18.885,2,9.378,0.184,0,99.65,0.002,0,70.71,0.289,100,0.57,18.401,47,52.18,0.00,0,3.4,0.081
1158,10107.500,AllocLarge,2B,0.365,12.5,0.000,0.00,19.685,12.484,2,9.378,0.184,0,0.00,0.002,0,70.71,0.289,100,0.57,12.001,57,26.67,0.00,0,5.5,0.086
1159,10116.786,AllocLarge,2B,0.286,10.0,0.000,0.00,18.885,18.885,2,9.378,0.185,0,99.65,0.002,0,70.71,0.289,100,0.57,18.401,47,52.18,0.00,0,3.3,0.081
1160,10122.695,AllocLarge,2B,0.293,14.3,0.000,0.00,19.685,12.485,2,9.378,0.185,0,0.00,0.002,0,70.71,0.289,100,0.57,12.001,57,26.67,0.00,0,4.5,0.110
1161,10131.693,AllocLarge,2B,0.268,12.5,0.000,0.00,18.885,18.885,2,9.378,0.185,0,99.65,0.002,0,70.71,0.289,100,0.57,18.401,47,52.18,0.00,0,3.2,0.080
1162,10137.545,AllocLarge,2B,0.444,16.7,0.106,15.89,19.686,12.485,2,9.378,0.185,0,0.00,0.002,0,70.71,0.289,100,0.57,12.001,57,26.67,0.00,0,6.7,0.249
1163,10146.547,AllocLarge,2B,0.259,10.0,0.000,0.00,18.886,18.886,2,9.378,0.185,0,99.65,0.002,0,70.71,0.289,100,0.57,18.401,47,52.18,0.00,0,3.2,0.076
1164,10152.398,AllocLarge,2B,1.046,22.2,0.000,0.00,19.686,12.485,2,9.378,0.185,0,0.00,0.002,0,70.71,0.289,100,0.57,12.001,57,26.67,0.00,0,14.5,0.868
1165,10161.684,AllocLarge,2B,0.255,0.0,0.000,0.00,20.486,18.886,2,9.378,0.186,0,99.66,0.002,0,70.71,0.289,100,0.57,18.401,43,52.18,0.00,0,3.2,0.079
1166,10167.537,AllocLarge,2B,1.058,22.2,0.000,0.00,19.686,12.486,2,9.378,0.186,0,0.00,0.002,0,70.71,0.289,100,0.57,12.001,57,26.67,0.00,0,14.5,0.890
1167,10176.998,AllocLarge,2B,0.305,11.1,0.000,0.00,19.687,18.886,2,9.378,0.186,0,99.66,0.002,0,70.71,0.289,100,0.57,18.401,45,52.18,0.00,0,3.8,0.124
1168,10182.874,AllocLarge,2B,0.577,0.0,0.000,0.00,19.687,12.486,2,9.378,0.186,0,0.00,0.002,0,70.71,0.289,100,0.57,12.001,57,26.67,0.00,0,8.6,0.408
1169,10192.204,AllocLarge,2B,0.349,0.0,0.000,0.00,18.887,18.887,2,9.378,0.186,0,99.66,0.002,0,70.71,0.289,100,0.57,18.401,47,52.18,0.00,0,4.1,0.132
1170,10198.317,AllocLarge,2B,0.933,12.5,0.000,0.00,19.687,12.486,2,9.378,0.186,0,0.00,0.002,0,70.71,0.289,100,0.57,12.001,57,26.67,0.00,0,12.9,0.760
1171,10207.387,AllocLarge,2B,0.276,12.5,0.000,0.00,19.687,18.887,2,9.378,0.187,0,99.66,0.002,0,70.71,0.289,100,0.57,18.401,45,52.18,0.00,0,3.5,0.080
1172,10213.260,AllocLarge,2B,0.286,12.5,0.000,0.00,19.687,12.487,2,9.378,0.187,0,0.00,0.002,0,70.71,0.289,100,0.57,12.001,57,26.67,0.00,0,4.5,0.108
1173,10222.379,AllocLarge,2B,0.253,0.0,0.000,0.00,18.887,18.887,2,9.378,0.187,0,99.66,0.002,0,70.71,0.289,100,0.57,18.401,47,52.18,0.00,0,3.0,0.080
1174,10228.232,AllocLarge,2B,0.883,25.0,0.106,14.88,19.688,12.487,2,9.378,0.187,0,0.00,0.002,0,70.71,0.289,100,0.57,12.001,57,26.67,0.00,0,12.4,0.733
1175,10237.232,AllocLarge,2B,0.250,0.0,0.000,0.00,19.688,18.888,2,9.378,0.187,0,99.66,0.002,0,70.71,0.289,100,0.57,18.401,45,52.18,0.00,0,3.2,0.078
1176,10243.052,AllocLarge,2B,0.885,33.3,0.000,0.00,19.688,12.487,2,9.378,0.187,0,0.00,0.002,0,70.71,0.289,100,0.57,12.001,57,26.67,0.00,0,12.5,0.721
1177,10252.134,AllocLarge,2B,0.305,0.0,0.000,0.00,19.688,18.888,2,9.378,0.188,0,99.90,0.002,0,70.71,0.289,100,0.57,18.401,45,52.18,0.00,0,3.9,0.086
1178,10258.557,AllocLarge,2B,1.097,25.0,0.000,0.00,19.688,12.488,2,9.378,0.188,0,0.00,0.002,0,70.71,0.289,100,0.57,12.001,57,26.67,0.00,0,14.1,0.916
1179,10267.875,AllocLarge,2B,0.255,0.0,0.000,0.00,19.689,18.888,2,9.378,0.188,0,99.66,0.002,0,70.71,0.289,100,0.57,18.401,45,52.18,0.00,0,3.2,0.080
1180,10273.801,AllocLarge,2B,0.251,14.3,0.000,0.00,19.689,12.488,2,9.378,0.188,0,0.00,0.002,0,70.71,0.289,100,0.57,12.001,57,26.67,0.00,0,3.9,0.078
1181,10282.739,AllocLarge,2B,0.247,0.0,0.000,0.00,18.889,18.889,2,9.378,0.188,0,99.66,0.002,0,70.71,0.289,100,0.57,18.401,47,52.18,0.00,0,2.9,0.081
1182,10288.872,AllocLarge,2B,1.097,22.2,0.000,0.00,19.689,12.488,2,9.378,0.188,0,0.00,0.002,0,70.71,0.289,100,0.57,12.001,57,26.67,0.00,0,14.4,0.913
1183,10298.122,AllocLarge,2B,0.273,11.1,0.000,0.00,19.689,18.889,2,9.378,0.189,0,99.66,0.002,0,70.71,0.289,100,0.57,18.401,45,52.18,0.00,0,3.5,0.078
1184,10304.276,AllocLarge,2B,1.143,12.5,0.000,0.00,19.689,12.489,2,9.378,0.189,0,0.00,0.002,0,70.71,0.289,100,0.57,12.001,57,26.67,0.00,0,15.0,0.919
1185,10314.054,AllocLarge,2B,0.310,0.0,0.000,0.00,19.690,18.889,2,9.378,0.189,0,99.66,0.002,0,70.71,0.289,100,0.57,18.401,45,52.18,0.00,0,3.7,0.099
1186,10320.571,AllocLarge,2B,0.811,14.3,0.106,13.84,19.690,12.489,2,9.378,0.189,0,0.00,0.002,0,70.71,0.289,100,0.57,12.001,57,26.67,0.00,0,10.6,0.573
1187,10330.551,AllocLarge,2B,0.300,10.0,0.000,0.00,18.890,18.890,2,9.378,0.189,0,99.66,0.002,0,70.71,0.289,100,0.57,18.401,47,52.18,0.00,0,3.4,0.081
1188,10336.993,AllocLarge,2B,0.604,11.1,0.000,0.00,19.690,12.489,2,9.378,0.189,0,0.00,0.002,0,70.71,0.289,100,0.57,12.001,57,26.67,0.00,0,8.3,0.407
1189,10346.781,AllocLarge,2B,0.317,10.0,0.000,0.00,18.890,18.890,2,9.378,0.190,0,99.66,0.002,0,70.71,0.289,100,0.57,18.401,47,52.18,0.00,0,3.5,0.124
1190,10353.226,AllocLarge,2B,1.156,11.1,0.000,0.00,19.690,12.490,2,9.378,0.190,0,0.00,0.002,0,70.71,0.289,100,0.57,12.001,57,26.67,0.00,0,14.8,0.950
1191,10363.157,AllocLarge,2B,0.357,12.5,0.000,0.00,19.691,18.890,2,9.378,0.190,0,99.66,0.002,0,70.71,0.289,100,0.57,18.401,45,52.18,0.00,0,4.1,0.124
1192,10369.637,AllocLarge,2B,0.343,11.1,0.000,0.00,19.691,12.490,2,9.378,0.190,0,0.00,0.002,0,70.71,0.289,100,0.57,12.001,57,26.67,0.00,0,4.8,0.120
1193,10379.418,AllocLarge,2B,0.290,11.1,0.000,0.00,18.891,18.891,2,9.378,0.190,0,99.66,0.002,0,70.71,0.289,100,0.57,18.401,47,52.18,0.00,0,3.2,0.081
1194,10385.757,AllocLarge,2B,0.953,11.1,0.000,0.00,19.691,12.490,2,9.378,0.190,0,0.00,0.002,0,70.71,0.289,100,0.57,12.001,57,26.67,0.00,0,12.5,0.767
1195,10395.595,AllocLarge,2B,0.357,11.1,0.000,0.00,19.691,18.891,2,9.378,0.191,0,99.66,0.002,0,70.71,0.289,100,0.57,18.401,45,52.18,0.00,0,4.1,0.125
1196,10402.102,AllocLarge,2B,0.378,12.5,0.000,0.00,19.691,12.491,2,9.378,0.191,0,0.00,0.002,0,70.71,0.289,100,0.57,12.001,57,26.67,0.00,0,5.3,0.161
1197,10411.966,AllocLarge,2B,0.315,9.1,0.000,0.00,18.891,18.891,2,9.378,0.191,0,99.66,0.002,0,70.71,0.289,100,0.57,18.401,47,52.18,0.00,0,3.5,0.107
1198,10418.363,AllocLarge,2B,0.393,12.5,0.106,14.97,19.692,12.491,2,9.378,0.191,0,0.00,0.002,0,70.71,0.289,100,0.57,12.001,57,26.67,0.00,0,5.6,0.141
1199,10428.230,AllocLarge,2B,0.307,9.1,0.000,0.00,18.892,18.892,2,9.378,0.191,0,99.90,0.002,0,70.71,0.289,100,0.57,18.401,47,52.18,0.00,0,3.3,0.083
1200,10434.720,AllocLarge,2B,0.600,11.1,0.000,0.00,19.692,12.491,2,9.378,0.191,0,0.00,0.002,0,70.71,0.289,100,0.57,12.001,57,26.67,0.00,0,8.2,0.407
1201,10444.603,AllocLarge,2B,0.324,10.0,0.000,0.00,18.892,18.892,2,9.378,0.192,0,99.90,0.002,0,70.71,0.289,100,0.57,18.401,47,52.18,0.00,0,3.6,0.118
1202,10451.066,AllocLarge,2B,0.302,14.3,0.000,0.00,19.692,12.492,2,9.378,0.192,0,0.00,0.002,0,70.71,0.289,100,0.57,12.001,57,26.67,0.00,0,4.3,0.114
1203,10460.891,AllocLarge,2B,0.306,0.0,0.000,0.00,18.893,18.893,2,9.378,0.192,0,99.67,0.002,0,70.71,0.289,100,0.57,18.401,47,52.18,0.00,0,3.3,0.085
1204,10467.576,AllocLarge,2B,0.399,11.1,0.000,0.00,19.693,12.492,2,9.378,0.192,0,0.00,0.002,0,70.71,0.289,100,0.57,12.001,57,26.67,0.00,0,5.4,0.160
1205,10477.690,AllocLarge,2B,0.271,0.0,0.000,0.00,18.893,18.893,2,9.378,0.192,0,99.67,0.002,0,70.71,0.289,100,0.57,18.401,47,52.18,0.00,0,2.9,0.081
1206,10484.023,AllocLarge,2B,0.340,12.5,0.000,0.00,19.693,12.492,2,9.378,0.192,0,0.00,0.002,0,70.71,0.289,100,0.57,12.001,57,26.67,0.00,0,4.9,0.089
1207,10494.020,AllocLarge,2B,0.372,10.0,0.000,0.00,18.893,18.893,2,9.378,0.193,0,99.90,0.002,0,70.71,0.289,100,0.57,18.401,47,52.18,0.00,0,3.9,0.137
1208,10500.563,AllocLarge,2B,0.277,12.5,0.000,0.00,19.693,12.493,2,9.378,0.193,0,0.00,0.002,0,70.71,0.289,100,0.57,12.001,57,26.67,0.00,0,3.9,0.082
1209,10510.437,AllocLarge,2B,0.307,0.0,0.000,0.00,18.894,18.894,2,9.378,0.193,0,99.67,0.002,0,70.71,0.289,100,0.57,18.401,47,52.18,0.00,0,3.3,0.087
1210,10516.844,AllocLarge,2B,0.931,22.2,0.106,13.89,19.694,12.493,2,9.378,0.193,0,0.00,0.002,0,70.71,0.289,100,0.57,12.001,57,26.67,0.00,0,12.2,0.755
1211,10526.648,AllocLarge,2B,0.334,0.0,0.000,0.00,19.694,18.894,2,9.378,0.193,0,99.67,0.002,0,70.71,0.289,100,0.57,18.401,45,52.18,0.00,0,3.9,0.111
1212,10533.148,AllocLarge,2B,0.305,11.1,0.000,0.00,19.694,12.493,2,9.378,0.193,0,0.00,0.002,0,70.71,0.289,100,0.57,12.001,57,26.67,0.00,0,4.3,0.084
1213,10542.953,AllocLarge,2B,0.279,0.0,0.000,0.00,18.894,18.894,2,9.378,0.194,0,99.67,0.002,0,70.71,0.289,100,0.57,18.401,47,52.18,0.00,0,3.0,0.090
1214,10549.353,AllocLarge,2B,1.143,20.0,0.000,0.00,19.694,12.494,2,9.378,0.194,0,0.00,0.002,0,70.71,0.289,100,0.57,12.001,57,26.67,0.00,0,14.6,0.896
1215,10559.199,AllocLarge,2B,0.270,0.0,0.000,0.00,19.695,18.895,2,9.378,0.194,0,99.67,0.002,0,70.71,0.289,100,0.57,18.401,45,52.18,0.00,0,3.2,0.083
1216,10565.579,AllocLarge,2B,0.291,12.5,0.000,0.00,19.695,12.494,2,9.378,0.194,0,0.00,0.002,0,70.71,0.289,100,0.57,12.001,57,26.67,0.00,0,4.2,0.081
1217,10575.767,AllocLarge,2B,0.271,0.0,0.000,0.00,18.895,18.895,2,9.378,0.194,0,99.67,0.002,0,70.71,0.289,100,0.57,18.401,47,52.18,0.00,0,2.8,0.084
1218,10582.266,AllocLarge,2B,0.932,11.1,0.000,0.00,19.695,12.494,2,9.378,0.194,0,0.00,0.002,0,70.71,0.289,100,0.57,12.001,57,26.67,0.00,0,12.0,0.747
1219,10592.595,AllocLarge,2B,0.308,0.0,0.000,0.00,18.895,18.895,2,9.378,0.195,0,99.67,0.002,0,70.71,0.289,100,0.57,18.401,47,52.18,0.00,0,3.4,0.101
1220,10598.887,AllocLarge,2B,0.307,0.0,0.000,0.00,19.695,12.495,2,9.378,0.195,0,0.00,0.002,0,70.71,0.289,100,0.57,12.001,57,26.67,0.00,0,4.5,0.116
1221,10608.811,AllocLarge,2B,0.312,9.1,0.000,0.00,18.896,18.896,2,9.378,0.195,0,99.67,0.002,0,70.71,0.289,100,0.57,18.401,47,52.18,0.00,0,3.3,0.088
1222,10615.220,AllocLarge,2B,0.338,14.3,0.106,15.20,19.696,12.495,2,9.378,0.195,0,0.00,0.002,0,70.71,0.289,100,0.57,12.001,57,26.67,0.00,0,4.9,0.111
1223,10624.881,AllocLarge,2B,0.302,10.0,0.000,0.00,18.896,18.896,2,9.378,0.195,0,99.67,0.002,0,70.71,0.289,100,0.57,18.401,47,52.18,0.00,0,3.3,0.085
1224,10631.543,AllocLarge,2B,0.384,12.5,0.000,0.00,19.696,12.495,2,9.378,0.195,0,0.00,0.002,0,70.71,0.289,100,0.57,12.001,57,26.67,0.00,0,5.2,0.109
1225,10641.513,AllocLarge,2B,0.311,10.0,0.000,0.00,18.896,18.896,2,9.378,0.196,0,99.67,0.002,0,70.71,0.289,100,0.57,18.401,47,52.18,0.00,0,3.3,0.084
1226,10647.905,AllocLarge,2B,0.948,22.2,0.000,0.00,19.696,12.496,2,9.378,0.196,0,0.00,0.002,0,70.71,0.289,100,0.57,12.001,57,26.67,0.00,0,12.5,0.764
1227,10657.931,AllocLarge,2B,0.307,11.1,0.000,0.00,19.697,18.897,2,9.378,0.196,0,99.67,0.002,0,70.71,0.289,100,0.57,18.401,45,52.18,0.00,0,3.5,0.108
1228,10664.343,AllocLarge,2B,1.117,20.0,0.000,0.00,19.697,12.496,2,9.378,0.196,0,0.00,0.002,0,70.71,0.289,100,0.57,12.001,57,26.67,0.00,0,14.4,0.936
1229,10674.278,AllocLarge,2B,0.265,0.0,0.000,0.00,18.897,18.897,2,9.378,0.196,0,99.67,0.002,0,70.71,0.289,100,0.57,18.401,47,52.18,0.00,0,3.1,0.081
1230,10680.629,AllocLarge,2B,0.336,12.5,0.000,0.00,19.697,12.496,2,9.378,0.196,0,0.00,0.002,0,70.71,0.289,100,0.57,12.001,57,26.67,0.00,0,4.8,0.092
1231,10690.478,AllocLarge,2B,0.319,10.0,0.000,0.00,18.897,18.897,2,9.378,0.197,0,99.67,0.002,0,70.71,0.289,100,0.57,18.401,47,52.18,0.00,0,3.4,0.123
1232,10697.005,AllocLarge,2B,1.054,20.0,0.000,0.00,19.697,12.497,2,9.378,0.197,0,0.00,0.002,0,70.71,0.289,100,0.57,12.001,57,26.67,0.00,0,13.3,0.802
1233,10707.031,AllocLarge,2B,0.271,0.0,0.000,0.00,18.898,18.898,2,9.378,0.197,0,99.68,0.002,0,70.71,0.289,100,0.57,18.401,47,52.18,0.00,0,3.2,0.083
1234,10713.433,AllocLarge,2B,0.300,12.5,0.106,15.06,19.698,12.497,2,9.378,0.197,0,0.00,0.002,0,70.71,0.289,100,0.57,12.001,57,26.67,0.00,0,4.3,0.101
1235,10723.212,AllocLarge,2B,0.278,0.0,0.000,0.00,18.898,18.898,2,9.378,0.197,0,99.68,0.002,0,70.71,0.289,100,0.57,18.401,47,52.18,0.00,0,3.0,0.082
1236,10729.543,AllocLarge,2B,0.941,20.0,0.000,0.00,19.698,12.497,2,9.378,0.197,0,0.00,0.002,0,70.71,0.289,100,0.57,12.001,57,26.67,0.00,0,12.4,0.748
1237,10739.353,AllocLarge,2B,0.304,12.5,0.000,0.00,18.898,18.898,2,9.378,0.198,0,99.68,0.002,0,70.71,0.289,100,0.57,18.401,47,52.18,0.00,0,3.5,0.081
1238,10745.642,AllocLarge,2B,1.232,20.0,0.000,0.00,19.698,12.498,2,9.378,0.198,0,0.00,0.002,0,70.71,0.289,100,0.57,12.001,57,26.67,0.00,0,16.0,0.983
1239,10755.458,AllocLarge,2B,0.283,0.0,0.000,0.00,19.699,18.899,2,9.378,0.198,0,99.68,0.002,0,70.71,0.289,100,0.57,18.401,45,52.18,0.00,0,3.4,0.080
1240,10761.687,AllocLarge,2B,0.632,12.5,0.000,0.00,19.699,12.498,2,9.378,0.198,0,0.00,0.002,0,70.71,0.289,100,0.57,12.001,57,26.67,0.00,0,8.9,0.431
1241,10771.336,AllocLarge,2B,0.288,11.1,0.000,0.00,18.899,18.899,2,9.378,0.198,0,99.68,0.002,0,70.71,0.289,100,0.57,18.401,47,52.18,0.00,0,3.3,0.084
1242,10777.672,AllocLarge,2B,1.122,20.0,0.000,0.00,19.699,12.498,2,9.378,0.198,0,0.00,0.002,0,70.71,0.289,100,0.57,12.001,57,26.67,0.00,0,14.6,0.928
1243,10787.851,AllocLarge,2B,0.320,10.0,0.000,0.00,19.699,18.899,2,9.378,0.199,0,99.68,0.002,0,70.71,0.289,100,0.57,18.401,45,52.18,0.00,0,3.6,0.100
1244,10794.265,AllocLarge,2B,1.158,22.2,0.000,0.00,19.699,12.499,2,9.378,0.199,0,0.00,0.002,0,70.71,0.289,100,0.57,12.001,57,26.67,0.00,0,14.9,0.937
1245,10804.287,AllocLarge,2B,0.278,10.0,0.000,0.00,19.700,18.900,2,9.378,0.199,0,99.68,0.002,0,70.71,0.289,100,0.57,18.401,45,52.18,0.00,0,3.2,0.085
1246,10810.763,AllocLarge,2B,0.659,12.5,0.106,14.33,19.700,12.499,2,9.378,0.199,0,0.00,0.002,0,70.71,0.289,100,0.57,12.001,57,26.67,0.00,0,8.9,0.454
1247,10820.663,AllocLarge,2B,0.331,10.0,0.000,0.00,18.900,18.900,2,9.378,0.199,0,99.68,0.002,0,70.71,0.289,100,0.57,18.401,47,52.18,0.00,0,3.7,0.104
1248,10826.997,AllocLarge,2B,0.330,0.0,0.000,0.00,19.700,12.499,2,9.378,0.199,0,0.00,0.002,0,70.71,0.289,100,0.57,12.001,57,26.67,0.00,0,4.8,0.134
1249,10836.982,AllocLarge,2B,0.283,0.0,0.000,0.00,18.900,18.900,2,9.378,0.200,0,99.68,0.002,0,70.71,0.289,100,0.57,18.401,47,52.18,0.00,0,3.0,0.082
1250,10843.290,AllocLarge,2B,0.382,14.3,0.000,0.00,19.700,12.500,2,9.378,0.200,0,0.00,0.002,0,70.71,0.289,100,0.57,12.001,57,26.67,0.00,0,5.5,0.151
1251,10852.962,AllocLarge,2B,0.275,0.0,0.000,0.00,18.901,18.901,2,9.378,0.200,0,99.91,0.002,0,70.71,0.289,100,0.57,18.401,47,52.18,0.00,0,3.0,0.082
1252,10859.284,AllocLarge,2B,0.676,22.2,0.000,0.00,19.701,12.500,2,9.378,0.200,0,0.00,0.002,0,70.71,0.289,100,0.57,12.001,57,26.67,0.00,0,9.4,0.433
1253,10868.972,AllocLarge,2B,0.287,0.0,0.000,0.00,18.901,18.901,2,9.378,0.200,0,99.68,0.002,0,70.71,0.289,100,0.57,18.401,47,52.18,0.00,0,3.3,0.085
1254,10875.341,AllocLarge,2B,1.063,11.1,0.000,0.00,19.701,12.500,2,9.378,0.200,0,0.00,0.002,0,70.71,0.289,100,0.57,12.001,57,26.67,0.00,0,13.8,0.861
1255,10885.109,AllocLarge,2B,0.274,0.0,0.000,0.00,19.701,18.901,2,9.378,0.201,0,99.68,0.002,0,70.71,0.289,100,0.57,18.401,45,52.18,0.00,0,3.3,0.080
1256,10891.494,AllocLarge,2B,0.611,11.1,0.000,0.00,19.701,12.501,2,9.378,0.201,0,0.00,0.002,0,70.71,0.289,100,0.57,12.001,57,26.67,0.00,0,8.4,0.407
1257,10901.299,AllocLarge,2B,0.318,0.0,0.000,0.00,18.902,18.902,2,9.378,0.201,0,99.68,0.002,0,70.71,0.289,100,0.57,18.401,47,52.18,0.00,0,3.6,0.079
1258,10907.868,AllocLarge,2B,0.969,12.5,0.106,13.54,19.702,12.501,2,9.378,0.201,0,0.00,0.002,0,70.71,0.289,100,0.57,12.001,57,26.67,0.00,0,12.4,0.776
1259,10917.678,AllocLarge,2B,0.336,11.1,0.000,0.00,18.902,18.902,2,9.378,0.201,0,99.68,0.002,0,70.71,0.289,100,0.57,18.401,47,52.18,0.00,0,3.9,0.085
1260,10924.435,AllocLarge,2B,0.292,12.5,0.000,0.00,19.702,12.501,2,9.378,0.201,0,0.00,0.002,0,70.71,0.289,100,0.57,12.001,57,26.67,0.00,0,4.0,0.102
1261,10934.230,AllocLarge,2B,0.280,0.0,0.000,0.00,18.902,18.902,2,9.378,0.202,0,99.68,0.002,0,70.71,0.289,100,0.57,18.401,47,52.18,0.00,0,3.0,0.083
1262,10940.483,AllocLarge,2B,0.414,12.5,0.000,0.00,19.702,12.502,2,9.378,0.202,0,0.00,0.002,0,70.71,0.289,100,0.57,12.001,57,26.67,0.00,0,6.0,0.202
1263,10950.351,AllocLarge,2B,0.339,11.1,0.000,0.00,18.903,18.903,2,9.378,0.202,0,99.68,0.002,0,70.71,0.289,100,0.57,18.401,47,52.18,0.00,0,3.7,0.099
1264,10956.796,AllocLarge,2B,0.469,12.5,0.000,0.00,19.703,12.502,2,9.378,0.202,0,0.00,0.002,0,70.71,0.289,100,0.57,12.001,57,26.67,0.00,0,6.6,0.249
1265,10966.899,AllocLarge,2B,0.364,0.0,0.000,0.00,18.903,18.903,2,9.378,0.202,0,99.68,0.002,0,70.71,0.289,100,0.57,18.401,47,52.18,0.00,0,3.8,0.101
1266,10973.348,AllocLarge,2B,0.944,22.2,0.000,0.00,19.703,12.502,2,9.378,0.202,0,0.00,0.002,0,70.71,0.289,100,0.57,12.001,57,26.67,0.00,0,12.5,0.750
1267,10982.618,AllocLarge,2B,0.309,12.5,0.000,0.00,19.703,18.903,2,9.378,0.203,0,99.68,0.002,0,70.71,0.289,100,0.57,18.401,45,52.18,0.00,0,3.8,0.085
1268,10988.695,AllocLarge,2B,0.445,14.3,0.000,0.00,19.703,12.503,2,9.378,0.203,0,0.00,0.002,0,70.71,0.289,100,0.57,12.001,57,26.67,0.00,0,6.6,0.250
1269,10997.976,AllocLarge,2B,0.267,0.0,0.000,0.00,18.904,18.904,2,9.378,0.203,0,99.68,0.002,0,70.71,0.289,100,0.57,18.401,47,52.18,0.00,0,3.1,0.082
1270,11004.064,AllocLarge,2B,0.632,22.2,0.106,15.03,19.704,12.503,2,9.378,0.203,0,0.00,0.002,0,70.71,0.289,100,0.57,12.001,57,26.67,0.00,0,9.0,0.442
1271,11013.255,AllocLarge,2B,0.268,0.0,0.000,0.00,18.904,18.904,2,9.378,0.203,0,99.69,0.002,0,70.71,0.289,100,0.57,18.401,47,52.18,0.00,0,3.2,0.083
1272,11021.934,AllocLarge,2B,0.597,15.4,0.000,0.00,19.704,12.503,2,9.378,0.203,0,0.00,0.002,0,70.71,0.289,100,0.57,12.001,57,26.67,0.00,0,3.0,0.155
1273,11047.963,AllocLarge,2B,0.956,5.0,0.000,0.00,21.304,19.713,2,10.178,0.212,0,95.83,0.002,0,70.71,0.289,100,0.57,19.201,46,50.00,0.00,0,4.6,0.589
1274,11083.515,AllocLarge,2B,1.004,6.1,0.000,0.00,22.113,14.912,2,9.378,0.212,0,0.23,0.002,0,70.71,0.289,100,0.57,14.401,45,38.89,0.00,0,3.2,0.176
1275,11093.283,AllocLarge,2B,0.312,0.0,0.000,0.00,15.712,15.712,2,9.378,0.212,0,0.39,0.002,0,70.71,0.289,100,0.57,15.201,57,42.11,0.00,0,4.2,0.093
1276,11126.775,AllocLarge,2B,21.695,3.1,0.000,0.00,18.913,18.913,2,9.378,0.212,0,99.91,0.002,0,70.71,0.289,100,0.57,18.401,47,52.18,0.00,0,39.3,0.136
1277,11155.401,AllocLarge,2B,0.342,12.5,0.000,0.00,19.713,12.512,2,9.378,0.212,0,0.00,0.002,0,70.71,0.289,100,0.57,12.001,57,26.67,0.00,0,4.5,0.153
1278,11221.307,AllocLarge,2B,0.504,2.0,0.000,0.00,18.913,18.913,2,9.378,0.213,0,99.70,0.002,0,70.71,0.289,100,0.57,18.401,47,52.18,0.00,0,0.8,0.119
1279,11232.131,AllocLarge,2B,0.806,18.8,0.000,0.00,19.713,12.513,2,9.378,0.213,0,0.00,0.002,0,70.71,0.289,100,0.57,12.001,57,26.67,0.00,0,4.9,0.449
1280,11252.601,AllocLarge,2B,3.606,13.0,0.105,4.88,22.914,21.322,2,10.178,0.221,0,96.06,0.002,0,70.71,0.289,100,0.57,20.801,42,53.85,0.00,0,16.8,3.259
1281,11270.972,AllocLarge,2B,10.226,21.1,0.000,0.00,24.522,14.921,2,9.378,0.221,0,0.00,0.002,0,70.71,0.289,100,0.57,14.401,45,38.89,0.00,0,37.5,9.886
1282,11295.782,AllocLarge,2B,1.546,14.3,0.000,0.00,15.721,15.730,2,9.378,0.229,0,0.16,0.002,0,70.71,0.289,100,0.57,15.201,57,42.11,0.00,0,13.5,1.184
1283,11312.091,AllocLarge,2B,0.347,7.1,0.000,0.00,18.930,18.930,2,9.378,0.230,0,99.72,0.002,0,70.71,0.289,100,0.57,18.401,47,52.18,0.00,0,2.6,0.087
1284,11318.520,AllocLarge,2B,0.983,20.0,0.000,0.00,19.730,12.530,2,9.378,0.230,0,0.00,0.002,0,70.71,0.289,100,0.57,12.001,57,26.67,0.00,0,12.8,0.731
1285,11328.330,AllocLarge,2B,0.378,11.1,0.000,0.00,18.931,18.931,2,9.378,0.230,0,99.72,0.002,0,70.71,0.289,100,0.57,18.401,47,52.18,0.00,0,4.4,0.089
1286,11334.551,AllocLarge,2B,0.311,12.5,0.000,0.00,19.731,12.530,2,9.378,0.230,0,0.00,0.002,0,70.71,0.289,100,0.57,12.001,57,26.67,0.00,0,4.6,0.079
1287,11343.554,AllocLarge,2B,0.241,0.0,0.000,0.00,18.931,18.931,2,9.378,0.230,0,99.72,0.002,0,70.71,0.289,100,0.57,18.401,47,52.18,0.00,0,2.9,0.078
1288,11349.304,AllocLarge,2B,0.267,14.3,0.000,0.00,19.731,12.530,2,9.378,0.230,0,0.00,0.002,0,70.71,0.289,100,0.57,12.001,57,26.67,0.00,0,4.2,0.098
1289,11360.433,AllocLarge,2B,0.325,9.1,0.000,0.00,18.931,18.931,2,9.378,0.231,0,99.72,0.002,0,70.71,0.289,100,0.57,18.401,47,52.18,0.00,0,3.0,0.086
1290,11366.638,AllocLarge,2B,0.355,28.6,0.104,15.33,19.731,12.531,2,9.378,0.231,0,0.00,0.002,0,70.71,0.289,100,0.57,12.001,57,26.67,0.00,0,5.2,0.106
1291,11375.942,AllocLarge,2B,0.255,9.1,0.000,0.00,18.932,18.932,2,9.378,0.231,0,99.72,0.002,0,70.71,0.289,100,0.57,18.401,47,52.18,0.00,0,3.0,0.085
1292,11381.724,AllocLarge,2B,0.752,12.5,0.000,0.00,19.732,12.531,2,9.378,0.231,0,0.00,0.002,0,70.71,0.289,100,0.57,12.001,57,26.67,0.00,0,11.1,0.610
1293,11390.700,AllocLarge,2B,0.264,12.5,0.000,0.00,18.932,18.932,2,9.378,0.231,0,99.72,0.002,0,70.71,0.289,100,0.57,18.401,47,52.18,0.00,0,3.3,0.078
1294,11396.488,AllocLarge,2B,0.396,12.5,0.000,0.00,19.732,12.531,2,9.378,0.231,0,0.00,0.002,0,70.71,0.289,100,0.57,12.001,57,26.67,0.00,0,6.2,0.258
1295,11405.368,AllocLarge,2B,0.220,0.0,0.000,0.00,18.932,18.932,2,9.378,0.232,0,99.72,0.002,0,70.71,0.289,100,0.57,18.401,47,52.18,0.00,0,2.7,0.075
1296,11411.125,AllocLarge,2B,0.357,14.3,0.000,0.00,19.732,12.532,2,9.378,0.232,0,0.00,0.002,0,70.71,0.289,100,0.57,12.001,57,26.67,0.00,0,5.5,0.171
1297,11420.318,AllocLarge,2B,0.273,11.1,0.000,0.00,18.933,18.933,2,9.378,0.232,0,99.72,0.002,0,70.71,0.289,100,0.57,18.401,47,52.18,0.00,0,3.2,0.083
1298,11426.166,AllocLarge,2B,1.007,14.3,0.000,0.00,19.733,12.532,2,9.378,0.232,0,0.00,0.002,0,70.71,0.289,100,0.57,12.001,57,26.67,0.00,0,14.2,0.857
1299,11435.204,AllocLarge,2B,0.260,12.5,0.000,0.00,19.733,18.933,2,9.378,0.232,0,99.72,0.002,0,70.71,0.289,100,0.57,18.401,45,52.18,0.00,0,3.4,0.074
1300,11441.247,AllocLarge,2B,0.641,12.5,0.000,0.00,19.733,12.532,2,9.378,0.232,0,0.00,0.002,0,70.71,0.289,100,0.57,12.001,57,26.67,0.00,0,9.0,0.412
1301,11450.620,AllocLarge,2B,0.325,0.0,0.000,0.00,18.933,18.933,2,9.378,0.233,0,99.72,0.002,0,70.71,0.289,100,0.57,18.401,47,52.18,0.00,0,3.9,0.101
1302,11456.913,AllocLarge,2B,0.589,12.5,0.106,14.80,19.733,12.533,2,9.378,0.233,0,0.00,0.002,0,70.71,0.289,100,0.57,12.001,57,26.67,0.00,0,8.2,0.397
1303,11467.210,AllocLarge,2B,0.288,0.0,0.000,0.00,18.934,18.934,2,9.378,0.233,0,99.73,0.002,0,70.71,0.289,100,0.57,18.401,47,52.18,0.00,0,3.0,0.052
1304,11476.195,AllocLarge,2B,0.341,11.1,0.000,0.00,19.734,12.533,2,9.378,0.233,0,0.00,0.002,0,70.71,0.289,100,0.57,12.001,57,26.67,0.00,0,3.6,0.114
1305,11485.631,AllocLarge,2B,0.268,0.0,0.000,0.00,18.934,18.934,2,9.378,0.233,0,99.73,0.002,0,70.71,0.289,100,0.57,18.401,47,52.18,0.00,0,3.1,0.083
1306,11491.784,AllocLarge,2B,0.600,25.0,0.000,0.00,19.734,12.533,2,9.378,0.233,0,0.00,0.002,0,70.71,0.289,100,0.57,12.001,57,26.67,0.00,0,8.4,0.407
1307,11501.378,AllocLarge,2B,0.286,11.1,0.000,0.00,18.934,18.934,2,9.378,0.234,0,99.73,0.002,0,70.71,0.289,100,0.57,18.401,47,52.18,0.00,0,3.3,0.097
1308,11507.727,AllocLarge,2B,0.308,12.5,0.000,0.00,19.734,12.534,2,9.378,0.234,0,0.00,0.002,0,70.71,0.289,100,0.57,12.001,57,26.67,0.00,0,4.4,0.084
1309,11517.307,AllocLarge,2B,0.287,0.0,0.000,0.00,18.935,18.935,2,9.378,0.234,0,99.73,0.002,0,70.71,0.289,100,0.57,18.401,47,52.18,0.00,0,3.2,0.085
1310,11523.490,AllocLarge,2B,0.379,0.0,0.000,0.00,19.735,12.534,2,9.378,0.234,0,0.00,0.002,0,70.71,0.289,100,0.57,12.001,57,26.67,0.00,0,5.5,0.106
1311,11532.919,AllocLarge,2B,0.296,12.5,0.000,0.00,18.935,18.935,2,9.378,0.234,0,99.73,0.002,0,70.71,0.289,100,0.57,18.401,47,52.18,0.00,0,3.4,0.098
1312,11539.082,AllocLarge,2B,0.926,12.5,0.000,0.00,19.735,12.534,2,9.378,0.234,0,0.00,0.002,0,70.71,0.289,100,0.57,12.001,57,26.67,0.00,0,12.5,0.712
1313,11549.378,AllocLarge,2B,0.399,10.0,0.000,0.00,19.735,18.935,2,9.378,0.235,0,99.73,0.002,0,70.71,0.289,100,0.57,18.401,45,52.18,0.00,0,4.3,0.115
1314,11556.872,AllocLarge,2B,1.134,20.0,0.106,11.85,19.735,12.535,2,9.378,0.235,0,0.00,0.002,0,70.71,0.289,100,0.57,12.001,57,26.67,0.00,0,12.7,0.890
1315,11572.084,AllocLarge,2B,0.982,8.0,0.000,0.00,21.336,20.544,2,9.378,0.243,0,96.40,0.002,0,70.71,0.289,100,0.57,20.001,42,56.00,0.00,0,4.1,0.182
1316,11600.444,AllocLarge,2B,0.701,10.0,0.000,0.00,22.944,14.143,2,9.378,0.243,0,3.39,0.002,0,70.71,0.289,100,0.57,13.601,52,35.30,0.00,0,2.4,0.329
1317,11633.643,AllocLarge,2B,0.459,4.2,0.000,0.00,19.744,18.952,2,9.378,0.251,0,96.70,0.002,0,70.71,0.289,100,0.57,18.401,45,52.18,0.00,0,1.7,0.147
1318,11650.634,AllocLarge,2B,1.585,20.0,0.000,0.00,19.752,12.552,2,9.378,0.251,0,0.13,0.002,0,70.71,0.289,100,0.57,12.001,57,26.67,0.00,0,10.6,1.107
1319,11672.088,AllocLarge,2B,1.979,5.6,0.000,0.00,19.752,18.961,2,9.378,0.260,0,96.77,0.002,0,70.71,0.289,100,0.57,18.401,45,52.18,0.00,0,9.2,1.555
1320,11683.663,AllocLarge,2B,0.591,6.7,0.110,6.89,23.761,15.760,2,10.178,0.260,0,0.06,0.002,0,70.71,0.289,100,0.57,15.201,49,36.84,0.00,0,3.7,0.249
1321,11702.701,AllocLarge,2B,0.471,0.0,0.000,0.00,19.761,18.161,2,9.378,0.260,0,0.17,0.002,0,70.71,0.289,100,0.57,17.601,45,50.00,0.00,0,3.7,0.135
1322,11716.566,AllocLarge,2B,4.548,14.8,0.000,0.00,24.561,22.169,2,9.378,0.268,0,96.82,0.002,0,70.71,0.289,100,0.57,21.601,40,59.26,0.00,0,17.4,4.136
1323,11736.465,AllocLarge,2B,0.409,12.5,0.000,0.00,23.769,12.569,2,9.378,0.268,0,0.00,0.002,0,70.71,0.289,100,0.57,12.001,57,26.67,0.00,0,5.6,0.188
1324,11755.668,AllocLarge,2B,4.940,8.0,0.000,0.00,18.969,18.978,2,9.378,0.277,0,96.80,0.002,0,70.71,0.289,100,0.57,18.401,47,52.18,0.00,0,18.3,0.351
1325,11771.616,AllocLarge,2B,2.512,23.5,0.000,0.00,19.778,12.577,2,9.378,0.277,0,0.12,0.002,0,70.71,0.289,100,0.57,12.001,57,26.67,0.00,0,16.6,1.746
1326,11796.169,AllocLarge,2B,8.202,0.0,0.000,0.00,18.978,18.978,2,9.378,0.277,0,99.77,0.002,0,70.71,0.289,100,0.57,18.401,47,52.18,0.00,0,33.7,0.083
1327,11829.459,AllocLarge,2B,10.352,15.8,0.000,0.00,22.978,15.778,2,10.978,0.277,0,0.00,0.002,0,70.71,0.289,100,0.57,15.201,56,31.58,0.00,0,22.0,9.887
1328,11873.794,AllocLarge,2B,0.585,11.1,0.000,0.00,23.779,23.779,2,9.378,0.278,0,99.93,0.002,0,70.71,0.289,100,0.57,23.201,37,62.07,0.00,0,2.5,0.135
1329,11890.010,AllocLarge,2B,1.731,8.7,0.103,3.91,30.179,17.378,2,9.378,0.278,0,0.09,0.002,0,70.71,0.289,100,0.57,16.801,43,47.62,0.00,0,6.6,1.282
1330,11909.350,AllocLarge,2B,18.407,21.4,0.000,0.00,19.779,12.578,2,9.378,0.278,0,0.12,0.002,0,70.71,0.289,100,0.57,12.001,52,26.67,0.00,0,63.1,0.181
1331,11941.523,AllocLarge,2B,0.326,8.3,0.000,0.00,18.979,18.979,2,9.378,0.278,0,99.93,0.002,0,70.71,0.289,100,0.57,18.401,47,52.18,0.00,0,2.9,0.117
1332,11947.477,AllocLarge,2B,0.245,0.0,0.000,0.00,19.779,12.579,2,9.378,0.278,0,0.00,0.002,0,70.71,0.289,100,0.57,12.001,57,26.67,0.00,0,3.9,0.094
1333,11956.588,AllocLarge,2B,0.445,18.2,0.000,0.00,18.979,18.979,2,9.378,0.279,0,99.77,0.002,0,70.71,0.289,100,0.57,18.401,47,52.18,0.00,0,4.9,0.124
1334,11963.263,AllocLarge,2B,0.477,5.7,0.000,0.00,22.980,15.508,2,10.178,0.009,0,4.28,0.001,0,31.37,0.289,100,0.57,15.201,52,36.84,0.00,0,1.4,0.296
1335,11963.315,AllocLarge,0N,0.510,0.0,0.001,0.13,18.979,18.700,2,0.000,0.001,19,81.43,0.001,NaN,21.57,0.289,NaN,0.57,18.401,NaN,21.74,0.00,1,8.0,0.000
1336,12015.960,AllocLarge,2B,0.818,2.8,0.000,0.00,19.509,19.517,2,9.378,0.018,0,50.18,0.001,0,31.37,0.289,100,0.57,19.201,45,54.17,0.00,0,1.3,0.165
1337,12032.231,AllocLarge,2B,0.365,14.3,0.000,0.00,20.317,12.317,2,9.378,0.018,0,0.00,0.001,0,31.37,0.289,100,0.57,12.001,57,26.67,0.00,0,5.1,0.172
1338,12076.550,AllocLarge,2B,0.597,2.3,0.000,0.00,18.717,18.717,2,9.378,0.018,0,96.43,0.001,0,31.37,0.289,100,0.57,18.401,47,52.18,0.00,0,1.4,0.133
1339,12084.689,AllocLarge,2B,0.697,20.0,0.000,0.00,19.517,12.317,2,9.378,0.018,0,0.00,0.001,0,31.37,0.289,100,0.57,12.001,57,26.67,0.00,0,7.7,0.429
1340,12098.673,AllocLarge,2B,0.469,7.1,0.107,8.27,18.718,18.718,2,9.378,0.018,0,96.49,0.001,0,31.37,0.289,100,0.57,18.401,47,52.18,0.00,0,3.6,0.118
1341,12110.825,AllocLarge,2B,2.801,7.1,0.000,0.00,19.518,12.317,2,9.378,0.018,0,0.00,0.001,0,31.37,0.289,100,0.57,12.001,57,26.67,0.00,0,18.3,0.139
1342,12130.554,AllocLarge,2B,0.461,0.0,0.000,0.00,18.718,18.718,2,9.378,0.019,0,96.55,0.001,0,31.37,0.289,100,0.57,18.401,47,52.18,0.00,0,2.7,0.118
1343,12142.820,AllocLarge,2B,8.368,18.2,0.000,0.00,22.718,15.518,2,10.178,0.019,0,0.78,0.001,0,31.37,0.289,100,0.57,15.201,52,36.84,0.00,0,32.0,7.951
1344,12169.330,AllocLarge,2B,0.500,0.0,0.000,0.00,17.918,17.926,2,9.378,0.027,0,3.49,0.001,0,31.37,0.289,100,0.57,17.601,49,50.00,0.00,0,4.2,0.104
1345,12194.529,AllocLarge,2B,1.518,6.9,0.000,0.00,19.518,14.726,2,9.378,0.027,0,0.41,0.001,0,31.37,0.289,100,0.57,14.401,52,38.89,0.00,0,5.7,1.245
1346,12211.630,AllocLarge,2B,4.148,6.3,0.000,0.00,17.919,17.119,2,9.378,0.019,0,96.71,0.001,0,31.37,0.289,100,0.57,16.801,49,47.62,0.00,0,21.3,0.123
1347,12247.412,AllocLarge,2B,0.486,4.2,0.000,0.00,18.719,14.719,2,9.378,0.019,0,2.47,0.001,0,31.37,0.289,100,0.57,14.401,52,38.89,0.00,0,1.5,0.140
1348,12262.649,AllocLarge,2B,0.328,7.1,0.000,0.00,17.119,17.119,2,9.378,0.020,0,96.73,0.001,0,31.37,0.289,100,0.57,16.801,52,47.62,0.00,0,2.3,0.105
1349,12270.106,AllocLarge,2B,0.729,10.0,0.000,0.00,18.719,14.719,2,9.378,0.020,0,0.00,0.001,0,31.37,0.289,100,0.57,14.401,52,38.89,0.00,0,8.6,0.550
1350,12292.779,AllocLarge,2B,0.414,0.0,0.000,0.00,17.119,17.119,2,9.378,0.020,0,99.06,0.001,0,31.37,0.289,100,0.57,16.801,52,47.62,0.00,0,1.9,0.117
1351,12323.492,AllocLarge,2B,3.491,11.1,0.105,3.00,18.719,14.719,2,9.378,0.020,0,2.44,0.001,0,31.37,0.289,100,0.57,14.401,52,38.89,0.00,0,10.0,0.283
1352,12343.542,AllocLarge,2B,8.995,8.8,0.000,0.00,23.520,23.528,2,9.378,0.028,0,69.94,0.001,0,31.37,0.289,100,0.57,23.201,37,62.07,0.00,0,21.6,1.457
1353,12378.123,AllocLarge,2B,0.707,25.0,0.000,0.00,25.928,12.327,2,9.378,0.028,0,0.00,0.001,0,31.37,0.289,100,0.57,12.001,54,26.67,0.00,0,6.9,0.269
1354,12396.281,AllocLarge,2B,17.896,8.0,0.000,0.00,20.328,20.336,2,9.378,0.037,0,76.11,0.001,0,31.37,0.289,100,0.57,20.001,43,56.00,0.00,0,37.3,17.479
1355,12436.565,AllocLarge,2B,1.666,9.5,0.000,0.00,26.737,17.136,2,10.178,0.037,0,0.70,0.001,0,31.37,0.289,100,0.57,16.801,46,42.86,0.00,0,8.8,1.306
1356,12457.213,AllocLarge,2B,14.419,17.6,0.000,0.00,21.136,19.536,2,9.378,0.037,0,22.53,0.001,0,31.37,0.289,100,0.57,19.201,43,54.17,0.00,0,48.4,14.006
1357,12487.613,AllocLarge,2B,12.022,8.7,0.000,0.00,25.937,21.145,2,10.978,0.045,0,81.06,0.001,0,31.37,0.289,100,0.57,20.801,49,50.00,0.00,0,37.8,11.635
1358,12533.487,AllocLarge,2B,0.459,5.0,0.102,3.30,25.945,22.745,2,10.178,0.045,0,18.65,0.001,0,31.37,0.289,100,0.57,22.401,41,57.14,0.00,0,1.5,0.123
1359,12549.839,AllocLarge,2B,0.451,9.5,0.000,0.00,26.745,13.952,2,10.178,0.053,0,68.02,0.001,0,31.37,0.289,100,0.57,13.601,49,29.41,0.00,0,2.4,0.091
1360,12593.232,AllocLarge,2B,0.332,0.0,0.000,0.00,17.953,17.953,2,9.378,0.053,0,0.84,0.001,0,31.37,0.289,100,0.57,17.601,49,50.00,0.00,0,1.0,0.097
1361,12600.962,AllocLarge,2B,0.278,0.0,0.000,0.00,19.553,13.952,2,9.378,0.053,0,98.80,0.001,0,31.37,0.289,100,0.57,13.601,52,35.30,0.00,0,3.5,0.101
1362,12609.200,AllocLarge,2B,0.288,0.0,0.000,0.00,17.153,17.153,2,9.378,0.053,0,0.90,0.001,0,31.37,0.289,100,0.57,16.801,52,47.62,0.00,0,3.6,0.080
1363,12616.966,AllocLarge,2B,0.617,12.5,0.000,0.00,18.753,13.953,2,9.378,0.053,0,83.40,0.001,0,31.37,0.289,100,0.57,13.601,52,35.30,0.00,0,7.3,0.306
1364,12624.966,AllocLarge,2B,0.327,11.1,0.000,0.00,17.153,17.153,2,9.378,0.053,0,1.75,0.001,0,31.37,0.289,100,0.57,16.801,52,47.62,0.00,0,4.5,0.102
1365,12632.647,AllocLarge,2B,0.249,0.0,0.000,0.00,18.753,13.953,2,9.378,0.054,0,98.80,0.001,0,31.37,0.289,100,0.57,13.601,52,35.30,0.00,0,3.2,0.079
1366,12654.917,AllocLarge,2B,3.045,13.5,0.000,0.00,17.153,17.153,2,9.378,0.054,0,0.90,0.001,0,31.37,0.289,100,0.57,16.801,52,47.62,0.00,0,8.9,1.192
1367,12707.232,AllocLarge,2B,0.331,9.1,0.000,0.00,18.753,13.953,2,9.378,0.054,0,98.81,0.001,0,31.37,0.289,100,0.57,13.601,52,35.30,0.00,0,0.8,0.084
1368,12745.390,AllocLarge,2B,1.193,5.3,0.105,2.67,17.153,17.153,2,9.378,0.054,0,1.75,0.001,0,31.37,0.289,100,0.57,16.801,52,47.62,0.00,0,3.0,0.215
1369,12776.917,AllocLarge,2B,0.722,3.8,0.000,0.00,22.753,21.162,2,10.178,0.062,0,86.10,0.001,0,31.37,0.289,100,0.57,20.801,46,53.85,0.00,0,1.4,0.294
1370,12810.248,AllocLarge,2B,0.747,10.0,0.000,0.00,25.962,16.361,2,10.178,0.062,0,13.51,0.001,0,31.37,0.289,100,0.57,16.001,46,40.00,0.00,0,3.9,0.402
1371,12828.896,AllocLarge,2B,1.156,11.1,0.000,0.00,21.162,20.370,2,10.178,0.070,0,87.41,0.001,0,31.37,0.289,100,0.57,20.001,46,52.00,0.00,0,7.0,0.728
1372,12845.580,AllocLarge,2B,1.133,15.0,0.000,0.00,23.570,14.769,2,9.378,0.070,0,0.21,0.001,0,31.37,0.289,100,0.57,14.401,45,38.89,0.00,0,7.0,0.805
1373,12859.645,AllocLarge,2B,0.525,0.0,0.000,0.00,17.170,15.569,2,9.378,0.070,0,0.48,0.001,0,31.37,0.289,100,0.57,15.201,52,42.11,0.00,0,5.7,0.122
1374,12873.502,AllocLarge,2B,0.934,5.9,0.000,0.00,18.770,18.778,2,9.378,0.079,0,88.75,0.001,0,31.37,0.289,100,0.57,18.401,47,52.18,0.00,0,5.9,0.620
1375,12883.838,AllocLarge,2B,1.950,21.4,0.103,9.74,19.578,12.378,2,9.378,0.079,0,0.00,0.001,0,31.37,0.289,100,0.57,12.001,57,26.67,0.00,0,18.5,1.463
1376,12901.036,AllocLarge,2B,0.370,0.0,0.000,0.00,18.779,18.779,2,9.378,0.079,0,99.19,0.001,0,31.37,0.289,100,0.57,18.401,47,52.18,0.00,0,2.5,0.106
1377,12908.697,AllocLarge,2B,0.889,16.7,0.000,0.00,19.579,12.378,2,9.378,0.079,0,0.00,0.001,0,31.37,0.289,100,0.57,12.001,57,26.67,0.00,0,9.6,0.598
1378,12920.052,AllocLarge,2B,0.395,10.0,0.000,0.00,18.779,18.779,2,9.378,0.080,0,99.20,0.001,0,31.37,0.289,100,0.57,18.401,47,52.18,0.00,0,4.0,0.114
1379,12928.510,AllocLarge,2B,1.299,25.0,0.000,0.00,19.579,12.379,2,9.378,0.080,0,0.00,0.001,0,31.37,0.289,100,0.57,12.001,57,26.67,0.00,0,12.8,0.932
1380,12942.989,AllocLarge,2B,0.441,14.3,0.000,0.00,19.579,18.779,2,9.378,0.080,0,99.20,0.001,0,31.37,0.289,100,0.57,18.401,45,52.18,0.00,0,3.4,0.110
1381,12950.148,AllocLarge,2B,1.342,20.0,0.000,0.00,19.579,12.379,2,9.378,0.080,0,0.00,0.001,0,31.37,0.289,100,0.57,12.001,57,26.67,0.00,0,14.9,1.103
1382,12965.871,AllocLarge,2B,3.160,6.7,0.000,0.00,19.580,18.780,2,9.378,0.080,0,99.77,0.001,0,31.37,0.289,100,0.57,18.401,45,52.18,0.00,0,18.9,0.115
1383,12987.454,AllocLarge,2B,4.803,18.8,0.000,0.00,19.580,12.379,2,9.378,0.080,0,0.00,0.001,0,31.37,0.289,100,0.57,12.001,57,26.67,0.00,0,19.7,4.270
1384,13006.236,AllocLarge,2B,0.374,0.0,0.000,0.00,19.580,18.780,2,9.378,0.081,0,99.21,0.001,0,31.37,0.289,100,0.57,18.401,45,52.18,0.00,0,2.9,0.087
1385,13016.764,AllocLarge,2B,2.579,17.6,0.000,0.00,19.580,12.380,2,9.378,0.081,0,0.00,0.001,0,31.37,0.289,100,0.57,12.001,57,26.67,0.00,0,18.3,1.649
1386,13029.495,AllocLarge,2B,0.424,0.0,0.000,0.00,19.580,18.780,2,9.378,0.081,0,99.77,0.001,0,31.37,0.289,100,0.57,18.401,45,52.18,0.00,0,4.6,0.146
1387,13040.360,AllocLarge,2B,0.933,13.3,0.105,7.76,19.580,12.380,2,9.378,0.081,0,0.45,0.001,0,31.37,0.289,100,0.57,12.001,57,26.67,0.00,0,6.9,0.515
1388,13061.098,AllocLarge,2B,0.864,9.5,0.000,0.00,19.581,19.589,2,10.178,0.089,0,90.12,0.001,0,31.37,0.289,100,0.57,19.201,49,50.00,0.00,0,3.2,0.390
1389,13089.315,AllocLarge,2B,0.424,5.3,0.000,0.00,21.989,14.789,2,9.378,0.089,0,0.54,0.001,0,31.37,0.289,100,0.57,14.401,45,38.89,0.00,0,2.1,0.117
1390,13096.069,AllocLarge,2B,0.285,0.0,0.000,0.00,15.589,15.589,2,9.378,0.089,0,0.92,0.001,0,31.37,0.289,100,0.57,15.201,57,42.11,0.00,0,4.8,0.077
1391,13113.245,AllocLarge,2B,1.612,10.3,0.000,0.00,18.789,18.789,2,9.378,0.090,0,99.79,0.001,0,31.37,0.289,100,0.57,18.401,47,52.18,0.00,0,6.0,0.450
1392,13131.757,AllocLarge,2B,0.390,23.1,0.000,0.00,19.589,12.389,2,9.378,0.090,0,0.00,0.001,0,31.37,0.289,100,0.57,12.001,57,26.67,0.00,0,4.0,0.145
1393,13154.457,AllocLarge,2B,0.342,0.0,0.000,0.00,18.790,18.790,2,9.378,0.090,0,99.29,0.001,0,31.37,0.289,100,0.57,18.401,47,52.18,0.00,0,1.6,0.112
1394,13161.331,AllocLarge,2B,18.921,25.0,0.000,0.00,19.590,12.389,2,9.378,0.090,0,0.41,0.001,0,31.37,0.289,100,0.57,12.001,57,26.67,0.00,0,69.4,0.365
1395,13198.079,AllocLarge,2B,7.028,5.6,0.000,0.00,18.790,18.790,2,9.378,0.090,0,99.29,0.001,0,31.37,0.289,100,0.57,18.401,47,52.18,0.00,0,30.1,0.126
1396,13214.878,AllocLarge,2B,1.067,11.1,0.000,0.00,22.790,15.590,2,10.978,0.090,0,9.17,0.001,0,31.37,0.289,100,0.57,15.201,56,31.58,0.00,0,7.0,0.658
1397,13249.433,AllocLarge,2B,0.474,0.0,0.105,3.51,23.590,23.590,2,9.378,0.090,0,0.90,0.001,0,31.37,0.289,100,0.57,23.201,37,62.07,0.00,0,1.6,0.119
1398,13260.802,AllocLarge,2B,0.466,13.3,0.000,0.00,25.190,12.398,2,9.378,0.099,0,0.00,0.001,0,31.37,0.289,100,0.57,12.001,57,26.67,0.00,0,3.4,0.132
1399,13293.931,AllocLarge,2B,1.814,6.1,0.000,0.00,28.399,26.807,2,9.378,0.107,0,92.25,0.001,0,31.37,0.289,100,0.57,26.402,31,66.67,0.00,0,3.9,1.436
1400,13316.017,AllocLarge,2B,17.733,29.4,0.000,0.00,30.807,14.006,2,10.978,0.107,0,0.03,0.001,0,31.37,0.289,100,0.57,13.601,61,23.53,0.00,0,52.2,17.282
1401,13388.207,AllocLarge,2B,0.474,0.0,0.000,0.00,30.007,30.007,2,9.378,0.107,0,1.18,0.001,0,31.37,0.289,100,0.57,29.602,29,70.27,0.00,0,1.1,0.116
1402,13396.556,AllocLarge,2B,1.019,23.5,0.000,0.00,31.608,11.614,2,10.178,0.115,0,92.35,0.001,0,31.37,0.289,100,0.57,11.201,66,14.29,0.00,0,7.4,0.491
1403,13455.516,AllocLarge,2B,0.473,2.6,0.000,0.00,32.416,31.616,2,9.378,0.115,0,1.29,0.001,0,31.37,0.289,100,0.57,31.202,27,71.80,0.00,0,0.9,0.131
1404,13464.568,AllocLarge,2B,0.430,14.3,0.000,0.00,33.216,11.623,2,10.178,0.124,0,92.86,0.001,0,31.37,0.289,100,0.57,11.201,66,14.29,0.00,0,3.0,0.032
1405,13519.987,AllocLarge,2B,2.131,9.1,0.000,0.00,32.424,32.424,2,10.178,0.124,0,6.89,0.001,0,31.37,0.289,100,0.57,32.002,29,70.00,0.00,0,4.1,1.487
1406,13549.202,AllocLarge,2B,0.501,9.7,0.000,0.00,34.824,11.623,2,9.378,0.124,0,0.00,0.001,0,31.37,0.289,100,0.57,11.201,54,21.43,0.00,0,1.7,0.155
1407,13561.358,AllocLarge,2B,0.294,10.0,0.109,12.03,20.424,18.824,2,9.378,0.124,0,99.48,0.001,0,31.37,0.289,100,0.57,18.401,43,52.18,0.00,0,3.3,0.081
1408,13567.348,AllocLarge,2B,0.795,11.1,0.000,0.00,19.624,12.423,2,9.378,0.124,0,0.00,0.001,0,31.37,0.289,100,0.57,12.001,57,26.67,0.00,0,11.1,0.547
1409,13577.259,AllocLarge,2B,0.281,11.1,0.000,0.00,18.824,18.824,2,9.378,0.124,0,99.49,0.001,0,31.37,0.289,100,0.57,18.401,47,52.18,0.00,0,3.2,0.090
1410,13583.138,AllocLarge,2B,1.039,22.2,0.000,0.00,19.624,12.423,2,9.378,0.124,0,0.00,0.001,0,31.37,0.289,100,0.57,12.001,57,26.67,0.00,0,14.4,0.872
1411,13592.852,AllocLarge,2B,0.270,0.0,0.000,0.00,19.624,18.824,2,9.378,0.125,0,99.85,0.001,0,31.37,0.289,100,0.57,18.401,45,52.18,0.00,0,3.2,0.089
1412,13598.662,AllocLarge,2B,0.244,14.3,0.000,0.00,19.624,12.424,2,9.378,0.125,0,0.00,0.001,0,31.37,0.289,100,0.57,12.001,57,26.67,0.00,0,3.9,0.105
1413,13621.463,AllocLarge,2B,1.646,7.7,0.000,0.00,20.425,20.433,2,9.378,0.133,0,93.43,0.001,0,31.37,0.289,100,0.57,20.001,43,56.00,0.00,0,3.5,0.577
1414,13659.517,AllocLarge,2B,1.108,11.4,0.000,0.00,22.833,14.032,2,10.178,0.133,0,6.46,0.001,0,31.37,0.289,100,0.57,13.601,57,29.41,0.00,0,2.9,0.015
