Num,PauseStart,Reason,Gen,PauseMSec,Time In GC,AllocMB,Alloc MB/sec,PeakMB,AfterMB,Peak/After Ratio,PromotedMB,Gen0 Size,Gen0 Surv%,Gen0 Frag%,Gen1 Size,Gen1 Surv%,Gen1 Frag%,Gen2 Size,Gen2 Surv%,Gen2 Frag%,LOH Size,LOH Surv%,LOH Frag%,FinalizeSurviveMB,Pinned Object,% Pause Time,Suspend Msec
1,474.123,AllocLarge,2B,0.562,1.1,0.652,1.37,7.082,7.099,2,6.400,0.690,0,54.03,0.000,0,NaN,0.000,0,NaN,6.400,99,0.00,0.00,0,72.8,0.014
2,566.230,AllocSmall,0N,1.343,1.1,7.693,84.29,23.293,15.506,2,0.294,0.001,3,81.43,0.297,NaN,1.10,0.000,NaN,NaN,15.201,NaN,0.00,0.00,1,1.5,0.006
3,578.117,AllocSmall,1N,0.692,0.0,8.381,794.38,23.894,15.501,2,0.292,0.001,0,81.43,0.000,99,NaN,0.292,NaN,0.00,15.201,NaN,0.00,0.00,1,6.2,0.005
4,590.363,AllocSmall,0N,0.283,0.0,8.381,725.03,23.889,15.503,2,0.001,0.001,0,81.43,0.001,NaN,3.73,0.292,NaN,0.00,15.201,NaN,0.00,0.00,1,2.4,0.005
5,600.680,AllocSmall,0N,0.165,0.0,8.389,835.69,23.891,15.503,2,0.000,0.001,0,81.43,0.002,NaN,4.69,0.292,NaN,0.00,15.201,NaN,0.00,0.00,1,1.6,0.006
6,610.918,AllocSmall,0N,0.188,9.1,8.388,832.46,23.891,15.503,2,0.000,0.001,0,81.43,0.002,NaN,5.38,0.292,NaN,0.00,15.201,NaN,0.00,0.00,1,1.8,0.006
7,623.661,AllocSmall,0N,0.151,0.0,8.388,667.97,30.291,21.904,2,0.000,0.001,0,81.43,0.002,NaN,6.28,0.292,NaN,0.00,21.601,NaN,0.00,0.00,1,1.2,0.005
8,634.252,AllocSmall,0N,0.162,0.0,8.389,803.23,30.292,21.904,2,0.000,0.001,0,81.43,0.002,NaN,6.74,0.292,NaN,0.00,21.601,NaN,0.00,0.00,1,1.5,0.006
9,644.825,AllocSmall,0N,0.140,0.0,8.389,805.37,30.292,21.904,2,0.000,0.001,0,81.43,0.002,NaN,7.55,0.292,NaN,0.00,21.601,NaN,0.00,0.00,1,1.3,0.005
10,655.273,AllocSmall,0N,0.153,0.0,8.389,813.49,30.292,21.904,2,0.000,0.001,0,81.43,0.002,NaN,7.84,0.292,NaN,0.00,21.601,NaN,0.00,0.00,1,1.5,0.005
11,665.821,AllocSmall,0N,0.142,0.0,8.389,806.71,30.292,21.904,2,0.000,0.001,0,81.43,0.003,NaN,8.52,0.292,NaN,0.00,21.601,NaN,0.00,0.00,1,1.4,0.005
12,676.352,AllocSmall,0N,0.160,0.0,8.389,807.22,30.292,21.904,2,0.000,0.001,0,81.43,0.003,NaN,8.70,0.292,NaN,0.00,21.601,NaN,0.00,0.00,1,1.5,0.005
13,699.742,AllocLarge,2B,0.738,7.1,6.396,251.55,37.080,37.104,2,8.584,6.400,0,34.04,0.003,0,100.00,0.292,99,0.20,30.401,26,73.68,0.00,0,2.9,0.137
14,707.465,AllocLarge,2B,0.348,20.0,0.000,0.00,37.904,16.303,2,7.784,6.400,0,33.62,0.003,0,100.00,0.292,100,0.20,9.600,59,25.00,0.00,0,4.4,0.085
15,720.101,AllocLarge,2B,0.310,8.3,0.105,9.68,22.704,21.904,2,7.784,6.400,0,33.70,0.003,0,100.00,0.292,100,0.20,15.201,44,52.63,0.00,0,2.9,0.083
16,727.662,AllocLarge,2B,0.294,12.5,0.000,0.00,22.704,17.904,2,7.784,6.400,0,33.70,0.003,0,100.00,0.292,100,0.20,11.201,56,35.72,0.00,0,3.8,0.080
17,737.363,AllocLarge,2B,0.362,0.0,0.000,0.00,21.104,21.104,2,7.784,6.400,0,33.70,0.003,0,100.00,0.292,100,0.20,14.401,49,50.00,0.00,0,3.8,0.126
18,744.860,AllocLarge,2B,0.309,11.1,0.110,14.08,21.904,17.904,2,7.784,6.400,0,33.70,0.003,0,100.00,0.292,100,0.20,11.201,56,35.72,0.00,0,4.0,0.088
19,754.708,AllocLarge,2B,0.295,0.0,0.000,0.00,21.104,21.104,2,7.784,6.400,0,33.70,0.003,0,100.00,0.292,100,0.20,14.401,49,50.00,0.00,0,3.1,0.081
20,762.255,AllocLarge,2B,0.338,22.2,0.000,0.00,21.904,17.904,2,7.784,6.400,0,33.70,0.003,0,100.00,0.292,100,0.20,11.201,56,35.72,0.00,0,4.2,0.083
21,771.891,AllocLarge,2B,0.356,0.0,0.106,11.34,21.104,21.104,2,7.784,6.400,0,33.70,0.003,0,100.00,0.292,100,0.20,14.401,49,50.00,0.00,0,3.8,0.101
22,779.897,AllocLarge,2B,0.494,0.0,0.000,0.00,21.904,17.904,2,7.784,6.400,0,33.70,0.003,0,100.00,0.292,100,0.20,11.201,56,35.72,0.00,0,5.8,0.095
23,789.892,AllocLarge,2B,0.325,0.0,0.000,0.00,21.104,21.104,2,7.784,6.400,0,33.70,0.003,0,100.00,0.292,100,0.20,14.401,49,50.00,0.00,0,3.5,0.105
24,798.088,AllocLarge,2B,0.318,10.0,0.000,0.00,21.904,17.904,2,7.784,6.400,0,33.70,0.003,0,100.00,0.292,100,0.20,11.201,56,35.72,0.00,0,3.8,0.080
25,807.785,AllocLarge,2B,0.348,0.0,0.109,11.49,21.104,21.104,2,7.784,6.400,0,33.70,0.003,0,100.00,0.292,100,0.20,14.401,49,50.00,0.00,0,3.7,0.118
26,815.258,AllocLarge,2B,0.360,11.1,0.000,0.00,21.904,17.904,2,7.784,6.400,0,33.70,0.003,0,100.00,0.292,100,0.20,11.201,56,35.72,0.00,0,4.6,0.112
27,825.187,AllocLarge,2B,0.392,9.1,0.000,0.00,21.104,21.104,2,7.784,6.400,0,33.70,0.003,0,100.00,0.292,100,0.20,14.401,49,50.00,0.00,0,4.1,0.104
28,833.140,AllocLarge,2B,0.292,0.0,0.104,12.82,21.904,17.904,2,7.784,6.400,0,33.70,0.003,0,100.00,0.292,100,0.20,11.201,56,35.72,0.00,0,3.6,0.082
29,843.440,AllocLarge,2B,0.347,9.1,0.000,0.00,21.104,21.104,2,7.784,6.400,0,33.70,0.003,0,100.00,0.292,100,0.20,14.401,49,50.00,0.00,0,3.4,0.107
30,850.918,AllocLarge,2B,0.285,0.0,0.000,0.00,21.904,17.904,2,7.784,6.400,0,33.70,0.003,0,100.00,0.292,100,0.20,11.201,56,35.72,0.00,0,3.7,0.077
31,860.677,AllocLarge,2B,0.283,0.0,0.106,11.13,21.104,21.104,2,7.784,6.400,0,33.70,0.003,0,100.00,0.292,100,0.20,14.401,49,50.00,0.00,0,3.0,0.080
32,867.890,AllocLarge,2B,0.272,12.5,0.000,0.00,21.904,17.904,2,7.784,6.400,0,33.70,0.003,0,100.00,0.292,100,0.20,11.201,56,35.72,0.00,0,3.6,0.082
33,877.445,AllocLarge,2B,0.329,10.0,0.000,0.00,21.104,21.104,2,7.784,6.400,0,33.70,0.003,0,100.00,0.292,100,0.20,14.401,49,50.00,0.00,0,3.6,0.104
34,884.737,AllocLarge,2B,0.304,0.0,0.000,0.00,21.904,17.904,2,7.784,6.400,0,33.70,0.003,0,100.00,0.292,100,0.20,11.201,56,35.72,0.00,0,4.0,0.079
35,894.579,AllocLarge,2B,0.345,9.1,0.109,11.17,21.104,21.104,2,7.784,6.400,0,33.71,0.003,0,100.00,0.292,100,0.20,14.401,49,50.00,0.00,0,3.6,0.091
36,902.319,AllocLarge,2B,0.362,11.1,0.000,0.00,21.904,17.904,2,7.784,6.400,0,33.70,0.003,0,100.00,0.292,100,0.20,11.201,56,35.72,0.00,0,4.6,0.097
37,912.271,AllocLarge,2B,0.320,0.0,0.000,0.00,21.104,21.104,2,7.784,6.400,0,33.70,0.003,0,100.00,0.292,100,0.20,14.401,49,50.00,0.00,0,3.3,0.080
38,919.492,AllocLarge,2B,0.312,11.1,0.104,13.93,21.904,17.904,2,7.784,6.400,0,33.70,0.003,0,100.00,0.292,100,0.20,11.201,56,35.72,0.00,0,4.2,0.074
39,929.024,AllocLarge,2B,0.299,0.0,0.000,0.00,21.104,21.104,2,7.784,6.400,0,33.70,0.003,0,100.00,0.292,100,0.20,14.401,49,50.00,0.00,0,3.2,0.083
40,936.293,AllocLarge,2B,0.393,11.1,0.000,0.00,21.904,17.904,2,7.784,6.400,0,33.70,0.003,0,100.00,0.292,100,0.20,11.201,56,35.72,0.00,0,5.1,0.158
41,946.020,AllocLarge,2B,0.295,0.0,0.103,11.10,21.104,21.104,2,7.784,6.400,0,33.70,0.003,0,100.00,0.292,100,0.20,14.401,49,50.00,0.00,0,3.2,0.086
42,953.310,AllocLarge,2B,0.340,0.0,0.000,0.00,21.904,17.904,2,7.784,6.400,0,33.70,0.003,0,100.00,0.292,100,0.20,11.201,56,35.72,0.00,0,4.5,0.102
43,962.982,AllocLarge,2B,0.310,0.0,0.000,0.00,21.104,21.104,2,7.784,6.400,0,33.70,0.003,0,100.00,0.292,100,0.20,14.401,49,50.00,0.00,0,3.3,0.099
44,970.181,AllocLarge,2B,0.265,12.5,0.110,14.54,21.904,17.904,2,7.784,6.400,0,33.70,0.003,0,100.00,0.292,100,0.20,11.201,56,35.72,0.00,0,3.5,0.076
45,979.693,AllocLarge,2B,0.364,10.0,0.000,0.00,21.104,21.104,2,7.784,6.400,0,33.71,0.003,0,100.00,0.292,100,0.20,14.401,49,50.00,0.00,0,3.9,0.087
46,987.225,AllocLarge,2B,0.297,0.0,0.000,0.00,21.904,17.904,2,7.784,6.400,0,33.70,0.003,0,100.00,0.292,100,0.20,11.201,56,35.72,0.00,0,3.8,0.082
47,996.772,AllocLarge,2B,0.326,0.0,0.106,11.42,21.104,21.104,2,7.784,6.400,0,33.71,0.003,0,100.00,0.292,100,0.20,14.401,49,50.00,0.00,0,3.5,0.111
48,1004.662,AllocLarge,2B,0.347,0.0,0.000,0.00,21.904,17.904,2,7.784,6.400,0,33.70,0.003,0,100.00,0.292,100,0.20,11.201,56,35.72,0.00,0,4.2,0.087
49,1014.314,AllocLarge,2B,0.316,10.0,0.000,0.00,21.104,21.104,2,7.784,6.400,0,33.70,0.003,0,100.00,0.292,100,0.20,14.401,49,50.00,0.00,0,3.4,0.082
50,1021.542,AllocLarge,2B,0.323,12.5,0.000,0.00,21.904,17.904,2,7.784,6.400,0,33.70,0.003,0,100.00,0.292,100,0.20,11.201,56,35.72,0.00,0,4.3,0.082
51,1031.299,AllocLarge,2B,0.292,0.0,0.109,11.54,21.104,21.104,2,7.784,6.400,0,33.70,0.003,0,100.00,0.292,100,0.20,14.401,49,50.00,0.00,0,3.1,0.081
52,1038.543,AllocLarge,2B,0.325,11.1,0.000,0.00,21.904,17.904,2,7.784,6.400,0,33.70,0.003,0,100.00,0.292,100,0.20,11.201,56,35.72,0.00,0,4.3,0.100
53,1048.511,AllocLarge,2B,0.349,9.1,0.000,0.00,21.104,21.104,2,7.784,6.400,0,33.71,0.003,0,100.00,0.292,100,0.20,14.401,49,50.00,0.00,0,3.6,0.110
54,1055.728,AllocLarge,2B,0.280,14.3,0.104,14.07,21.904,17.904,2,7.784,6.400,0,33.70,0.003,0,100.00,0.292,100,0.20,11.201,56,35.72,0.00,0,3.8,0.080
55,1065.420,AllocLarge,2B,0.292,0.0,0.000,0.00,21.104,21.104,2,7.784,6.400,0,33.71,0.003,0,100.00,0.292,100,0.20,14.401,49,50.00,0.00,0,3.1,0.088
56,1072.587,AllocLarge,2B,0.342,0.0,0.000,0.00,21.904,17.904,2,7.784,6.400,0,33.70,0.003,0,100.00,0.292,100,0.20,11.201,56,35.72,0.00,0,4.5,0.104
57,1082.333,AllocLarge,2B,0.326,0.0,0.106,11.23,21.104,21.104,2,7.784,6.400,0,33.70,0.003,0,100.00,0.292,100,0.20,14.401,49,50.00,0.00,0,3.5,0.078
58,1089.669,AllocLarge,2B,0.305,0.0,0.000,0.00,21.904,17.904,2,7.784,6.400,0,33.70,0.003,0,100.00,0.292,100,0.20,11.201,56,35.72,0.00,0,3.9,0.084
59,1099.457,AllocLarge,2B,0.294,0.0,0.000,0.00,21.104,21.104,2,7.784,6.400,0,33.70,0.003,0,100.00,0.292,100,0.20,14.401,49,50.00,0.00,0,3.1,0.080
60,1107.636,AllocLarge,2B,0.419,10.0,0.000,0.00,21.904,17.904,2,7.784,6.400,0,33.70,0.003,0,100.00,0.292,100,0.20,11.201,56,35.72,0.00,0,4.8,0.108
61,1117.598,AllocLarge,2B,0.326,0.0,0.109,11.60,21.104,21.104,2,7.784,6.400,0,33.70,0.003,0,100.00,0.292,100,0.20,14.401,49,50.00,0.00,0,3.5,0.099
62,1124.857,AllocLarge,2B,0.298,0.0,0.000,0.00,21.904,17.904,2,7.784,6.400,0,33.70,0.003,0,100.00,0.292,100,0.20,11.201,56,35.72,0.00,0,4.0,0.079
63,1134.249,AllocLarge,2B,0.309,10.0,0.000,0.00,21.104,21.104,2,7.784,6.400,0,33.70,0.003,0,100.00,0.292,100,0.20,14.401,49,50.00,0.00,0,3.4,0.079
64,1141.515,AllocLarge,2B,0.360,12.5,0.104,13.61,21.904,17.904,2,7.784,6.400,0,33.70,0.003,0,100.00,0.292,100,0.20,11.201,56,35.72,0.00,0,4.7,0.084
65,1151.073,AllocLarge,2B,0.289,0.0,0.000,0.00,21.104,21.104,2,7.784,6.400,0,33.70,0.003,0,100.00,0.292,100,0.20,14.401,49,50.00,0.00,0,3.2,0.078
66,1158.316,AllocLarge,2B,0.322,11.1,0.000,0.00,21.904,17.904,2,7.784,6.400,0,33.70,0.003,0,100.00,0.292,100,0.20,11.201,56,35.72,0.00,0,4.2,0.099
67,1167.953,AllocLarge,2B,0.292,0.0,0.103,11.10,21.104,21.104,2,7.784,6.400,0,33.71,0.003,0,100.00,0.292,100,0.20,14.401,49,50.00,0.00,0,3.2,0.090
68,1175.131,AllocLarge,2B,0.298,12.5,0.000,0.00,21.904,17.904,2,7.784,6.400,0,33.70,0.003,0,100.00,0.292,100,0.20,11.201,56,35.72,0.00,0,4.0,0.081
69,1184.569,AllocLarge,2B,0.276,0.0,0.000,0.00,21.104,21.104,2,7.784,6.400,0,33.70,0.003,0,100.00,0.292,100,0.20,14.401,49,50.00,0.00,0,3.0,0.078
70,1191.730,AllocLarge,2B,0.332,10.0,0.110,14.54,21.904,17.904,2,7.784,6.400,0,33.70,0.003,0,100.00,0.292,100,0.20,11.201,56,35.72,0.00,0,4.4,0.124
71,1201.340,AllocLarge,2B,0.298,5.9,0.000,0.00,21.104,21.104,2,7.784,6.400,0,33.70,0.003,0,100.00,0.292,100,0.20,14.401,49,50.00,0.00,0,3.2,0.085
72,1208.700,AllocLarge,2B,0.350,8.3,0.000,0.00,21.904,17.904,2,7.784,6.400,0,33.70,0.003,0,100.00,0.292,100,0.20,11.201,56,35.72,0.00,0,4.5,0.118
73,1218.479,AllocLarge,2B,0.401,0.0,0.000,0.00,21.104,14.704,2,7.787,0.001,0,0.00,0.003,0,1.86,0.292,100,0.20,14.401,49,50.00,0.00,0,4.1,0.090
74,1218.960,AllocSmall,0F,0.235,0.0,4.242,451.06,21.104,14.704,2,0.003,0.001,0,81.43,0.003,NaN,1.86,0.292,NaN,0.20,14.401,NaN,0.00,0.00,1,2.4,0.041
75,1226.173,AllocLarge,2B,0.344,0.0,0.000,0.00,15.527,11.534,2,7.787,0.031,0,64.10,0.003,0,86.38,0.292,100,0.20,11.201,56,35.72,0.00,0,4.3,0.101
76,1235.585,AllocLarge,2B,0.281,0.0,0.000,0.00,14.744,14.752,2,7.787,0.048,0,76.96,0.003,0,86.38,0.292,100,0.20,14.401,49,50.00,0.00,0,3.1,0.081
77,1242.700,AllocLarge,2B,0.310,12.5,0.106,14.23,15.552,11.552,2,7.787,0.048,0,46.23,0.003,0,86.38,0.292,100,0.20,11.201,56,35.72,0.00,0,4.2,0.104
78,1251.926,AllocLarge,2B,0.307,11.1,0.000,0.00,14.759,14.767,2,7.787,0.063,0,83.11,0.003,0,86.38,0.292,100,0.20,14.401,49,50.00,0.00,0,3.4,0.087
79,1259.050,AllocLarge,2B,0.335,12.5,0.000,0.00,15.567,11.567,2,7.787,0.063,0,35.34,0.003,0,86.38,0.292,100,0.20,11.201,56,35.72,0.00,0,4.5,0.089
80,1268.346,AllocLarge,2B,0.268,0.0,0.103,11.59,14.774,14.782,2,7.787,0.078,0,86.33,0.003,0,86.38,0.292,100,0.20,14.401,49,50.00,0.00,0,3.0,0.078
81,1275.423,AllocLarge,2B,0.286,12.5,0.000,0.00,15.582,11.582,2,7.787,0.078,0,28.61,0.003,0,86.38,0.292,100,0.20,11.201,56,35.72,0.00,0,3.9,0.080
82,1284.623,AllocLarge,2B,0.278,0.0,0.000,0.00,14.788,14.797,2,7.787,0.093,0,88.52,0.003,0,86.38,0.292,100,0.20,14.401,49,50.00,0.00,0,3.1,0.087
83,1291.699,AllocLarge,2B,0.335,0.0,0.105,14.07,15.597,11.596,2,7.787,0.093,0,24.03,0.003,0,86.38,0.292,100,0.20,11.201,56,35.72,0.00,0,4.5,0.105
84,1301.145,AllocLarge,2B,0.317,10.0,0.000,0.00,14.803,14.812,2,7.787,0.108,0,90.10,0.003,0,86.38,0.292,100,0.20,14.401,49,50.00,0.00,0,3.5,0.089
85,1308.415,AllocLarge,2B,0.332,0.0,0.000,0.00,15.612,11.611,2,7.787,0.108,0,20.71,0.003,0,86.38,0.292,100,0.20,11.201,56,35.72,0.00,0,4.4,0.092
86,1317.888,AllocLarge,2B,0.298,0.0,0.105,11.57,14.818,14.826,2,7.787,0.123,0,91.30,0.003,0,86.38,0.292,100,0.20,14.401,49,50.00,0.00,0,3.3,0.092
87,1324.975,AllocLarge,2B,0.311,14.3,0.000,0.00,15.626,11.626,2,7.787,0.123,0,18.20,0.003,0,86.38,0.292,100,0.20,11.201,56,35.72,0.00,0,4.2,0.080
88,1334.351,AllocLarge,2B,0.285,0.0,0.000,0.00,14.833,14.841,2,7.787,0.138,0,91.91,0.003,0,86.38,0.292,100,0.20,14.401,49,50.00,0.00,0,3.2,0.087
89,1341.599,AllocLarge,2B,0.305,0.0,0.103,13.62,15.641,11.641,2,7.787,0.138,0,16.23,0.003,0,86.38,0.292,100,0.20,11.201,56,35.72,0.00,0,4.0,0.090
90,1351.059,AllocLarge,2B,0.293,0.0,0.000,0.00,14.848,14.856,2,7.787,0.152,0,92.70,0.003,0,86.38,0.292,100,0.20,14.401,49,50.00,0.00,0,3.2,0.087
91,1360.512,AllocLarge,2B,0.365,5.0,0.000,0.00,15.656,11.656,2,7.787,0.152,0,14.65,0.003,0,86.38,0.292,100,0.20,11.201,56,35.72,0.00,0,3.7,0.094
92,1369.655,AllocLarge,2B,0.284,0.0,0.105,12.04,14.863,14.871,2,7.787,0.167,0,93.35,0.003,0,86.38,0.292,100,0.20,14.401,49,50.00,0.00,0,3.3,0.087
93,1376.536,AllocLarge,2B,0.287,7.1,0.000,0.00,15.671,11.671,2,7.787,0.167,0,13.34,0.003,0,86.38,0.292,100,0.20,11.201,56,35.72,0.00,0,4.0,0.088
94,1385.736,AllocLarge,2B,0.343,0.0,0.103,11.47,14.878,14.886,2,7.787,0.183,0,93.89,0.003,0,86.38,0.292,100,0.20,14.401,49,50.00,0.00,0,3.8,0.102
95,1392.875,AllocLarge,2B,0.322,0.0,0.000,0.00,15.686,11.686,2,7.787,0.183,0,12.23,0.003,0,86.38,0.292,100,0.20,11.201,56,35.72,0.00,0,4.3,0.111
96,1402.443,AllocLarge,2B,0.356,0.0,0.000,0.00,14.893,14.901,2,7.787,0.197,0,94.35,0.003,0,86.38,0.292,100,0.20,14.401,49,50.00,0.00,0,3.9,0.117
97,1409.531,AllocLarge,2B,0.329,6.7,0.105,14.38,15.701,11.701,2,7.787,0.197,0,11.35,0.003,0,86.38,0.292,100,0.20,11.201,56,35.72,0.00,0,4.5,0.134
98,1418.705,AllocLarge,2B,0.333,5.0,0.000,0.00,14.908,14.916,2,7.787,0.212,0,94.79,0.003,0,86.38,0.292,100,0.20,14.401,49,50.00,0.00,0,3.7,0.129
99,1425.581,AllocLarge,2B,1.013,14.3,0.000,0.00,15.716,11.716,2,7.787,0.212,0,10.57,0.003,0,86.38,0.292,100,0.20,11.201,56,35.72,0.00,0,12.9,0.095
100,1435.308,AllocLarge,2B,0.297,11.1,0.103,11.72,14.923,14.931,2,7.787,0.227,0,95.35,0.003,0,86.38,0.292,100,0.20,14.401,49,50.00,0.00,0,3.4,0.082
101,1442.089,AllocLarge,2B,0.276,7.7,0.000,0.00,15.731,11.731,2,7.787,0.227,0,9.88,0.003,0,86.38,0.292,100,0.20,11.201,56,35.72,0.00,0,3.9,0.084
102,1450.829,AllocLarge,2B,0.274,10.0,0.000,0.00,14.938,14.946,2,7.787,0.242,0,95.44,0.003,0,86.38,0.292,100,0.20,14.401,49,50.00,0.00,0,3.2,0.075
103,1457.416,AllocLarge,2B,0.266,0.0,0.105,15.37,15.746,11.746,2,7.787,0.242,0,9.27,0.003,0,86.38,0.292,100,0.20,11.201,56,35.72,0.00,0,3.9,0.075
104,1466.202,AllocLarge,2B,0.301,0.0,0.000,0.00,14.952,14.961,2,7.787,0.257,0,95.71,0.003,0,86.38,0.292,100,0.20,14.401,49,50.00,0.00,0,3.5,0.099
105,1472.752,AllocLarge,2B,0.308,12.5,0.000,0.00,15.761,11.760,2,7.787,0.257,0,8.73,0.003,0,86.38,0.292,100,0.20,11.201,56,35.72,0.00,0,4.5,0.106
106,1481.864,AllocLarge,2B,0.326,0.0,0.103,11.52,14.967,14.976,2,7.787,0.272,0,95.94,0.003,0,86.38,0.292,100,0.20,14.401,49,50.00,0.00,0,3.7,0.085
107,1488.678,AllocLarge,2B,0.291,12.5,0.000,0.00,15.776,11.775,2,7.787,0.272,0,8.26,0.003,0,86.38,0.292,100,0.20,11.201,56,35.72,0.00,0,4.1,0.082
108,1497.800,AllocLarge,2B,0.332,0.0,0.000,0.00,14.982,14.990,2,7.787,0.287,0,96.15,0.003,0,86.38,0.292,100,0.20,14.401,49,50.00,0.00,0,3.7,0.078
109,1504.694,AllocLarge,2B,0.315,12.5,0.105,14.61,15.791,11.790,2,7.787,0.287,0,7.83,0.003,0,86.38,0.292,100,0.20,11.201,56,35.72,0.00,0,4.4,0.085
110,1514.079,AllocLarge,2B,0.310,10.0,0.000,0.00,14.997,15.005,2,7.787,0.302,0,96.34,0.003,0,86.38,0.292,100,0.20,14.401,49,50.00,0.00,0,3.4,0.114
111,1520.599,AllocLarge,2B,0.266,0.0,0.000,0.00,15.805,11.805,2,7.787,0.302,0,7.44,0.003,0,86.38,0.292,100,0.20,11.201,56,35.72,0.00,0,4.0,0.079
112,1529.514,AllocLarge,2B,0.310,10.0,0.105,12.07,15.012,15.020,2,7.787,0.317,0,96.51,0.003,0,86.38,0.292,100,0.20,14.401,49,50.00,0.00,0,3.6,0.086
113,1536.135,AllocLarge,2B,0.301,0.0,0.000,0.00,15.820,11.820,2,7.787,0.317,0,7.09,0.003,0,86.38,0.292,100,0.20,11.201,56,35.72,0.00,0,4.3,0.084
114,1545.473,AllocLarge,2B,0.443,9.1,0.000,0.00,15.027,15.035,2,7.787,0.331,0,96.67,0.003,0,86.38,0.292,100,0.20,14.401,49,50.00,0.00,0,4.8,0.208
115,1552.397,AllocLarge,2B,0.343,12.5,0.103,14.45,15.835,11.835,2,7.787,0.331,0,6.77,0.003,0,86.38,0.292,100,0.20,11.201,56,35.72,0.00,0,4.8,0.122
116,1561.382,AllocLarge,2B,0.354,6.3,0.000,0.00,15.042,15.050,2,7.787,0.346,0,96.81,0.003,0,86.38,0.292,100,0.20,14.401,49,50.00,0.00,0,4.1,0.106
117,1568.109,AllocLarge,2B,0.302,12.5,0.000,0.00,15.850,11.850,2,7.787,0.346,0,6.48,0.003,0,86.38,0.292,100,0.20,11.201,56,35.72,0.00,0,4.3,0.093
118,1577.500,AllocLarge,2B,0.305,10.0,0.105,11.52,15.057,15.065,2,7.787,0.361,0,96.95,0.003,0,86.38,0.292,100,0.20,14.401,49,50.00,0.00,0,3.3,0.083
119,1584.084,AllocLarge,2B,0.339,12.5,0.000,0.00,15.865,11.865,2,7.787,0.361,0,3.94,0.003,0,86.38,0.292,100,0.20,11.201,56,35.72,0.00,0,4.8,0.108
120,1593.156,AllocLarge,2B,0.336,0.0,0.103,11.87,15.072,15.080,2,7.787,0.376,0,97.07,0.003,0,86.38,0.292,100,0.20,14.401,49,50.00,0.00,0,3.9,0.093
121,1600.244,AllocLarge,2B,0.312,0.0,0.000,0.00,15.880,11.880,2,7.787,0.376,0,5.97,0.003,0,86.38,0.292,100,0.20,11.201,56,35.72,0.00,0,4.3,0.096
122,1609.371,AllocLarge,2B,0.283,10.0,0.000,0.00,15.086,15.095,2,7.787,0.391,0,97.18,0.003,0,86.38,0.292,100,0.20,14.401,49,50.00,0.00,0,3.2,0.082
123,1616.101,AllocLarge,2B,0.378,12.5,0.105,14.69,15.895,11.894,2,7.787,0.391,0,5.74,0.003,0,86.38,0.292,100,0.20,11.201,56,35.72,0.00,0,5.3,0.128
124,1625.540,AllocLarge,2B,0.317,0.0,0.000,0.00,15.101,15.110,2,7.787,0.406,0,97.28,0.003,0,86.38,0.292,100,0.20,14.401,49,50.00,0.00,0,3.5,0.101
125,1632.407,AllocLarge,2B,0.321,22.2,0.000,0.00,15.910,11.909,2,7.787,0.406,0,5.53,0.003,0,86.38,0.292,100,0.20,11.201,56,35.72,0.00,0,4.4,0.086
126,1641.183,AllocLarge,2B,0.343,11.1,0.103,12.15,15.116,15.124,2,7.787,0.421,0,97.38,0.003,0,86.38,0.292,100,0.20,14.401,49,50.00,0.00,0,4.1,0.118
127,1647.865,AllocLarge,2B,0.308,14.3,0.000,0.00,15.924,11.924,2,7.787,0.421,0,5.34,0.003,0,86.38,0.292,100,0.20,11.201,56,35.72,0.00,0,4.5,0.106
128,1656.592,AllocLarge,2B,0.305,0.0,0.000,0.00,15.131,15.139,2,7.787,0.436,0,97.57,0.003,0,86.38,0.292,100,0.20,14.401,49,50.00,0.00,0,3.6,0.095
129,1663.354,AllocLarge,2B,0.368,11.1,0.105,14.77,15.939,11.939,2,7.787,0.436,0,5.15,0.003,0,86.38,0.292,100,0.20,11.201,56,35.72,0.00,0,5.2,0.109
130,1672.234,AllocLarge,2B,0.305,0.0,0.000,0.00,15.146,15.154,2,7.787,0.450,0,97.65,0.003,0,86.38,0.292,100,0.20,14.401,49,50.00,0.00,0,3.6,0.101
131,1678.939,AllocLarge,2B,0.286,0.0,0.000,0.00,15.954,11.954,2,7.787,0.450,0,4.98,0.003,0,86.38,0.292,100,0.20,11.201,56,35.72,0.00,0,4.1,0.088
132,1687.799,AllocLarge,2B,0.292,11.1,0.103,11.89,15.161,15.169,2,7.787,0.465,0,97.63,0.003,0,86.38,0.292,100,0.20,14.401,49,50.00,0.00,0,3.4,0.077
133,1694.416,AllocLarge,2B,0.308,11.1,0.000,0.00,15.969,11.969,2,7.787,0.465,0,4.82,0.003,0,86.38,0.292,100,0.20,11.201,56,35.72,0.00,0,4.5,0.105
134,1702.978,AllocLarge,2B,0.313,0.0,0.000,0.00,15.176,15.184,2,7.787,0.480,0,97.70,0.003,0,86.38,0.292,100,0.20,14.401,49,50.00,0.00,0,3.8,0.119
135,1709.604,AllocLarge,2B,0.312,12.5,0.105,15.31,15.984,11.984,2,7.787,0.480,0,4.67,0.003,0,86.38,0.292,100,0.20,11.201,56,35.72,0.00,0,4.5,0.083
136,1718.284,AllocLarge,2B,0.282,12.5,0.000,0.00,15.191,15.199,2,7.787,0.495,0,97.77,0.003,0,86.38,0.292,100,0.20,14.401,49,50.00,0.00,0,3.4,0.081
137,1724.794,AllocLarge,2B,0.318,14.3,0.000,0.00,15.999,11.999,2,7.787,0.495,0,4.53,0.003,0,86.38,0.292,100,0.20,11.201,56,35.72,0.00,0,4.6,0.091
138,1733.557,AllocLarge,2B,0.286,0.0,0.105,12.59,15.205,15.214,2,7.787,0.510,0,97.84,0.003,0,86.38,0.292,100,0.20,14.401,49,50.00,0.00,0,3.4,0.083
139,1740.140,AllocLarge,2B,0.349,0.0,0.000,0.00,16.014,12.013,2,7.787,0.510,0,4.40,0.003,0,86.38,0.292,100,0.20,11.201,56,35.72,0.00,0,5.1,0.147
140,1749.064,AllocLarge,2B,0.373,0.0,0.000,0.00,15.220,15.229,2,7.787,0.525,0,97.90,0.003,0,86.38,0.292,100,0.20,14.401,49,50.00,0.00,0,4.3,0.144
141,1755.683,AllocLarge,2B,0.291,0.0,0.103,15.02,16.029,12.028,2,7.787,0.525,0,4.28,0.003,0,86.38,0.292,100,0.20,11.201,56,35.72,0.00,0,4.3,0.081
142,1764.419,AllocLarge,2B,0.277,0.0,0.000,0.00,15.235,15.243,2,7.787,0.540,0,97.96,0.003,0,86.38,0.292,100,0.20,14.401,49,50.00,0.00,0,3.3,0.076
143,1770.920,AllocLarge,2B,0.276,14.3,0.000,0.00,16.043,12.043,2,7.787,0.540,0,4.16,0.003,0,86.38,0.292,100,0.20,11.201,56,35.72,0.00,0,4.1,0.097
144,1779.719,AllocLarge,2B,0.280,10.0,0.105,12.28,15.250,15.258,2,7.787,0.555,0,98.01,0.003,0,86.38,0.292,100,0.20,14.401,49,50.00,0.00,0,3.3,0.080
145,1786.284,AllocLarge,2B,0.366,14.3,0.000,0.00,16.058,12.058,2,7.787,0.555,0,4.05,0.003,0,86.38,0.292,100,0.20,11.201,56,35.72,0.00,0,5.3,0.101
146,1795.661,AllocLarge,2B,0.312,10.0,0.103,11.39,15.265,15.273,2,7.787,0.569,0,98.06,0.003,0,86.38,0.292,100,0.20,14.401,49,50.00,0.00,0,3.5,0.090
147,1802.199,AllocLarge,2B,0.281,0.0,0.000,0.00,16.073,12.073,2,7.787,0.569,0,3.94,0.003,0,86.38,0.292,100,0.20,11.201,56,35.72,0.00,0,4.2,0.091
148,1811.041,AllocLarge,2B,0.277,0.0,0.000,0.00,15.280,15.288,2,7.787,0.584,0,98.11,0.003,0,86.38,0.292,100,0.20,14.401,49,50.00,0.00,0,3.2,0.081
149,1817.599,AllocLarge,2B,0.317,14.3,0.105,15.21,16.088,12.088,2,7.787,0.584,0,3.84,0.003,0,86.38,0.292,100,0.20,11.201,56,35.72,0.00,0,4.6,0.083
150,1826.584,AllocLarge,2B,0.313,0.0,0.000,0.00,15.295,15.303,2,7.787,0.599,0,98.16,0.003,0,86.38,0.292,100,0.20,14.401,49,50.00,0.00,0,3.6,0.121
151,1833.329,AllocLarge,2B,0.290,14.3,0.000,0.00,16.103,12.103,2,7.787,0.599,0,3.75,0.003,0,86.38,0.292,100,0.20,11.201,56,35.72,0.00,0,4.1,0.082
152,1841.998,AllocLarge,2B,0.316,11.1,0.103,12.21,15.310,15.318,2,7.787,0.614,0,98.20,0.003,0,86.38,0.292,100,0.20,14.401,49,50.00,0.00,0,3.8,0.080
153,1848.753,AllocLarge,2B,0.389,12.5,0.000,0.00,16.118,12.118,2,7.787,0.614,0,3.66,0.003,0,86.38,0.292,100,0.20,11.201,56,35.72,0.00,0,5.4,0.108
154,1857.623,AllocLarge,2B,0.310,0.0,0.000,0.00,15.324,15.333,2,7.787,0.629,0,98.32,0.003,0,86.38,0.292,100,0.20,14.401,49,50.00,0.00,0,3.7,0.101
155,1864.323,AllocLarge,2B,0.276,14.3,0.105,15.12,16.133,12.132,2,7.787,0.629,0,3.57,0.003,0,86.38,0.292,100,0.20,11.201,56,35.72,0.00,0,4.0,0.083
156,1872.818,AllocLarge,2B,0.291,0.0,0.000,0.00,15.339,15.348,2,7.787,0.644,0,98.29,0.003,0,86.38,0.292,100,0.20,14.401,49,50.00,0.00,0,3.5,0.095
157,1879.306,AllocLarge,2B,0.283,11.1,0.000,0.00,16.148,12.147,2,7.787,0.644,0,3.49,0.003,0,86.38,0.292,100,0.20,11.201,56,35.72,0.00,0,4.2,0.081
158,1888.012,AllocLarge,2B,0.268,0.0,0.103,12.32,15.354,15.362,2,7.787,0.659,0,98.33,0.003,0,86.38,0.292,100,0.20,14.401,49,50.00,0.00,0,3.2,0.075
159,1894.617,AllocLarge,2B,0.314,11.1,0.000,0.00,16.163,12.162,2,7.787,0.659,0,3.41,0.003,0,86.38,0.292,100,0.20,11.201,56,35.72,0.00,0,4.5,0.080
160,1903.322,AllocLarge,2B,0.336,0.0,0.000,0.00,15.369,15.377,2,7.787,0.674,0,98.36,0.003,0,86.38,0.292,100,0.20,14.401,49,50.00,0.00,0,4.0,0.129
161,1910.544,AllocLarge,2B,0.293,0.0,0.105,14.04,16.177,12.177,2,7.787,0.674,0,3.33,0.003,0,86.38,0.292,100,0.20,11.201,56,35.72,0.00,0,3.9,0.083
162,1919.608,AllocLarge,2B,0.359,11.1,0.000,0.00,15.384,15.392,2,7.787,0.689,0,98.40,0.003,0,86.38,0.292,100,0.20,14.401,49,50.00,0.00,0,4.0,0.117
163,1926.579,AllocLarge,2B,0.295,14.3,0.000,0.00,16.192,12.192,2,7.787,0.689,0,3.26,0.003,0,86.38,0.292,100,0.20,11.201,56,35.72,0.00,0,4.1,0.090
164,1935.149,AllocLarge,2B,0.304,10.0,0.105,12.69,15.399,15.407,2,7.787,0.703,0,98.43,0.003,0,86.38,0.292,100,0.20,14.401,49,50.00,0.00,0,3.7,0.092
165,1941.800,AllocLarge,2B,0.301,12.5,0.000,0.00,16.207,12.207,2,7.787,0.703,0,3.19,0.003,0,86.38,0.292,100,0.20,11.201,56,35.72,0.00,0,4.3,0.079
166,1950.863,AllocLarge,2B,0.296,0.0,0.000,0.00,15.414,15.422,2,7.787,0.718,0,98.46,0.003,0,86.38,0.292,100,0.20,14.401,49,50.00,0.00,0,3.4,0.099
167,1957.457,AllocLarge,2B,0.293,0.0,0.103,14.98,16.222,12.222,2,7.787,0.718,0,3.13,0.003,0,86.38,0.292,100,0.20,11.201,56,35.72,0.00,0,4.3,0.104
168,1966.392,AllocLarge,2B,0.325,11.1,0.000,0.00,15.429,15.437,2,7.787,0.733,0,98.50,0.003,0,86.38,0.292,100,0.20,14.401,49,50.00,0.00,0,3.7,0.107
169,1972.999,AllocLarge,2B,0.305,12.5,0.000,0.00,16.237,12.237,2,7.787,0.733,0,3.06,0.003,0,86.38,0.292,100,0.20,11.201,56,35.72,0.00,0,4.4,0.099
170,1981.898,AllocLarge,2B,0.293,10.0,0.105,12.30,15.444,15.452,2,7.787,0.748,0,98.53,0.003,0,86.38,0.292,100,0.20,14.401,49,50.00,0.00,0,3.4,0.078
171,1988.396,AllocLarge,2B,0.287,14.3,0.000,0.00,16.252,12.252,2,7.787,0.748,0,3.00,0.003,0,86.38,0.292,100,0.20,11.201,56,35.72,0.00,0,4.2,0.077
172,1996.856,AllocLarge,2B,0.270,11.1,0.103,12.60,15.458,15.467,2,7.787,0.763,0,98.55,0.003,0,86.38,0.292,100,0.20,14.401,49,50.00,0.00,0,3.3,0.085
173,2003.220,AllocLarge,2B,0.227,0.0,0.000,0.00,16.267,12.266,2,7.787,0.763,0,2.94,0.003,0,86.38,0.292,100,0.20,11.201,56,35.72,0.00,0,3.4,0.089
174,2011.572,AllocLarge,2B,0.284,0.0,0.000,0.00,15.473,15.482,2,7.787,0.778,0,98.64,0.003,0,86.38,0.292,100,0.20,14.401,49,50.00,0.00,0,3.5,0.089
175,2018.025,AllocLarge,2B,0.236,0.0,0.105,15.77,16.282,12.281,2,7.787,0.778,0,2.89,0.003,0,86.38,0.292,100,0.20,11.201,56,35.72,0.00,0,3.5,0.076
176,2026.415,AllocLarge,2B,0.238,0.0,0.000,0.00,15.488,15.496,2,7.787,0.793,0,98.61,0.003,0,86.38,0.292,100,0.20,14.401,49,50.00,0.00,0,2.9,0.076
177,2032.867,AllocLarge,2B,0.357,14.3,0.000,0.00,16.296,12.296,2,7.787,0.793,0,2.83,0.003,0,86.38,0.292,100,0.20,11.201,56,35.72,0.00,0,5.2,0.090
178,2041.575,AllocLarge,2B,0.296,0.0,0.103,12.32,15.503,15.511,2,7.787,0.808,0,98.63,0.003,0,86.38,0.292,100,0.20,14.401,49,50.00,0.00,0,3.6,0.086
179,2048.256,AllocLarge,2B,0.280,0.0,0.000,0.00,16.311,12.311,2,7.787,0.808,0,2.78,0.003,0,86.38,0.292,100,0.20,11.201,56,35.72,0.00,0,4.1,0.082
180,2056.799,AllocLarge,2B,0.330,11.1,0.000,0.00,15.518,15.526,2,7.787,0.822,0,98.66,0.003,0,86.38,0.292,100,0.20,14.401,49,50.00,0.00,0,3.9,0.081
181,2063.929,AllocLarge,2B,0.311,0.0,0.105,14.12,16.326,12.326,2,7.787,0.822,0,1.73,0.003,0,86.38,0.292,100,0.20,11.201,56,35.72,0.00,0,4.2,0.083
182,2072.877,AllocLarge,2B,0.365,10.0,0.000,0.00,15.533,15.541,2,7.787,0.837,0,98.68,0.003,0,86.38,0.292,100,0.20,14.401,49,50.00,0.00,0,4.2,0.129
183,2079.636,AllocLarge,2B,0.303,0.0,0.000,0.00,16.341,12.341,2,7.787,0.837,0,2.68,0.003,0,86.38,0.292,100,0.20,11.201,56,35.72,0.00,0,4.3,0.083
184,2088.218,AllocLarge,2B,0.275,10.0,0.103,12.38,15.548,15.556,2,7.787,0.852,0,98.76,0.003,0,86.38,0.292,100,0.20,14.401,49,50.00,0.00,0,3.3,0.081
185,2094.752,AllocLarge,2B,0.314,12.5,0.000,0.00,16.356,12.356,2,7.787,0.852,0,2.63,0.003,0,86.38,0.292,100,0.20,11.201,56,35.72,0.00,0,4.5,0.085
186,2103.394,AllocLarge,2B,0.291,11.1,0.000,0.00,15.563,15.571,2,7.787,0.867,0,98.73,0.003,0,86.38,0.292,100,0.20,14.401,49,50.00,0.00,0,3.5,0.093
187,2109.902,AllocLarge,2B,0.311,14.3,0.105,15.57,16.371,12.371,2,7.787,0.867,0,2.59,0.003,0,86.38,0.292,100,0.20,11.201,56,35.72,0.00,0,4.6,0.080
188,2118.374,AllocLarge,2B,0.274,0.0,0.000,0.00,15.577,15.586,2,7.787,0.882,0,98.75,0.003,0,86.38,0.292,100,0.20,14.401,49,50.00,0.00,0,3.4,0.080
189,2124.821,AllocLarge,2B,0.341,14.3,0.000,0.00,16.386,12.385,2,7.787,0.882,0,2.55,0.003,0,86.38,0.292,100,0.20,11.201,56,35.72,0.00,0,4.9,0.081
190,2133.537,AllocLarge,2B,0.276,0.0,0.105,12.84,15.592,15.601,2,7.787,0.897,0,98.77,0.003,0,86.38,0.292,100,0.20,14.401,49,50.00,0.00,0,3.4,0.079
191,2139.972,AllocLarge,2B,0.358,12.5,0.000,0.00,16.401,12.400,2,7.787,0.897,0,2.50,0.003,0,86.38,0.292,100,0.20,11.201,56,35.72,0.00,0,5.2,0.179
192,2148.530,AllocLarge,2B,0.279,20.0,0.000,0.00,15.607,15.615,2,7.787,0.912,0,98.79,0.003,0,86.38,0.292,100,0.20,14.401,49,50.00,0.00,0,3.4,0.079
193,2154.989,AllocLarge,2B,0.297,0.0,0.103,15.34,16.415,12.415,2,7.787,0.912,0,2.46,0.003,0,86.38,0.292,100,0.20,11.201,56,35.72,0.00,0,4.4,0.075
194,2163.851,AllocLarge,2B,0.357,0.0,0.000,0.00,15.622,15.630,2,7.787,0.927,0,98.81,0.003,0,86.38,0.292,100,0.20,14.401,49,50.00,0.00,0,4.1,0.147
195,2170.406,AllocLarge,2B,0.261,0.0,0.000,0.00,16.430,12.430,2,7.787,0.927,0,2.42,0.003,0,86.38,0.292,100,0.20,11.201,56,35.72,0.00,0,3.9,0.075
196,2178.848,AllocLarge,2B,0.305,11.1,0.105,12.80,15.637,15.645,2,7.787,0.941,0,98.88,0.003,0,86.38,0.292,100,0.20,14.401,49,50.00,0.00,0,3.7,0.104
197,2185.300,AllocLarge,2B,0.315,0.0,0.000,0.00,16.445,12.445,2,7.787,0.941,0,2.38,0.003,0,86.38,0.292,100,0.20,11.201,56,35.72,0.00,0,4.6,0.103
198,2193.886,AllocLarge,2B,0.291,0.0,0.103,12.48,15.652,15.660,2,7.787,0.956,0,98.85,0.003,0,86.38,0.292,100,0.20,14.401,49,50.00,0.00,0,3.5,0.080
199,2200.369,AllocLarge,2B,0.258,14.3,0.000,0.00,16.460,12.460,2,7.787,0.956,0,2.35,0.003,0,86.38,0.292,100,0.20,11.201,56,35.72,0.00,0,3.8,0.077
200,2208.890,AllocLarge,2B,0.288,11.1,0.000,0.00,15.667,15.675,2,7.787,0.971,0,98.86,0.003,0,86.38,0.292,100,0.20,14.401,49,50.00,0.00,0,3.5,0.083
201,2215.411,AllocLarge,2B,0.311,14.3,0.105,15.24,16.475,12.475,2,7.787,0.971,0,2.31,0.003,0,86.38,0.292,100,0.20,11.201,56,35.72,0.00,0,4.5,0.081
202,2224.047,AllocLarge,2B,0.268,0.0,0.000,0.00,15.682,15.690,2,7.787,0.986,0,98.88,0.003,0,86.38,0.292,100,0.20,14.401,49,50.00,0.00,0,3.3,0.075
203,2230.503,AllocLarge,2B,0.275,14.3,0.000,0.00,16.490,12.490,2,7.787,0.986,0,2.28,0.003,0,86.38,0.292,100,0.20,11.201,56,35.72,0.00,0,4.1,0.076
204,2239.098,AllocLarge,2B,0.286,11.1,0.103,12.32,15.696,15.705,2,7.787,1.001,0,98.90,0.003,0,86.38,0.292,100,0.20,14.401,49,50.00,0.00,0,3.4,0.082
205,2245.627,AllocLarge,2B,0.411,12.5,0.000,0.00,16.505,12.504,2,7.787,1.001,0,2.24,0.003,0,86.38,0.292,100,0.20,11.201,56,35.72,0.00,0,5.8,0.122
206,2254.305,AllocLarge,2B,0.270,11.1,0.000,0.00,15.711,15.720,2,7.787,1.016,0,98.91,0.003,0,86.38,0.292,100,0.20,14.401,49,50.00,0.00,0,3.3,0.075
207,2260.751,AllocLarge,2B,0.301,14.3,0.105,15.63,16.520,12.519,2,7.787,1.016,0,2.21,0.003,0,86.38,0.292,100,0.20,11.201,56,35.72,0.00,0,4.5,0.098
208,2269.199,AllocLarge,2B,0.341,11.1,0.000,0.00,15.726,15.734,2,7.787,1.031,0,98.93,0.003,0,86.38,0.292,100,0.20,14.401,49,50.00,0.00,0,4.2,0.090
209,2275.683,AllocLarge,2B,0.397,14.3,0.000,0.00,16.535,12.534,2,7.787,1.031,0,2.18,0.003,0,86.38,0.292,100,0.20,11.201,56,35.72,0.00,0,5.8,0.098
210,2284.208,AllocLarge,2B,0.279,0.0,0.103,12.79,15.741,15.749,2,7.787,1.046,0,98.94,0.003,0,86.38,0.292,100,0.20,14.401,49,50.00,0.00,0,3.5,0.090
211,2290.661,AllocLarge,2B,0.259,14.3,0.000,0.00,16.549,12.549,2,7.787,1.046,0,2.15,0.003,0,86.38,0.292,100,0.20,11.201,56,35.72,0.00,0,3.8,0.078
212,2299.102,AllocLarge,2B,0.269,11.1,0.000,0.00,15.756,15.764,2,7.787,1.061,0,98.96,0.003,0,86.38,0.292,100,0.20,14.401,49,50.00,0.00,0,3.3,0.079
213,2305.590,AllocLarge,2B,0.274,0.0,0.105,15.58,16.564,12.564,2,7.787,1.061,0,2.12,0.003,0,86.38,0.292,100,0.20,11.201,56,35.72,0.00,0,4.1,0.077
214,2314.158,AllocLarge,2B,0.278,0.0,0.000,0.00,15.771,15.779,2,7.787,1.075,0,99.02,0.003,0,86.38,0.292,100,0.20,14.401,49,50.00,0.00,0,3.4,0.081
215,2320.572,AllocLarge,2B,0.259,11.1,0.000,0.00,16.579,12.579,2,7.787,1.075,0,2.09,0.003,0,86.38,0.292,100,0.20,11.201,56,35.72,0.00,0,3.8,0.077
216,2329.113,AllocLarge,2B,0.302,0.0,0.105,12.71,15.786,15.794,2,7.787,1.090,0,98.99,0.003,0,86.38,0.292,100,0.20,14.401,49,50.00,0.00,0,3.6,0.081
217,2335.695,AllocLarge,2B,0.294,22.2,0.000,0.00,16.594,12.594,2,7.787,1.090,0,2.06,0.003,0,86.38,0.292,100,0.20,11.201,56,35.72,0.00,0,4.3,0.079
218,2344.245,AllocLarge,2B,0.315,0.0,0.000,0.00,15.801,15.809,2,7.787,1.105,0,99.00,0.003,0,86.38,0.292,100,0.20,14.401,49,50.00,0.00,0,3.8,0.092
219,2350.937,AllocLarge,2B,0.359,12.5,0.103,14.62,16.609,12.609,2,7.787,1.105,0,2.03,0.003,0,86.38,0.292,100,0.20,11.201,56,35.72,0.00,0,5.1,0.085
220,2359.602,AllocLarge,2B,0.282,10.0,0.000,0.00,15.816,15.824,2,7.787,1.120,0,99.02,0.003,0,86.38,0.292,100,0.20,14.401,49,50.00,0.00,0,3.4,0.082
221,2366.306,AllocLarge,2B,0.318,11.1,0.000,0.00,16.624,12.624,2,7.787,1.120,0,2.00,0.003,0,86.38,0.292,100,0.20,11.201,56,35.72,0.00,0,4.5,0.081
222,2375.095,AllocLarge,2B,0.298,11.1,0.105,12.41,15.830,15.839,2,7.787,1.135,0,99.03,0.003,0,86.38,0.292,100,0.20,14.401,49,50.00,0.00,0,3.5,0.079
223,2381.698,AllocLarge,2B,0.300,0.0,0.000,0.00,16.639,12.638,2,7.787,1.135,0,1.98,0.003,0,86.38,0.292,100,0.20,11.201,56,35.72,0.00,0,4.4,0.079
224,2390.230,AllocLarge,2B,0.282,0.0,0.103,12.43,15.845,15.854,2,7.787,1.150,0,99.04,0.003,0,86.38,0.292,100,0.20,14.401,49,50.00,0.00,0,3.4,0.080
225,2396.940,AllocLarge,2B,0.363,14.3,0.000,0.00,16.654,12.653,2,7.787,1.150,0,1.95,0.003,0,86.38,0.292,100,0.20,11.201,56,35.72,0.00,0,5.1,0.110
226,2405.548,AllocLarge,2B,0.287,0.0,0.000,0.00,15.860,15.868,2,7.787,1.165,0,99.09,0.003,0,86.38,0.292,100,0.20,14.401,49,50.00,0.00,0,3.5,0.083
227,2412.130,AllocLarge,2B,0.329,14.3,0.105,15.23,16.668,12.668,2,7.787,1.165,0,1.93,0.003,0,86.38,0.292,100,0.20,11.201,56,35.72,0.00,0,4.8,0.080
228,2420.658,AllocLarge,2B,0.254,10.0,0.000,0.00,15.875,15.883,2,7.787,1.180,0,99.10,0.003,0,86.38,0.292,100,0.20,14.401,49,50.00,0.00,0,3.1,0.076
229,2427.150,AllocLarge,2B,0.303,0.0,0.000,0.00,16.683,12.683,2,7.787,1.180,0,1.90,0.003,0,86.38,0.292,100,0.20,11.201,56,35.72,0.00,0,4.4,0.079
230,2435.771,AllocLarge,2B,0.273,0.0,0.103,12.40,15.890,15.898,2,7.787,1.194,0,99.08,0.003,0,86.38,0.292,100,0.20,14.401,49,50.00,0.00,0,3.3,0.088
231,2442.280,AllocLarge,2B,0.279,12.5,0.000,0.00,16.698,12.698,2,7.787,1.194,0,1.88,0.003,0,86.38,0.292,100,0.20,11.201,56,35.72,0.00,0,4.1,0.078
232,2450.746,AllocLarge,2B,0.253,0.0,0.000,0.00,15.905,15.913,2,7.787,1.209,0,99.09,0.003,0,86.38,0.292,100,0.20,14.401,49,50.00,0.00,0,3.1,0.078
233,2457.321,AllocLarge,2B,0.336,22.2,0.105,14.92,16.713,12.713,2,7.787,1.209,0,1.86,0.003,0,86.38,0.292,100,0.20,11.201,56,35.72,0.00,0,4.8,0.099
234,2465.946,AllocLarge,2B,0.285,0.0,0.000,0.00,15.920,15.928,2,7.787,1.224,0,99.14,0.003,0,86.38,0.292,100,0.20,14.401,49,50.00,0.00,0,3.5,0.080
235,2472.405,AllocLarge,2B,0.289,14.3,0.000,0.00,16.728,12.728,2,7.787,1.224,0,1.83,0.003,0,86.38,0.292,100,0.20,11.201,56,35.72,0.00,0,4.3,0.099
236,2480.996,AllocLarge,2B,0.303,11.1,0.103,12.31,15.935,15.943,2,7.787,1.239,0,99.11,0.003,0,86.38,0.292,100,0.20,14.401,49,50.00,0.00,0,3.6,0.081
237,2487.465,AllocLarge,2B,0.312,0.0,0.000,0.00,16.743,12.743,2,7.787,1.239,0,1.81,0.003,0,86.38,0.292,100,0.20,11.201,56,35.72,0.00,0,4.6,0.080
238,2496.080,AllocLarge,2B,0.279,0.0,0.000,0.00,15.949,15.958,2,7.787,1.254,0,99.12,0.003,0,86.38,0.292,100,0.20,14.401,49,50.00,0.00,0,3.4,0.080
239,2502.554,AllocLarge,2B,0.270,0.0,0.105,15.60,16.758,12.757,2,7.787,1.254,0,1.79,0.003,0,86.38,0.292,100,0.20,11.201,56,35.72,0.00,0,4.0,0.075
240,2511.198,AllocLarge,2B,0.316,0.0,0.000,0.00,15.964,15.973,2,7.787,1.269,0,99.13,0.003,0,86.38,0.292,100,0.20,14.401,49,50.00,0.00,0,3.7,0.081
241,2517.679,AllocLarge,2B,0.318,12.5,0.000,0.00,16.773,12.772,2,7.787,1.269,0,1.12,0.003,0,86.38,0.292,100,0.20,11.201,56,35.72,0.00,0,4.6,0.101
242,2526.560,AllocLarge,2B,0.315,11.1,0.105,12.45,15.979,15.987,2,7.787,1.284,0,99.14,0.003,0,86.38,0.292,100,0.20,14.401,49,50.00,0.00,0,3.7,0.080
243,2533.106,AllocLarge,2B,0.274,0.0,0.000,0.00,16.787,12.787,2,7.787,1.284,0,1.75,0.003,0,86.38,0.292,100,0.20,11.201,56,35.72,0.00,0,4.0,0.080
244,2541.676,AllocLarge,2B,0.338,0.0,0.000,0.00,15.994,16.002,2,7.787,1.299,0,99.19,0.003,0,86.38,0.292,100,0.20,14.401,49,50.00,0.00,0,4.0,0.093
245,2548.379,AllocLarge,2B,0.305,0.0,0.103,14.78,16.802,12.802,2,7.787,1.299,0,1.73,0.003,0,86.38,0.292,100,0.20,11.201,56,35.72,0.00,0,4.4,0.083
246,2556.903,AllocLarge,2B,0.284,0.0,0.000,0.00,16.009,16.017,2,7.787,1.313,0,99.16,0.003,0,86.38,0.292,100,0.20,14.401,49,50.00,0.00,0,3.5,0.085
247,2563.373,AllocLarge,2B,0.310,14.3,0.000,0.00,16.817,12.817,2,7.787,1.313,0,1.71,0.003,0,86.38,0.292,100,0.20,11.201,56,35.72,0.00,0,4.6,0.077
248,2571.911,AllocLarge,2B,0.271,11.1,0.105,12.78,16.024,16.032,2,7.787,1.328,0,99.17,0.003,0,86.38,0.292,100,0.20,14.401,49,50.00,0.00,0,3.3,0.084
249,2578.402,AllocLarge,2B,0.336,0.0,0.000,0.00,16.832,12.832,2,7.787,1.328,0,1.69,0.003,0,86.38,0.292,100,0.20,11.201,56,35.72,0.00,0,4.9,0.104
250,2587.066,AllocLarge,2B,0.330,10.0,0.103,12.38,16.039,16.047,2,7.787,1.343,0,99.21,0.003,0,86.38,0.292,100,0.20,14.401,49,50.00,0.00,0,4.0,0.079
251,2593.608,AllocLarge,2B,0.300,14.3,0.000,0.00,16.847,12.847,2,7.787,1.343,0,1.67,0.003,0,86.38,0.292,100,0.20,11.201,56,35.72,0.00,0,4.4,0.079
252,2602.092,AllocLarge,2B,0.288,0.0,0.000,0.00,16.054,16.062,2,7.787,1.358,0,99.19,0.003,0,86.38,0.292,100,0.20,14.401,49,50.00,0.00,0,3.5,0.079
253,2608.567,AllocLarge,2B,0.350,25.0,0.105,15.27,16.862,12.862,2,7.787,1.358,0,1.65,0.003,0,86.38,0.292,100,0.20,11.201,56,35.72,0.00,0,5.1,0.084
254,2617.340,AllocLarge,2B,0.301,0.0,0.000,0.00,16.068,16.077,2,7.787,1.373,0,99.20,0.003,0,86.38,0.292,100,0.20,14.401,49,50.00,0.00,0,3.6,0.080
255,2624.104,AllocLarge,2B,0.307,0.0,0.000,0.00,16.877,12.876,2,7.787,1.373,0,1.63,0.003,0,86.38,0.292,100,0.20,11.201,56,35.72,0.00,0,4.4,0.085
256,2632.939,AllocLarge,2B,0.276,0.0,0.103,12.03,16.083,16.092,2,7.787,1.388,0,99.21,0.003,0,86.38,0.292,100,0.20,14.401,49,50.00,0.00,0,3.2,0.079
257,2639.640,AllocLarge,2B,0.295,14.3,0.000,0.00,16.892,12.891,2,7.787,1.388,0,1.62,0.003,0,86.38,0.292,100,0.20,11.201,56,35.72,0.00,0,4.2,0.080
258,2648.468,AllocLarge,2B,0.272,11.1,0.000,0.00,16.098,16.106,2,7.787,1.403,0,99.21,0.003,0,86.38,0.292,100,0.20,14.401,49,50.00,0.00,0,3.2,0.079
259,2655.004,AllocLarge,2B,0.317,14.3,0.105,15.30,16.907,12.906,2,7.787,1.403,0,1.60,0.003,0,86.38,0.292,100,0.20,11.201,56,35.72,0.00,0,4.6,0.083
260,2663.744,AllocLarge,2B,0.260,0.0,0.000,0.00,16.113,16.121,2,7.787,1.418,0,99.22,0.003,0,86.38,0.292,100,0.20,14.401,49,50.00,0.00,0,3.1,0.078
261,2670.232,AllocLarge,2B,0.259,14.3,0.000,0.00,16.921,12.921,2,7.787,1.418,0,1.58,0.003,0,86.38,0.292,100,0.20,11.201,56,35.72,0.00,0,3.9,0.098
262,2678.935,AllocLarge,2B,0.290,0.0,0.103,12.03,16.128,16.136,2,7.787,1.433,0,99.23,0.003,0,86.38,0.292,100,0.20,14.401,49,50.00,0.00,0,3.4,0.080
263,2685.672,AllocLarge,2B,0.290,0.0,0.000,0.00,16.936,12.936,2,7.787,1.433,0,1.57,0.003,0,86.38,0.292,100,0.20,11.201,56,35.72,0.00,0,4.2,0.081
264,2694.818,AllocLarge,2B,0.340,10.0,0.000,0.00,16.143,16.159,2,7.787,1.456,0,98.71,0.003,0,86.38,0.292,100,0.20,14.401,49,50.00,0.00,0,3.8,0.081
265,2701.879,AllocLarge,2B,0.348,0.0,0.105,14.33,16.952,12.951,2,7.787,1.448,0,1.55,0.003,0,86.38,0.292,100,0.20,11.201,56,35.72,0.00,0,4.7,0.082
266,2710.762,AllocLarge,2B,0.540,0.0,0.000,0.00,16.158,16.166,2,7.787,1.462,0,99.28,0.003,0,86.38,0.292,100,0.20,14.401,49,50.00,0.00,0,6.1,0.107
267,2717.679,AllocLarge,2B,0.317,14.3,0.000,0.00,16.966,12.966,2,7.787,1.462,0,1.54,0.003,0,86.38,0.292,100,0.20,11.201,56,35.72,0.00,0,4.6,0.084
268,2726.863,AllocLarge,2B,0.301,0.0,0.105,11.81,16.173,16.181,2,7.787,1.477,0,99.25,0.003,0,86.38,0.292,100,0.20,14.401,49,50.00,0.00,0,3.4,0.099
269,2733.339,AllocLarge,2B,0.334,14.3,0.000,0.00,16.981,12.981,2,7.787,1.477,0,1.52,0.003,0,86.38,0.292,100,0.20,11.201,56,35.72,0.00,0,4.9,0.085
270,2742.712,AllocLarge,2B,0.291,0.0,0.103,11.40,16.188,16.196,2,7.787,1.492,0,99.26,0.003,0,86.38,0.292,100,0.20,14.401,49,50.00,0.00,0,3.2,0.090
271,2749.571,AllocLarge,2B,0.492,25.0,0.000,0.00,16.996,12.996,2,7.787,1.492,0,1.50,0.003,0,86.38,0.292,100,0.20,11.201,56,35.72,0.00,0,6.4,0.132
272,2759.915,AllocLarge,2B,0.417,0.0,0.000,0.00,16.202,16.211,2,7.787,1.507,0,99.30,0.003,0,86.38,0.292,100,0.20,14.401,49,50.00,0.00,0,4.3,0.129
273,2767.098,AllocLarge,2B,0.324,12.5,0.105,14.24,17.011,13.010,2,7.787,1.507,0,1.49,0.003,0,86.38,0.292,100,0.20,11.201,56,35.72,0.00,0,4.4,0.111
274,2776.417,AllocLarge,2B,0.312,11.1,0.000,0.00,16.217,16.226,2,7.787,1.522,0,99.28,0.003,0,86.38,0.292,100,0.20,14.401,49,50.00,0.00,0,3.5,0.082
275,2783.162,AllocLarge,2B,0.320,22.2,0.000,0.00,17.026,13.025,2,7.787,1.522,0,1.48,0.003,0,86.38,0.292,100,0.20,11.201,56,35.72,0.00,0,4.6,0.080
276,2791.790,AllocLarge,2B,0.305,0.0,0.103,12.29,16.232,16.240,2,7.787,1.537,0,99.28,0.003,0,86.38,0.292,100,0.20,14.401,49,50.00,0.00,0,3.6,0.084
277,2798.305,AllocLarge,2B,0.342,0.0,0.000,0.00,17.041,13.040,2,7.787,1.537,0,1.46,0.003,0,86.38,0.292,100,0.20,11.201,56,35.72,0.00,0,5.0,0.100
278,2807.107,AllocLarge,2B,0.298,0.0,0.000,0.00,16.247,16.255,2,7.787,1.552,0,99.29,0.003,0,86.38,0.292,100,0.20,14.401,49,50.00,0.00,0,3.5,0.082
279,2813.825,AllocLarge,2B,0.328,0.0,0.105,15.05,17.055,13.055,2,7.787,1.552,0,1.45,0.003,0,86.38,0.292,100,0.20,11.201,56,35.72,0.00,0,4.7,0.083
280,2822.836,AllocLarge,2B,0.296,0.0,0.000,0.00,16.262,16.270,2,7.787,1.567,0,99.30,0.003,0,86.38,0.292,100,0.20,14.401,49,50.00,0.00,0,3.4,0.085
281,2829.465,AllocLarge,2B,0.287,12.5,0.000,0.00,17.070,13.070,2,7.787,1.567,0,1.43,0.003,0,86.38,0.292,100,0.20,11.201,56,35.72,0.00,0,4.2,0.080
282,2838.403,AllocLarge,2B,0.339,11.1,0.103,11.71,16.277,16.285,2,7.787,1.581,0,99.30,0.003,0,86.38,0.292,100,0.20,14.401,49,50.00,0.00,0,3.9,0.104
283,2845.465,AllocLarge,2B,0.349,0.0,0.000,0.00,17.085,13.085,2,7.787,1.581,0,1.42,0.003,0,86.38,0.292,100,0.20,11.201,56,35.72,0.00,0,4.7,0.124
284,2854.452,AllocLarge,2B,0.306,0.0,0.000,0.00,16.292,16.300,2,7.787,1.596,0,99.31,0.003,0,86.38,0.292,100,0.20,14.401,49,50.00,0.00,0,3.5,0.099
285,2861.191,AllocLarge,2B,0.343,11.1,0.105,14.93,17.100,13.100,2,7.787,1.596,0,1.41,0.003,0,86.38,0.292,100,0.20,11.201,56,35.72,0.00,0,4.9,0.086
286,2870.050,AllocLarge,2B,0.296,11.1,0.000,0.00,16.307,16.315,2,7.787,1.611,0,99.32,0.003,0,86.38,0.292,100,0.20,14.401,49,50.00,0.00,0,3.5,0.081
287,2876.601,AllocLarge,2B,0.290,12.5,0.000,0.00,17.115,13.115,2,7.787,1.611,0,1.39,0.003,0,86.38,0.292,100,0.20,11.201,56,35.72,0.00,0,4.3,0.083
288,2885.578,AllocLarge,2B,0.328,10.0,0.105,12.02,16.322,16.330,2,7.787,1.626,0,99.32,0.003,0,86.38,0.292,100,0.20,14.401,49,50.00,0.00,0,3.7,0.098
289,2892.282,AllocLarge,2B,0.340,12.5,0.000,0.00,17.130,13.130,2,7.787,1.626,0,1.38,0.003,0,86.38,0.292,100,0.20,11.201,56,35.72,0.00,0,4.8,0.088
290,2901.241,AllocLarge,2B,0.303,0.0,0.000,0.00,16.336,16.345,2,7.787,1.641,0,99.33,0.003,0,86.38,0.292,100,0.20,14.401,49,50.00,0.00,0,3.5,0.084
291,2907.943,AllocLarge,2B,0.348,0.0,0.103,14.69,17.145,13.144,2,7.787,1.641,0,1.37,0.003,0,86.38,0.292,100,0.20,11.201,56,35.72,0.00,0,5.0,0.112
292,2916.655,AllocLarge,2B,0.285,0.0,0.000,0.00,16.351,16.359,2,7.787,1.656,0,99.33,0.003,0,86.38,0.292,100,0.20,14.401,49,50.00,0.00,0,3.4,0.081
293,2923.430,AllocLarge,2B,0.302,14.3,0.000,0.00,17.160,13.159,2,7.787,1.656,0,1.36,0.003,0,86.38,0.292,100,0.20,11.201,56,35.72,0.00,0,4.2,0.079
294,2932.286,AllocLarge,2B,0.309,11.1,0.105,12.33,16.366,16.374,2,7.787,1.671,0,99.34,0.003,0,86.38,0.292,100,0.20,14.401,49,50.00,0.00,0,3.6,0.082
295,2939.239,AllocLarge,2B,0.309,12.5,0.000,0.00,17.174,13.174,2,7.787,1.671,0,1.34,0.003,0,86.38,0.292,100,0.20,11.201,56,35.72,0.00,0,4.3,0.102
296,2947.826,AllocLarge,2B,0.302,0.0,0.103,12.37,16.381,16.389,2,7.787,1.686,0,99.35,0.003,0,86.38,0.292,100,0.20,14.401,49,50.00,0.00,0,3.6,0.092
297,2954.382,AllocLarge,2B,0.305,12.5,0.000,0.00,17.189,13.189,2,7.787,1.686,0,1.33,0.003,0,86.38,0.292,100,0.20,11.201,56,35.72,0.00,0,4.4,0.095
298,2963.226,AllocLarge,2B,0.330,10.0,0.000,0.00,16.396,16.404,2,7.787,1.700,0,99.35,0.003,0,86.38,0.292,100,0.20,14.401,49,50.00,0.00,0,3.8,0.107
299,2970.162,AllocLarge,2B,0.299,12.5,0.105,14.67,17.204,13.204,2,7.787,1.700,0,1.32,0.003,0,86.38,0.292,100,0.20,11.201,56,35.72,0.00,0,4.2,0.082
300,2978.725,AllocLarge,2B,0.323,11.1,0.000,0.00,16.411,16.419,2,7.787,1.715,0,99.36,0.003,0,86.38,0.292,100,0.20,14.401,49,50.00,0.00,0,3.9,0.078
301,2985.258,AllocLarge,2B,0.278,0.0,0.000,0.00,17.219,13.219,2,7.787,1.715,0,1.31,0.003,0,86.38,0.292,100,0.20,11.201,56,35.72,0.00,0,4.1,0.076
302,2993.894,AllocLarge,2B,0.496,0.0,0.103,11.99,16.426,16.434,2,7.787,1.730,0,99.36,0.003,0,86.38,0.292,100,0.20,14.401,49,50.00,0.00,0,5.8,0.079
303,3000.620,AllocLarge,2B,0.276,12.5,0.000,0.00,17.234,13.234,2,7.787,1.730,0,1.30,0.003,0,86.38,0.292,100,0.20,11.201,56,35.72,0.00,0,4.1,0.081
304,3009.083,AllocLarge,2B,0.311,0.0,0.000,0.00,16.441,16.449,2,7.787,1.745,0,99.37,0.003,0,86.38,0.292,100,0.20,14.401,49,50.00,0.00,0,3.8,0.080
305,3015.685,AllocLarge,2B,0.379,12.5,0.105,15.03,17.249,13.249,2,7.787,1.745,0,1.29,0.003,0,86.38,0.292,100,0.20,11.201,56,35.72,0.00,0,5.4,0.109
306,3018.794,AllocSmall,0N,0.134,0.0,0.007,3.35,13.249,11.504,2,0.002,0.001,0,81.43,0.003,NaN,8.77,0.292,NaN,0.20,11.201,NaN,21.43,0.00,1,5.7,0.003
307,3024.478,AllocLarge,2B,0.331,0.0,0.000,0.00,14.726,14.734,2,7.786,0.030,0,63.22,0.003,0,87.12,0.292,100,0.20,14.401,49,50.00,0.00,0,5.4,0.109
308,3031.133,AllocLarge,2B,0.272,0.0,0.000,0.00,15.538,11.546,2,7.786,0.042,0,73.72,0.003,0,87.12,0.292,100,0.20,11.201,56,35.72,0.00,0,4.0,0.075
309,3039.639,AllocLarge,2B,0.295,11.1,0.110,13.36,14.746,14.746,2,7.786,0.042,0,66.90,0.003,0,87.12,0.292,100,0.20,14.401,49,50.00,0.00,0,3.6,0.078
310,3046.177,AllocLarge,2B,0.327,0.0,0.000,0.00,15.546,11.546,2,7.786,0.042,0,50.49,0.003,0,87.12,0.292,100,0.20,11.201,56,35.72,0.00,0,4.8,0.082
311,3054.751,AllocLarge,2B,0.321,11.1,0.000,0.00,14.754,14.762,2,7.786,0.058,0,81.04,0.003,0,87.12,0.292,100,0.20,14.401,49,50.00,0.00,0,3.9,0.083
312,3061.373,AllocLarge,2B,0.285,0.0,0.000,0.00,15.562,11.562,2,7.786,0.058,0,38.67,0.003,0,87.12,0.292,100,0.20,11.201,56,35.72,0.00,0,4.2,0.082
313,3069.920,AllocLarge,2B,0.312,0.0,0.110,13.27,14.769,14.777,2,7.786,0.073,0,84.91,0.003,0,87.12,0.292,100,0.20,14.401,49,50.00,0.00,0,3.8,0.109
314,3076.621,AllocLarge,2B,0.322,11.1,0.000,0.00,15.577,11.577,2,7.786,0.073,0,30.78,0.003,0,87.12,0.292,100,0.20,11.201,56,35.72,0.00,0,4.6,0.092
315,3085.294,AllocLarge,2B,0.267,0.0,0.103,12.52,14.784,14.792,2,7.786,0.088,0,87.46,0.003,0,87.12,0.292,100,0.20,14.401,49,50.00,0.00,0,3.3,0.081
316,3092.215,AllocLarge,2B,0.288,0.0,0.000,0.00,15.592,11.592,2,7.786,0.088,0,25.56,0.003,0,87.12,0.292,100,0.20,11.201,56,35.72,0.00,0,4.0,0.085
317,3100.740,AllocLarge,2B,0.286,0.0,0.000,0.00,14.798,14.807,2,7.786,0.103,0,89.28,0.003,0,87.12,0.292,100,0.20,14.401,49,50.00,0.00,0,3.4,0.077
318,3107.296,AllocLarge,2B,0.291,14.3,0.105,15.28,15.607,11.606,2,7.786,0.103,0,21.86,0.003,0,87.12,0.292,100,0.20,11.201,56,35.72,0.00,0,4.2,0.082
319,3115.924,AllocLarge,2B,0.274,0.0,0.000,0.00,14.813,14.822,2,7.786,0.118,0,90.64,0.003,0,87.12,0.292,100,0.20,14.401,49,50.00,0.00,0,3.3,0.079
320,3122.365,AllocLarge,2B,0.292,12.5,0.000,0.00,15.622,11.621,2,7.786,0.118,0,19.09,0.003,0,87.12,0.292,100,0.20,11.201,56,35.72,0.00,0,4.3,0.100
321,3130.979,AllocLarge,2B,0.278,0.0,0.103,12.36,14.828,14.836,2,7.786,0.132,0,91.69,0.003,0,87.12,0.292,100,0.20,14.401,49,50.00,0.00,0,3.3,0.080
322,3137.474,AllocLarge,2B,0.339,25.0,0.000,0.00,15.637,11.636,2,7.786,0.132,0,16.95,0.003,0,87.12,0.292,100,0.20,11.201,56,35.72,0.00,0,5.0,0.096
323,3146.726,AllocLarge,2B,0.366,0.0,0.000,0.00,14.843,14.851,2,7.786,0.147,0,92.53,0.003,0,87.12,0.292,100,0.20,14.401,49,50.00,0.00,0,4.1,0.108
324,3153.433,AllocLarge,2B,0.274,0.0,0.105,15.38,15.651,11.651,2,7.786,0.147,0,15.24,0.003,0,87.12,0.292,100,0.20,11.201,56,35.72,0.00,0,4.0,0.079
325,3161.878,AllocLarge,2B,0.259,11.1,0.000,0.00,14.858,14.866,2,7.786,0.162,0,93.21,0.003,0,87.12,0.292,100,0.20,14.401,49,50.00,0.00,0,3.2,0.078
326,3168.355,AllocLarge,2B,0.333,14.3,0.000,0.00,15.666,11.666,2,7.786,0.162,0,13.84,0.003,0,87.12,0.292,100,0.20,11.201,56,35.72,0.00,0,4.8,0.107
327,3177.099,AllocLarge,2B,0.287,0.0,0.103,12.29,14.873,14.881,2,7.786,0.177,0,93.78,0.003,0,87.12,0.292,100,0.20,14.401,49,50.00,0.00,0,3.4,0.083
328,3184.041,AllocLarge,2B,0.275,12.5,0.000,0.00,15.681,11.681,2,7.786,0.177,0,12.68,0.003,0,87.12,0.292,100,0.20,11.201,56,35.72,0.00,0,3.8,0.080
329,3192.677,AllocLarge,2B,0.275,11.1,0.000,0.00,14.888,14.896,2,7.786,0.192,0,94.27,0.003,0,87.12,0.292,100,0.20,14.401,49,50.00,0.00,0,3.3,0.079
330,3199.147,AllocLarge,2B,0.352,12.5,0.105,15.49,15.696,11.696,2,7.786,0.192,0,11.69,0.003,0,87.12,0.292,100,0.20,11.201,56,35.72,0.00,0,5.2,0.085
331,3207.792,AllocLarge,2B,0.343,11.1,0.000,0.00,14.903,14.911,2,7.786,0.207,0,94.68,0.003,0,87.12,0.292,100,0.20,14.401,49,50.00,0.00,0,4.1,0.097
332,3214.593,AllocLarge,2B,0.285,12.5,0.000,0.00,15.711,11.711,2,7.786,0.207,0,10.85,0.003,0,87.12,0.292,100,0.20,11.201,56,35.72,0.00,0,4.0,0.080
333,3223.176,AllocLarge,2B,0.297,0.0,0.105,12.71,14.918,14.926,2,7.786,0.222,0,95.04,0.003,0,87.12,0.292,100,0.20,14.401,49,50.00,0.00,0,3.6,0.081
334,3229.685,AllocLarge,2B,0.335,14.3,0.000,0.00,15.726,11.726,2,7.786,0.222,0,10.12,0.003,0,87.12,0.292,100,0.20,11.201,56,35.72,0.00,0,5.0,0.090
335,3238.479,AllocLarge,2B,0.274,0.0,0.000,0.00,14.932,14.941,2,7.786,0.237,0,95.35,0.003,0,87.12,0.292,100,0.20,14.401,49,50.00,0.00,0,3.2,0.078
336,3245.018,AllocLarge,2B,0.362,11.1,0.103,14.79,15.741,11.740,2,7.786,0.237,0,9.49,0.003,0,87.12,0.292,100,0.20,11.201,56,35.72,0.00,0,5.2,0.171
337,3253.668,AllocLarge,2B,0.254,0.0,0.000,0.00,14.947,14.956,2,7.786,0.251,0,95.62,0.003,0,87.12,0.292,100,0.20,14.401,49,50.00,0.00,0,3.1,0.090
338,3260.263,AllocLarge,2B,0.274,0.0,0.000,0.00,15.756,11.755,2,7.786,0.251,0,8.93,0.003,0,87.12,0.292,100,0.20,11.201,56,35.72,0.00,0,4.0,0.079
339,3268.800,AllocLarge,2B,0.263,0.0,0.105,12.73,14.962,14.970,2,7.786,0.266,0,95.87,0.003,0,87.12,0.292,100,0.20,14.401,49,50.00,0.00,0,3.2,0.077
340,3275.171,AllocLarge,2B,0.327,12.5,0.000,0.00,15.770,11.770,2,7.786,0.266,0,8.43,0.003,0,87.12,0.292,100,0.20,11.201,56,35.72,0.00,0,4.8,0.075
341,3283.804,AllocLarge,2B,0.271,0.0,0.103,12.45,14.977,14.985,2,7.786,0.281,0,96.09,0.003,0,87.12,0.292,100,0.20,14.401,49,50.00,0.00,0,3.3,0.104
342,3290.156,AllocLarge,2B,0.213,12.5,0.000,0.00,15.785,11.785,2,7.786,0.281,0,7.98,0.003,0,87.12,0.292,100,0.20,11.201,56,35.72,0.00,0,3.3,0.072
343,3299.108,AllocLarge,2B,0.330,11.1,0.000,0.00,14.992,15.000,2,7.786,0.296,0,96.28,0.003,0,87.12,0.292,100,0.20,14.401,49,50.00,0.00,0,3.7,0.103
344,3305.945,AllocLarge,2B,0.273,0.0,0.105,14.93,15.800,11.800,2,7.786,0.296,0,7.58,0.003,0,87.12,0.292,100,0.20,11.201,56,35.72,0.00,0,3.9,0.080
345,3315.064,AllocLarge,2B,0.302,0.0,0.000,0.00,15.007,15.015,2,7.786,0.311,0,96.46,0.003,0,87.12,0.292,100,0.20,14.401,49,50.00,0.00,0,3.4,0.092
346,3321.725,AllocLarge,2B,0.257,12.5,0.000,0.00,15.815,11.815,2,7.786,0.311,0,7.22,0.003,0,87.12,0.292,100,0.20,11.201,56,35.72,0.00,0,3.7,0.086
347,3330.442,AllocLarge,2B,0.295,10.0,0.103,12.13,15.022,15.030,2,7.786,0.326,0,96.62,0.003,0,87.12,0.292,100,0.20,14.401,49,50.00,0.00,0,3.5,0.079
348,3336.895,AllocLarge,2B,0.251,14.3,0.000,0.00,15.830,11.830,2,7.786,0.326,0,6.89,0.003,0,87.12,0.292,100,0.20,11.201,56,35.72,0.00,0,3.8,0.074
349,3345.282,AllocLarge,2B,0.286,12.5,0.000,0.00,15.037,15.045,2,7.786,0.341,0,96.77,0.003,0,87.12,0.292,100,0.20,14.401,49,50.00,0.00,0,3.5,0.087
350,3351.817,AllocLarge,2B,0.273,0.0,0.105,15.44,15.845,11.845,2,7.786,0.341,0,6.59,0.003,0,87.12,0.292,100,0.20,11.201,56,35.72,0.00,0,4.0,0.077
351,3360.354,AllocLarge,2B,0.252,0.0,0.000,0.00,15.051,15.060,2,7.786,0.356,0,96.90,0.003,0,87.12,0.292,100,0.20,14.401,49,50.00,0.00,0,3.1,0.075
352,3366.800,AllocLarge,2B,0.222,0.0,0.000,0.00,15.860,11.859,2,7.786,0.356,0,6.31,0.003,0,87.12,0.292,100,0.20,11.201,56,35.72,0.00,0,3.3,0.073
353,3375.164,AllocLarge,2B,0.306,0.0,0.103,12.50,15.066,15.075,2,7.786,0.371,0,97.03,0.003,0,87.12,0.292,100,0.20,14.401,49,50.00,0.00,0,3.7,0.077
354,3381.606,AllocLarge,2B,0.219,11.1,0.000,0.00,15.875,11.874,2,7.786,0.371,0,6.06,0.003,0,87.12,0.292,100,0.20,11.201,56,35.72,0.00,0,3.3,0.075
355,3390.023,AllocLarge,2B,0.317,11.1,0.000,0.00,15.081,15.089,2,7.786,0.385,0,97.14,0.003,0,87.12,0.292,100,0.20,14.401,49,50.00,0.00,0,3.9,0.099
356,3396.775,AllocLarge,2B,0.328,0.0,0.105,14.84,15.889,11.889,2,7.786,0.385,0,5.82,0.003,0,87.12,0.292,100,0.20,11.201,56,35.72,0.00,0,4.6,0.088
357,3405.361,AllocLarge,2B,0.241,0.0,0.000,0.00,15.096,15.104,2,7.786,0.400,0,97.25,0.003,0,87.12,0.292,100,0.20,14.401,49,50.00,0.00,0,3.0,0.074
358,3411.964,AllocLarge,2B,0.281,12.5,0.000,0.00,15.904,11.904,2,7.786,0.400,0,5.61,0.003,0,87.12,0.292,100,0.20,11.201,56,35.72,0.00,0,4.0,0.079
359,3420.499,AllocLarge,2B,0.351,0.0,0.105,12.60,15.111,15.119,2,7.786,0.415,0,97.35,0.003,0,87.12,0.292,100,0.20,14.401,49,50.00,0.00,0,4.2,0.083
360,3427.448,AllocLarge,2B,0.324,22.2,0.000,0.00,15.919,11.919,2,7.786,0.415,0,5.41,0.003,0,87.12,0.292,100,0.20,11.201,56,35.72,0.00,0,4.5,0.083
361,3436.064,AllocLarge,2B,0.292,0.0,0.000,0.00,15.126,15.134,2,7.786,0.430,0,97.44,0.003,0,87.12,0.292,100,0.20,14.401,49,50.00,0.00,0,3.5,0.078
362,3442.585,AllocLarge,2B,0.311,12.5,0.103,15.13,15.934,11.934,2,7.786,0.430,0,5.22,0.003,0,87.12,0.292,100,0.20,11.201,56,35.72,0.00,0,4.6,0.078
363,3451.255,AllocLarge,2B,0.349,11.1,0.000,0.00,15.141,15.149,2,7.786,0.445,0,97.53,0.003,0,87.12,0.292,100,0.20,14.401,49,50.00,0.00,0,4.1,0.120
364,3457.899,AllocLarge,2B,0.481,14.3,0.000,0.00,15.949,11.949,2,7.786,0.445,0,5.05,0.003,0,87.12,0.292,100,0.20,11.201,56,35.72,0.00,0,6.8,0.191
365,3466.775,AllocLarge,2B,0.287,10.0,0.105,12.59,15.156,15.164,2,7.786,0.460,0,97.61,0.003,0,87.12,0.292,100,0.20,14.401,49,50.00,0.00,0,3.4,0.080
366,3473.242,AllocLarge,2B,0.260,12.5,0.000,0.00,15.964,11.964,2,7.786,0.460,0,4.88,0.003,0,87.12,0.292,100,0.20,11.201,56,35.72,0.00,0,3.9,0.078
367,3482.060,AllocLarge,2B,0.310,0.0,0.103,11.95,15.170,15.179,2,7.786,0.475,0,97.68,0.003,0,87.12,0.292,100,0.20,14.401,49,50.00,0.00,0,3.6,0.090
368,3488.562,AllocLarge,2B,0.352,14.3,0.000,0.00,15.979,11.978,2,7.786,0.475,0,4.73,0.003,0,87.12,0.292,100,0.20,11.201,56,35.72,0.00,0,5.2,0.083
369,3497.262,AllocLarge,2B,0.327,11.1,0.000,0.00,15.185,15.194,2,7.786,0.490,0,97.75,0.003,0,87.12,0.292,100,0.20,14.401,49,50.00,0.00,0,3.9,0.097
370,3503.888,AllocLarge,2B,0.320,0.0,0.105,15.18,15.994,11.993,2,7.786,0.490,0,4.59,0.003,0,87.12,0.292,100,0.20,11.201,56,35.72,0.00,0,4.6,0.087
371,3512.584,AllocLarge,2B,0.321,11.1,0.000,0.00,15.200,15.208,2,7.786,0.504,0,97.82,0.003,0,87.12,0.292,100,0.20,14.401,49,50.00,0.00,0,3.8,0.106
372,3519.166,AllocLarge,2B,0.302,0.0,0.000,0.00,16.009,12.008,2,7.786,0.504,0,4.45,0.003,0,87.12,0.292,100,0.20,11.201,56,35.72,0.00,0,4.5,0.081
373,3527.896,AllocLarge,2B,0.285,0.0,0.103,12.14,15.215,15.223,2,7.786,0.519,0,97.88,0.003,0,87.12,0.292,100,0.20,14.401,49,50.00,0.00,0,3.4,0.080
374,3534.470,AllocLarge,2B,0.325,14.3,0.000,0.00,16.023,12.023,2,7.786,0.519,0,4.32,0.003,0,87.12,0.292,100,0.20,11.201,56,35.72,0.00,0,4.7,0.081
375,3543.386,AllocLarge,2B,0.331,10.0,0.000,0.00,15.230,15.238,2,7.786,0.534,0,97.94,0.003,0,87.12,0.292,100,0.20,14.401,49,50.00,0.00,0,3.8,0.104
376,3550.208,AllocLarge,2B,0.287,0.0,0.105,15.15,16.038,12.038,2,7.786,0.534,0,4.20,0.003,0,87.12,0.292,100,0.20,11.201,56,35.72,0.00,0,4.1,0.079
377,3559.257,AllocLarge,2B,0.365,9.1,0.000,0.00,15.245,15.253,2,7.786,0.549,0,98.00,0.003,0,87.12,0.292,100,0.20,14.401,49,50.00,0.00,0,4.1,0.112
378,3566.080,AllocLarge,2B,0.312,0.0,0.000,0.00,16.053,12.053,2,7.786,0.549,0,4.09,0.003,0,87.12,0.292,100,0.20,11.201,56,35.72,0.00,0,4.4,0.081
379,3575.092,AllocLarge,2B,0.308,0.0,0.103,11.77,15.260,15.268,2,7.786,0.564,0,98.05,0.003,0,87.12,0.292,100,0.20,14.401,49,50.00,0.00,0,3.5,0.099
380,3582.013,AllocLarge,2B,0.327,12.5,0.000,0.00,16.068,12.068,2,7.786,0.564,0,3.98,0.003,0,87.12,0.292,100,0.20,11.201,56,35.72,0.00,0,4.5,0.086
381,3590.630,AllocLarge,2B,0.313,0.0,0.000,0.00,15.275,15.283,2,7.786,0.579,0,98.10,0.003,0,87.12,0.292,100,0.20,14.401,49,50.00,0.00,0,3.8,0.081
382,3597.377,AllocLarge,2B,0.273,11.1,0.105,15.22,16.083,12.083,2,7.786,0.579,0,3.88,0.003,0,87.12,0.292,100,0.20,11.201,56,35.72,0.00,0,4.0,0.079
383,3605.776,AllocLarge,2B,0.328,0.0,0.000,0.00,15.290,15.298,2,7.786,0.594,0,98.15,0.003,0,87.12,0.292,100,0.20,14.401,49,50.00,0.00,0,4.0,0.084
384,3612.476,AllocLarge,2B,0.295,0.0,0.000,0.00,16.098,12.098,2,7.786,0.594,0,3.78,0.003,0,87.12,0.292,100,0.20,11.201,56,35.72,0.00,0,4.3,0.080
385,3621.043,AllocLarge,2B,0.335,11.1,0.105,12.59,15.304,15.313,2,7.786,0.609,0,98.19,0.003,0,87.12,0.292,100,0.20,14.401,49,50.00,0.00,0,4.0,0.099
386,3628.457,AllocLarge,2B,0.287,12.5,0.000,0.00,16.113,12.112,2,7.786,0.609,0,3.69,0.003,0,87.12,0.292,100,0.20,11.201,56,35.72,0.00,0,3.8,0.082
387,3637.081,AllocLarge,2B,0.300,11.1,0.000,0.00,15.319,15.328,2,7.786,0.623,0,98.31,0.003,0,87.12,0.292,100,0.20,14.401,49,50.00,0.00,0,3.6,0.091
388,3643.834,AllocLarge,2B,0.306,0.0,0.103,14.75,16.128,12.127,2,7.786,0.623,0,3.60,0.003,0,87.12,0.292,100,0.20,11.201,56,35.72,0.00,0,4.4,0.081
389,3652.808,AllocLarge,2B,0.365,10.0,0.000,0.00,15.334,15.342,2,7.786,0.638,0,98.35,0.003,0,87.12,0.292,100,0.20,14.401,49,50.00,0.00,0,4.1,0.119
390,3660.078,AllocLarge,2B,0.359,12.5,0.000,0.00,16.142,12.142,2,7.786,0.638,0,3.52,0.003,0,87.12,0.292,100,0.20,11.201,56,35.72,0.00,0,4.7,0.126
391,3668.902,AllocLarge,2B,0.285,0.0,0.105,12.57,15.349,15.357,2,7.786,0.653,0,98.31,0.003,0,87.12,0.292,100,0.20,14.401,49,50.00,0.00,0,3.4,0.095
392,3675.622,AllocLarge,2B,0.320,0.0,0.000,0.00,16.157,12.157,2,7.786,0.653,0,3.44,0.003,0,87.12,0.292,100,0.20,11.201,56,35.72,0.00,0,4.5,0.088
393,3684.423,AllocLarge,2B,0.289,0.0,0.103,12.15,15.364,15.372,2,7.786,0.668,0,98.35,0.003,0,87.12,0.292,100,0.20,14.401,49,50.00,0.00,0,3.4,0.090
394,3690.957,AllocLarge,2B,0.277,12.5,0.000,0.00,16.172,12.172,2,7.786,0.668,0,3.36,0.003,0,87.12,0.292,100,0.20,11.201,56,35.72,0.00,0,4.1,0.078
395,3699.685,AllocLarge,2B,0.293,0.0,0.000,0.00,15.379,15.387,2,7.786,0.683,0,98.38,0.003,0,87.12,0.292,100,0.20,14.401,49,50.00,0.00,0,3.5,0.080
396,3706.509,AllocLarge,2B,0.360,0.0,0.109,15.33,16.187,12.187,2,7.786,0.683,0,3.96,0.003,0,87.12,0.292,100,0.20,11.201,56,35.72,0.00,0,5.0,0.145
397,3715.524,AllocLarge,2B,0.349,0.0,0.000,0.00,15.389,15.397,2,7.786,0.693,0,98.41,0.003,0,87.12,0.292,100,0.20,14.401,49,50.00,0.00,0,4.0,0.144
398,3722.391,AllocLarge,2B,0.294,12.5,0.000,0.00,16.197,12.197,2,7.786,0.693,0,3.45,0.003,0,87.12,0.292,100,0.20,11.201,56,35.72,0.00,0,4.1,0.080
399,3731.465,AllocLarge,2B,0.298,0.0,0.104,11.88,15.403,15.411,2,7.786,0.707,0,98.44,0.003,0,87.12,0.292,100,0.20,14.401,49,50.00,0.00,0,3.4,0.091
400,3738.001,AllocLarge,2B,0.223,14.3,0.000,0.00,16.211,12.211,2,7.786,0.707,0,3.38,0.003,0,87.12,0.292,100,0.20,11.201,56,35.72,0.00,0,3.3,0.074
401,3746.810,AllocLarge,2B,0.307,0.0,0.000,0.00,15.416,15.424,2,7.786,0.720,0,98.47,0.003,0,87.12,0.292,100,0.20,14.401,49,50.00,0.00,0,3.6,0.081
402,3753.375,AllocLarge,2B,0.227,11.1,0.104,15.51,16.224,12.224,2,7.786,0.720,0,3.31,0.003,0,87.12,0.292,100,0.20,11.201,56,35.72,0.00,0,3.4,0.074
403,3762.077,AllocLarge,2B,0.247,0.0,0.000,0.00,15.430,15.438,2,7.786,0.734,0,98.49,0.003,0,87.12,0.292,100,0.20,14.401,49,50.00,0.00,0,2.9,0.077
404,3768.510,AllocLarge,2B,0.308,12.5,0.000,0.00,16.238,12.238,2,7.786,0.734,0,3.69,0.003,0,87.12,0.292,100,0.20,11.201,56,35.72,0.00,0,4.5,0.101
405,3777.290,AllocLarge,2B,0.295,11.1,0.104,12.43,15.440,15.448,2,7.786,0.744,0,98.52,0.003,0,87.12,0.292,100,0.20,14.401,49,50.00,0.00,0,3.5,0.096
406,3783.802,AllocLarge,2B,0.306,14.3,0.000,0.00,16.248,12.248,2,7.786,0.744,0,3.21,0.003,0,87.12,0.292,100,0.20,11.201,56,35.72,0.00,0,4.5,0.114
407,3792.580,AllocLarge,2B,0.299,0.0,0.000,0.00,15.453,15.462,2,7.786,0.758,0,98.54,0.003,0,87.12,0.292,100,0.20,14.401,49,50.00,0.00,0,3.5,0.085
408,3799.269,AllocLarge,2B,0.292,11.1,0.104,14.62,16.262,12.261,2,7.786,0.758,0,2.54,0.003,0,87.12,0.292,100,0.20,11.201,56,35.72,0.00,0,4.1,0.081
409,3808.151,AllocLarge,2B,0.345,0.0,0.000,0.00,15.467,15.475,2,7.786,0.771,0,98.57,0.003,0,87.12,0.292,100,0.20,14.401,49,50.00,0.00,0,4.0,0.082
410,3815.084,AllocLarge,2B,0.352,12.5,0.104,14.41,16.275,12.275,2,7.786,0.771,0,3.09,0.003,0,87.12,0.292,100,0.20,11.201,56,35.72,0.00,0,4.9,0.089
411,3823.958,AllocLarge,2B,0.307,0.0,0.000,0.00,15.480,15.489,2,7.786,0.785,0,98.59,0.003,0,87.12,0.292,100,0.20,14.401,49,50.00,0.00,0,3.6,0.097
412,3830.554,AllocLarge,2B,0.308,12.5,0.000,0.00,16.289,12.288,2,7.786,0.785,0,3.45,0.003,0,87.12,0.292,100,0.20,11.201,56,35.72,0.00,0,4.5,0.099
413,3838.975,AllocLarge,2B,0.242,0.0,0.105,13.09,15.491,15.499,2,7.786,0.795,0,98.61,0.003,0,87.12,0.292,100,0.20,14.401,49,50.00,0.00,0,3.0,0.091
414,3845.427,AllocLarge,2B,0.357,14.3,0.000,0.00,16.299,12.299,2,7.786,0.795,0,3.01,0.003,0,87.12,0.292,100,0.20,11.201,56,35.72,0.00,0,5.2,0.106
415,3854.079,AllocLarge,2B,0.318,11.1,0.000,0.00,15.504,15.512,2,7.786,0.808,0,98.63,0.003,0,87.12,0.292,100,0.20,14.401,49,50.00,0.00,0,3.8,0.098
416,3860.772,AllocLarge,2B,0.328,12.5,0.107,15.23,16.312,12.312,2,7.786,0.808,0,2.95,0.003,0,87.12,0.292,100,0.20,11.201,56,35.72,0.00,0,4.7,0.083
417,3869.688,AllocLarge,2B,0.310,0.0,0.000,0.00,15.518,15.526,2,7.786,0.822,0,98.71,0.003,0,87.12,0.292,100,0.20,14.401,49,50.00,0.00,0,3.6,0.087
418,3876.652,AllocLarge,2B,0.364,12.5,0.000,0.00,16.326,12.326,2,7.786,0.822,0,2.90,0.003,0,87.12,0.292,100,0.20,11.201,56,35.72,0.00,0,5.0,0.112
419,3885.372,AllocLarge,2B,0.308,0.0,0.105,12.55,15.531,15.539,2,7.786,0.835,0,98.68,0.003,0,87.12,0.292,100,0.20,14.401,49,50.00,0.00,0,3.7,0.080
420,3892.078,AllocLarge,2B,0.315,0.0,0.000,0.00,16.339,12.339,2,7.786,0.835,0,3.24,0.003,0,87.12,0.292,100,0.20,11.201,56,35.72,0.00,0,4.5,0.084
421,3901.076,AllocLarge,2B,0.289,0.0,0.104,11.96,15.541,15.550,2,7.786,0.846,0,98.69,0.003,0,87.12,0.292,100,0.20,14.401,49,50.00,0.00,0,3.3,0.083
422,3907.826,AllocLarge,2B,0.306,14.3,0.000,0.00,16.350,12.349,2,7.786,0.846,0,2.83,0.003,0,87.12,0.292,100,0.20,11.201,56,35.72,0.00,0,4.3,0.082
423,3916.676,AllocLarge,2B,0.292,10.0,0.000,0.00,15.555,15.563,2,7.786,0.859,0,98.71,0.003,0,87.12,0.292,100,0.20,14.401,49,50.00,0.00,0,3.4,0.095
424,3923.244,AllocLarge,2B,0.329,0.0,0.103,14.87,16.363,12.363,2,7.786,0.859,0,2.78,0.003,0,87.12,0.292,100,0.20,11.201,56,35.72,0.00,0,4.7,0.087
425,3932.006,AllocLarge,2B,0.286,10.0,0.000,0.00,15.568,15.577,2,7.786,0.873,0,98.73,0.003,0,87.12,0.292,100,0.20,14.401,49,50.00,0.00,0,3.4,0.078
426,3938.638,AllocLarge,2B,0.333,11.1,0.000,0.00,16.377,12.376,2,7.786,0.873,0,2.73,0.003,0,87.12,0.292,100,0.20,11.201,56,35.72,0.00,0,4.8,0.122
427,3947.297,AllocLarge,2B,0.299,0.0,0.107,12.78,15.582,15.590,2,7.786,0.886,0,98.75,0.003,0,87.12,0.292,100,0.20,14.401,49,50.00,0.00,0,3.6,0.079
428,3953.821,AllocLarge,2B,0.275,12.5,0.000,0.00,16.390,12.390,2,7.786,0.886,0,3.05,0.003,0,87.12,0.292,100,0.20,11.201,56,35.72,0.00,0,4.1,0.078
429,3962.368,AllocLarge,2B,0.287,11.1,0.000,0.00,15.592,15.600,2,7.786,0.896,0,98.77,0.003,0,87.12,0.292,100,0.20,14.401,49,50.00,0.00,0,3.4,0.079
430,3968.835,AllocLarge,2B,0.338,11.1,0.103,15.02,16.401,12.400,2,7.786,0.896,0,2.67,0.003,0,87.12,0.292,100,0.20,11.201,56,35.72,0.00,0,4.9,0.100
431,3977.679,AllocLarge,2B,0.320,0.0,0.000,0.00,15.606,15.614,2,7.786,0.910,0,98.79,0.003,0,87.12,0.292,100,0.20,14.401,49,50.00,0.00,0,3.8,0.117
432,3984.217,AllocLarge,2B,0.300,14.3,0.000,0.00,16.414,12.414,2,7.786,0.910,0,2.62,0.003,0,87.12,0.292,100,0.20,11.201,56,35.72,0.00,0,4.4,0.079
433,3993.262,AllocLarge,2B,0.309,0.0,0.103,11.81,15.619,15.627,2,7.786,0.923,0,98.80,0.003,0,87.12,0.292,100,0.20,14.401,49,50.00,0.00,0,3.5,0.101
434,4000.010,AllocLarge,2B,0.343,12.5,0.000,0.00,16.427,12.427,2,7.786,0.923,0,2.58,0.003,0,87.12,0.292,100,0.20,11.201,56,35.72,0.00,0,4.8,0.103
435,4008.986,AllocLarge,2B,0.285,0.0,0.000,0.00,15.633,15.641,2,7.786,0.937,0,98.82,0.003,0,87.12,0.292,100,0.20,14.401,49,50.00,0.00,0,3.3,0.079
436,4015.562,AllocLarge,2B,0.298,0.0,0.107,15.46,16.441,12.441,2,7.786,0.937,0,2.89,0.003,0,87.12,0.292,100,0.20,11.201,56,35.72,0.00,0,4.3,0.080
437,4024.080,AllocLarge,2B,0.277,0.0,0.000,0.00,15.643,15.651,2,7.786,0.947,0,98.83,0.003,0,87.12,0.292,100,0.20,14.401,49,50.00,0.00,0,3.4,0.079
438,4030.668,AllocLarge,2B,0.314,0.0,0.103,14.76,16.451,12.451,2,7.786,0.947,0,2.52,0.003,0,87.12,0.292,100,0.20,11.201,56,35.72,0.00,0,4.5,0.107
439,4039.331,AllocLarge,2B,0.293,0.0,0.000,0.00,15.656,15.665,2,7.786,0.961,0,98.85,0.003,0,87.12,0.292,100,0.20,14.401,49,50.00,0.00,0,3.5,0.079
440,4045.960,AllocLarge,2B,0.295,12.5,0.000,0.00,16.465,12.464,2,7.786,0.961,0,2.48,0.003,0,87.12,0.292,100,0.20,11.201,56,35.72,0.00,0,4.3,0.080
441,4054.490,AllocLarge,2B,0.304,0.0,0.109,13.24,15.670,15.678,2,7.786,0.974,0,98.87,0.003,0,87.12,0.292,100,0.20,14.401,49,50.00,0.00,0,3.7,0.099
442,4061.024,AllocLarge,2B,0.382,12.5,0.000,0.00,16.478,12.478,2,7.786,0.974,0,1.97,0.003,0,87.12,0.292,100,0.20,11.201,56,35.72,0.00,0,5.3,0.083
443,4069.752,AllocLarge,2B,0.296,0.0,0.000,0.00,15.683,15.692,2,7.786,0.988,0,98.88,0.003,0,87.12,0.292,100,0.20,14.401,49,50.00,0.00,0,3.7,0.080
444,4076.541,AllocLarge,2B,0.336,12.5,0.104,14.57,16.492,12.491,2,7.786,0.988,0,2.74,0.003,0,87.12,0.292,100,0.20,11.201,56,35.72,0.00,0,4.7,0.093
445,4085.286,AllocLarge,2B,0.313,0.0,0.000,0.00,15.694,15.702,2,7.786,0.998,0,98.94,0.003,0,87.12,0.292,100,0.20,14.401,49,50.00,0.00,0,3.7,0.092
446,4091.954,AllocLarge,2B,0.371,25.0,0.000,0.00,16.502,12.502,2,7.786,0.998,0,2.39,0.003,0,87.12,0.292,100,0.20,11.201,56,35.72,0.00,0,5.3,0.148
447,4100.951,AllocLarge,2B,0.299,0.0,0.106,12.23,15.707,15.715,2,7.786,1.011,0,98.91,0.003,0,87.12,0.292,100,0.20,14.401,49,50.00,0.00,0,3.5,0.095
448,4107.629,AllocLarge,2B,0.325,11.1,0.000,0.00,16.516,12.515,2,7.786,1.011,0,2.36,0.003,0,87.12,0.292,100,0.20,11.201,56,35.72,0.00,0,4.6,0.100
449,4116.411,AllocLarge,2B,0.304,0.0,0.000,0.00,15.721,15.729,2,7.786,1.025,0,98.97,0.003,0,87.12,0.292,100,0.20,14.401,49,50.00,0.00,0,3.6,0.091
450,4123.071,AllocLarge,2B,0.369,12.5,0.103,14.68,16.529,12.529,2,7.786,1.025,0,2.33,0.003,0,87.12,0.292,100,0.20,11.201,56,35.72,0.00,0,5.3,0.084
451,4131.975,AllocLarge,2B,0.288,0.0,0.000,0.00,15.734,15.742,2,7.786,1.038,0,98.94,0.003,0,87.12,0.292,100,0.20,14.401,49,50.00,0.00,0,3.4,0.081
452,4138.725,AllocLarge,2B,0.289,0.0,0.108,15.33,16.543,12.542,2,7.786,1.038,0,2.61,0.003,0,87.12,0.292,100,0.20,11.201,56,35.72,0.00,0,4.1,0.080
453,4147.512,AllocLarge,2B,0.286,0.0,0.000,0.00,15.745,15.753,2,7.786,1.049,0,98.95,0.003,0,87.12,0.292,100,0.20,14.401,49,50.00,0.00,0,3.4,0.080
454,4154.074,AllocLarge,2B,0.319,12.5,0.000,0.00,16.553,12.553,2,7.786,1.049,0,2.28,0.003,0,87.12,0.292,100,0.20,11.201,56,35.72,0.00,0,4.6,0.079
455,4162.909,AllocLarge,2B,0.289,0.0,0.104,12.35,15.758,15.766,2,7.786,1.062,0,98.96,0.003,0,87.12,0.292,100,0.20,14.401,49,50.00,0.00,0,3.4,0.080
456,4169.497,AllocLarge,2B,0.303,25.0,0.000,0.00,16.566,12.566,2,7.786,1.062,0,2.25,0.003,0,87.12,0.292,100,0.20,11.201,56,35.72,0.00,0,4.4,0.082
457,4178.450,AllocLarge,2B,0.338,0.0,0.000,0.00,15.771,15.780,2,7.786,1.076,0,99.02,0.003,0,87.12,0.292,100,0.20,14.401,49,50.00,0.00,0,3.9,0.091
458,4185.194,AllocLarge,2B,0.380,14.3,0.104,14.58,16.580,12.579,2,7.786,1.076,0,2.22,0.003,0,87.12,0.292,100,0.20,11.201,56,35.72,0.00,0,5.3,0.111
459,4194.238,AllocLarge,2B,0.320,10.0,0.000,0.00,15.785,15.793,2,7.786,1.089,0,98.99,0.003,0,87.12,0.292,100,0.20,14.401,49,50.00,0.00,0,3.7,0.079
460,4201.059,AllocLarge,2B,0.330,12.5,0.000,0.00,16.593,12.593,2,7.786,1.089,0,2.48,0.003,0,87.12,0.292,100,0.20,11.201,56,35.72,0.00,0,4.6,0.085
461,4210.203,AllocLarge,2B,0.447,0.0,0.104,11.70,15.795,15.804,2,7.786,1.100,0,99.00,0.003,0,87.12,0.292,100,0.20,14.401,49,50.00,0.00,0,5.0,0.100
462,4216.915,AllocLarge,2B,0.365,10.0,0.000,0.00,16.604,12.603,2,7.786,1.100,0,2.17,0.003,0,87.12,0.292,100,0.20,11.201,56,35.72,0.00,0,5.3,0.145
463,4228.136,AllocLarge,2B,0.312,9.1,0.000,0.00,15.809,15.817,2,7.786,1.113,0,99.01,0.003,0,87.12,0.292,100,0.20,14.401,49,50.00,0.00,0,2.9,0.092
464,4236.350,AllocLarge,2B,0.284,11.1,0.104,12.34,16.617,12.617,2,7.786,1.113,0,2.14,0.003,0,87.12,0.292,100,0.20,11.201,56,35.72,0.00,0,3.4,0.081
465,4245.432,AllocLarge,2B,0.302,0.0,0.000,0.00,15.822,15.830,2,7.786,1.126,0,99.02,0.003,0,87.12,0.292,100,0.20,14.401,49,50.00,0.00,0,3.4,0.112
466,4251.861,AllocLarge,2B,0.243,14.3,0.104,15.69,16.631,12.630,2,7.786,1.126,0,2.12,0.003,0,87.12,0.292,100,0.20,11.201,56,35.72,0.00,0,3.7,0.074
467,4260.405,AllocLarge,2B,0.259,11.1,0.000,0.00,15.836,15.844,2,7.786,1.140,0,99.03,0.003,0,87.12,0.292,100,0.20,14.401,49,50.00,0.00,0,3.1,0.075
468,4266.769,AllocLarge,2B,0.211,0.0,0.000,0.00,16.644,12.644,2,7.786,1.140,0,2.37,0.003,0,87.12,0.292,100,0.20,11.201,56,35.72,0.00,0,3.2,0.073
469,4275.312,AllocLarge,2B,0.338,0.0,0.105,12.44,15.846,15.854,2,7.786,1.150,0,99.04,0.003,0,87.12,0.292,100,0.20,14.401,49,50.00,0.00,0,4.0,0.142
470,4281.821,AllocLarge,2B,0.324,12.5,0.000,0.00,16.654,12.654,2,7.786,1.150,0,2.08,0.003,0,87.12,0.292,100,0.20,11.201,56,35.72,0.00,0,4.8,0.083
471,4290.415,AllocLarge,2B,0.290,0.0,0.000,0.00,15.860,15.868,2,7.786,1.164,0,99.05,0.003,0,87.12,0.292,100,0.20,14.401,49,50.00,0.00,0,3.5,0.078
472,4296.921,AllocLarge,2B,0.292,14.3,0.107,15.72,16.668,12.668,2,7.786,1.164,0,2.05,0.003,0,87.12,0.292,100,0.20,11.201,56,35.72,0.00,0,4.3,0.080
473,4305.393,AllocLarge,2B,0.300,11.1,0.000,0.00,15.873,15.881,2,7.786,1.177,0,99.06,0.003,0,87.12,0.292,100,0.20,14.401,49,50.00,0.00,0,3.7,0.079
474,4311.885,AllocLarge,2B,0.289,14.3,0.000,0.00,16.681,12.681,2,7.786,1.177,0,2.02,0.003,0,87.12,0.292,100,0.20,11.201,56,35.72,0.00,0,4.3,0.077
475,4320.311,AllocLarge,2B,0.256,10.0,0.105,12.90,15.887,15.895,2,7.786,1.191,0,99.11,0.003,0,87.12,0.292,100,0.20,14.401,49,50.00,0.00,0,3.1,0.075
476,4326.686,AllocLarge,2B,0.348,12.5,0.000,0.00,16.695,12.695,2,7.786,1.191,0,2.27,0.003,0,87.12,0.292,100,0.20,11.201,56,35.72,0.00,0,5.1,0.150
477,4335.239,AllocLarge,2B,0.230,0.0,0.104,12.93,15.897,15.905,2,7.786,1.201,0,99.08,0.003,0,87.12,0.292,100,0.20,14.401,49,50.00,0.00,0,2.9,0.075
478,4341.575,AllocLarge,2B,0.237,16.7,0.000,0.00,16.705,12.705,2,7.786,1.201,0,1.99,0.003,0,87.12,0.292,100,0.20,11.201,56,35.72,0.00,0,3.6,0.073
479,4349.865,AllocLarge,2B,0.256,10.0,0.000,0.00,15.910,15.919,2,7.786,1.215,0,99.13,0.003,0,87.12,0.292,100,0.20,14.401,49,50.00,0.00,0,3.2,0.095
480,4356.232,AllocLarge,2B,0.210,0.0,0.103,15.74,16.719,12.718,2,7.786,1.215,0,1.96,0.003,0,87.12,0.292,100,0.20,11.201,56,35.72,0.00,0,3.2,0.073
481,4364.594,AllocLarge,2B,0.267,0.0,0.000,0.00,15.924,15.932,2,7.786,1.228,0,99.10,0.003,0,87.12,0.292,100,0.20,14.401,49,50.00,0.00,0,3.3,0.076
482,4370.986,AllocLarge,2B,0.237,14.3,0.000,0.00,16.732,12.732,2,7.786,1.228,0,1.94,0.003,0,87.12,0.292,100,0.20,11.201,56,35.72,0.00,0,3.6,0.073
483,4379.369,AllocLarge,2B,0.273,11.1,0.107,13.00,15.937,15.946,2,7.786,1.242,0,99.11,0.003,0,87.12,0.292,100,0.20,14.401,49,50.00,0.00,0,3.3,0.078
484,4385.863,AllocLarge,2B,0.299,14.3,0.000,0.00,16.746,12.745,2,7.786,1.242,0,2.18,0.003,0,87.12,0.292,100,0.20,11.201,56,35.72,0.00,0,4.4,0.083
485,4394.292,AllocLarge,2B,0.323,11.1,0.000,0.00,15.948,15.956,2,7.786,1.252,0,99.12,0.003,0,87.12,0.292,100,0.20,14.401,49,50.00,0.00,0,4.0,0.079
486,4400.852,AllocLarge,2B,0.237,12.5,0.103,15.34,16.756,12.756,2,7.786,1.252,0,1.91,0.003,0,87.12,0.292,100,0.20,11.201,56,35.72,0.00,0,3.5,0.075
487,4409.189,AllocLarge,2B,0.257,0.0,0.000,0.00,15.961,15.969,2,7.786,1.265,0,99.13,0.003,0,87.12,0.292,100,0.20,14.401,49,50.00,0.00,0,3.2,0.076
488,4415.691,AllocLarge,2B,0.335,25.0,0.000,0.00,16.769,12.769,2,7.786,1.265,0,1.89,0.003,0,87.12,0.292,100,0.20,11.201,56,35.72,0.00,0,4.9,0.080
489,4424.161,AllocLarge,2B,0.259,11.1,0.103,12.83,15.975,15.983,2,7.786,1.279,0,99.14,0.003,0,87.12,0.292,100,0.20,14.401,49,50.00,0.00,0,3.2,0.076
490,4430.606,AllocLarge,2B,0.260,14.3,0.000,0.00,16.783,12.783,2,7.786,1.279,0,1.86,0.003,0,87.12,0.292,100,0.20,11.201,56,35.72,0.00,0,3.8,0.078
491,4438.933,AllocLarge,2B,0.212,0.0,0.000,0.00,15.988,15.996,2,7.786,1.292,0,99.15,0.003,0,87.12,0.292,100,0.20,14.401,49,50.00,0.00,0,2.7,0.072
492,4445.316,AllocLarge,2B,0.265,0.0,0.107,15.81,16.796,12.796,2,7.786,1.292,0,2.09,0.003,0,87.12,0.292,100,0.20,11.201,56,35.72,0.00,0,3.9,0.076
493,4453.764,AllocLarge,2B,0.234,12.5,0.000,0.00,15.998,16.007,2,7.786,1.303,0,99.15,0.003,0,87.12,0.292,100,0.20,14.401,49,50.00,0.00,0,2.9,0.072
494,4460.117,AllocLarge,2B,0.590,11.1,0.103,14.52,16.807,12.806,2,7.786,1.303,0,1.87,0.003,0,87.12,0.292,100,0.20,11.201,56,35.72,0.00,0,8.3,0.094
495,4468.886,AllocLarge,2B,0.248,0.0,0.000,0.00,16.016,16.024,2,7.786,1.320,0,99.16,0.003,0,87.12,0.292,100,0.20,14.401,49,50.00,0.00,0,3.1,0.072
496,4475.286,AllocLarge,2B,0.295,12.5,0.000,0.00,16.824,12.824,2,7.786,1.320,0,2.05,0.003,0,87.12,0.292,100,0.20,11.201,56,35.72,0.00,0,4.3,0.078
497,4483.777,AllocLarge,2B,0.244,11.1,0.106,13.08,16.026,16.034,2,7.786,1.330,0,99.17,0.003,0,87.12,0.292,100,0.20,14.401,49,50.00,0.00,0,3.0,0.075
498,4490.177,AllocLarge,2B,0.265,14.3,0.000,0.00,16.834,12.834,2,7.786,1.330,0,1.80,0.003,0,87.12,0.292,100,0.20,11.201,56,35.72,0.00,0,3.9,0.075
499,4498.625,AllocLarge,2B,0.290,0.0,0.000,0.00,16.040,16.048,2,7.786,1.344,0,99.18,0.003,0,87.12,0.292,100,0.20,14.401,49,50.00,0.00,0,3.6,0.085
500,4505.048,AllocLarge,2B,0.293,12.5,0.108,15.94,16.848,12.848,2,7.786,1.344,0,1.78,0.003,0,87.12,0.292,100,0.20,11.201,56,35.72,0.00,0,4.3,0.099
501,4513.586,AllocLarge,2B,0.263,10.0,0.000,0.00,16.053,16.061,2,7.786,1.357,0,99.19,0.003,0,87.12,0.292,100,0.20,14.401,49,50.00,0.00,0,3.2,0.090
502,4519.958,AllocLarge,2B,0.208,0.0,0.000,0.00,16.861,12.861,2,7.786,1.357,0,1.76,0.003,0,87.12,0.292,100,0.20,11.201,56,35.72,0.00,0,3.2,0.072
503,4528.365,AllocLarge,2B,0.279,11.1,0.109,13.19,16.067,16.083,2,7.786,1.379,0,98.64,0.003,0,87.12,0.292,100,0.20,14.401,49,50.00,0.00,0,3.4,0.081
504,4534.767,AllocLarge,2B,0.212,0.0,0.000,0.00,16.875,12.875,2,7.786,1.371,0,1.97,0.003,0,87.12,0.292,100,0.20,11.201,56,35.72,0.00,0,3.2,0.072
505,4543.084,AllocLarge,2B,0.232,0.0,0.108,13.39,16.077,16.085,2,7.786,1.381,0,99.20,0.003,0,87.12,0.292,100,0.20,14.401,49,50.00,0.00,0,2.9,0.074
506,4549.413,AllocLarge,2B,0.267,14.3,0.000,0.00,16.885,12.885,2,7.786,1.381,0,1.71,0.003,0,87.12,0.292,100,0.20,11.201,56,35.72,0.00,0,4.0,0.109
507,4557.874,AllocLarge,2B,0.278,11.1,0.000,0.00,16.091,16.099,2,7.786,1.395,0,99.24,0.003,0,87.12,0.292,100,0.20,14.401,49,50.00,0.00,0,3.4,0.077
508,4564.305,AllocLarge,2B,0.265,14.3,0.106,15.75,16.899,12.899,2,7.786,1.395,0,1.94,0.003,0,87.12,0.292,100,0.20,11.201,56,35.72,0.00,0,3.9,0.077
509,4572.658,AllocLarge,2B,0.274,10.0,0.000,0.00,16.101,16.109,2,7.786,1.405,0,99.21,0.003,0,87.12,0.292,100,0.20,14.401,49,50.00,0.00,0,3.4,0.115
510,4579.053,AllocLarge,2B,0.250,14.3,0.000,0.00,16.909,12.909,2,7.786,1.405,0,1.70,0.003,0,87.12,0.292,100,0.20,11.201,56,35.72,0.00,0,3.7,0.093
511,4587.371,AllocLarge,2B,0.275,0.0,0.104,12.92,16.115,16.123,2,7.786,1.419,0,99.22,0.003,0,87.12,0.292,100,0.20,14.401,49,50.00,0.00,0,3.4,0.076
512,4593.755,AllocLarge,2B,0.296,14.3,0.000,0.00,16.923,12.923,2,7.786,1.419,0,1.68,0.003,0,87.12,0.292,100,0.20,11.201,56,35.72,0.00,0,4.5,0.075
513,4602.285,AllocLarge,2B,0.268,0.0,0.000,0.00,16.128,16.136,2,7.786,1.432,0,99.23,0.003,0,87.12,0.292,100,0.20,14.401,49,50.00,0.00,0,3.2,0.078
514,4608.680,AllocLarge,2B,0.303,14.3,0.104,15.38,16.936,12.936,2,7.786,1.432,0,1.66,0.003,0,87.12,0.292,100,0.20,11.201,56,35.72,0.00,0,4.5,0.082
515,4617.198,AllocLarge,2B,0.266,0.0,0.000,0.00,16.142,16.150,2,7.786,1.446,0,99.24,0.003,0,87.12,0.292,100,0.20,14.401,49,50.00,0.00,0,3.3,0.079
516,4623.655,AllocLarge,2B,0.337,12.5,0.000,0.00,16.950,12.950,2,7.786,1.446,0,1.87,0.003,0,87.12,0.292,100,0.20,11.201,56,35.72,0.00,0,5.0,0.094
517,4632.133,AllocLarge,2B,0.296,11.1,0.104,12.79,16.152,16.160,2,7.786,1.456,0,99.24,0.003,0,87.12,0.292,100,0.20,14.401,49,50.00,0.00,0,3.6,0.077
518,4638.567,AllocLarge,2B,0.211,0.0,0.000,0.00,16.960,12.960,2,7.786,1.456,0,1.64,0.003,0,87.12,0.292,100,0.20,11.201,56,35.72,0.00,0,3.2,0.073
519,4646.864,AllocLarge,2B,0.228,11.1,0.107,13.31,16.165,16.174,2,7.786,1.470,0,99.25,0.003,0,87.12,0.292,100,0.20,14.401,49,50.00,0.00,0,2.8,0.074
520,4653.259,AllocLarge,2B,0.249,14.3,0.000,0.00,16.974,12.973,2,7.786,1.470,0,1.62,0.003,0,87.12,0.292,100,0.20,11.201,56,35.72,0.00,0,3.8,0.090
521,4661.542,AllocLarge,2B,0.225,0.0,0.000,0.00,16.179,16.187,2,7.786,1.483,0,99.26,0.003,0,87.12,0.292,100,0.20,14.401,49,50.00,0.00,0,2.8,0.073
522,4667.889,AllocLarge,2B,0.243,12.5,0.109,16.35,16.987,12.987,2,7.786,1.483,0,1.61,0.003,0,87.12,0.292,100,0.20,11.201,56,35.72,0.00,0,3.6,0.077
523,4676.322,AllocLarge,2B,0.261,11.1,0.000,0.00,16.192,16.201,2,7.786,1.497,0,99.26,0.003,0,87.12,0.292,100,0.20,14.401,49,50.00,0.00,0,3.2,0.074
524,4682.710,AllocLarge,2B,0.212,0.0,0.000,0.00,17.001,13.000,2,7.786,1.497,0,1.81,0.003,0,87.12,0.292,100,0.20,11.201,56,35.72,0.00,0,3.2,0.072
525,4691.005,AllocLarge,2B,0.223,0.0,0.105,13.08,16.203,16.211,2,7.786,1.507,0,99.27,0.003,0,87.12,0.292,100,0.20,14.401,49,50.00,0.00,0,2.8,0.073
526,4697.632,AllocLarge,2B,0.351,12.5,0.000,0.00,17.011,13.011,2,7.786,1.507,0,1.59,0.003,0,87.12,0.292,100,0.20,11.201,56,35.72,0.00,0,5.0,0.097
527,4706.518,AllocLarge,2B,0.288,0.0,0.000,0.00,16.216,16.224,2,7.786,1.520,0,99.27,0.003,0,87.12,0.292,100,0.20,14.401,49,50.00,0.00,0,3.4,0.098
528,4713.300,AllocLarge,2B,0.288,0.0,0.107,15.14,17.024,13.024,2,7.786,1.520,0,1.57,0.003,0,87.12,0.292,100,0.20,11.201,56,35.72,0.00,0,4.1,0.074
529,4722.199,AllocLarge,2B,0.300,0.0,0.000,0.00,16.230,16.238,2,7.786,1.534,0,99.28,0.003,0,87.12,0.292,100,0.20,14.401,49,50.00,0.00,0,3.5,0.100
530,4729.268,AllocLarge,2B,0.317,14.3,0.000,0.00,17.038,13.038,2,7.786,1.534,0,1.55,0.003,0,87.12,0.292,100,0.20,11.201,56,35.72,0.00,0,4.3,0.084
531,4738.379,AllocLarge,2B,0.334,0.0,0.105,11.87,16.243,16.251,2,7.786,1.547,0,99.29,0.003,0,87.12,0.292,100,0.20,14.401,49,50.00,0.00,0,3.8,0.088
532,4745.290,AllocLarge,2B,0.310,25.0,0.000,0.00,17.051,13.051,2,7.786,1.547,0,1.75,0.003,0,87.12,0.292,100,0.20,11.201,56,35.72,0.00,0,4.4,0.082
533,4747.431,AllocSmall,0N,0.116,0.0,0.005,3.54,13.051,11.504,2,0.001,0.001,0,81.43,0.003,NaN,50.96,0.292,NaN,0.20,11.201,NaN,28.57,0.00,1,7.7,0.002
534,4754.300,AllocLarge,2B,0.304,11.1,0.000,0.00,14.728,14.736,2,7.785,0.032,0,67.45,0.003,0,85.75,0.292,100,0.20,14.401,49,50.00,0.00,0,4.2,0.092
535,4761.261,AllocLarge,2B,0.323,12.5,0.108,14.81,15.538,11.546,2,7.785,0.042,0,73.73,0.003,0,85.75,0.292,100,0.20,11.201,56,35.72,0.00,0,4.4,0.084
536,4770.198,AllocLarge,2B,0.268,0.0,0.000,0.00,14.746,14.746,2,7.785,0.042,0,69.98,0.003,0,85.75,0.292,100,0.20,14.401,49,50.00,0.00,0,3.1,0.077
537,4777.012,AllocLarge,2B,0.271,0.0,0.000,0.00,15.546,11.546,2,7.785,0.042,0,53.58,0.003,0,85.75,0.292,100,0.20,11.201,56,35.72,0.00,0,3.8,0.073
538,4785.941,AllocLarge,2B,0.258,0.0,0.104,12.06,14.753,14.761,2,7.785,0.057,0,80.61,0.003,0,85.75,0.292,100,0.20,14.401,49,50.00,0.00,0,3.0,0.078
539,4792.821,AllocLarge,2B,0.341,12.5,0.000,0.00,15.561,11.561,2,7.785,0.057,0,39.54,0.003,0,85.75,0.292,100,0.20,11.201,56,35.72,0.00,0,4.7,0.129
540,4801.810,AllocLarge,2B,0.317,11.1,0.000,0.00,14.767,14.776,2,7.785,0.072,0,84.64,0.003,0,85.75,0.292,100,0.20,14.401,49,50.00,0.00,0,3.7,0.087
541,4808.749,AllocLarge,2B,0.318,11.1,0.108,15.00,15.576,11.575,2,7.785,0.072,0,31.33,0.003,0,85.75,0.292,100,0.20,11.201,56,35.72,0.00,0,4.4,0.108
542,4817.722,AllocLarge,2B,0.286,0.0,0.000,0.00,14.782,14.791,2,7.785,0.087,0,87.28,0.003,0,85.75,0.292,100,0.20,14.401,49,50.00,0.00,0,3.3,0.093
543,4824.530,AllocLarge,2B,0.297,0.0,0.000,0.00,15.591,11.590,2,7.785,0.087,0,25.94,0.003,0,85.75,0.292,100,0.20,11.201,56,35.72,0.00,0,4.2,0.083
544,4833.593,AllocLarge,2B,0.289,0.0,0.105,12.01,14.797,14.805,2,7.785,0.101,0,89.15,0.003,0,85.75,0.292,100,0.20,14.401,49,50.00,0.00,0,3.3,0.079
545,4840.657,AllocLarge,2B,0.339,12.5,0.000,0.00,15.606,11.605,2,7.785,0.101,0,22.13,0.003,0,85.75,0.292,100,0.20,11.201,56,35.72,0.00,0,4.6,0.107
546,4849.920,AllocLarge,2B,0.322,0.0,0.000,0.00,14.812,14.820,2,7.785,0.116,0,90.93,0.003,0,85.75,0.292,100,0.20,14.401,49,50.00,0.00,0,3.6,0.094
547,4857.156,AllocLarge,2B,0.335,0.0,0.103,13.56,15.620,11.620,2,7.785,0.116,0,19.30,0.003,0,85.75,0.292,100,0.20,11.201,56,35.72,0.00,0,4.4,0.094
548,4866.483,AllocLarge,2B,0.360,11.1,0.000,0.00,14.827,14.835,2,7.785,0.131,0,91.61,0.003,0,85.75,0.292,100,0.20,14.401,49,50.00,0.00,0,4.0,0.110
549,4873.527,AllocLarge,2B,0.294,0.0,0.000,0.00,15.635,11.635,2,7.785,0.131,0,17.11,0.003,0,85.75,0.292,100,0.20,11.201,56,35.72,0.00,0,4.1,0.085
550,4882.560,AllocLarge,2B,0.299,0.0,0.105,11.98,14.842,14.850,2,7.785,0.146,0,92.46,0.003,0,85.75,0.292,100,0.20,14.401,49,50.00,0.00,0,3.4,0.080
551,4889.511,AllocLarge,2B,0.318,12.5,0.000,0.00,15.650,11.650,2,7.785,0.146,0,15.37,0.003,0,85.75,0.292,100,0.20,11.201,56,35.72,0.00,0,4.4,0.082
552,4898.487,AllocLarge,2B,0.334,11.1,0.103,11.79,14.857,14.865,2,7.785,0.161,0,93.16,0.003,0,85.75,0.292,100,0.20,14.401,49,50.00,0.00,0,3.8,0.111
553,4905.432,AllocLarge,2B,0.336,14.3,0.000,0.00,15.665,11.665,2,7.785,0.161,0,13.95,0.003,0,85.75,0.292,100,0.20,11.201,56,35.72,0.00,0,4.7,0.099
554,4914.343,AllocLarge,2B,0.304,0.0,0.000,0.00,14.872,14.880,2,7.785,0.176,0,93.74,0.003,0,85.75,0.292,100,0.20,14.401,49,50.00,0.00,0,3.5,0.099
555,4921.166,AllocLarge,2B,0.327,0.0,0.105,14.70,15.680,11.680,2,7.785,0.176,0,12.77,0.003,0,85.75,0.292,100,0.20,11.201,56,35.72,0.00,0,4.6,0.102
556,4930.126,AllocLarge,2B,0.302,0.0,0.000,0.00,14.887,14.895,2,7.785,0.191,0,94.23,0.003,0,85.75,0.292,100,0.20,14.401,49,50.00,0.00,0,3.5,0.097
557,4936.957,AllocLarge,2B,0.319,14.3,0.000,0.00,15.695,11.695,2,7.785,0.191,0,11.77,0.003,0,85.75,0.292,100,0.20,11.201,56,35.72,0.00,0,4.5,0.099
558,4945.984,AllocLarge,2B,0.319,10.0,0.103,11.71,14.901,14.910,2,7.785,0.206,0,94.65,0.003,0,85.75,0.292,100,0.20,14.401,49,50.00,0.00,0,3.6,0.113
559,4952.847,AllocLarge,2B,0.281,0.0,0.000,0.00,15.710,11.709,2,7.785,0.206,0,10.92,0.003,0,85.75,0.292,100,0.20,11.201,56,35.72,0.00,0,4.0,0.082
560,4961.757,AllocLarge,2B,0.293,0.0,0.000,0.00,14.916,14.924,2,7.785,0.220,0,95.01,0.003,0,85.75,0.292,100,0.20,14.401,49,50.00,0.00,0,3.4,0.078
561,4968.482,AllocLarge,2B,0.268,0.0,0.105,15.15,15.725,11.724,2,7.785,0.220,0,10.18,0.003,0,85.75,0.292,100,0.20,11.201,56,35.72,0.00,0,3.9,0.076
562,4977.485,AllocLarge,2B,0.309,10.0,0.000,0.00,14.931,14.939,2,7.785,0.235,0,95.52,0.003,0,85.75,0.292,100,0.20,14.401,49,50.00,0.00,0,3.5,0.094
563,4984.506,AllocLarge,2B,0.345,0.0,0.000,0.00,15.739,11.739,2,7.785,0.235,0,9.54,0.003,0,85.75,0.292,100,0.20,11.201,56,35.72,0.00,0,4.7,0.108
564,4993.602,AllocLarge,2B,0.271,11.1,0.103,11.74,14.946,14.954,2,7.785,0.250,0,95.60,0.003,0,85.75,0.292,100,0.20,14.401,49,50.00,0.00,0,3.1,0.079
565,5000.344,AllocLarge,2B,0.313,12.5,0.000,0.00,15.754,11.754,2,7.785,0.250,0,8.97,0.003,0,85.75,0.292,100,0.20,11.201,56,35.72,0.00,0,4.5,0.083
566,5009.210,AllocLarge,2B,0.319,0.0,0.000,0.00,14.961,14.969,2,7.785,0.265,0,95.85,0.003,0,85.75,0.292,100,0.20,14.401,49,50.00,0.00,0,3.7,0.084
567,5016.373,AllocLarge,2B,0.352,12.5,0.105,14.24,15.769,11.769,2,7.785,0.265,0,8.47,0.003,0,85.75,0.292,100,0.20,11.201,56,35.72,0.00,0,4.8,0.101
568,5025.432,AllocLarge,2B,0.315,0.0,0.000,0.00,14.976,14.984,2,7.785,0.280,0,96.23,0.003,0,85.75,0.292,100,0.20,14.401,49,50.00,0.00,0,3.6,0.100
569,5032.365,AllocLarge,2B,0.279,0.0,0.000,0.00,15.784,11.784,2,7.785,0.280,0,8.02,0.003,0,85.75,0.292,100,0.20,11.201,56,35.72,0.00,0,3.9,0.075
570,5041.242,AllocLarge,2B,0.289,0.0,0.105,12.21,14.991,14.999,2,7.785,0.295,0,96.27,0.003,0,85.75,0.292,100,0.20,14.401,49,50.00,0.00,0,3.3,0.076
571,5047.985,AllocLarge,2B,0.330,12.5,0.000,0.00,15.799,11.799,2,7.785,0.295,0,7.61,0.003,0,85.75,0.292,100,0.20,11.201,56,35.72,0.00,0,4.6,0.084
572,5056.928,AllocLarge,2B,0.286,11.1,0.000,0.00,15.006,15.014,2,7.785,0.310,0,96.45,0.003,0,85.75,0.292,100,0.20,14.401,49,50.00,0.00,0,3.3,0.080
573,5063.834,AllocLarge,2B,0.296,14.3,0.103,14.33,15.814,11.814,2,7.785,0.310,0,7.25,0.003,0,85.75,0.292,100,0.20,11.201,56,35.72,0.00,0,4.1,0.098
574,5072.686,AllocLarge,2B,0.276,0.0,0.000,0.00,15.020,15.029,2,7.785,0.325,0,96.61,0.003,0,85.75,0.292,100,0.20,14.401,49,50.00,0.00,0,3.2,0.084
575,5079.476,AllocLarge,2B,0.300,0.0,0.000,0.00,15.829,11.828,2,7.785,0.325,0,6.92,0.003,0,85.75,0.292,100,0.20,11.201,56,35.72,0.00,0,4.2,0.078
576,5088.381,AllocLarge,2B,0.273,11.1,0.105,12.27,15.035,15.044,2,7.785,0.339,0,96.76,0.003,0,85.75,0.292,100,0.20,14.401,49,50.00,0.00,0,3.2,0.079
577,5095.226,AllocLarge,2B,0.281,14.3,0.000,0.00,15.844,11.843,2,7.785,0.339,0,6.61,0.003,0,85.75,0.292,100,0.20,11.201,56,35.72,0.00,0,3.9,0.081
578,5104.019,AllocLarge,2B,0.273,0.0,0.103,12.09,15.050,15.058,2,7.785,0.354,0,96.89,0.003,0,85.75,0.292,100,0.20,14.401,49,50.00,0.00,0,3.2,0.088
579,5110.810,AllocLarge,2B,0.407,14.3,0.000,0.00,15.858,11.858,2,7.785,0.354,0,6.33,0.003,0,85.75,0.292,100,0.20,11.201,56,35.72,0.00,0,5.6,0.126
580,5119.789,AllocLarge,2B,0.301,10.0,0.000,0.00,15.065,15.073,2,7.785,0.369,0,97.02,0.003,0,85.75,0.292,100,0.20,14.401,49,50.00,0.00,0,3.5,0.086
581,5126.493,AllocLarge,2B,0.277,0.0,0.105,15.21,15.873,11.873,2,7.785,0.369,0,6.08,0.003,0,85.75,0.292,100,0.20,11.201,56,35.72,0.00,0,4.0,0.080
582,5135.298,AllocLarge,2B,0.268,0.0,0.000,0.00,15.080,15.088,2,7.785,0.384,0,97.13,0.003,0,85.75,0.292,100,0.20,14.401,49,50.00,0.00,0,3.1,0.081
583,5142.003,AllocLarge,2B,0.297,14.3,0.000,0.00,15.888,11.888,2,7.785,0.384,0,5.84,0.003,0,85.75,0.292,100,0.20,11.201,56,35.72,0.00,0,4.2,0.080
584,5150.848,AllocLarge,2B,0.288,0.0,0.103,11.97,15.095,15.103,2,7.785,0.399,0,97.24,0.003,0,85.75,0.292,100,0.20,14.401,49,50.00,0.00,0,3.4,0.095
585,5157.676,AllocLarge,2B,0.266,12.5,0.000,0.00,15.903,11.903,2,7.785,0.399,0,5.63,0.003,0,85.75,0.292,100,0.20,11.201,56,35.72,0.00,0,3.8,0.078
586,5166.542,AllocLarge,2B,0.308,11.1,0.000,0.00,15.110,15.118,2,7.785,0.414,0,97.34,0.003,0,85.75,0.292,100,0.20,14.401,49,50.00,0.00,0,3.6,0.076
587,5173.475,AllocLarge,2B,0.305,0.0,0.105,14.63,15.918,11.918,2,7.785,0.414,0,5.42,0.003,0,85.75,0.292,100,0.20,11.201,56,35.72,0.00,0,4.2,0.082
588,5182.446,AllocLarge,2B,0.313,0.0,0.000,0.00,15.125,15.133,2,7.785,0.429,0,97.54,0.003,0,85.75,0.292,100,0.20,14.401,49,50.00,0.00,0,3.6,0.102
589,5189.471,AllocLarge,2B,0.284,12.5,0.000,0.00,15.933,11.933,2,7.785,0.429,0,5.24,0.003,0,85.75,0.292,100,0.20,11.201,56,35.72,0.00,0,3.9,0.075
590,5198.479,AllocLarge,2B,0.308,0.0,0.103,11.74,15.139,15.148,2,7.785,0.444,0,97.52,0.003,0,85.75,0.292,100,0.20,14.401,49,50.00,0.00,0,3.5,0.100
591,5205.212,AllocLarge,2B,0.298,12.5,0.000,0.00,15.948,11.947,2,7.785,0.444,0,5.06,0.003,0,85.75,0.292,100,0.20,11.201,56,35.72,0.00,0,4.3,0.094
592,5214.057,AllocLarge,2B,0.319,11.1,0.000,0.00,15.154,15.163,2,7.785,0.459,0,97.60,0.003,0,85.75,0.292,100,0.20,14.401,49,50.00,0.00,0,3.7,0.118
593,5220.784,AllocLarge,2B,0.300,12.5,0.105,15.15,15.963,11.962,2,7.785,0.459,0,4.90,0.003,0,85.75,0.292,100,0.20,11.201,56,35.72,0.00,0,4.3,0.100
594,5229.680,AllocLarge,2B,0.319,0.0,0.000,0.00,15.169,15.177,2,7.785,0.473,0,97.67,0.003,0,85.75,0.292,100,0.20,14.401,49,50.00,0.00,0,3.7,0.113
595,5236.484,AllocLarge,2B,0.362,12.5,0.000,0.00,15.978,11.977,2,7.785,0.473,0,4.74,0.003,0,85.75,0.292,100,0.20,11.201,56,35.72,0.00,0,5.0,0.122
596,5245.415,AllocLarge,2B,0.268,0.0,0.105,12.39,15.184,15.192,2,7.785,0.488,0,97.75,0.003,0,85.75,0.292,100,0.20,14.401,49,50.00,0.00,0,3.1,0.078
597,5252.136,AllocLarge,2B,0.307,14.3,0.000,0.00,15.992,11.992,2,7.785,0.488,0,4.60,0.003,0,85.75,0.292,100,0.20,11.201,56,35.72,0.00,0,4.4,0.083
598,5260.859,AllocLarge,2B,0.299,10.0,0.000,0.00,15.199,15.207,2,7.785,0.503,0,97.81,0.003,0,85.75,0.292,100,0.20,14.401,49,50.00,0.00,0,3.5,0.110
599,5267.595,AllocLarge,2B,0.284,0.0,0.103,14.65,16.007,12.007,2,7.785,0.503,0,4.46,0.003,0,85.75,0.292,100,0.20,11.201,56,35.72,0.00,0,4.1,0.080
600,5276.575,AllocLarge,2B,0.342,11.1,0.000,0.00,15.214,15.222,2,7.785,0.518,0,97.88,0.003,0,85.75,0.292,100,0.20,14.401,49,50.00,0.00,0,3.9,0.118
601,5283.670,AllocLarge,2B,0.291,0.0,0.000,0.00,16.022,12.022,2,7.785,0.518,0,4.33,0.003,0,85.75,0.292,100,0.20,11.201,56,35.72,0.00,0,4.0,0.078
602,5292.593,AllocLarge,2B,0.303,0.0,0.105,12.11,15.229,15.237,2,7.785,0.533,0,98.02,0.003,0,85.75,0.292,100,0.20,14.401,49,50.00,0.00,0,3.5,0.093
603,5299.824,AllocLarge,2B,0.368,12.5,0.000,0.00,16.037,12.037,2,7.785,0.533,0,4.21,0.003,0,85.75,0.292,100,0.20,11.201,56,35.72,0.00,0,4.8,0.104
604,5309.010,AllocLarge,2B,0.296,10.0,0.103,11.59,15.244,15.252,2,7.785,0.548,0,97.99,0.003,0,85.75,0.292,100,0.20,14.401,49,50.00,0.00,0,3.3,0.078
605,5315.922,AllocLarge,2B,0.337,0.0,0.000,0.00,16.052,12.052,2,7.785,0.548,0,4.10,0.003,0,85.75,0.292,100,0.20,11.201,56,35.72,0.00,0,4.7,0.083
606,5325.113,AllocLarge,2B,0.307,0.0,0.000,0.00,15.259,15.267,2,7.785,0.563,0,98.04,0.003,0,85.75,0.292,100,0.20,14.401,49,50.00,0.00,0,3.5,0.083
607,5332.018,AllocLarge,2B,0.295,0.0,0.105,14.59,16.067,12.067,2,7.785,0.563,0,3.99,0.003,0,85.75,0.292,100,0.20,11.201,56,35.72,0.00,0,4.1,0.079
608,5341.140,AllocLarge,2B,0.268,11.1,0.000,0.00,15.273,15.282,2,7.785,0.578,0,98.09,0.003,0,85.75,0.292,100,0.20,14.401,49,50.00,0.00,0,3.0,0.072
609,5348.250,AllocLarge,2B,0.343,12.5,0.000,0.00,16.082,12.081,2,7.785,0.578,0,3.89,0.003,0,85.75,0.292,100,0.20,11.201,56,35.72,0.00,0,4.6,0.126
610,5357.047,AllocLarge,2B,0.356,11.1,0.103,12.01,15.288,15.296,2,7.785,0.592,0,98.14,0.003,0,85.75,0.292,100,0.20,14.401,49,50.00,0.00,0,4.2,0.078
611,5363.559,AllocLarge,2B,0.292,12.5,0.000,0.00,16.097,12.096,2,7.785,0.592,0,3.79,0.003,0,85.75,0.292,100,0.20,11.201,56,35.72,0.00,0,4.3,0.082
612,5372.040,AllocLarge,2B,0.250,12.5,0.000,0.00,15.303,15.311,2,7.785,0.607,0,98.19,0.003,0,85.75,0.292,100,0.20,14.401,49,50.00,0.00,0,3.1,0.074
613,5378.457,AllocLarge,2B,0.271,14.3,0.105,15.74,16.111,12.111,2,7.785,0.607,0,3.70,0.003,0,85.75,0.292,100,0.20,11.201,56,35.72,0.00,0,4.0,0.077
614,5386.858,AllocLarge,2B,0.226,10.0,0.000,0.00,15.318,15.326,2,7.785,0.622,0,98.23,0.003,0,85.75,0.292,100,0.20,14.401,49,50.00,0.00,0,2.8,0.076
615,5393.216,AllocLarge,2B,0.231,14.3,0.000,0.00,16.126,12.126,2,7.785,0.622,0,3.61,0.003,0,85.75,0.292,100,0.20,11.201,56,35.72,0.00,0,3.5,0.075
616,5401.561,AllocLarge,2B,0.208,0.0,0.103,12.85,15.333,15.341,2,7.785,0.637,0,98.27,0.003,0,85.75,0.292,100,0.20,14.401,49,50.00,0.00,0,2.6,0.072
617,5408.073,AllocLarge,2B,0.265,14.3,0.000,0.00,16.141,12.141,2,7.785,0.637,0,3.52,0.003,0,85.75,0.292,100,0.20,11.201,56,35.72,0.00,0,3.8,0.079
618,5416.654,AllocLarge,2B,0.284,0.0,0.000,0.00,15.348,15.356,2,7.785,0.652,0,98.31,0.003,0,85.75,0.292,100,0.20,14.401,49,50.00,0.00,0,3.4,0.094
619,5423.147,AllocLarge,2B,0.364,11.1,0.105,15.10,16.156,12.156,2,7.785,0.652,0,3.44,0.003,0,85.75,0.292,100,0.20,11.201,56,35.72,0.00,0,5.2,0.100
620,5431.740,AllocLarge,2B,0.261,0.0,0.000,0.00,15.363,15.371,2,7.785,0.667,0,98.35,0.003,0,85.75,0.292,100,0.20,14.401,49,50.00,0.00,0,3.2,0.078
621,5438.109,AllocLarge,2B,0.265,14.3,0.000,0.00,16.171,12.171,2,7.785,0.667,0,3.37,0.003,0,85.75,0.292,100,0.20,11.201,56,35.72,0.00,0,4.0,0.076
622,5446.572,AllocLarge,2B,0.266,0.0,0.105,12.80,15.378,15.386,2,7.785,0.682,0,98.39,0.003,0,85.75,0.292,100,0.20,14.401,49,50.00,0.00,0,3.2,0.078
623,5453.328,AllocLarge,2B,0.342,25.0,0.000,0.00,16.186,12.186,2,7.785,0.682,0,3.29,0.003,0,85.75,0.292,100,0.20,11.201,56,35.72,0.00,0,4.8,0.104
624,5461.946,AllocLarge,2B,0.247,0.0,0.000,0.00,15.392,15.401,2,7.785,0.697,0,98.42,0.003,0,85.75,0.292,100,0.20,14.401,49,50.00,0.00,0,3.0,0.075
625,5468.307,AllocLarge,2B,0.214,12.5,0.103,15.53,16.201,12.200,2,7.785,0.697,0,3.22,0.003,0,85.75,0.292,100,0.20,11.201,56,35.72,0.00,0,3.2,0.073
626,5476.978,AllocLarge,2B,0.284,0.0,0.000,0.00,15.407,15.416,2,7.785,0.711,0,98.45,0.003,0,85.75,0.292,100,0.20,14.401,49,50.00,0.00,0,3.4,0.097
627,5483.386,AllocLarge,2B,0.240,12.5,0.000,0.00,16.216,12.215,2,7.785,0.711,0,3.16,0.003,0,85.75,0.292,100,0.20,11.201,56,35.72,0.00,0,3.6,0.079
628,5492.009,AllocLarge,2B,0.275,11.1,0.105,12.64,15.422,15.430,2,7.785,0.726,0,98.48,0.003,0,85.75,0.292,100,0.20,14.401,49,50.00,0.00,0,3.3,0.076
629,5498.433,AllocLarge,2B,0.229,0.0,0.000,0.00,16.230,12.230,2,7.785,0.726,0,3.09,0.003,0,85.75,0.292,100,0.20,11.201,56,35.72,0.00,0,3.5,0.073
630,5507.308,AllocLarge,2B,0.360,0.0,0.103,11.72,15.437,15.445,2,7.785,0.741,0,98.51,0.003,0,85.75,0.292,100,0.20,14.401,49,50.00,0.00,0,4.1,0.099
631,5513.826,AllocLarge,2B,0.358,12.5,0.000,0.00,16.245,12.245,2,7.785,0.741,0,3.03,0.003,0,85.75,0.292,100,0.20,11.201,56,35.72,0.00,0,5.2,0.116
632,5522.319,AllocLarge,2B,0.315,11.1,0.000,0.00,15.452,15.460,2,7.785,0.756,0,98.54,0.003,0,85.75,0.292,100,0.20,14.401,49,50.00,0.00,0,3.9,0.094
633,5528.780,AllocLarge,2B,0.327,12.5,0.105,15.56,16.260,12.260,2,7.785,0.756,0,2.97,0.003,0,85.75,0.292,100,0.20,11.201,56,35.72,0.00,0,4.9,0.115
634,5537.358,AllocLarge,2B,0.280,0.0,0.000,0.00,15.467,15.475,2,7.785,0.771,0,98.57,0.003,0,85.75,0.292,100,0.20,14.401,49,50.00,0.00,0,3.4,0.081
635,5543.824,AllocLarge,2B,0.287,14.3,0.000,0.00,16.275,12.275,2,7.785,0.771,0,2.91,0.003,0,85.75,0.292,100,0.20,11.201,56,35.72,0.00,0,4.2,0.080
636,5552.264,AllocLarge,2B,0.251,11.1,0.103,12.64,15.482,15.490,2,7.785,0.786,0,98.60,0.003,0,85.75,0.292,100,0.20,14.401,49,50.00,0.00,0,3.1,0.076
637,5558.609,AllocLarge,2B,0.237,14.3,0.000,0.00,16.290,12.290,2,7.785,0.786,0,2.86,0.003,0,85.75,0.292,100,0.20,11.201,56,35.72,0.00,0,3.6,0.076
638,5566.975,AllocLarge,2B,0.237,11.1,0.000,0.00,15.497,15.505,2,7.785,0.801,0,98.63,0.003,0,85.75,0.292,100,0.20,14.401,49,50.00,0.00,0,2.9,0.074
639,5573.505,AllocLarge,2B,0.232,12.5,0.105,15.31,16.305,12.305,2,7.785,0.801,0,2.80,0.003,0,85.75,0.292,100,0.20,11.201,56,35.72,0.00,0,3.4,0.074
640,5581.913,AllocLarge,2B,0.243,11.1,0.000,0.00,15.511,15.520,2,7.785,0.816,0,98.65,0.003,0,85.75,0.292,100,0.20,14.401,49,50.00,0.00,0,3.0,0.076
641,5588.256,AllocLarge,2B,0.235,0.0,0.000,0.00,16.320,12.319,2,7.785,0.816,0,2.75,0.003,0,85.75,0.292,100,0.20,11.201,56,35.72,0.00,0,3.6,0.079
642,5596.726,AllocLarge,2B,0.251,0.0,0.103,12.50,15.526,15.535,2,7.785,0.831,0,98.67,0.003,0,85.75,0.292,100,0.20,14.401,49,50.00,0.00,0,3.1,0.077
643,5603.091,AllocLarge,2B,0.209,14.3,0.000,0.00,16.335,12.334,2,7.785,0.831,0,2.70,0.003,0,85.75,0.292,100,0.20,11.201,56,35.72,0.00,0,3.2,0.072
644,5611.446,AllocLarge,2B,0.237,11.1,0.000,0.00,15.541,15.549,2,7.785,0.845,0,98.70,0.003,0,85.75,0.292,100,0.20,14.401,49,50.00,0.00,0,2.9,0.074
645,5617.788,AllocLarge,2B,0.253,12.5,0.105,15.87,16.350,12.349,2,7.785,0.845,0,2.66,0.003,0,85.75,0.292,100,0.20,11.201,56,35.72,0.00,0,3.8,0.095
646,5626.223,AllocLarge,2B,0.354,0.0,0.000,0.00,15.556,15.564,2,7.785,0.860,0,98.72,0.003,0,85.75,0.292,100,0.20,14.401,49,50.00,0.00,0,4.3,0.148
647,5632.714,AllocLarge,2B,0.209,14.3,0.000,0.00,16.364,12.364,2,7.785,0.860,0,2.61,0.003,0,85.75,0.292,100,0.20,11.201,56,35.72,0.00,0,3.2,0.073
648,5641.070,AllocLarge,2B,0.231,0.0,0.105,12.99,15.571,15.579,2,7.785,0.875,0,98.74,0.003,0,85.75,0.292,100,0.20,14.401,49,50.00,0.00,0,2.9,0.100
649,5647.487,AllocLarge,2B,0.405,12.5,0.000,0.00,16.379,12.379,2,7.785,0.875,0,1.63,0.003,0,85.75,0.292,100,0.20,11.201,56,35.72,0.00,0,5.7,0.114
650,5656.096,AllocLarge,2B,0.228,0.0,0.000,0.00,15.586,15.594,2,7.785,0.890,0,98.76,0.003,0,85.75,0.292,100,0.20,14.401,49,50.00,0.00,0,2.9,0.079
651,5662.466,AllocLarge,2B,0.234,0.0,0.103,15.49,16.394,12.394,2,7.785,0.890,0,2.52,0.003,0,85.75,0.292,100,0.20,11.201,56,35.72,0.00,0,3.5,0.074
652,5670.801,AllocLarge,2B,0.250,11.1,0.000,0.00,15.601,15.609,2,7.785,0.905,0,98.78,0.003,0,85.75,0.292,100,0.20,14.401,49,50.00,0.00,0,3.1,0.095
653,5677.230,AllocLarge,2B,0.291,12.5,0.000,0.00,16.409,12.409,2,7.785,0.905,0,2.48,0.003,0,85.75,0.292,100,0.20,11.201,56,35.72,0.00,0,4.3,0.080
654,5685.773,AllocLarge,2B,0.273,0.0,0.105,12.84,15.616,15.624,2,7.785,0.920,0,98.80,0.003,0,85.75,0.292,100,0.20,14.401,49,50.00,0.00,0,3.3,0.078
655,5692.187,AllocLarge,2B,0.270,12.5,0.000,0.00,16.424,12.424,2,7.785,0.920,0,2.44,0.003,0,85.75,0.292,100,0.20,11.201,56,35.72,0.00,0,4.1,0.098
656,5700.582,AllocLarge,2B,0.258,11.1,0.103,12.65,15.631,15.639,2,7.785,0.935,0,98.82,0.003,0,85.75,0.292,100,0.20,14.401,49,50.00,0.00,0,3.2,0.076
657,5706.991,AllocLarge,2B,0.278,14.3,0.000,0.00,16.439,12.439,2,7.785,0.935,0,2.40,0.003,0,85.75,0.292,100,0.20,11.201,56,35.72,0.00,0,4.1,0.073
658,5715.557,AllocLarge,2B,0.268,0.0,0.000,0.00,15.645,15.654,2,7.785,0.950,0,98.84,0.003,0,85.75,0.292,100,0.20,14.401,49,50.00,0.00,0,3.3,0.080
659,5721.963,AllocLarge,2B,0.232,0.0,0.105,15.90,16.454,12.453,2,7.785,0.950,0,2.36,0.003,0,85.75,0.292,100,0.20,11.201,56,35.72,0.00,0,3.5,0.090
660,5730.359,AllocLarge,2B,0.309,22.2,0.000,0.00,15.660,15.668,2,7.785,0.964,0,98.86,0.003,0,85.75,0.292,100,0.20,14.401,49,50.00,0.00,0,3.7,0.080
661,5736.814,AllocLarge,2B,0.251,14.3,0.000,0.00,16.469,12.468,2,7.785,0.964,0,2.33,0.003,0,85.75,0.292,100,0.20,11.201,56,35.72,0.00,0,3.8,0.076
662,5745.259,AllocLarge,2B,0.271,11.1,0.103,12.51,15.675,15.683,2,7.785,0.979,0,98.88,0.003,0,85.75,0.292,100,0.20,14.401,49,50.00,0.00,0,3.3,0.079
663,5751.670,AllocLarge,2B,0.229,0.0,0.000,0.00,16.483,12.483,2,7.785,0.979,0,2.29,0.003,0,85.75,0.292,100,0.20,11.201,56,35.72,0.00,0,3.5,0.073
664,5760.205,AllocLarge,2B,0.265,0.0,0.000,0.00,15.690,15.698,2,7.785,0.994,0,98.89,0.003,0,85.75,0.292,100,0.20,14.401,49,50.00,0.00,0,3.2,0.079
665,5766.609,AllocLarge,2B,0.242,11.1,0.105,15.72,16.498,12.498,2,7.785,0.994,0,2.26,0.003,0,85.75,0.292,100,0.20,11.201,56,35.72,0.00,0,3.6,0.079
666,5775.123,AllocLarge,2B,0.248,0.0,0.000,0.00,15.705,15.713,2,7.785,1.009,0,98.91,0.003,0,85.75,0.292,100,0.20,14.401,49,50.00,0.00,0,3.0,0.077
667,5781.468,AllocLarge,2B,0.233,12.5,0.000,0.00,16.513,12.513,2,7.785,1.009,0,2.22,0.003,0,85.75,0.292,100,0.20,11.201,56,35.72,0.00,0,3.5,0.073
668,5789.980,AllocLarge,2B,0.284,0.0,0.103,12.35,15.720,15.728,2,7.785,1.024,0,98.92,0.003,0,85.75,0.292,100,0.20,14.401,49,50.00,0.00,0,3.4,0.082
669,5796.464,AllocLarge,2B,0.311,11.1,0.000,0.00,16.528,12.528,2,7.785,1.024,0,2.19,0.003,0,85.75,0.292,100,0.20,11.201,56,35.72,0.00,0,4.6,0.079
670,5805.006,AllocLarge,2B,0.217,0.0,0.000,0.00,15.735,15.743,2,7.785,1.039,0,98.94,0.003,0,85.75,0.292,100,0.20,14.401,49,50.00,0.00,0,2.7,0.072
671,5811.638,AllocLarge,2B,0.268,0.0,0.105,15.10,16.543,12.543,2,7.785,1.039,0,2.16,0.003,0,85.75,0.292,100,0.20,11.201,56,35.72,0.00,0,3.8,0.078
672,5820.085,AllocLarge,2B,0.269,11.1,0.000,0.00,15.750,15.758,2,7.785,1.054,0,98.96,0.003,0,85.75,0.292,100,0.20,14.401,49,50.00,0.00,0,3.3,0.079
673,5826.509,AllocLarge,2B,0.373,12.5,0.000,0.00,16.558,12.558,2,7.785,1.054,0,2.13,0.003,0,85.75,0.292,100,0.20,11.201,56,35.72,0.00,0,5.4,0.088
674,5835.194,AllocLarge,2B,0.250,0.0,0.105,12.84,15.764,15.773,2,7.785,1.069,0,98.97,0.003,0,85.75,0.292,100,0.20,14.401,49,50.00,0.00,0,3.0,0.077
675,5841.564,AllocLarge,2B,0.225,12.5,0.000,0.00,16.573,12.572,2,7.785,1.069,0,2.10,0.003,0,85.75,0.292,100,0.20,11.201,56,35.72,0.00,0,3.4,0.075
676,5849.928,AllocLarge,2B,0.284,0.0,0.000,0.00,15.779,15.788,2,7.785,1.083,0,98.98,0.003,0,85.75,0.292,100,0.20,14.401,49,50.00,0.00,0,3.5,0.108
677,5856.336,AllocLarge,2B,0.234,0.0,0.103,15.54,16.588,12.587,2,7.785,1.083,0,2.07,0.003,0,85.75,0.292,100,0.20,11.201,56,35.72,0.00,0,3.5,0.075
678,5864.715,AllocLarge,2B,0.263,22.2,0.000,0.00,15.794,15.802,2,7.785,1.098,0,99.00,0.003,0,85.75,0.292,100,0.20,14.401,49,50.00,0.00,0,3.2,0.076
679,5871.130,AllocLarge,2B,0.294,14.3,0.000,0.00,16.602,12.602,2,7.785,1.098,0,2.04,0.003,0,85.75,0.292,100,0.20,11.201,56,35.72,0.00,0,4.4,0.078
680,5879.755,AllocLarge,2B,0.315,11.1,0.105,12.65,15.809,15.817,2,7.785,1.113,0,99.01,0.003,0,85.75,0.292,100,0.20,14.401,49,50.00,0.00,0,3.8,0.075
681,5886.349,AllocLarge,2B,0.332,0.0,0.000,0.00,16.617,12.617,2,7.785,1.113,0,2.02,0.003,0,85.75,0.292,100,0.20,11.201,56,35.72,0.00,0,4.8,0.088
682,5895.388,AllocLarge,2B,0.336,9.1,0.103,11.68,15.824,15.832,2,7.785,1.128,0,99.02,0.003,0,85.75,0.292,100,0.20,14.401,49,50.00,0.00,0,3.8,0.094
683,5902.192,AllocLarge,2B,0.311,14.3,0.000,0.00,16.632,12.632,2,7.785,1.128,0,1.99,0.003,0,85.75,0.292,100,0.20,11.201,56,35.72,0.00,0,4.5,0.098
684,5911.264,AllocLarge,2B,0.387,0.0,0.000,0.00,15.839,15.847,2,7.785,1.143,0,99.08,0.003,0,85.75,0.292,100,0.20,14.401,49,50.00,0.00,0,4.3,0.141
685,5918.022,AllocLarge,2B,0.293,14.3,0.105,15.09,16.647,12.647,2,7.785,1.143,0,1.96,0.003,0,85.75,0.292,100,0.20,11.201,56,35.72,0.00,0,4.2,0.081
686,5927.138,AllocLarge,2B,0.304,0.0,0.000,0.00,15.854,15.862,2,7.785,1.158,0,99.05,0.003,0,85.75,0.292,100,0.20,14.401,49,50.00,0.00,0,3.4,0.084
687,5934.586,AllocLarge,2B,0.300,11.1,0.000,0.00,16.662,12.662,2,7.785,1.158,0,1.94,0.003,0,85.75,0.292,100,0.20,11.201,56,35.72,0.00,0,3.9,0.081
688,5943.406,AllocLarge,2B,0.338,0.0,0.103,11.84,15.869,15.877,2,7.785,1.173,0,99.06,0.003,0,85.75,0.292,100,0.20,14.401,49,50.00,0.00,0,3.9,0.081
689,5950.080,AllocLarge,2B,0.310,0.0,0.000,0.00,16.677,12.677,2,7.785,1.173,0,1.91,0.003,0,85.75,0.292,100,0.20,11.201,56,35.72,0.00,0,4.6,0.096
690,5958.580,AllocLarge,2B,0.365,22.2,0.000,0.00,15.883,15.892,2,7.785,1.188,0,99.07,0.003,0,85.75,0.292,100,0.20,14.401,49,50.00,0.00,0,4.4,0.105
691,5965.354,AllocLarge,2B,0.316,12.5,0.105,14.87,16.692,12.691,2,7.785,1.188,0,1.89,0.003,0,85.75,0.292,100,0.20,11.201,56,35.72,0.00,0,4.5,0.082
692,5974.052,AllocLarge,2B,0.363,18.2,0.000,0.00,15.898,15.907,2,7.785,1.203,0,99.08,0.003,0,85.75,0.292,100,0.20,14.401,49,50.00,0.00,0,4.3,0.107
693,5980.717,AllocLarge,2B,0.367,11.1,0.000,0.00,16.707,12.706,2,7.785,1.203,0,1.87,0.003,0,85.75,0.292,100,0.20,11.201,56,35.72,0.00,0,5.3,0.125
694,5989.568,AllocLarge,2B,0.317,12.5,0.103,12.19,15.913,15.921,2,7.785,1.217,0,99.10,0.003,0,85.75,0.292,100,0.20,14.401,49,50.00,0.00,0,3.8,0.082
695,5996.396,AllocLarge,2B,0.294,14.3,0.000,0.00,16.722,12.721,2,7.785,1.217,0,1.84,0.003,0,85.75,0.292,100,0.20,11.201,56,35.72,0.00,0,4.2,0.083
696,6004.889,AllocLarge,2B,0.325,11.1,0.000,0.00,15.928,15.936,2,7.785,1.232,0,99.11,0.003,0,85.75,0.292,100,0.20,14.401,49,50.00,0.00,0,3.9,0.099
697,6011.631,AllocLarge,2B,0.309,12.5,0.105,14.92,16.736,12.736,2,7.785,1.232,0,1.82,0.003,0,85.75,0.292,100,0.20,11.201,56,35.72,0.00,0,4.4,0.081
698,6020.145,AllocLarge,2B,0.284,0.0,0.000,0.00,15.943,15.951,2,7.785,1.247,0,99.12,0.003,0,85.75,0.292,100,0.20,14.401,49,50.00,0.00,0,3.5,0.081
699,6026.836,AllocLarge,2B,0.302,0.0,0.000,0.00,16.751,12.751,2,7.785,1.247,0,1.80,0.003,0,85.75,0.292,100,0.20,11.201,56,35.72,0.00,0,4.3,0.087
700,6036.012,AllocLarge,2B,0.277,0.0,0.105,11.86,15.958,15.966,2,7.785,1.262,0,99.13,0.003,0,85.75,0.292,100,0.20,14.401,49,50.00,0.00,0,3.1,0.078
701,6042.733,AllocLarge,2B,0.317,12.5,0.000,0.00,16.766,12.766,2,7.785,1.262,0,1.78,0.003,0,85.75,0.292,100,0.20,11.201,56,35.72,0.00,0,4.4,0.103
702,6051.469,AllocLarge,2B,0.305,0.0,0.000,0.00,15.973,15.981,2,7.785,1.277,0,99.14,0.003,0,85.75,0.292,100,0.20,14.401,49,50.00,0.00,0,3.6,0.079
703,6058.078,AllocLarge,2B,0.307,14.3,0.103,14.89,16.781,12.781,2,7.785,1.277,0,1.76,0.003,0,85.75,0.292,100,0.20,11.201,56,35.72,0.00,0,4.5,0.081
704,6066.732,AllocLarge,2B,0.283,0.0,0.000,0.00,15.988,15.996,2,7.785,1.292,0,99.15,0.003,0,85.75,0.292,100,0.20,14.401,49,50.00,0.00,0,3.4,0.079
705,6073.313,AllocLarge,2B,0.334,14.3,0.000,0.00,16.796,12.796,2,7.785,1.292,0,1.74,0.003,0,85.75,0.292,100,0.20,11.201,56,35.72,0.00,0,4.8,0.081
706,6081.944,AllocLarge,2B,0.314,0.0,0.105,12.75,16.003,16.011,2,7.785,1.307,0,99.16,0.003,0,85.75,0.292,100,0.20,14.401,49,50.00,0.00,0,3.8,0.080
707,6088.814,AllocLarge,2B,0.329,14.3,0.000,0.00,16.811,12.811,2,7.785,1.307,0,1.72,0.003,0,85.75,0.292,100,0.20,11.201,56,35.72,0.00,0,4.6,0.082
708,6097.720,AllocLarge,2B,0.318,10.0,0.103,11.91,16.017,16.026,2,7.785,1.322,0,99.17,0.003,0,85.75,0.292,100,0.20,14.401,49,50.00,0.00,0,3.7,0.090
709,6104.510,AllocLarge,2B,0.449,25.0,0.000,0.00,16.826,12.825,2,7.785,1.322,0,1.70,0.003,0,85.75,0.292,100,0.20,11.201,56,35.72,0.00,0,6.2,0.125
710,6113.454,AllocLarge,2B,0.285,0.0,0.000,0.00,16.032,16.040,2,7.785,1.336,0,99.18,0.003,0,85.75,0.292,100,0.20,14.401,49,50.00,0.00,0,3.4,0.080
711,6120.113,AllocLarge,2B,0.333,12.5,0.105,14.94,16.841,12.840,2,7.785,1.336,0,1.68,0.003,0,85.75,0.292,100,0.20,11.201,56,35.72,0.00,0,4.7,0.082
712,6128.886,AllocLarge,2B,0.407,11.1,0.000,0.00,16.047,16.055,2,7.785,1.351,0,99.19,0.003,0,85.75,0.292,100,0.20,14.401,49,50.00,0.00,0,4.8,0.099
713,6135.970,AllocLarge,2B,0.302,12.5,0.000,0.00,16.855,12.855,2,7.785,1.351,0,1.66,0.003,0,85.75,0.292,100,0.20,11.201,56,35.72,0.00,0,4.1,0.083
714,6144.802,AllocLarge,2B,0.317,0.0,0.103,12.08,16.062,16.070,2,7.785,1.366,0,99.19,0.003,0,85.75,0.292,100,0.20,14.401,49,50.00,0.00,0,3.7,0.090
715,6151.394,AllocLarge,2B,0.303,22.2,0.000,0.00,16.870,12.870,2,7.785,1.366,0,1.64,0.003,0,85.75,0.292,100,0.20,11.201,56,35.72,0.00,0,4.4,0.079
716,6160.005,AllocLarge,2B,0.345,0.0,0.000,0.00,16.077,16.085,2,7.785,1.381,0,99.24,0.003,0,85.75,0.292,100,0.20,14.401,49,50.00,0.00,0,4.1,0.092
717,6166.656,AllocLarge,2B,0.409,12.5,0.105,14.97,16.885,12.885,2,7.785,1.381,0,1.63,0.003,0,85.75,0.292,100,0.20,11.201,56,35.72,0.00,0,5.8,0.126
718,6175.356,AllocLarge,2B,0.299,0.0,0.000,0.00,16.092,16.100,2,7.785,1.396,0,99.21,0.003,0,85.75,0.292,100,0.20,14.401,49,50.00,0.00,0,3.6,0.076
719,6181.877,AllocLarge,2B,0.289,14.3,0.000,0.00,16.900,12.900,2,7.785,1.396,0,1.61,0.003,0,85.75,0.292,100,0.20,11.201,56,35.72,0.00,0,4.2,0.080
720,6190.343,AllocLarge,2B,0.279,0.0,0.103,12.62,16.107,16.115,2,7.785,1.411,0,99.22,0.003,0,85.75,0.292,100,0.20,14.401,49,50.00,0.00,0,3.4,0.077
721,6196.890,AllocLarge,2B,0.329,22.2,0.000,0.00,16.915,12.915,2,7.785,1.411,0,1.01,0.003,0,85.75,0.292,100,0.20,11.201,56,35.72,0.00,0,4.7,0.099
722,6205.575,AllocLarge,2B,0.263,12.5,0.000,0.00,16.122,16.130,2,7.785,1.426,0,99.23,0.003,0,85.75,0.292,100,0.20,14.401,49,50.00,0.00,0,3.2,0.077
723,6212.063,AllocLarge,2B,0.419,22.2,0.105,14.72,16.930,12.930,2,7.785,1.426,0,1.57,0.003,0,85.75,0.292,100,0.20,11.201,56,35.72,0.00,0,5.9,0.091
724,6220.967,AllocLarge,2B,0.262,0.0,0.000,0.00,16.136,16.145,2,7.785,1.441,0,99.24,0.003,0,85.75,0.292,100,0.20,14.401,49,50.00,0.00,0,3.2,0.074
725,6227.477,AllocLarge,2B,0.299,14.3,0.000,0.00,16.945,12.944,2,7.785,1.441,0,1.56,0.003,0,85.75,0.292,100,0.20,11.201,56,35.72,0.00,0,4.3,0.081
726,6236.293,AllocLarge,2B,0.342,11.1,0.105,12.36,16.151,16.168,2,7.785,1.464,0,98.72,0.003,0,85.75,0.292,100,0.20,14.401,49,50.00,0.00,0,4.0,0.092
727,6242.810,AllocLarge,2B,0.258,0.0,0.000,0.00,16.960,12.960,2,7.785,1.456,0,1.54,0.003,0,85.75,0.292,100,0.20,11.201,56,35.72,0.00,0,3.9,0.076
728,6251.396,AllocLarge,2B,0.293,0.0,0.103,12.30,16.166,16.174,2,7.785,1.470,0,99.25,0.003,0,85.75,0.292,100,0.20,14.401,49,50.00,0.00,0,3.5,0.090
729,6257.862,AllocLarge,2B,0.342,12.5,0.000,0.00,16.975,12.974,2,7.785,1.470,0,1.53,0.003,0,85.75,0.292,100,0.20,11.201,56,35.72,0.00,0,5.0,0.107
730,6266.770,AllocLarge,2B,0.385,20.0,0.000,0.00,16.181,16.189,2,7.785,1.485,0,99.26,0.003,0,85.75,0.292,100,0.20,14.401,49,50.00,0.00,0,4.5,0.082
731,6273.331,AllocLarge,2B,0.309,12.5,0.105,15.47,16.989,12.989,2,7.785,1.485,0,1.51,0.003,0,85.75,0.292,100,0.20,11.201,56,35.72,0.00,0,4.6,0.087
732,6282.037,AllocLarge,2B,0.282,0.0,0.000,0.00,16.196,16.204,2,7.785,1.500,0,99.30,0.003,0,85.75,0.292,100,0.20,14.401,49,50.00,0.00,0,3.4,0.080
733,6288.532,AllocLarge,2B,0.349,22.2,0.000,0.00,17.004,13.004,2,7.785,1.500,0,1.50,0.003,0,85.75,0.292,100,0.20,11.201,56,35.72,0.00,0,5.0,0.089
734,6297.184,AllocLarge,2B,0.299,0.0,0.103,12.55,16.211,16.219,2,7.785,1.515,0,99.27,0.003,0,85.75,0.292,100,0.20,14.401,49,50.00,0.00,0,3.7,0.099
735,6303.616,AllocLarge,2B,0.305,12.5,0.000,0.00,17.019,13.019,2,7.785,1.515,0,1.48,0.003,0,85.75,0.292,100,0.20,11.201,56,35.72,0.00,0,4.6,0.107
736,6312.507,AllocLarge,2B,0.307,10.0,0.000,0.00,16.226,16.234,2,7.785,1.530,0,99.28,0.003,0,85.75,0.292,100,0.20,14.401,49,50.00,0.00,0,3.6,0.080
737,6319.095,AllocLarge,2B,0.265,0.0,0.105,15.40,17.034,13.034,2,7.785,1.530,0,1.47,0.003,0,85.75,0.292,100,0.20,11.201,56,35.72,0.00,0,3.9,0.078
738,6328.289,AllocLarge,2B,0.278,0.0,0.000,0.00,16.241,16.249,2,7.785,1.545,0,99.29,0.003,0,85.75,0.292,100,0.20,14.401,49,50.00,0.00,0,3.1,0.079
739,6334.693,AllocLarge,2B,0.265,12.5,0.000,0.00,17.049,13.049,2,7.785,1.545,0,1.45,0.003,0,85.75,0.292,100,0.20,11.201,56,35.72,0.00,0,4.0,0.079
740,6343.442,AllocLarge,2B,0.293,0.0,0.103,12.12,16.256,16.264,2,7.785,1.560,0,99.29,0.003,0,85.75,0.292,100,0.20,14.401,49,50.00,0.00,0,3.5,0.081
741,6349.985,AllocLarge,2B,0.336,0.0,0.000,0.00,17.064,13.064,2,7.785,1.560,0,1.44,0.003,0,85.75,0.292,100,0.20,11.201,56,35.72,0.00,0,4.9,0.103
742,6358.895,AllocLarge,2B,0.366,0.0,0.000,0.00,16.270,16.279,2,7.785,1.575,0,99.30,0.003,0,85.75,0.292,100,0.20,14.401,49,50.00,0.00,0,4.2,0.119
743,6365.606,AllocLarge,2B,0.282,14.3,0.105,15.63,17.079,13.078,2,7.785,1.575,0,1.43,0.003,0,85.75,0.292,100,0.20,11.201,56,35.72,0.00,0,4.2,0.081
744,6374.196,AllocLarge,2B,0.309,10.0,0.000,0.00,16.285,16.294,2,7.785,1.589,0,99.31,0.003,0,85.75,0.292,100,0.20,14.401,49,50.00,0.00,0,3.7,0.080
745,6380.690,AllocLarge,2B,0.334,0.0,0.000,0.00,17.094,13.093,2,7.785,1.589,0,1.41,0.003,0,85.75,0.292,100,0.20,11.201,56,35.72,0.00,0,4.9,0.083
746,6389.403,AllocLarge,2B,0.300,10.0,0.105,12.55,16.300,16.308,2,7.785,1.604,0,99.31,0.003,0,85.75,0.292,100,0.20,14.401,49,50.00,0.00,0,3.6,0.099
747,6395.955,AllocLarge,2B,0.272,0.0,0.000,0.00,17.108,13.108,2,7.785,1.604,0,1.40,0.003,0,85.75,0.292,100,0.20,11.201,56,35.72,0.00,0,4.0,0.078
748,6404.506,AllocLarge,2B,0.294,11.1,0.000,0.00,16.315,16.323,2,7.785,1.619,0,99.32,0.003,0,85.75,0.292,100,0.20,14.401,49,50.00,0.00,0,3.5,0.096
749,6411.071,AllocLarge,2B,0.300,0.0,0.103,14.91,17.123,13.123,2,7.785,1.619,0,1.39,0.003,0,85.75,0.292,100,0.20,11.201,56,35.72,0.00,0,4.4,0.080
750,6419.722,AllocLarge,2B,0.317,12.5,0.000,0.00,16.330,16.338,2,7.785,1.634,0,99.35,0.003,0,85.75,0.292,100,0.20,14.401,49,50.00,0.00,0,3.8,0.082
751,6426.361,AllocLarge,2B,0.425,25.0,0.105,14.77,17.138,13.138,2,7.785,1.634,0,1.37,0.003,0,85.75,0.292,100,0.20,11.201,56,35.72,0.00,0,6.0,0.163
752,6435.622,AllocLarge,2B,0.378,10.0,0.000,0.00,16.345,16.353,2,7.785,1.649,0,99.33,0.003,0,85.75,0.292,100,0.20,14.401,49,50.00,0.00,0,4.2,0.103
753,6442.749,AllocLarge,2B,0.403,14.3,0.000,0.00,17.153,13.153,2,7.785,1.649,0,1.36,0.003,0,85.75,0.292,100,0.20,11.201,56,35.72,0.00,0,5.4,0.103
754,6451.823,AllocLarge,2B,0.357,11.1,0.103,11.84,16.360,16.368,2,7.785,1.664,0,99.34,0.003,0,85.75,0.292,100,0.20,14.401,49,50.00,0.00,0,4.1,0.112
755,6458.807,AllocLarge,2B,0.288,0.0,0.000,0.00,17.168,13.168,2,7.785,1.664,0,1.35,0.003,0,85.75,0.292,100,0.20,11.201,56,35.72,0.00,0,4.0,0.078
756,6467.636,AllocLarge,2B,0.308,0.0,0.000,0.00,16.375,16.383,2,7.785,1.679,0,99.34,0.003,0,85.75,0.292,100,0.20,14.401,49,50.00,0.00,0,3.6,0.080
757,6474.321,AllocLarge,2B,0.325,12.5,0.105,15.15,17.183,13.183,2,7.785,1.679,0,1.34,0.003,0,85.75,0.292,100,0.20,11.201,56,35.72,0.00,0,4.7,0.104
758,6482.980,AllocLarge,2B,0.300,10.0,0.000,0.00,16.389,16.398,2,7.785,1.694,0,99.35,0.003,0,85.75,0.292,100,0.20,14.401,49,50.00,0.00,0,3.6,0.080
759,6489.700,AllocLarge,2B,0.331,11.1,0.000,0.00,17.198,13.197,2,7.785,1.694,0,1.33,0.003,0,85.75,0.292,100,0.20,11.201,56,35.72,0.00,0,4.7,0.087
760,6498.463,AllocLarge,2B,0.304,0.0,0.103,12.29,16.404,16.413,2,7.785,1.709,0,99.36,0.003,0,85.75,0.292,100,0.20,14.401,49,50.00,0.00,0,3.6,0.099
761,6504.921,AllocLarge,2B,0.258,12.5,0.000,0.00,17.213,13.212,2,7.785,1.709,0,1.31,0.003,0,85.75,0.292,100,0.20,11.201,56,35.72,0.00,0,3.9,0.077
762,6513.385,AllocLarge,2B,0.343,11.1,0.000,0.00,16.419,16.427,2,7.785,1.723,0,99.36,0.003,0,85.75,0.292,100,0.20,14.401,49,50.00,0.00,0,4.1,0.115
763,6520.354,AllocLarge,2B,0.257,14.3,0.105,14.81,17.227,13.227,2,7.785,1.723,0,1.30,0.003,0,85.75,0.292,100,0.20,11.201,56,35.72,0.00,0,3.6,0.082
764,6529.195,AllocLarge,2B,0.359,0.0,0.000,0.00,16.434,16.442,2,7.785,1.738,0,99.37,0.003,0,85.75,0.292,100,0.20,14.401,49,50.00,0.00,0,4.1,0.149
765,6536.005,AllocLarge,2B,0.424,33.3,0.000,0.00,17.242,11.504,2,7.786,0.001,0,0.00,0.003,0,12.05,0.292,100,0.20,11.201,56,35.72,0.00,0,5.6,0.088
766,6536.547,AllocSmall,0F,0.576,0.0,1.715,251.44,13.242,11.504,2,0.002,0.001,0,81.43,0.003,NaN,12.05,0.292,NaN,0.20,11.201,NaN,35.72,0.00,1,7.8,0.417
767,6545.630,AllocLarge,2B,0.347,0.0,0.106,11.87,14.733,14.741,2,7.786,0.037,0,70.42,0.003,0,85.75,0.292,100,0.20,14.401,49,50.00,0.00,0,3.8,0.109
768,6552.410,AllocLarge,2B,0.354,12.5,0.000,0.00,15.541,11.541,2,7.786,0.037,0,56.41,0.003,0,85.75,0.292,100,0.20,11.201,56,35.72,0.00,0,5.0,0.108
769,6561.029,AllocLarge,2B,0.288,0.0,0.000,0.00,14.750,14.758,2,7.786,0.054,0,79.52,0.003,0,85.75,0.292,100,0.20,14.401,49,50.00,0.00,0,3.5,0.080
770,6567.613,AllocLarge,2B,0.285,0.0,0.105,15.35,15.558,11.558,2,7.786,0.054,0,41.76,0.003,0,85.75,0.292,100,0.20,11.201,56,35.72,0.00,0,4.2,0.079
771,6576.010,AllocLarge,2B,0.290,0.0,0.000,0.00,14.764,14.773,2,7.786,0.069,0,83.96,0.003,0,85.75,0.292,100,0.20,14.401,49,50.00,0.00,0,3.5,0.077
772,6582.763,AllocLarge,2B,0.300,0.0,0.000,0.00,15.573,11.572,2,7.786,0.069,0,32.71,0.003,0,85.75,0.292,100,0.20,11.201,56,35.72,0.00,0,4.2,0.084
773,6591.395,AllocLarge,2B,0.355,11.1,0.103,12.24,14.779,14.788,2,7.786,0.084,0,86.82,0.003,0,85.75,0.292,100,0.20,14.401,49,50.00,0.00,0,4.2,0.084
774,6598.162,AllocLarge,2B,0.280,11.1,0.000,0.00,15.588,11.587,2,7.786,0.084,0,26.88,0.003,0,85.75,0.292,100,0.20,11.201,56,35.72,0.00,0,4.0,0.081
775,6606.690,AllocLarge,2B,0.302,0.0,0.000,0.00,14.794,14.802,2,7.786,0.098,0,89.28,0.003,0,85.75,0.292,100,0.20,14.401,49,50.00,0.00,0,3.7,0.081
776,6613.452,AllocLarge,2B,0.342,14.3,0.105,14.88,15.602,11.602,2,7.786,0.098,0,22.81,0.003,0,85.75,0.292,100,0.20,11.201,56,35.72,0.00,0,4.8,0.106
777,6622.144,AllocLarge,2B,0.310,10.0,0.000,0.00,14.809,14.817,2,7.786,0.113,0,90.28,0.003,0,85.75,0.292,100,0.20,14.401,49,50.00,0.00,0,3.7,0.081
778,6628.878,AllocLarge,2B,0.313,11.1,0.000,0.00,15.617,11.617,2,7.786,0.113,0,19.82,0.003,0,85.75,0.292,100,0.20,11.201,56,35.72,0.00,0,4.5,0.107
779,6637.635,AllocLarge,2B,0.337,0.0,0.105,12.36,14.824,14.832,2,7.786,0.128,0,91.41,0.003,0,85.75,0.292,100,0.20,14.401,49,50.00,0.00,0,4.0,0.083
780,6644.426,AllocLarge,2B,0.307,14.3,0.000,0.00,15.632,11.632,2,7.786,0.128,0,17.52,0.003,0,85.75,0.292,100,0.20,11.201,56,35.72,0.00,0,4.4,0.081
781,6653.308,AllocLarge,2B,0.287,0.0,0.000,0.00,14.839,14.847,2,7.786,0.143,0,92.30,0.003,0,85.75,0.292,100,0.20,14.401,49,50.00,0.00,0,3.3,0.075
782,6660.249,AllocLarge,2B,0.315,14.3,0.103,14.12,15.647,11.647,2,7.786,0.143,0,15.69,0.003,0,85.75,0.292,100,0.20,11.201,56,35.72,0.00,0,4.3,0.083
783,6669.091,AllocLarge,2B,0.283,0.0,0.000,0.00,14.854,14.862,2,7.786,0.158,0,93.03,0.003,0,85.75,0.292,100,0.20,14.401,49,50.00,0.00,0,3.3,0.079
784,6675.741,AllocLarge,2B,0.289,12.5,0.000,0.00,15.662,11.662,2,7.786,0.158,0,14.22,0.003,0,85.75,0.292,100,0.20,11.201,56,35.72,0.00,0,4.2,0.081
785,6684.484,AllocLarge,2B,0.338,11.1,0.105,12.36,14.869,14.877,2,7.786,0.173,0,93.63,0.003,0,85.75,0.292,100,0.20,14.401,49,50.00,0.00,0,4.0,0.083
786,6691.461,AllocLarge,2B,0.386,11.1,0.000,0.00,15.677,11.677,2,7.786,0.173,0,12.99,0.003,0,85.75,0.292,100,0.20,11.201,56,35.72,0.00,0,5.2,0.106
787,6700.699,AllocLarge,2B,0.307,10.0,0.103,11.75,14.883,14.892,2,7.786,0.188,0,94.13,0.003,0,85.75,0.292,100,0.20,14.401,49,50.00,0.00,0,3.5,0.090
788,6707.288,AllocLarge,2B,0.297,16.7,0.000,0.00,15.692,11.691,2,7.786,0.188,0,11.96,0.003,0,85.75,0.292,100,0.20,11.201,56,35.72,0.00,0,4.3,0.080
789,6716.172,AllocLarge,2B,0.302,10.0,0.000,0.00,14.898,14.907,2,7.786,0.203,0,94.57,0.003,0,85.75,0.292,100,0.20,14.401,49,50.00,0.00,0,3.5,0.086
790,6722.843,AllocLarge,2B,0.317,0.0,0.105,15.16,15.707,11.706,2,7.786,0.203,0,11.08,0.003,0,85.75,0.292,100,0.20,11.201,56,35.72,0.00,0,4.6,0.083
791,6732.011,AllocLarge,2B,0.298,10.0,0.000,0.00,14.913,14.921,2,7.786,0.217,0,95.15,0.003,0,85.75,0.292,100,0.20,14.401,49,50.00,0.00,0,3.4,0.094
792,6738.632,AllocLarge,2B,0.319,14.3,0.000,0.00,15.722,11.721,2,7.786,0.217,0,10.32,0.003,0,85.75,0.292,100,0.20,11.201,56,35.72,0.00,0,4.6,0.105
793,6747.352,AllocLarge,2B,0.308,0.0,0.103,12.25,14.928,14.936,2,7.786,0.232,0,95.26,0.003,0,85.75,0.292,100,0.20,14.401,49,50.00,0.00,0,3.7,0.100
794,6753.943,AllocLarge,2B,0.301,0.0,0.000,0.00,15.736,11.736,2,7.786,0.232,0,9.66,0.003,0,85.75,0.292,100,0.20,11.201,56,35.72,0.00,0,4.4,0.088
795,6762.809,AllocLarge,2B,0.320,0.0,0.000,0.00,14.943,14.951,2,7.786,0.247,0,95.73,0.003,0,85.75,0.292,100,0.20,14.401,49,50.00,0.00,0,3.7,0.092
796,6769.405,AllocLarge,2B,0.323,14.3,0.105,15.13,15.751,11.751,2,7.786,0.247,0,5.75,0.003,0,85.75,0.292,100,0.20,11.201,56,35.72,0.00,0,4.6,0.089
797,6778.166,AllocLarge,2B,0.327,11.1,0.000,0.00,14.958,14.966,2,7.786,0.262,0,95.80,0.003,0,85.75,0.292,100,0.20,14.401,49,50.00,0.00,0,3.9,0.100
798,6784.812,AllocLarge,2B,0.293,0.0,0.000,0.00,15.766,11.766,2,7.786,0.262,0,8.57,0.003,0,85.75,0.292,100,0.20,11.201,56,35.72,0.00,0,4.3,0.081
799,6793.476,AllocLarge,2B,0.351,11.1,0.103,12.09,14.973,14.981,2,7.786,0.277,0,96.03,0.003,0,85.75,0.292,100,0.20,14.401,49,50.00,0.00,0,4.1,0.109
800,6800.092,AllocLarge,2B,0.294,0.0,0.000,0.00,15.781,11.781,2,7.786,0.277,0,8.11,0.003,0,85.75,0.292,100,0.20,11.201,56,35.72,0.00,0,4.3,0.083
801,6808.653,AllocLarge,2B,0.275,11.1,0.000,0.00,14.988,14.996,2,7.786,0.292,0,96.23,0.003,0,85.75,0.292,100,0.20,14.401,49,50.00,0.00,0,3.3,0.078
802,6815.182,AllocLarge,2B,0.310,12.5,0.105,15.43,15.796,11.796,2,7.786,0.292,0,7.69,0.003,0,85.75,0.292,100,0.20,11.201,56,35.72,0.00,0,4.5,0.085
803,6823.760,AllocLarge,2B,0.275,0.0,0.000,0.00,15.003,15.011,2,7.786,0.307,0,96.41,0.003,0,85.75,0.292,100,0.20,14.401,49,50.00,0.00,0,3.3,0.079
804,6830.398,AllocLarge,2B,0.368,0.0,0.000,0.00,15.811,11.811,2,7.786,0.307,0,7.32,0.003,0,85.75,0.292,100,0.20,11.201,56,35.72,0.00,0,5.2,0.108
805,6839.193,AllocLarge,2B,0.310,11.1,0.105,12.45,15.017,15.026,2,7.786,0.322,0,96.58,0.003,0,85.75,0.292,100,0.20,14.401,49,50.00,0.00,0,3.7,0.101
806,6845.701,AllocLarge,2B,0.273,0.0,0.000,0.00,15.826,11.825,2,7.786,0.322,0,6.98,0.003,0,85.75,0.292,100,0.20,11.201,56,35.72,0.00,0,4.1,0.079
807,6854.080,AllocLarge,2B,0.250,11.1,0.000,0.00,15.032,15.041,2,7.786,0.336,0,96.73,0.003,0,85.75,0.292,100,0.20,14.401,49,50.00,0.00,0,3.1,0.070
808,6860.574,AllocLarge,2B,0.292,14.3,0.103,14.94,15.841,11.840,2,7.786,0.336,0,6.67,0.003,0,85.75,0.292,100,0.20,11.201,56,35.72,0.00,0,4.2,0.079
809,6869.244,AllocLarge,2B,0.321,9.1,0.000,0.00,15.047,15.055,2,7.786,0.351,0,96.87,0.003,0,85.75,0.292,100,0.20,14.401,49,50.00,0.00,0,3.8,0.083
810,6875.921,AllocLarge,2B,0.299,0.0,0.000,0.00,15.855,11.855,2,7.786,0.351,0,6.39,0.003,0,85.75,0.292,100,0.20,11.201,56,35.72,0.00,0,4.3,0.083
811,6884.583,AllocLarge,2B,0.302,11.1,0.105,12.53,15.062,15.070,2,7.786,0.366,0,96.99,0.003,0,85.75,0.292,100,0.20,14.401,49,50.00,0.00,0,3.6,0.085
812,6891.250,AllocLarge,2B,0.483,0.0,0.000,0.00,15.870,11.870,2,7.786,0.366,0,6.13,0.003,0,85.75,0.292,100,0.20,11.201,56,35.72,0.00,0,6.8,0.148
813,6900.150,AllocLarge,2B,0.291,12.5,0.103,12.22,15.077,15.085,2,7.786,0.381,0,97.11,0.003,0,85.75,0.292,100,0.20,14.401,49,50.00,0.00,0,3.5,0.081
814,6906.624,AllocLarge,2B,0.231,0.0,0.000,0.00,15.885,11.885,2,7.786,0.381,0,5.89,0.003,0,85.75,0.292,100,0.20,11.201,56,35.72,0.00,0,3.5,0.075
815,6915.313,AllocLarge,2B,0.282,0.0,0.000,0.00,15.092,15.100,2,7.786,0.396,0,97.22,0.003,0,85.75,0.292,100,0.20,14.401,49,50.00,0.00,0,3.3,0.080
816,6921.792,AllocLarge,2B,0.321,14.3,0.105,15.25,15.900,11.900,2,7.786,0.396,0,5.67,0.003,0,85.75,0.292,100,0.20,11.201,56,35.72,0.00,0,4.7,0.105
817,6930.599,AllocLarge,2B,0.307,10.0,0.000,0.00,15.107,15.115,2,7.786,0.411,0,97.32,0.003,0,85.75,0.292,100,0.20,14.401,49,50.00,0.00,0,3.6,0.105
818,6937.124,AllocLarge,2B,0.285,14.3,0.000,0.00,15.915,11.915,2,7.786,0.411,0,5.46,0.003,0,85.75,0.292,100,0.20,11.201,56,35.72,0.00,0,4.2,0.080
819,6945.706,AllocLarge,2B,0.281,11.1,0.103,12.35,15.122,15.130,2,7.786,0.426,0,97.41,0.003,0,85.75,0.292,100,0.20,14.401,49,50.00,0.00,0,3.4,0.080
820,6952.226,AllocLarge,2B,0.297,0.0,0.000,0.00,15.930,11.930,2,7.786,0.426,0,5.27,0.003,0,85.75,0.292,100,0.20,11.201,56,35.72,0.00,0,4.3,0.082
821,6960.903,AllocLarge,2B,0.303,0.0,0.000,0.00,15.136,15.145,2,7.786,0.441,0,97.50,0.003,0,85.75,0.292,100,0.20,14.401,49,50.00,0.00,0,3.6,0.092
822,6967.410,AllocLarge,2B,0.268,12.5,0.105,15.61,15.945,11.944,2,7.786,0.441,0,5.09,0.003,0,85.75,0.292,100,0.20,11.201,56,35.72,0.00,0,4.0,0.078
823,6976.024,AllocLarge,2B,0.293,0.0,0.000,0.00,15.151,15.160,2,7.786,0.456,0,97.58,0.003,0,85.75,0.292,100,0.20,14.401,49,50.00,0.00,0,3.5,0.097
824,6982.511,AllocLarge,2B,0.319,14.3,0.000,0.00,15.960,11.959,2,7.786,0.456,0,4.93,0.003,0,85.75,0.292,100,0.20,11.201,56,35.72,0.00,0,4.7,0.082
825,6991.266,AllocLarge,2B,0.313,0.0,0.103,12.22,15.166,15.174,2,7.786,0.470,0,97.66,0.003,0,85.75,0.292,100,0.20,14.401,49,50.00,0.00,0,3.7,0.109
826,6997.977,AllocLarge,2B,0.293,14.3,0.000,0.00,15.974,11.974,2,7.786,0.470,0,4.77,0.003,0,85.75,0.292,100,0.20,11.201,56,35.72,0.00,0,4.2,0.084
827,7006.882,AllocLarge,2B,0.286,0.0,0.000,0.00,15.181,15.189,2,7.786,0.485,0,97.73,0.003,0,85.75,0.292,100,0.20,14.401,49,50.00,0.00,0,3.3,0.081
828,7013.384,AllocLarge,2B,0.325,11.1,0.105,15.30,15.989,11.989,2,7.786,0.485,0,4.63,0.003,0,85.75,0.292,100,0.20,11.201,56,35.72,0.00,0,4.7,0.088
829,7022.430,AllocLarge,2B,0.290,11.1,0.000,0.00,15.196,15.204,2,7.786,0.500,0,97.80,0.003,0,85.75,0.292,100,0.20,14.401,49,50.00,0.00,0,3.3,0.080
830,7029.076,AllocLarge,2B,0.282,0.0,0.000,0.00,16.004,12.004,2,7.786,0.500,0,4.49,0.003,0,85.75,0.292,100,0.20,11.201,56,35.72,0.00,0,4.1,0.081
831,7037.675,AllocLarge,2B,0.276,0.0,0.105,12.64,15.211,15.219,2,7.786,0.515,0,97.86,0.003,0,85.75,0.292,100,0.20,14.401,49,50.00,0.00,0,3.3,0.097
832,7044.172,AllocLarge,2B,0.283,14.3,0.000,0.00,16.019,12.019,2,7.786,0.515,0,4.36,0.003,0,85.75,0.292,100,0.20,11.201,56,35.72,0.00,0,4.1,0.086
833,7052.751,AllocLarge,2B,0.261,0.0,0.000,0.00,15.226,15.234,2,7.786,0.530,0,97.92,0.003,0,85.75,0.292,100,0.20,14.401,49,50.00,0.00,0,3.2,0.077
834,7059.138,AllocLarge,2B,0.227,12.5,0.103,15.58,16.034,12.034,2,7.786,0.530,0,4.24,0.003,0,85.75,0.292,100,0.20,11.201,56,35.72,0.00,0,3.4,0.091
835,7067.513,AllocLarge,2B,0.259,0.0,0.000,0.00,15.241,15.249,2,7.786,0.545,0,97.98,0.003,0,85.75,0.292,100,0.20,14.401,49,50.00,0.00,0,3.2,0.077
836,7073.874,AllocLarge,2B,0.304,12.5,0.000,0.00,16.049,12.049,2,7.786,0.545,0,4.12,0.003,0,85.75,0.292,100,0.20,11.201,56,35.72,0.00,0,4.5,0.082
837,7082.488,AllocLarge,2B,0.288,0.0,0.105,12.62,15.255,15.264,2,7.786,0.560,0,98.03,0.003,0,85.75,0.292,100,0.20,14.401,49,50.00,0.00,0,3.5,0.080
838,7089.481,AllocLarge,2B,0.283,0.0,0.000,0.00,16.064,12.063,2,7.786,0.560,0,4.01,0.003,0,85.75,0.292,100,0.20,11.201,56,35.72,0.00,0,3.9,0.081
839,7098.112,AllocLarge,2B,0.350,0.0,0.103,12.07,15.270,15.279,2,7.786,0.575,0,98.08,0.003,0,85.75,0.292,100,0.20,14.401,49,50.00,0.00,0,4.1,0.093
840,7104.908,AllocLarge,2B,0.309,11.1,0.000,0.00,16.079,12.078,2,7.786,0.575,0,2.48,0.003,0,85.75,0.292,100,0.20,11.201,56,35.72,0.00,0,4.3,0.085
841,7113.518,AllocLarge,2B,0.286,0.0,0.000,0.00,15.285,15.293,2,7.786,0.589,0,98.13,0.003,0,85.75,0.292,100,0.20,14.401,49,50.00,0.00,0,3.5,0.079
842,7120.028,AllocLarge,2B,0.292,12.5,0.105,15.39,16.094,12.093,2,7.786,0.589,0,3.81,0.003,0,85.75,0.292,100,0.20,11.201,56,35.72,0.00,0,4.3,0.080
843,7128.602,AllocLarge,2B,0.291,0.0,0.000,0.00,15.300,15.308,2,7.786,0.604,0,98.18,0.003,0,85.75,0.292,100,0.20,14.401,49,50.00,0.00,0,3.5,0.081
844,7135.228,AllocLarge,2B,0.360,14.3,0.000,0.00,16.108,12.108,2,7.786,0.604,0,3.71,0.003,0,85.75,0.292,100,0.20,11.201,56,35.72,0.00,0,5.1,0.079
845,7143.874,AllocLarge,2B,0.328,11.1,0.103,12.40,15.315,15.323,2,7.786,0.619,0,98.22,0.003,0,85.75,0.292,100,0.20,14.401,49,50.00,0.00,0,4.0,0.106
846,7150.404,AllocLarge,2B,0.259,0.0,0.000,0.00,16.123,12.123,2,7.786,0.619,0,3.63,0.003,0,85.75,0.292,100,0.20,11.201,56,35.72,0.00,0,3.9,0.076
847,7158.888,AllocLarge,2B,0.266,11.1,0.000,0.00,15.330,15.338,2,7.786,0.634,0,98.26,0.003,0,85.75,0.292,100,0.20,14.401,49,50.00,0.00,0,3.2,0.092
848,7165.514,AllocLarge,2B,0.436,14.3,0.105,14.64,16.138,12.138,2,7.786,0.634,0,3.54,0.003,0,85.75,0.292,100,0.20,11.201,56,35.72,0.00,0,6.1,0.096
849,7174.173,AllocLarge,2B,0.272,0.0,0.000,0.00,15.345,15.353,2,7.786,0.649,0,98.30,0.003,0,85.75,0.292,100,0.20,14.401,49,50.00,0.00,0,3.4,0.081
850,7180.670,AllocLarge,2B,0.269,0.0,0.000,0.00,16.153,12.153,2,7.786,0.649,0,3.46,0.003,0,85.75,0.292,100,0.20,11.201,56,35.72,0.00,0,4.0,0.080
851,7189.131,AllocLarge,2B,0.288,0.0,0.103,12.52,15.360,15.368,2,7.786,0.664,0,98.34,0.003,0,85.75,0.292,100,0.20,14.401,49,50.00,0.00,0,3.5,0.079
852,7195.690,AllocLarge,2B,0.281,0.0,0.000,0.00,16.168,12.168,2,7.786,0.664,0,3.38,0.003,0,85.75,0.292,100,0.20,11.201,56,35.72,0.00,0,4.1,0.080
853,7204.398,AllocLarge,2B,0.276,11.1,0.000,0.00,15.375,15.383,2,7.786,0.679,0,98.38,0.003,0,85.75,0.292,100,0.20,14.401,49,50.00,0.00,0,3.3,0.093
854,7210.886,AllocLarge,2B,0.314,11.1,0.105,15.27,16.183,12.183,2,7.786,0.679,0,3.31,0.003,0,85.75,0.292,100,0.20,11.201,56,35.72,0.00,0,4.6,0.079
855,7219.377,AllocLarge,2B,0.258,0.0,0.000,0.00,15.389,15.398,2,7.786,0.694,0,98.41,0.003,0,85.75,0.292,100,0.20,14.401,49,50.00,0.00,0,3.2,0.074
856,7225.946,AllocLarge,2B,0.362,0.0,0.000,0.00,16.198,12.197,2,7.786,0.694,0,3.24,0.003,0,85.75,0.292,100,0.20,11.201,56,35.72,0.00,0,5.1,0.106
857,7234.741,AllocLarge,2B,0.278,0.0,0.105,12.62,15.404,15.413,2,7.786,0.708,0,98.45,0.003,0,85.75,0.292,100,0.20,14.401,49,50.00,0.00,0,3.3,0.079
858,7241.236,AllocLarge,2B,0.278,0.0,0.000,0.00,16.213,12.212,2,7.786,0.708,0,3.17,0.003,0,85.75,0.292,100,0.20,11.201,56,35.72,0.00,0,4.1,0.080
859,7249.771,AllocLarge,2B,0.282,0.0,0.000,0.00,15.419,15.427,2,7.786,0.723,0,98.48,0.003,0,85.75,0.292,100,0.20,14.401,49,50.00,0.00,0,3.4,0.081
860,7256.220,AllocLarge,2B,0.322,12.5,0.103,14.99,16.227,12.227,2,7.786,0.723,0,3.10,0.003,0,85.75,0.292,100,0.20,11.201,56,35.72,0.00,0,4.7,0.101
861,7265.001,AllocLarge,2B,0.301,0.0,0.000,0.00,15.434,15.442,2,7.786,0.738,0,98.51,0.003,0,85.75,0.292,100,0.20,14.401,49,50.00,0.00,0,3.6,0.099
862,7271.520,AllocLarge,2B,0.264,12.5,0.000,0.00,16.242,12.242,2,7.786,0.738,0,3.04,0.003,0,85.75,0.292,100,0.20,11.201,56,35.72,0.00,0,3.9,0.077
863,7280.000,AllocLarge,2B,0.274,11.1,0.105,12.82,15.449,15.465,2,7.786,0.761,0,97.53,0.003,0,85.75,0.292,100,0.20,14.401,49,50.00,0.00,0,3.3,0.079
864,7286.507,AllocLarge,2B,0.336,0.0,0.000,0.00,16.258,12.257,2,7.786,0.753,0,2.98,0.003,0,85.75,0.292,100,0.20,11.201,56,35.72,0.00,0,4.9,0.107
865,7295.079,AllocLarge,2B,0.276,0.0,0.111,13.55,15.464,15.472,2,7.786,0.768,0,98.57,0.003,0,85.75,0.292,100,0.20,14.401,49,50.00,0.00,0,3.4,0.079
866,7301.516,AllocLarge,2B,0.311,14.3,0.000,0.00,16.272,12.272,2,7.786,0.768,0,2.92,0.003,0,85.75,0.292,100,0.20,11.201,56,35.72,0.00,0,4.6,0.104
867,7310.347,AllocLarge,2B,0.346,11.1,0.000,0.00,15.479,15.487,2,7.786,0.783,0,98.59,0.003,0,85.75,0.292,100,0.20,14.401,49,50.00,0.00,0,4.0,0.083
868,7317.057,AllocLarge,2B,0.327,12.5,0.105,15.15,16.287,12.287,2,7.786,0.783,0,2.87,0.003,0,85.75,0.292,100,0.20,11.201,56,35.72,0.00,0,4.7,0.096
869,7325.767,AllocLarge,2B,0.292,11.1,0.000,0.00,15.494,15.502,2,7.786,0.798,0,98.62,0.003,0,85.75,0.292,100,0.20,14.401,49,50.00,0.00,0,3.5,0.082
870,7332.612,AllocLarge,2B,0.368,12.5,0.000,0.00,16.302,12.302,2,7.786,0.798,0,2.81,0.003,0,85.75,0.292,100,0.20,11.201,56,35.72,0.00,0,5.1,0.083
871,7341.321,AllocLarge,2B,0.287,0.0,0.103,12.46,15.508,15.517,2,7.786,0.813,0,98.65,0.003,0,85.75,0.292,100,0.20,14.401,49,50.00,0.00,0,3.5,0.080
872,7347.879,AllocLarge,2B,0.283,14.3,0.000,0.00,16.317,12.316,2,7.786,0.813,0,2.76,0.003,0,85.75,0.292,100,0.20,11.201,56,35.72,0.00,0,4.1,0.078
873,7356.350,AllocLarge,2B,0.301,0.0,0.000,0.00,15.523,15.532,2,7.786,0.828,0,98.67,0.003,0,85.75,0.292,100,0.20,14.401,49,50.00,0.00,0,3.7,0.093
874,7363.039,AllocLarge,2B,0.296,12.5,0.105,15.04,16.332,12.331,2,7.786,0.828,0,2.71,0.003,0,85.75,0.292,100,0.20,11.201,56,35.72,0.00,0,4.2,0.080
875,7371.682,AllocLarge,2B,0.276,0.0,0.000,0.00,15.538,15.546,2,7.786,0.842,0,98.69,0.003,0,85.75,0.292,100,0.20,14.401,49,50.00,0.00,0,3.3,0.078
876,7378.225,AllocLarge,2B,0.283,14.3,0.000,0.00,16.347,12.346,2,7.786,0.842,0,2.66,0.003,0,85.75,0.292,100,0.20,11.201,56,35.72,0.00,0,4.1,0.079
877,7386.827,AllocLarge,2B,0.308,10.0,0.103,12.33,15.553,15.561,2,7.786,0.857,0,98.72,0.003,0,85.75,0.292,100,0.20,14.401,49,50.00,0.00,0,3.7,0.101
878,7393.299,AllocLarge,2B,0.277,0.0,0.000,0.00,16.361,12.361,2,7.786,0.857,0,2.62,0.003,0,85.75,0.292,100,0.20,11.201,56,35.72,0.00,0,4.1,0.079
879,7401.934,AllocLarge,2B,0.278,0.0,0.000,0.00,15.568,15.576,2,7.786,0.872,0,98.74,0.003,0,85.75,0.292,100,0.20,14.401,49,50.00,0.00,0,3.3,0.078
880,7408.514,AllocLarge,2B,0.332,11.1,0.105,14.95,16.376,12.376,2,7.786,0.872,0,2.57,0.003,0,85.75,0.292,100,0.20,11.201,56,35.72,0.00,0,4.7,0.107
881,7417.124,AllocLarge,2B,0.281,0.0,0.000,0.00,15.583,15.591,2,7.786,0.887,0,98.81,0.003,0,85.75,0.292,100,0.20,14.401,49,50.00,0.00,0,3.4,0.080
882,7423.613,AllocLarge,2B,0.274,11.1,0.000,0.00,16.391,12.391,2,7.786,0.887,0,2.53,0.003,0,85.75,0.292,100,0.20,11.201,56,35.72,0.00,0,4.0,0.096
883,7432.057,AllocLarge,2B,0.296,0.0,0.105,12.87,15.598,15.606,2,7.786,0.902,0,98.83,0.003,0,85.75,0.292,100,0.20,14.401,49,50.00,0.00,0,3.6,0.089
884,7438.567,AllocLarge,2B,0.341,0.0,0.000,0.00,16.406,12.406,2,7.786,0.902,0,2.49,0.003,0,85.75,0.292,100,0.20,11.201,56,35.72,0.00,0,5.0,0.083
885,7447.391,AllocLarge,2B,0.285,0.0,0.000,0.00,15.613,15.621,2,7.786,0.917,0,98.80,0.003,0,85.75,0.292,100,0.20,14.401,49,50.00,0.00,0,3.4,0.080
886,7453.834,AllocLarge,2B,0.266,14.3,0.103,15.35,16.421,12.421,2,7.786,0.917,0,2.45,0.003,0,85.75,0.292,100,0.20,11.201,56,35.72,0.00,0,4.0,0.076
887,7462.322,AllocLarge,2B,0.271,0.0,0.000,0.00,15.628,15.636,2,7.786,0.932,0,98.82,0.003,0,85.75,0.292,100,0.20,14.401,49,50.00,0.00,0,3.3,0.080
888,7469.101,AllocLarge,2B,0.323,0.0,0.000,0.00,16.436,12.436,2,7.786,0.932,0,2.41,0.003,0,85.75,0.292,100,0.20,11.201,56,35.72,0.00,0,4.5,0.111
889,7477.761,AllocLarge,2B,0.262,0.0,0.105,12.68,15.642,15.651,2,7.786,0.947,0,98.84,0.003,0,85.75,0.292,100,0.20,14.401,49,50.00,0.00,0,3.2,0.079
890,7484.243,AllocLarge,2B,0.271,12.5,0.000,0.00,16.451,12.459,2,7.786,0.955,0,2.40,0.003,0,85.75,0.292,100,0.20,11.201,56,35.72,0.00,0,4.0,0.081
891,7492.860,AllocLarge,2B,0.275,0.0,0.110,13.25,15.665,15.673,2,7.786,0.969,0,98.86,0.003,0,85.75,0.292,100,0.20,14.401,49,50.00,0.00,0,3.3,0.078
892,7499.337,AllocLarge,2B,0.331,14.3,0.000,0.00,16.474,12.473,2,7.786,0.969,0,2.32,0.003,0,85.75,0.292,100,0.20,11.201,56,35.72,0.00,0,4.8,0.100
893,7507.868,AllocLarge,2B,0.328,11.1,0.000,0.00,15.680,15.688,2,7.786,0.984,0,98.93,0.003,0,85.75,0.292,100,0.20,14.401,49,50.00,0.00,0,4.0,0.108
894,7514.699,AllocLarge,2B,0.285,12.5,0.105,14.94,16.488,12.488,2,7.786,0.984,0,2.28,0.003,0,85.75,0.292,100,0.20,11.201,56,35.72,0.00,0,4.0,0.084
895,7523.139,AllocLarge,2B,0.330,0.0,0.000,0.00,15.695,15.703,2,7.786,0.999,0,98.94,0.003,0,85.75,0.292,100,0.20,14.401,49,50.00,0.00,0,4.0,0.093
896,7529.815,AllocLarge,2B,0.362,12.5,0.000,0.00,16.503,12.503,2,7.786,0.999,0,2.25,0.003,0,85.75,0.292,100,0.20,11.201,56,35.72,0.00,0,5.1,0.106
897,7538.493,AllocLarge,2B,0.278,0.0,0.103,12.47,15.710,15.718,2,7.786,1.014,0,98.91,0.003,0,85.75,0.292,100,0.20,14.401,49,50.00,0.00,0,3.4,0.079
898,7545.022,AllocLarge,2B,0.290,0.0,0.000,0.00,16.518,12.518,2,7.786,1.014,0,2.21,0.003,0,85.75,0.292,100,0.20,11.201,56,35.72,0.00,0,4.3,0.082
899,7553.551,AllocLarge,2B,0.280,11.1,0.000,0.00,15.725,15.733,2,7.786,1.029,0,98.93,0.003,0,85.75,0.292,100,0.20,14.401,49,50.00,0.00,0,3.4,0.095
900,7560.086,AllocLarge,2B,0.296,12.5,0.105,15.35,16.533,12.533,2,7.786,1.029,0,2.18,0.003,0,85.75,0.292,100,0.20,11.201,56,35.72,0.00,0,4.3,0.082
901,7568.651,AllocLarge,2B,0.308,0.0,0.000,0.00,15.740,15.748,2,7.786,1.044,0,98.95,0.003,0,85.75,0.292,100,0.20,14.401,49,50.00,0.00,0,3.7,0.104
902,7575.184,AllocLarge,2B,0.402,14.3,0.000,0.00,16.548,12.548,2,7.786,1.044,0,2.15,0.003,0,85.75,0.292,100,0.20,11.201,56,35.72,0.00,0,5.8,0.106
903,7583.928,AllocLarge,2B,0.283,0.0,0.103,12.38,15.755,15.763,2,7.786,1.059,0,98.96,0.003,0,85.75,0.292,100,0.20,14.401,49,50.00,0.00,0,3.4,0.081
904,7590.520,AllocLarge,2B,0.323,0.0,0.000,0.00,16.563,12.563,2,7.786,1.059,0,2.12,0.003,0,85.75,0.292,100,0.20,11.201,56,35.72,0.00,0,4.7,0.081
905,7599.181,AllocLarge,2B,0.296,0.0,0.000,0.00,15.769,15.778,2,7.786,1.074,0,98.97,0.003,0,85.75,0.292,100,0.20,14.401,49,50.00,0.00,0,3.5,0.099
906,7605.711,AllocLarge,2B,0.269,12.5,0.105,15.41,16.578,12.577,2,7.786,1.074,0,2.09,0.003,0,85.75,0.292,100,0.20,11.201,56,35.72,0.00,0,3.9,0.078
907,7614.194,AllocLarge,2B,0.285,0.0,0.000,0.00,15.784,15.793,2,7.786,1.089,0,99.03,0.003,0,85.75,0.292,100,0.20,14.401,49,50.00,0.00,0,3.5,0.082
908,7620.655,AllocLarge,2B,0.302,0.0,0.000,0.00,16.593,12.592,2,7.786,1.089,0,2.06,0.003,0,85.75,0.292,100,0.20,11.201,56,35.72,0.00,0,4.5,0.082
909,7629.344,AllocLarge,2B,0.286,11.1,0.105,12.53,15.799,15.807,2,7.786,1.103,0,99.00,0.003,0,85.75,0.292,100,0.20,14.401,49,50.00,0.00,0,3.4,0.080
910,7635.919,AllocLarge,2B,0.349,12.5,0.000,0.00,16.607,12.607,2,7.786,1.103,0,2.03,0.003,0,85.75,0.292,100,0.20,11.201,56,35.72,0.00,0,5.0,0.105
911,7644.638,AllocLarge,2B,0.325,12.5,0.000,0.00,15.814,15.822,2,7.786,1.118,0,99.02,0.003,0,85.75,0.292,100,0.20,14.401,49,50.00,0.00,0,3.9,0.118
912,7651.616,AllocLarge,2B,0.295,11.1,0.103,14.26,16.622,12.622,2,7.786,1.118,0,2.01,0.003,0,85.75,0.292,100,0.20,11.201,56,35.72,0.00,0,4.1,0.085
913,7660.477,AllocLarge,2B,0.306,0.0,0.000,0.00,15.829,15.837,2,7.786,1.133,0,99.03,0.003,0,85.75,0.292,100,0.20,14.401,49,50.00,0.00,0,3.5,0.100
914,7667.126,AllocLarge,2B,0.331,12.5,0.000,0.00,16.637,12.637,2,7.786,1.133,0,1.98,0.003,0,85.75,0.292,100,0.20,11.201,56,35.72,0.00,0,4.8,0.114
915,7675.644,AllocLarge,2B,0.362,11.1,0.105,12.74,15.844,15.852,2,7.786,1.148,0,99.04,0.003,0,85.75,0.292,100,0.20,14.401,49,50.00,0.00,0,4.4,0.160
916,7682.205,AllocLarge,2B,0.285,14.3,0.000,0.00,16.652,12.652,2,7.786,1.148,0,1.96,0.003,0,85.75,0.292,100,0.20,11.201,56,35.72,0.00,0,4.1,0.086
917,7690.766,AllocLarge,2B,0.357,11.1,0.103,12.41,15.859,15.867,2,7.786,1.163,0,99.05,0.003,0,85.75,0.292,100,0.20,14.401,49,50.00,0.00,0,4.3,0.143
918,7697.401,AllocLarge,2B,0.328,12.5,0.000,0.00,16.667,12.667,2,7.786,1.163,0,1.93,0.003,0,85.75,0.292,100,0.20,11.201,56,35.72,0.00,0,4.8,0.083
919,7706.055,AllocLarge,2B,0.326,9.1,0.000,0.00,15.874,15.882,2,7.786,1.178,0,99.07,0.003,0,85.75,0.292,100,0.20,14.401,49,50.00,0.00,0,3.9,0.099
920,7712.694,AllocLarge,2B,0.349,0.0,0.105,15.10,16.682,12.682,2,7.786,1.178,0,1.91,0.003,0,85.75,0.292,100,0.20,11.201,56,35.72,0.00,0,5.0,0.080
921,7721.759,AllocLarge,2B,0.333,9.1,0.000,0.00,15.888,15.897,2,7.786,1.193,0,99.12,0.003,0,85.75,0.292,100,0.20,14.401,49,50.00,0.00,0,3.7,0.096
922,7728.720,AllocLarge,2B,0.323,12.5,0.000,0.00,16.697,12.696,2,7.786,1.193,0,1.88,0.003,0,85.75,0.292,100,0.20,11.201,56,35.72,0.00,0,4.5,0.085
923,7737.621,AllocLarge,2B,0.346,0.0,0.103,11.86,15.903,15.912,2,7.786,1.208,0,99.09,0.003,0,85.75,0.292,100,0.20,14.401,49,50.00,0.00,0,4.0,0.085
924,7744.418,AllocLarge,2B,0.302,0.0,0.000,0.00,16.712,12.711,2,7.786,1.208,0,1.86,0.003,0,85.75,0.292,100,0.20,11.201,56,35.72,0.00,0,4.3,0.083
925,7753.124,AllocLarge,2B,0.344,11.1,0.000,0.00,15.918,15.926,2,7.786,1.222,0,99.10,0.003,0,85.75,0.292,100,0.20,14.401,49,50.00,0.00,0,4.0,0.106
926,7759.725,AllocLarge,2B,0.290,0.0,0.105,15.40,16.727,12.726,2,7.786,1.222,0,1.84,0.003,0,85.75,0.292,100,0.20,11.201,56,35.72,0.00,0,4.2,0.079
927,7768.560,AllocLarge,2B,0.282,11.1,0.000,0.00,15.933,15.941,2,7.786,1.237,0,99.11,0.003,0,85.75,0.292,100,0.20,14.401,49,50.00,0.00,0,3.3,0.079
928,7775.039,AllocLarge,2B,0.315,0.0,0.000,0.00,16.741,12.741,2,7.786,1.237,0,1.81,0.003,0,85.75,0.292,100,0.20,11.201,56,35.72,0.00,0,4.7,0.082
929,7783.989,AllocLarge,2B,0.290,10.0,0.103,11.74,15.948,15.956,2,7.786,1.252,0,99.12,0.003,0,85.75,0.292,100,0.20,14.401,49,50.00,0.00,0,3.3,0.079
930,7790.594,AllocLarge,2B,0.302,0.0,0.000,0.00,16.756,12.756,2,7.786,1.252,0,1.79,0.003,0,85.75,0.292,100,0.20,11.201,56,35.72,0.00,0,4.4,0.086
931,7799.897,AllocLarge,2B,0.277,0.0,0.000,0.00,15.963,15.971,2,7.786,1.267,0,99.13,0.003,0,85.75,0.292,100,0.20,14.401,49,50.00,0.00,0,3.1,0.079
932,7806.503,AllocLarge,2B,0.335,12.5,0.105,15.24,16.771,12.771,2,7.786,1.267,0,1.77,0.003,0,85.75,0.292,100,0.20,11.201,56,35.72,0.00,0,4.8,0.101
933,7815.425,AllocLarge,2B,0.317,10.0,0.000,0.00,15.978,15.986,2,7.786,1.282,0,99.14,0.003,0,85.75,0.292,100,0.20,14.401,49,50.00,0.00,0,3.6,0.084
934,7821.952,AllocLarge,2B,0.350,14.3,0.000,0.00,16.786,12.786,2,7.786,1.282,0,1.75,0.003,0,85.75,0.292,100,0.20,11.201,56,35.72,0.00,0,5.2,0.106
935,7830.931,AllocLarge,2B,0.322,10.0,0.105,12.08,15.993,16.001,2,7.786,1.297,0,99.15,0.003,0,85.75,0.292,100,0.20,14.401,49,50.00,0.00,0,3.7,0.108
936,7837.712,AllocLarge,2B,0.312,0.0,0.000,0.00,16.801,12.801,2,7.786,1.297,0,1.73,0.003,0,85.75,0.292,100,0.20,11.201,56,35.72,0.00,0,4.5,0.081
937,7847.432,AllocLarge,2B,0.349,9.1,0.000,0.00,16.008,16.016,2,7.786,1.312,0,99.16,0.003,0,85.75,0.292,100,0.20,14.401,49,50.00,0.00,0,3.7,0.081
938,7854.310,AllocLarge,2B,0.291,14.3,0.103,14.46,16.816,12.816,2,7.786,1.312,0,1.71,0.003,0,85.75,0.292,100,0.20,11.201,56,35.72,0.00,0,4.1,0.082
939,7863.193,AllocLarge,2B,0.316,11.1,0.000,0.00,16.022,16.031,2,7.786,1.327,0,99.17,0.003,0,85.75,0.292,100,0.20,14.401,49,50.00,0.00,0,3.6,0.076
940,7869.855,AllocLarge,2B,0.344,25.0,0.000,0.00,16.831,12.830,2,7.786,1.327,0,1.69,0.003,0,85.75,0.292,100,0.20,11.201,56,35.72,0.00,0,4.9,0.081
941,7879.065,AllocLarge,2B,0.328,10.0,0.105,11.73,16.037,16.045,2,7.786,1.341,0,99.18,0.003,0,85.75,0.292,100,0.20,14.401,49,50.00,0.00,0,3.7,0.081
942,7885.668,AllocLarge,2B,0.298,12.5,0.000,0.00,16.846,12.845,2,7.786,1.341,0,1.67,0.003,0,85.75,0.292,100,0.20,11.201,56,35.72,0.00,0,4.4,0.078
943,7894.554,AllocLarge,2B,0.389,11.1,0.103,11.81,16.052,16.060,2,7.786,1.356,0,99.19,0.003,0,85.75,0.292,100,0.20,14.401,49,50.00,0.00,0,4.5,0.089
944,7901.523,AllocLarge,2B,0.316,0.0,0.000,0.00,16.860,12.860,2,7.786,1.356,0,1.66,0.003,0,85.75,0.292,100,0.20,11.201,56,35.72,0.00,0,4.4,0.091
945,7910.711,AllocLarge,2B,0.391,10.0,0.000,0.00,16.067,16.075,2,7.786,1.371,0,99.20,0.003,0,85.75,0.292,100,0.20,14.401,49,50.00,0.00,0,4.3,0.107
946,7917.838,AllocLarge,2B,0.370,11.1,0.105,14.28,16.875,12.875,2,7.786,1.371,0,1.64,0.003,0,85.75,0.292,100,0.20,11.201,56,35.72,0.00,0,5.0,0.106
947,7926.676,AllocLarge,2B,0.342,12.5,0.000,0.00,16.082,16.090,2,7.786,1.386,0,99.21,0.003,0,85.75,0.292,100,0.20,14.401,49,50.00,0.00,0,4.0,0.100
948,7933.384,AllocLarge,2B,0.322,14.3,0.000,0.00,16.890,12.890,2,7.786,1.386,0,1.62,0.003,0,85.75,0.292,100,0.20,11.201,56,35.72,0.00,0,4.6,0.083
949,7942.031,AllocLarge,2B,0.311,0.0,0.103,12.38,16.097,16.105,2,7.786,1.401,0,99.21,0.003,0,85.75,0.292,100,0.20,14.401,49,50.00,0.00,0,3.8,0.081
950,7948.623,AllocLarge,2B,0.323,14.3,0.000,0.00,16.905,12.905,2,7.786,1.401,0,1.60,0.003,0,85.75,0.292,100,0.20,11.201,56,35.72,0.00,0,4.7,0.088
951,7957.198,AllocLarge,2B,0.312,12.5,0.000,0.00,16.112,16.120,2,7.786,1.416,0,99.22,0.003,0,85.75,0.292,100,0.20,14.401,49,50.00,0.00,0,3.8,0.083
952,7963.814,AllocLarge,2B,0.293,0.0,0.105,15.33,16.920,12.920,2,7.786,1.416,0,1.59,0.003,0,85.75,0.292,100,0.20,11.201,56,35.72,0.00,0,4.3,0.082
953,7972.542,AllocLarge,2B,0.285,0.0,0.000,0.00,16.127,16.135,2,7.786,1.431,0,99.23,0.003,0,85.75,0.292,100,0.20,14.401,49,50.00,0.00,0,3.4,0.081
954,7979.228,AllocLarge,2B,0.337,0.0,0.000,0.00,16.935,12.935,2,7.786,1.431,0,1.57,0.003,0,85.75,0.292,100,0.20,11.201,56,35.72,0.00,0,4.8,0.088
955,7988.238,AllocLarge,2B,0.397,0.0,0.103,11.72,16.141,16.150,2,7.786,1.446,0,99.24,0.003,0,85.75,0.292,100,0.20,14.401,49,50.00,0.00,0,4.5,0.135
956,7995.088,AllocLarge,2B,0.291,14.3,0.000,0.00,16.950,12.949,2,7.786,1.446,0,1.55,0.003,0,85.75,0.292,100,0.20,11.201,56,35.72,0.00,0,4.1,0.081
957,8003.654,AllocLarge,2B,0.310,12.5,0.000,0.00,16.156,16.165,2,7.786,1.461,0,99.25,0.003,0,85.75,0.292,100,0.20,14.401,49,50.00,0.00,0,3.7,0.081
958,8010.180,AllocLarge,2B,0.302,14.3,0.105,15.34,16.965,12.964,2,7.786,1.461,0,1.54,0.003,0,85.75,0.292,100,0.20,11.201,56,35.72,0.00,0,4.4,0.083
959,8018.853,AllocLarge,2B,0.291,11.1,0.000,0.00,16.171,16.179,2,7.786,1.475,0,99.25,0.003,0,85.75,0.292,100,0.20,14.401,49,50.00,0.00,0,3.5,0.079
960,8025.447,AllocLarge,2B,0.290,12.5,0.000,0.00,16.979,12.979,2,7.786,1.475,0,1.52,0.003,0,85.75,0.292,100,0.20,11.201,56,35.72,0.00,0,4.2,0.083
961,8034.242,AllocLarge,2B,0.309,0.0,0.105,12.40,16.186,16.194,2,7.786,1.490,0,99.26,0.003,0,85.75,0.292,100,0.20,14.401,49,50.00,0.00,0,3.6,0.101
962,8040.763,AllocLarge,2B,0.394,12.5,0.000,0.00,16.994,12.994,2,7.786,1.490,0,1.51,0.003,0,85.75,0.292,100,0.20,11.201,56,35.72,0.00,0,5.7,0.150
963,8049.612,AllocLarge,2B,0.299,11.1,0.000,0.00,16.201,16.209,2,7.786,1.505,0,99.27,0.003,0,85.75,0.292,100,0.20,14.401,49,50.00,0.00,0,3.6,0.079
964,8056.181,AllocLarge,2B,0.270,0.0,0.103,15.25,17.009,13.009,2,7.786,1.505,0,1.49,0.003,0,85.75,0.292,100,0.20,11.201,56,35.72,0.00,0,4.0,0.077
965,8064.712,AllocLarge,2B,0.281,0.0,0.000,0.00,16.216,16.224,2,7.786,1.520,0,99.28,0.003,0,85.75,0.292,100,0.20,14.401,49,50.00,0.00,0,3.4,0.078
966,8071.159,AllocLarge,2B,0.346,22.2,0.000,0.00,17.024,13.024,2,7.786,1.520,0,1.48,0.003,0,85.75,0.292,100,0.20,11.201,56,35.72,0.00,0,5.0,0.085
967,8079.978,AllocLarge,2B,0.295,0.0,0.105,12.51,16.231,16.239,2,7.786,1.535,0,99.28,0.003,0,85.75,0.292,100,0.20,14.401,49,50.00,0.00,0,3.5,0.083
968,8086.466,AllocLarge,2B,0.293,12.5,0.000,0.00,17.039,13.039,2,7.786,1.535,0,1.46,0.003,0,85.75,0.292,100,0.20,11.201,56,35.72,0.00,0,4.3,0.102
969,8095.112,AllocLarge,2B,0.325,0.0,0.103,12.18,16.246,16.254,2,7.786,1.550,0,99.29,0.003,0,85.75,0.292,100,0.20,14.401,49,50.00,0.00,0,3.9,0.089
970,8101.861,AllocLarge,2B,0.327,12.5,0.000,0.00,17.054,13.054,2,7.786,1.550,0,1.45,0.003,0,85.75,0.292,100,0.20,11.201,56,35.72,0.00,0,4.6,0.088
971,8110.576,AllocLarge,2B,0.299,0.0,0.000,0.00,16.260,16.269,2,7.786,1.565,0,99.30,0.003,0,85.75,0.292,100,0.20,14.401,49,50.00,0.00,0,3.6,0.080
972,8117.338,AllocLarge,2B,0.288,0.0,0.105,15.05,17.069,13.068,2,7.786,1.565,0,1.43,0.003,0,85.75,0.292,100,0.20,11.201,56,35.72,0.00,0,4.1,0.079
973,8125.951,AllocLarge,2B,0.305,11.1,0.000,0.00,16.275,16.284,2,7.786,1.580,0,99.30,0.003,0,85.75,0.292,100,0.20,14.401,49,50.00,0.00,0,3.6,0.079
974,8132.604,AllocLarge,2B,0.303,11.1,0.000,0.00,17.084,13.083,2,7.786,1.580,0,1.42,0.003,0,85.75,0.292,100,0.20,11.201,56,35.72,0.00,0,4.4,0.079
975,8141.315,AllocLarge,2B,0.290,0.0,0.103,12.17,16.290,16.298,2,7.786,1.594,0,99.31,0.003,0,85.75,0.292,100,0.20,14.401,49,50.00,0.00,0,3.4,0.083
976,8147.828,AllocLarge,2B,0.286,0.0,0.000,0.00,17.099,13.098,2,7.786,1.594,0,1.41,0.003,0,85.75,0.292,100,0.20,11.201,56,35.72,0.00,0,4.2,0.078
977,8156.541,AllocLarge,2B,0.328,0.0,0.000,0.00,16.305,16.313,2,7.786,1.609,0,99.32,0.003,0,85.75,0.292,100,0.20,14.401,49,50.00,0.00,0,3.9,0.082
978,8163.245,AllocLarge,2B,0.358,0.0,0.105,15.07,17.113,13.113,2,7.786,1.609,0,1.39,0.003,0,85.75,0.292,100,0.20,11.201,56,35.72,0.00,0,5.1,0.084
979,8171.761,AllocLarge,2B,0.302,11.1,0.000,0.00,16.320,16.328,2,7.786,1.624,0,99.32,0.003,0,85.75,0.292,100,0.20,14.401,49,50.00,0.00,0,3.7,0.077
980,8178.347,AllocLarge,2B,0.303,0.0,0.000,0.00,17.128,13.128,2,7.786,1.624,0,1.38,0.003,0,85.75,0.292,100,0.20,11.201,56,35.72,0.00,0,4.4,0.081
981,8187.016,AllocLarge,2B,0.367,11.1,0.103,12.05,16.335,16.343,2,7.786,1.639,0,99.33,0.003,0,85.75,0.292,100,0.20,14.401,49,50.00,0.00,0,4.3,0.090
982,8193.813,AllocLarge,2B,0.343,10.0,0.000,0.00,17.143,13.143,2,7.786,1.639,0,1.37,0.003,0,85.75,0.292,100,0.20,11.201,56,35.72,0.00,0,4.8,0.086
983,8202.707,AllocLarge,2B,0.280,11.1,0.000,0.00,16.350,16.366,2,7.786,1.662,0,98.87,0.003,0,85.75,0.292,100,0.20,14.401,49,50.00,0.00,0,3.3,0.078
984,8209.205,AllocLarge,2B,0.278,12.5,0.105,15.54,17.158,13.158,2,7.786,1.654,0,1.36,0.003,0,85.75,0.292,100,0.20,11.201,56,35.72,0.00,0,4.1,0.078
985,8217.835,AllocLarge,2B,0.297,0.0,0.000,0.00,16.365,16.373,2,7.786,1.669,0,99.34,0.003,0,85.75,0.292,100,0.20,14.401,49,50.00,0.00,0,3.5,0.081
986,8224.414,AllocLarge,2B,0.353,14.3,0.000,0.00,17.173,13.173,2,7.786,1.669,0,1.35,0.003,0,85.75,0.292,100,0.20,11.201,56,35.72,0.00,0,5.1,0.085
987,8233.441,AllocLarge,2B,0.355,10.0,0.105,12.11,16.380,16.388,2,7.786,1.684,0,99.35,0.003,0,85.75,0.292,100,0.20,14.401,49,50.00,0.00,0,4.1,0.160
988,8239.898,AllocLarge,2B,0.287,0.0,0.000,0.00,17.188,13.188,2,7.786,1.684,0,1.33,0.003,0,85.75,0.292,100,0.20,11.201,56,35.72,0.00,0,4.3,0.093
989,8248.407,AllocLarge,2B,0.316,0.0,0.103,12.21,16.394,16.403,2,7.786,1.699,0,99.35,0.003,0,85.75,0.292,100,0.20,14.401,49,50.00,0.00,0,3.8,0.109
990,8254.979,AllocLarge,2B,0.295,0.0,0.000,0.00,17.203,13.202,2,7.786,1.699,0,1.32,0.003,0,85.75,0.292,100,0.20,11.201,56,35.72,0.00,0,4.4,0.080
991,8263.820,AllocLarge,2B,0.260,0.0,0.000,0.00,16.409,16.418,2,7.786,1.714,0,99.36,0.003,0,85.75,0.292,100,0.20,14.401,49,50.00,0.00,0,3.1,0.075
992,8270.241,AllocLarge,2B,0.220,14.3,0.105,15.81,17.218,13.217,2,7.786,1.714,0,1.31,0.003,0,85.75,0.292,100,0.20,11.201,56,35.72,0.00,0,3.3,0.073
993,8278.828,AllocLarge,2B,0.320,22.2,0.000,0.00,16.424,16.432,2,7.786,1.728,0,99.36,0.003,0,85.75,0.292,100,0.20,14.401,49,50.00,0.00,0,3.8,0.080
994,8285.454,AllocLarge,2B,0.258,0.0,0.000,0.00,17.232,13.232,2,7.786,1.728,0,1.30,0.003,0,85.75,0.292,100,0.20,11.201,56,35.72,0.00,0,3.8,0.076
995,8293.866,AllocLarge,2B,0.287,11.1,0.103,12.58,16.439,16.447,2,7.786,1.743,0,99.37,0.003,0,85.75,0.292,100,0.20,14.401,49,50.00,0.00,0,3.5,0.124
996,8300.297,AllocLarge,2B,0.252,0.0,0.000,0.00,17.247,13.247,2,7.786,1.743,0,1.29,0.003,0,85.75,0.292,100,0.20,11.201,56,35.72,0.00,0,3.8,0.076
997,8308.756,AllocSmall,2B,0.146,0.0,0.000,0.00,16.454,14.713,2,7.786,0.009,0,3.83,0.003,0,27.31,0.292,100,0.20,14.401,49,50.00,0.00,0,1.8,0.078
998,8308.794,AllocSmall,0N,0.181,0.0,1.749,223.71,15.654,13.905,2,0.002,0.001,0,81.43,0.003,NaN,18.75,0.292,NaN,0.20,13.601,NaN,0.00,0.00,1,2.3,0.000
999,8315.250,AllocLarge,2B,0.263,22.2,0.104,15.47,15.536,11.544,2,7.786,0.039,0,71.94,0.003,0,87.96,0.292,100,0.20,11.201,56,35.72,0.00,0,3.7,0.075
1000,8323.799,AllocLarge,2B,0.280,0.0,0.000,0.00,14.744,14.753,2,7.786,0.048,0,77.10,0.003,0,87.96,0.292,100,0.20,14.401,49,50.00,0.00,0,3.4,0.080
1001,8330.585,AllocLarge,2B,0.355,14.3,0.000,0.00,15.553,11.552,2,7.786,0.048,0,43.66,0.003,0,87.96,0.292,100,0.20,11.201,56,35.72,0.00,0,5.0,0.108
1002,8339.303,AllocLarge,2B,0.277,0.0,0.108,12.97,14.761,14.769,2,7.786,0.065,0,82.96,0.003,0,87.96,0.292,100,0.20,14.401,49,50.00,0.00,0,3.3,0.078
1003,8345.817,AllocLarge,2B,0.283,0.0,0.000,0.00,15.569,11.569,2,7.786,0.065,0,34.74,0.003,0,87.96,0.292,100,0.20,11.201,56,35.72,0.00,0,4.2,0.081
1004,8354.348,AllocLarge,2B,0.275,0.0,0.000,0.00,14.776,14.784,2,7.786,0.079,0,86.15,0.003,0,87.96,0.292,100,0.20,14.401,49,50.00,0.00,0,3.3,0.077
1005,8361.094,AllocLarge,2B,0.305,12.5,0.105,14.92,15.584,11.584,2,7.786,0.079,0,28.24,0.003,0,87.96,0.292,100,0.20,11.201,56,35.72,0.00,0,4.3,0.083
1006,8369.802,AllocLarge,2B,0.276,0.0,0.000,0.00,14.791,14.799,2,7.786,0.094,0,88.34,0.003,0,87.96,0.292,100,0.20,14.401,49,50.00,0.00,0,3.3,0.079
1007,8376.440,AllocLarge,2B,0.317,0.0,0.000,0.00,15.599,11.599,2,7.786,0.094,0,23.79,0.003,0,87.96,0.292,100,0.20,11.201,56,35.72,0.00,0,4.6,0.102
1008,8385.270,AllocLarge,2B,0.300,11.1,0.105,12.32,14.806,14.814,2,7.786,0.109,0,89.92,0.003,0,87.96,0.292,100,0.20,14.401,49,50.00,0.00,0,3.5,0.079
1009,8391.865,AllocLarge,2B,0.284,0.0,0.000,0.00,15.614,11.614,2,7.786,0.109,0,20.55,0.003,0,87.96,0.292,100,0.20,11.201,56,35.72,0.00,0,4.2,0.079
1010,8400.497,AllocLarge,2B,0.308,10.0,0.000,0.00,14.820,14.829,2,7.786,0.124,0,91.13,0.003,0,87.96,0.292,100,0.20,14.401,49,50.00,0.00,0,3.7,0.107
1011,8407.230,AllocLarge,2B,0.289,12.5,0.103,14.74,15.629,11.628,2,7.786,0.124,0,18.08,0.003,0,87.96,0.292,100,0.20,11.201,56,35.72,0.00,0,4.1,0.077
1012,8415.910,AllocLarge,2B,0.300,0.0,0.000,0.00,14.835,14.844,2,7.786,0.139,0,92.08,0.003,0,87.96,0.292,100,0.20,14.401,49,50.00,0.00,0,3.6,0.099
1013,8422.743,AllocLarge,2B,0.415,12.5,0.000,0.00,15.644,11.643,2,7.786,0.139,0,16.15,0.003,0,87.96,0.292,100,0.20,11.201,56,35.72,0.00,0,5.7,0.084
1014,8431.668,AllocLarge,2B,0.316,12.5,0.105,12.46,14.850,14.858,2,7.786,0.154,0,92.85,0.003,0,87.96,0.292,100,0.20,14.401,49,50.00,0.00,0,3.7,0.078
1015,8438.282,AllocLarge,2B,0.284,0.0,0.000,0.00,15.659,11.658,2,7.786,0.154,0,14.59,0.003,0,87.96,0.292,100,0.20,11.201,56,35.72,0.00,0,4.2,0.079
1016,8446.999,AllocLarge,2B,0.299,11.1,0.103,12.10,14.865,14.873,2,7.786,0.169,0,93.48,0.003,0,87.96,0.292,100,0.20,14.401,49,50.00,0.00,0,3.5,0.080
1017,8453.455,AllocLarge,2B,0.239,14.3,0.000,0.00,15.673,11.673,2,7.786,0.169,0,13.30,0.003,0,87.96,0.292,100,0.20,11.201,56,35.72,0.00,0,3.6,0.075
1018,8462.047,AllocLarge,2B,0.278,10.0,0.000,0.00,14.880,14.888,2,7.786,0.184,0,94.01,0.003,0,87.96,0.292,100,0.20,14.401,49,50.00,0.00,0,3.3,0.078
1019,8468.508,AllocLarge,2B,0.267,0.0,0.105,15.55,15.688,11.688,2,7.786,0.184,0,12.22,0.003,0,87.96,0.292,100,0.20,11.201,56,35.72,0.00,0,4.0,0.095
1020,8477.123,AllocLarge,2B,0.282,11.1,0.000,0.00,14.895,14.903,2,7.786,0.199,0,94.46,0.003,0,87.96,0.292,100,0.20,14.401,49,50.00,0.00,0,3.4,0.075
1021,8483.601,AllocLarge,2B,0.277,28.6,0.000,0.00,15.703,11.703,2,7.786,0.199,0,11.31,0.003,0,87.96,0.292,100,0.20,11.201,56,35.72,0.00,0,4.1,0.075
1022,8492.402,AllocLarge,2B,0.277,11.1,0.103,11.99,14.910,14.918,2,7.786,0.213,0,94.84,0.003,0,87.96,0.292,100,0.20,14.401,49,50.00,0.00,0,3.2,0.081
1023,8498.823,AllocLarge,2B,0.330,14.3,0.000,0.00,15.718,11.718,2,7.786,0.213,0,10.52,0.003,0,87.96,0.292,100,0.20,11.201,56,35.72,0.00,0,4.9,0.112
1024,8507.507,AllocLarge,2B,0.312,10.0,0.000,0.00,14.925,14.933,2,7.786,0.228,0,95.18,0.003,0,87.96,0.292,100,0.20,14.401,49,50.00,0.00,0,3.7,0.080
1025,8514.009,AllocLarge,2B,0.287,14.3,0.105,15.76,15.733,11.733,2,7.786,0.228,0,9.83,0.003,0,87.96,0.292,100,0.20,11.201,56,35.72,0.00,0,4.3,0.096
1026,8522.468,AllocLarge,2B,0.270,0.0,0.000,0.00,14.940,14.948,2,7.786,0.243,0,95.47,0.003,0,87.96,0.292,100,0.20,14.401,49,50.00,0.00,0,3.3,0.079
1027,8528.868,AllocLarge,2B,0.398,14.3,0.000,0.00,15.748,11.748,2,7.786,0.243,0,9.23,0.003,0,87.96,0.292,100,0.20,11.201,56,35.72,0.00,0,5.8,0.079
1028,8537.676,AllocLarge,2B,0.284,0.0,0.103,12.31,14.954,14.963,2,7.786,0.258,0,95.73,0.003,0,87.96,0.292,100,0.20,14.401,49,50.00,0.00,0,3.4,0.098
1029,8544.073,AllocLarge,2B,0.279,11.1,0.000,0.00,15.763,11.762,2,7.786,0.258,0,8.70,0.003,0,87.96,0.292,100,0.20,11.201,56,35.72,0.00,0,4.2,0.112
1030,8552.545,AllocLarge,2B,0.244,0.0,0.000,0.00,14.969,14.978,2,7.786,0.273,0,95.97,0.003,0,87.96,0.292,100,0.20,14.401,49,50.00,0.00,0,3.0,0.075
1031,8559.232,AllocLarge,2B,0.302,0.0,0.105,14.93,15.778,11.777,2,7.786,0.273,0,8.22,0.003,0,87.96,0.292,100,0.20,11.201,56,35.72,0.00,0,4.3,0.103
1032,8567.992,AllocLarge,2B,0.294,11.1,0.000,0.00,14.984,14.992,2,7.786,0.288,0,96.18,0.003,0,87.96,0.292,100,0.20,14.401,49,50.00,0.00,0,3.5,0.079
1033,8574.605,AllocLarge,2B,0.240,12.5,0.000,0.00,15.792,11.792,2,7.786,0.288,0,7.80,0.003,0,87.96,0.292,100,0.20,11.201,56,35.72,0.00,0,3.5,0.075
1034,8583.171,AllocLarge,2B,0.301,0.0,0.105,12.62,14.999,15.007,2,7.786,0.303,0,96.36,0.003,0,87.96,0.292,100,0.20,14.401,49,50.00,0.00,0,3.6,0.100
1035,8589.647,AllocLarge,2B,0.261,12.5,0.000,0.00,15.807,11.807,2,7.786,0.303,0,7.42,0.003,0,87.96,0.292,100,0.20,11.201,56,35.72,0.00,0,3.9,0.076
1036,8598.173,AllocLarge,2B,0.249,0.0,0.000,0.00,15.014,15.022,2,7.786,0.318,0,96.53,0.003,0,87.96,0.292,100,0.20,14.401,49,50.00,0.00,0,3.0,0.075
1037,8604.561,AllocLarge,2B,0.208,14.3,0.103,15.55,15.822,11.822,2,7.786,0.318,0,7.07,0.003,0,87.96,0.292,100,0.20,11.201,56,35.72,0.00,0,3.2,0.072
1038,8613.033,AllocLarge,2B,0.274,11.1,0.000,0.00,15.029,15.037,2,7.786,0.332,0,96.69,0.003,0,87.96,0.292,100,0.20,14.401,49,50.00,0.00,0,3.3,0.073
1039,8619.429,AllocLarge,2B,0.263,0.0,0.000,0.00,15.837,11.837,2,7.786,0.332,0,6.75,0.003,0,87.96,0.292,100,0.20,11.201,56,35.72,0.00,0,3.9,0.078
1040,8627.993,AllocLarge,2B,0.289,0.0,0.105,12.66,15.044,15.052,2,7.786,0.347,0,96.83,0.003,0,87.96,0.292,100,0.20,14.401,49,50.00,0.00,0,3.5,0.077
1041,8634.494,AllocLarge,2B,0.249,0.0,0.000,0.00,15.852,11.852,2,7.786,0.347,0,6.46,0.003,0,87.96,0.292,100,0.20,11.201,56,35.72,0.00,0,3.7,0.077
1042,8642.894,AllocLarge,2B,0.215,0.0,0.103,12.60,15.059,15.067,2,7.786,0.362,0,96.96,0.003,0,87.96,0.292,100,0.20,14.401,49,50.00,0.00,0,2.6,0.072
1043,8649.274,AllocLarge,2B,0.277,14.3,0.000,0.00,15.867,11.867,2,7.786,0.362,0,6.20,0.003,0,87.96,0.292,100,0.20,11.201,56,35.72,0.00,0,4.1,0.078
1044,8657.712,AllocLarge,2B,0.265,0.0,0.000,0.00,15.073,15.082,2,7.786,0.377,0,97.08,0.003,0,87.96,0.292,100,0.20,14.401,49,50.00,0.00,0,3.2,0.077
1045,8664.247,AllocLarge,2B,0.285,14.3,0.105,15.46,15.882,11.881,2,7.786,0.377,0,5.95,0.003,0,87.96,0.292,100,0.20,11.201,56,35.72,0.00,0,4.2,0.079
1046,8672.704,AllocLarge,2B,0.215,0.0,0.000,0.00,15.088,15.097,2,7.786,0.392,0,97.19,0.003,0,87.96,0.292,100,0.20,14.401,49,50.00,0.00,0,2.7,0.071
1047,8679.059,AllocLarge,2B,0.287,0.0,0.000,0.00,15.897,11.896,2,7.786,0.392,0,5.73,0.003,0,87.96,0.292,100,0.20,11.201,56,35.72,0.00,0,4.3,0.101
1048,8687.602,AllocLarge,2B,0.265,0.0,0.103,12.51,15.103,15.111,2,7.786,0.407,0,97.29,0.003,0,87.96,0.292,100,0.20,14.401,49,50.00,0.00,0,3.2,0.077
1049,8694.077,AllocLarge,2B,0.254,12.5,0.000,0.00,15.911,11.911,2,7.786,0.407,0,5.52,0.003,0,87.96,0.292,100,0.20,11.201,56,35.72,0.00,0,3.8,0.078
1050,8702.497,AllocLarge,2B,0.217,0.0,0.000,0.00,15.118,15.126,2,7.786,0.422,0,97.39,0.003,0,87.96,0.292,100,0.20,14.401,49,50.00,0.00,0,2.7,0.074
1051,8708.962,AllocLarge,2B,0.362,14.3,0.105,15.17,15.926,11.926,2,7.786,0.422,0,5.32,0.003,0,87.96,0.292,100,0.20,11.201,56,35.72,0.00,0,5.2,0.082
1052,8717.643,AllocLarge,2B,0.302,0.0,0.000,0.00,15.133,15.141,2,7.786,0.437,0,97.48,0.003,0,87.96,0.292,100,0.20,14.401,49,50.00,0.00,0,3.6,0.081
1053,8724.385,AllocLarge,2B,0.306,0.0,0.000,0.00,15.941,11.941,2,7.786,0.437,0,5.14,0.003,0,87.96,0.292,100,0.20,11.201,56,35.72,0.00,0,4.4,0.081
1054,8733.479,AllocLarge,2B,0.321,0.0,0.103,11.63,15.148,15.156,2,7.786,0.451,0,97.56,0.003,0,87.96,0.292,100,0.20,14.401,49,50.00,0.00,0,3.6,0.082
1055,8740.174,AllocLarge,2B,0.302,11.1,0.000,0.00,15.956,11.956,2,7.786,0.451,0,4.97,0.003,0,87.96,0.292,100,0.20,11.201,56,35.72,0.00,0,4.3,0.085
1056,8748.937,AllocLarge,2B,0.302,0.0,0.000,0.00,15.163,15.171,2,7.786,0.466,0,97.64,0.003,0,87.96,0.292,100,0.20,14.401,49,50.00,0.00,0,3.6,0.097
1057,8755.564,AllocLarge,2B,0.343,12.5,0.105,15.15,15.971,11.971,2,7.786,0.466,0,4.81,0.003,0,87.96,0.292,100,0.20,11.201,56,35.72,0.00,0,4.9,0.082
1058,8764.146,AllocLarge,2B,0.283,0.0,0.000,0.00,15.178,15.186,2,7.786,0.481,0,97.71,0.003,0,87.96,0.292,100,0.20,14.401,49,50.00,0.00,0,3.4,0.079
1059,8770.615,AllocLarge,2B,0.253,0.0,0.000,0.00,15.986,11.986,2,7.786,0.481,0,4.66,0.003,0,87.96,0.292,100,0.20,11.201,56,35.72,0.00,0,3.8,0.076
1060,8779.105,AllocLarge,2B,0.311,0.0,0.105,12.69,15.192,15.201,2,7.786,0.496,0,97.87,0.003,0,87.96,0.292,100,0.20,14.401,49,50.00,0.00,0,3.7,0.090
1061,8785.956,AllocLarge,2B,0.314,0.0,0.000,0.00,16.001,12.000,2,7.786,0.496,0,4.52,0.003,0,87.96,0.292,100,0.20,11.201,56,35.72,0.00,0,4.4,0.100
1062,8794.588,AllocLarge,2B,0.323,0.0,0.000,0.00,15.207,15.216,2,7.786,0.511,0,97.85,0.003,0,87.96,0.292,100,0.20,14.401,49,50.00,0.00,0,3.9,0.084
1063,8801.218,AllocLarge,2B,0.291,12.5,0.103,14.83,16.016,12.015,2,7.786,0.511,0,4.39,0.003,0,87.96,0.292,100,0.20,11.201,56,35.72,0.00,0,4.2,0.079
1064,8809.911,AllocLarge,2B,0.297,11.1,0.000,0.00,15.222,15.230,2,7.786,0.526,0,97.91,0.003,0,87.96,0.292,100,0.20,14.401,49,50.00,0.00,0,3.5,0.093
1065,8816.726,AllocLarge,2B,0.527,0.0,0.105,14.12,16.031,12.030,2,7.786,0.526,0,4.27,0.003,0,87.96,0.292,100,0.20,11.201,56,35.72,0.00,0,7.1,0.192
1066,8825.737,AllocLarge,2B,0.303,0.0,0.000,0.00,15.237,15.245,2,7.786,0.541,0,97.96,0.003,0,87.96,0.292,100,0.20,14.401,49,50.00,0.00,0,3.6,0.099
1067,8832.431,AllocLarge,2B,0.289,12.5,0.000,0.00,16.045,12.045,2,7.786,0.541,0,4.15,0.003,0,87.96,0.292,100,0.20,11.201,56,35.72,0.00,0,4.1,0.081
1068,8841.000,AllocLarge,2B,0.283,0.0,0.103,12.48,15.252,15.260,2,7.786,0.556,0,98.02,0.003,0,87.96,0.292,100,0.20,14.401,49,50.00,0.00,0,3.4,0.079
1069,8847.592,AllocLarge,2B,0.303,0.0,0.000,0.00,16.060,12.060,2,7.786,0.556,0,4.04,0.003,0,87.96,0.292,100,0.20,11.201,56,35.72,0.00,0,4.4,0.083
1070,8856.271,AllocLarge,2B,0.331,11.1,0.000,0.00,15.267,15.275,2,7.786,0.571,0,98.07,0.003,0,87.96,0.292,100,0.20,14.401,49,50.00,0.00,0,3.9,0.119
1071,8863.165,AllocLarge,2B,0.313,22.2,0.105,14.57,16.075,12.075,2,7.786,0.571,0,3.93,0.003,0,87.96,0.292,100,0.20,11.201,56,35.72,0.00,0,4.3,0.085
1072,8872.006,AllocLarge,2B,0.287,0.0,0.000,0.00,15.282,15.290,2,7.786,0.585,0,98.12,0.003,0,87.96,0.292,100,0.20,14.401,49,50.00,0.00,0,3.4,0.096
1073,8878.498,AllocLarge,2B,0.339,11.1,0.000,0.00,16.090,12.090,2,7.786,0.585,0,3.83,0.003,0,87.96,0.292,100,0.20,11.201,56,35.72,0.00,0,4.9,0.104
1074,8887.156,AllocLarge,2B,0.293,0.0,0.103,12.53,15.297,15.305,2,7.786,0.600,0,98.17,0.003,0,87.96,0.292,100,0.20,14.401,49,50.00,0.00,0,3.6,0.081
1075,8893.688,AllocLarge,2B,0.414,14.3,0.000,0.00,16.105,12.105,2,7.786,0.600,0,3.74,0.003,0,87.96,0.292,100,0.20,11.201,56,35.72,0.00,0,6.0,0.185
1076,8902.594,AllocLarge,2B,0.350,11.1,0.000,0.00,15.312,15.320,2,7.786,0.615,0,98.21,0.003,0,87.96,0.292,100,0.20,14.401,49,50.00,0.00,0,4.1,0.110
1077,8909.264,AllocLarge,2B,0.267,0.0,0.105,15.41,16.120,12.120,2,7.786,0.615,0,3.65,0.003,0,87.96,0.292,100,0.20,11.201,56,35.72,0.00,0,3.9,0.079
1078,8917.734,AllocLarge,2B,0.285,0.0,0.000,0.00,15.326,15.335,2,7.786,0.630,0,98.33,0.003,0,87.96,0.292,100,0.20,14.401,49,50.00,0.00,0,3.5,0.079
1079,8924.226,AllocLarge,2B,0.267,0.0,0.000,0.00,16.135,12.134,2,7.786,0.630,0,3.56,0.003,0,87.96,0.292,100,0.20,11.201,56,35.72,0.00,0,3.9,0.077
1080,8932.700,AllocLarge,2B,0.278,0.0,0.103,12.55,15.341,15.350,2,7.786,0.645,0,98.29,0.003,0,87.96,0.292,100,0.20,14.401,49,50.00,0.00,0,3.4,0.077
1081,8939.303,AllocLarge,2B,0.248,0.0,0.000,0.00,16.150,12.149,2,7.786,0.645,0,3.48,0.003,0,87.96,0.292,100,0.20,11.201,56,35.72,0.00,0,3.6,0.079
1082,8947.670,AllocLarge,2B,0.277,0.0,0.000,0.00,15.356,15.364,2,7.786,0.660,0,98.33,0.003,0,87.96,0.292,100,0.20,14.401,49,50.00,0.00,0,3.4,0.079
1083,8954.170,AllocLarge,2B,0.325,14.3,0.105,15.27,16.164,12.164,2,7.786,0.660,0,3.40,0.003,0,87.96,0.292,100,0.20,11.201,56,35.72,0.00,0,4.7,0.085
1084,8962.856,AllocLarge,2B,0.375,10.0,0.000,0.00,15.371,15.379,2,7.786,0.675,0,98.37,0.003,0,87.96,0.292,100,0.20,14.401,49,50.00,0.00,0,4.5,0.101
1085,8969.447,AllocLarge,2B,0.266,14.3,0.000,0.00,16.179,12.179,2,7.786,0.675,0,3.33,0.003,0,87.96,0.292,100,0.20,11.201,56,35.72,0.00,0,4.0,0.075
1086,8977.763,AllocLarge,2B,0.246,11.1,0.105,13.02,15.386,15.394,2,7.786,0.690,0,98.40,0.003,0,87.96,0.292,100,0.20,14.401,49,50.00,0.00,0,3.0,0.073
1087,8984.237,AllocLarge,2B,0.273,12.5,0.000,0.00,16.194,12.194,2,7.786,0.690,0,3.26,0.003,0,87.96,0.292,100,0.20,11.201,56,35.72,0.00,0,4.0,0.083
1088,8992.834,AllocLarge,2B,0.270,12.5,0.000,0.00,15.401,15.409,2,7.786,0.704,0,98.44,0.003,0,87.96,0.292,100,0.20,14.401,49,50.00,0.00,0,3.3,0.075
1089,8999.360,AllocLarge,2B,0.258,0.0,0.103,15.27,16.209,12.209,2,7.786,0.704,0,3.19,0.003,0,87.96,0.292,100,0.20,11.201,56,35.72,0.00,0,3.8,0.095
1090,9007.826,AllocLarge,2B,0.281,11.1,0.000,0.00,15.416,15.424,2,7.786,0.719,0,98.47,0.003,0,87.96,0.292,100,0.20,14.401,49,50.00,0.00,0,3.4,0.079
1091,9014.343,AllocLarge,2B,0.343,14.3,0.000,0.00,16.224,12.224,2,7.786,0.719,0,3.12,0.003,0,87.96,0.292,100,0.20,11.201,56,35.72,0.00,0,5.0,0.080
1092,9022.861,AllocLarge,2B,0.254,0.0,0.105,12.99,15.431,15.439,2,7.786,0.734,0,98.50,0.003,0,87.96,0.292,100,0.20,14.401,49,50.00,0.00,0,3.1,0.077
1093,9029.300,AllocLarge,2B,0.244,0.0,0.000,0.00,16.239,12.239,2,7.786,0.734,0,3.06,0.003,0,87.96,0.292,100,0.20,11.201,56,35.72,0.00,0,3.6,0.075
1094,9037.742,AllocLarge,2B,0.278,0.0,0.103,12.48,15.445,15.454,2,7.786,0.749,0,98.53,0.003,0,87.96,0.292,100,0.20,14.401,49,50.00,0.00,0,3.4,0.096
1095,9044.471,AllocLarge,2B,0.334,0.0,0.000,0.00,16.254,12.253,2,7.786,0.749,0,3.00,0.003,0,87.96,0.292,100,0.20,11.201,56,35.72,0.00,0,4.7,0.085
1096,9053.072,AllocLarge,2B,0.252,0.0,0.000,0.00,15.460,15.469,2,7.786,0.764,0,98.56,0.003,0,87.96,0.292,100,0.20,14.401,49,50.00,0.00,0,3.1,0.075
1097,9059.476,AllocLarge,2B,0.222,12.5,0.105,15.82,16.269,12.268,2,7.786,0.764,0,2.94,0.003,0,87.96,0.292,100,0.20,11.201,56,35.72,0.00,0,3.4,0.074
1098,9067.815,AllocLarge,2B,0.277,0.0,0.000,0.00,15.475,15.483,2,7.786,0.779,0,98.59,0.003,0,87.96,0.292,100,0.20,14.401,49,50.00,0.00,0,3.4,0.068
1099,9074.263,AllocLarge,2B,0.221,14.3,0.000,0.00,16.283,12.283,2,7.786,0.779,0,2.88,0.003,0,87.96,0.292,100,0.20,11.201,56,35.72,0.00,0,3.3,0.075
1100,9082.678,AllocLarge,2B,0.226,11.1,0.103,12.71,15.490,15.498,2,7.786,0.794,0,98.61,0.003,0,87.96,0.292,100,0.20,14.401,49,50.00,0.00,0,2.8,0.074
1101,9089.131,AllocLarge,2B,0.324,25.0,0.000,0.00,16.298,12.298,2,7.786,0.794,0,2.83,0.003,0,87.96,0.292,100,0.20,11.201,56,35.72,0.00,0,4.8,0.079
1102,9097.559,AllocLarge,2B,0.270,0.0,0.000,0.00,15.505,15.513,2,7.786,0.809,0,98.64,0.003,0,87.96,0.292,100,0.20,14.401,49,50.00,0.00,0,3.3,0.077
1103,9104.027,AllocLarge,2B,0.356,0.0,0.105,15.18,16.313,12.313,2,7.786,0.809,0,2.78,0.003,0,87.96,0.292,100,0.20,11.201,56,35.72,0.00,0,5.1,0.106
1104,9112.611,AllocLarge,2B,0.311,10.0,0.000,0.00,15.520,15.528,2,7.786,0.823,0,98.66,0.003,0,87.96,0.292,100,0.20,14.401,49,50.00,0.00,0,3.8,0.079
1105,9119.215,AllocLarge,2B,0.289,14.3,0.000,0.00,16.328,12.328,2,7.786,0.823,0,2.73,0.003,0,87.96,0.292,100,0.20,11.201,56,35.72,0.00,0,4.2,0.078
1106,9127.566,AllocLarge,2B,0.306,12.5,0.103,12.75,15.535,15.543,2,7.786,0.838,0,98.69,0.003,0,87.96,0.292,100,0.20,14.401,49,50.00,0.00,0,3.8,0.135
1107,9134.101,AllocLarge,2B,0.269,0.0,0.000,0.00,16.343,12.343,2,7.786,0.838,0,2.68,0.003,0,87.96,0.292,100,0.20,11.201,56,35.72,0.00,0,4.0,0.078
1108,9142.478,AllocLarge,2B,0.242,11.1,0.000,0.00,15.550,15.558,2,7.786,0.853,0,98.71,0.003,0,87.96,0.292,100,0.20,14.401,49,50.00,0.00,0,3.0,0.093
1109,9148.882,AllocLarge,2B,0.230,0.0,0.105,15.82,16.358,12.358,2,7.786,0.853,0,2.63,0.003,0,87.96,0.292,100,0.20,11.201,56,35.72,0.00,0,3.5,0.074
1110,9157.198,AllocLarge,2B,0.252,11.1,0.000,0.00,15.564,15.573,2,7.786,0.868,0,98.73,0.003,0,87.96,0.292,100,0.20,14.401,49,50.00,0.00,0,3.1,0.091
1111,9163.642,AllocLarge,2B,0.274,12.5,0.000,0.00,16.373,12.372,2,7.786,0.868,0,2.59,0.003,0,87.96,0.292,100,0.20,11.201,56,35.72,0.00,0,4.0,0.100
1112,9172.122,AllocLarge,2B,0.209,0.0,0.105,13.05,15.579,15.588,2,7.786,0.883,0,98.75,0.003,0,87.96,0.292,100,0.20,14.401,49,50.00,0.00,0,2.6,0.072
1113,9178.463,AllocLarge,2B,0.278,12.5,0.000,0.00,16.388,12.387,2,7.786,0.883,0,2.54,0.003,0,87.96,0.292,100,0.20,11.201,56,35.72,0.00,0,4.2,0.075
1114,9186.890,AllocLarge,2B,0.254,0.0,0.000,0.00,15.594,15.602,2,7.786,0.898,0,98.77,0.003,0,87.96,0.292,100,0.20,14.401,49,50.00,0.00,0,3.1,0.093
1115,9193.332,AllocLarge,2B,0.210,14.3,0.103,15.35,16.403,12.402,2,7.786,0.898,0,2.50,0.003,0,87.96,0.292,100,0.20,11.201,56,35.72,0.00,0,3.1,0.073
1116,9201.638,AllocLarge,2B,0.236,0.0,0.000,0.00,15.609,15.617,2,7.786,0.913,0,98.79,0.003,0,87.96,0.292,100,0.20,14.401,49,50.00,0.00,0,2.9,0.074
1117,9208.066,AllocLarge,2B,0.205,14.3,0.000,0.00,16.417,12.417,2,7.786,0.913,0,2.46,0.003,0,87.96,0.292,100,0.20,11.201,56,35.72,0.00,0,3.1,0.072
1118,9216.491,AllocLarge,2B,0.295,11.1,0.105,12.73,15.624,15.632,2,7.786,0.928,0,98.81,0.003,0,87.96,0.292,100,0.20,14.401,49,50.00,0.00,0,3.6,0.078
1119,9222.974,AllocLarge,2B,0.246,0.0,0.000,0.00,16.432,12.432,2,7.786,0.928,0,2.42,0.003,0,87.96,0.292,100,0.20,11.201,56,35.72,0.00,0,3.7,0.079
1120,9231.572,AllocLarge,2B,0.295,0.0,0.103,12.25,15.639,15.647,2,7.786,0.943,0,98.83,0.003,0,87.96,0.292,100,0.20,14.401,49,50.00,0.00,0,3.5,0.087
1121,9238.024,AllocLarge,2B,0.212,12.5,0.000,0.00,16.447,12.447,2,7.786,0.943,0,2.38,0.003,0,87.96,0.292,100,0.20,11.201,56,35.72,0.00,0,3.2,0.072
1122,9246.750,AllocLarge,2B,0.262,0.0,0.000,0.00,15.654,15.662,2,7.786,0.957,0,98.85,0.003,0,87.96,0.292,100,0.20,14.401,49,50.00,0.00,0,3.1,0.094
1123,9253.166,AllocLarge,2B,0.246,25.0,0.105,15.74,16.462,12.462,2,7.786,0.957,0,2.34,0.003,0,87.96,0.292,100,0.20,11.201,56,35.72,0.00,0,3.7,0.086
1124,9261.475,AllocLarge,2B,0.246,11.1,0.000,0.00,15.669,15.677,2,7.786,0.972,0,98.87,0.003,0,87.96,0.292,100,0.20,14.401,49,50.00,0.00,0,3.1,0.094
1125,9267.901,AllocLarge,2B,0.224,0.0,0.000,0.00,16.477,12.477,2,7.786,0.972,0,2.31,0.003,0,87.96,0.292,100,0.20,11.201,56,35.72,0.00,0,3.4,0.091
1126,9276.249,AllocLarge,2B,0.242,11.1,0.103,12.55,15.684,15.692,2,7.786,0.987,0,98.88,0.003,0,87.96,0.292,100,0.20,14.401,49,50.00,0.00,0,3.0,0.076
1127,9282.709,AllocLarge,2B,0.273,12.5,0.000,0.00,16.492,12.492,2,7.786,0.987,0,2.27,0.003,0,87.96,0.292,100,0.20,11.201,56,35.72,0.00,0,4.0,0.080
1128,9291.348,AllocLarge,2B,0.256,0.0,0.000,0.00,15.698,15.707,2,7.786,1.002,0,98.90,0.003,0,87.96,0.292,100,0.20,14.401,49,50.00,0.00,0,3.1,0.077
1129,9297.818,AllocLarge,2B,0.295,12.5,0.105,15.55,16.507,12.506,2,7.786,1.002,0,2.24,0.003,0,87.96,0.292,100,0.20,11.201,56,35.72,0.00,0,4.4,0.079
1130,9306.298,AllocLarge,2B,0.294,11.1,0.000,0.00,15.713,15.722,2,7.786,1.017,0,98.92,0.003,0,87.96,0.292,100,0.20,14.401,49,50.00,0.00,0,3.6,0.096
1131,9312.934,AllocLarge,2B,0.294,11.1,0.000,0.00,16.522,12.521,2,7.786,1.017,0,2.21,0.003,0,87.96,0.292,100,0.20,11.201,56,35.72,0.00,0,4.2,0.081
1132,9321.675,AllocLarge,2B,0.341,10.0,0.103,12.12,15.728,15.736,2,7.786,1.032,0,98.98,0.003,0,87.96,0.292,100,0.20,14.401,49,50.00,0.00,0,4.0,0.090
1133,9328.204,AllocLarge,2B,0.304,14.3,0.000,0.00,16.536,12.536,2,7.786,1.032,0,2.18,0.003,0,87.96,0.292,100,0.20,11.201,56,35.72,0.00,0,4.4,0.078
1134,9336.791,AllocLarge,2B,0.273,0.0,0.000,0.00,15.743,15.751,2,7.786,1.047,0,98.95,0.003,0,87.96,0.292,100,0.20,14.401,49,50.00,0.00,0,3.4,0.080
1135,9343.277,AllocLarge,2B,0.224,0.0,0.105,15.83,16.551,12.551,2,7.786,1.047,0,2.14,0.003,0,87.96,0.292,100,0.20,11.201,56,35.72,0.00,0,3.4,0.074
1136,9351.680,AllocLarge,2B,0.369,11.1,0.000,0.00,15.758,15.766,2,7.786,1.062,0,98.96,0.003,0,87.96,0.292,100,0.20,14.401,49,50.00,0.00,0,4.4,0.140
1137,9358.263,AllocLarge,2B,0.234,14.3,0.000,0.00,16.566,12.566,2,7.786,1.062,0,2.11,0.003,0,87.96,0.292,100,0.20,11.201,56,35.72,0.00,0,3.5,0.075
1138,9366.621,AllocLarge,2B,0.269,11.1,0.105,13.00,15.773,15.781,2,7.786,1.076,0,98.98,0.003,0,87.96,0.292,100,0.20,14.401,49,50.00,0.00,0,3.3,0.077
1139,9373.169,AllocLarge,2B,0.300,14.3,0.000,0.00,16.581,12.581,2,7.786,1.076,0,2.09,0.003,0,87.96,0.292,100,0.20,11.201,56,35.72,0.00,0,4.4,0.077
1140,9381.818,AllocLarge,2B,0.286,11.1,0.000,0.00,15.788,15.796,2,7.786,1.091,0,98.99,0.003,0,87.96,0.292,100,0.20,14.401,49,50.00,0.00,0,3.4,0.080
1141,9388.413,AllocLarge,2B,0.319,12.5,0.103,14.78,16.596,12.596,2,7.786,1.091,0,2.06,0.003,0,87.96,0.292,100,0.20,11.201,56,35.72,0.00,0,4.6,0.087
1142,9397.003,AllocLarge,2B,0.370,12.5,0.000,0.00,15.803,15.811,2,7.786,1.106,0,99.00,0.003,0,87.96,0.292,100,0.20,14.401,49,50.00,0.00,0,4.5,0.169
1143,9403.528,AllocLarge,2B,0.289,11.1,0.000,0.00,16.611,12.611,2,7.786,1.106,0,2.03,0.003,0,87.96,0.292,100,0.20,11.201,56,35.72,0.00,0,4.3,0.080
1144,9412.007,AllocLarge,2B,0.291,0.0,0.105,12.86,15.817,15.826,2,7.786,1.121,0,99.06,0.003,0,87.96,0.292,100,0.20,14.401,49,50.00,0.00,0,3.6,0.076
1145,9418.680,AllocLarge,2B,0.292,0.0,0.000,0.00,16.626,12.625,2,7.786,1.121,0,2.00,0.003,0,87.96,0.292,100,0.20,11.201,56,35.72,0.00,0,4.2,0.080
1146,9427.044,AllocLarge,2B,0.257,11.1,0.103,12.82,15.832,15.841,2,7.786,1.136,0,99.03,0.003,0,87.96,0.292,100,0.20,14.401,49,50.00,0.00,0,3.2,0.072
1147,9433.429,AllocLarge,2B,0.274,14.3,0.000,0.00,16.641,12.640,2,7.786,1.136,0,1.98,0.003,0,87.96,0.292,100,0.20,11.201,56,35.72,0.00,0,4.1,0.074
1148,9441.773,AllocLarge,2B,0.214,0.0,0.000,0.00,15.847,15.855,2,7.786,1.151,0,99.04,0.003,0,87.96,0.292,100,0.20,14.401,49,50.00,0.00,0,2.7,0.073
1149,9448.165,AllocLarge,2B,0.421,14.3,0.105,14.88,16.655,12.655,2,7.786,1.151,0,1.95,0.003,0,87.96,0.292,100,0.20,11.201,56,35.72,0.00,0,6.0,0.114
1150,9456.867,AllocLarge,2B,0.242,0.0,0.000,0.00,15.862,15.870,2,7.786,1.166,0,99.06,0.003,0,87.96,0.292,100,0.20,14.401,49,50.00,0.00,0,3.0,0.074
1151,9463.377,AllocLarge,2B,0.316,14.3,0.000,0.00,16.670,12.670,2,7.786,1.166,0,1.93,0.003,0,87.96,0.292,100,0.20,11.201,56,35.72,0.00,0,4.6,0.079
1152,9472.194,AllocLarge,2B,0.246,0.0,0.103,12.16,15.877,15.885,2,7.786,1.181,0,99.07,0.003,0,87.96,0.292,100,0.20,14.401,49,50.00,0.00,0,2.9,0.075
1153,9478.602,AllocLarge,2B,0.253,14.3,0.000,0.00,16.685,12.685,2,7.786,1.181,0,1.20,0.003,0,87.96,0.292,100,0.20,11.201,56,35.72,0.00,0,3.7,0.079
1154,9486.983,AllocLarge,2B,0.255,0.0,0.000,0.00,15.892,15.900,2,7.786,1.195,0,99.08,0.003,0,87.96,0.292,100,0.20,14.401,49,50.00,0.00,0,3.2,0.076
1155,9493.391,AllocLarge,2B,0.209,0.0,0.105,15.96,16.700,12.700,2,7.786,1.195,0,1.88,0.003,0,87.96,0.292,100,0.20,11.201,56,35.72,0.00,0,3.2,0.072
1156,9501.823,AllocLarge,2B,0.231,11.1,0.000,0.00,15.907,15.915,2,7.786,1.210,0,99.09,0.003,0,87.96,0.292,100,0.20,14.401,49,50.00,0.00,0,2.8,0.076
1157,9508.203,AllocLarge,2B,0.270,14.3,0.000,0.00,16.715,12.723,2,7.786,1.219,0,1.88,0.003,0,87.96,0.292,100,0.20,11.201,56,35.72,0.00,0,4.0,0.080
1158,9516.651,AllocLarge,2B,0.260,0.0,0.105,12.96,15.930,15.938,2,7.786,1.233,0,99.11,0.003,0,87.96,0.292,100,0.20,14.401,49,50.00,0.00,0,3.2,0.078
1159,9523.062,AllocLarge,2B,0.222,12.5,0.000,0.00,16.738,12.738,2,7.786,1.233,0,1.82,0.003,0,87.96,0.292,100,0.20,11.201,56,35.72,0.00,0,3.4,0.088
1160,9531.483,AllocLarge,2B,0.296,0.0,0.000,0.00,15.944,15.953,2,7.786,1.248,0,99.12,0.003,0,87.96,0.292,100,0.20,14.401,49,50.00,0.00,0,3.6,0.080
1161,9537.955,AllocLarge,2B,0.222,14.3,0.102,15.38,16.753,12.752,2,7.786,1.248,0,1.80,0.003,0,87.96,0.292,100,0.20,11.201,56,35.72,0.00,0,3.3,0.073
1162,9546.412,AllocLarge,2B,0.282,0.0,0.000,0.00,15.959,15.968,2,7.786,1.263,0,99.13,0.003,0,87.96,0.292,100,0.20,14.401,49,50.00,0.00,0,3.4,0.080
1163,9552.991,AllocLarge,2B,0.228,0.0,0.000,0.00,16.768,12.767,2,7.786,1.263,0,1.78,0.003,0,87.96,0.292,100,0.20,11.201,56,35.72,0.00,0,3.4,0.073
1164,9561.307,AllocLarge,2B,0.275,0.0,0.105,12.97,15.974,15.982,2,7.786,1.278,0,99.14,0.003,0,87.96,0.292,100,0.20,14.401,49,50.00,0.00,0,3.4,0.077
1165,9567.789,AllocLarge,2B,0.259,14.3,0.000,0.00,16.782,12.782,2,7.786,1.278,0,1.76,0.003,0,87.96,0.292,100,0.20,11.201,56,35.72,0.00,0,3.8,0.094
1166,9576.213,AllocLarge,2B,0.227,0.0,0.103,12.71,15.989,15.997,2,7.786,1.293,0,99.15,0.003,0,87.96,0.292,100,0.20,14.401,49,50.00,0.00,0,2.8,0.074
1167,9582.650,AllocLarge,2B,0.269,12.5,0.000,0.00,16.797,12.797,2,7.786,1.293,0,1.74,0.003,0,87.96,0.292,100,0.20,11.201,56,35.72,0.00,0,4.0,0.078
1168,9591.090,AllocLarge,2B,0.261,0.0,0.000,0.00,16.004,16.012,2,7.786,1.308,0,99.16,0.003,0,87.96,0.292,100,0.20,14.401,49,50.00,0.00,0,3.2,0.075
1169,9597.608,AllocLarge,2B,0.319,14.3,0.105,15.23,16.812,12.812,2,7.786,1.308,0,1.72,0.003,0,87.96,0.292,100,0.20,11.201,56,35.72,0.00,0,4.6,0.079
1170,9606.061,AllocLarge,2B,0.304,0.0,0.000,0.00,16.019,16.027,2,7.786,1.323,0,99.17,0.003,0,87.96,0.292,100,0.20,14.401,49,50.00,0.00,0,3.8,0.081
1171,9612.774,AllocLarge,2B,0.292,0.0,0.000,0.00,16.827,12.827,2,7.786,1.323,0,1.70,0.003,0,87.96,0.292,100,0.20,11.201,56,35.72,0.00,0,4.2,0.083
1172,9621.359,AllocLarge,2B,0.259,0.0,0.103,12.44,16.034,16.042,2,7.786,1.337,0,99.18,0.003,0,87.96,0.292,100,0.20,14.401,49,50.00,0.00,0,3.1,0.078
1173,9627.809,AllocLarge,2B,0.309,14.3,0.000,0.00,16.842,12.842,2,7.786,1.337,0,1.68,0.003,0,87.96,0.292,100,0.20,11.201,56,35.72,0.00,0,4.5,0.153
1174,9636.169,AllocLarge,2B,0.234,0.0,0.000,0.00,16.049,16.057,2,7.786,1.352,0,99.19,0.003,0,87.96,0.292,100,0.20,14.401,49,50.00,0.00,0,2.9,0.072
1175,9642.690,AllocLarge,2B,0.311,12.5,0.105,15.13,16.857,12.865,2,7.786,1.360,0,1.68,0.003,0,87.96,0.292,100,0.20,11.201,56,35.72,0.00,0,4.5,0.082
1176,9651.197,AllocLarge,2B,0.281,0.0,0.000,0.00,16.071,16.080,2,7.786,1.375,0,99.20,0.003,0,87.96,0.292,100,0.20,14.401,49,50.00,0.00,0,3.4,0.079
1177,9657.804,AllocLarge,2B,0.285,12.5,0.000,0.00,16.880,12.879,2,7.786,1.375,0,1.63,0.003,0,87.96,0.292,100,0.20,11.201,56,35.72,0.00,0,4.1,0.078
1178,9666.274,AllocLarge,2B,0.287,0.0,0.105,12.83,16.086,16.095,2,7.786,1.390,0,99.21,0.003,0,87.96,0.292,100,0.20,14.401,49,50.00,0.00,0,3.5,0.096
1179,9672.720,AllocLarge,2B,0.286,25.0,0.000,0.00,16.895,12.894,2,7.786,1.390,0,1.61,0.003,0,87.96,0.292,100,0.20,11.201,56,35.72,0.00,0,4.2,0.083
1180,9681.218,AllocLarge,2B,0.293,11.1,0.000,0.00,16.101,16.109,2,7.786,1.405,0,99.22,0.003,0,87.96,0.292,100,0.20,14.401,49,50.00,0.00,0,3.6,0.084
1181,9687.708,AllocLarge,2B,0.246,14.3,0.103,15.46,16.910,12.909,2,7.786,1.405,0,1.60,0.003,0,87.96,0.292,100,0.20,11.201,56,35.72,0.00,0,3.7,0.074
1182,9696.082,AllocLarge,2B,0.249,0.0,0.000,0.00,16.116,16.124,2,7.786,1.420,0,99.22,0.003,0,87.96,0.292,100,0.20,14.401,49,50.00,0.00,0,3.1,0.075
1183,9702.528,AllocLarge,2B,0.259,0.0,0.000,0.00,16.924,12.924,2,7.786,1.420,0,1.58,0.003,0,87.96,0.292,100,0.20,11.201,56,35.72,0.00,0,3.8,0.081
1184,9710.885,AllocLarge,2B,0.259,11.1,0.105,13.11,16.131,16.139,2,7.786,1.435,0,99.23,0.003,0,87.96,0.292,100,0.20,14.401,49,50.00,0.00,0,3.2,0.075
1185,9717.279,AllocLarge,2B,0.231,0.0,0.000,0.00,16.939,12.939,2,7.786,1.435,0,1.56,0.003,0,87.96,0.292,100,0.20,11.201,56,35.72,0.00,0,3.5,0.074
1186,9725.572,AllocLarge,2B,0.214,0.0,0.103,12.81,16.146,16.154,2,7.786,1.450,0,99.24,0.003,0,87.96,0.292,100,0.20,14.401,49,50.00,0.00,0,2.7,0.073
1187,9731.913,AllocLarge,2B,0.270,12.5,0.000,0.00,16.954,12.954,2,7.786,1.450,0,1.55,0.003,0,87.96,0.292,100,0.20,11.201,56,35.72,0.00,0,4.0,0.078
1188,9740.402,AllocLarge,2B,0.273,12.5,0.000,0.00,16.161,16.169,2,7.786,1.464,0,99.25,0.003,0,87.96,0.292,100,0.20,14.401,49,50.00,0.00,0,3.4,0.073
1189,9746.840,AllocLarge,2B,0.269,0.0,0.105,15.42,16.969,12.969,2,7.786,1.464,0,1.53,0.003,0,87.96,0.292,100,0.20,11.201,56,35.72,0.00,0,4.0,0.095
1190,9755.278,AllocLarge,2B,0.261,0.0,0.000,0.00,16.176,16.184,2,7.786,1.479,0,99.26,0.003,0,87.96,0.292,100,0.20,14.401,49,50.00,0.00,0,3.2,0.077
1191,9761.669,AllocLarge,2B,0.236,0.0,0.000,0.00,16.984,12.984,2,7.786,1.479,0,1.52,0.003,0,87.96,0.292,100,0.20,11.201,56,35.72,0.00,0,3.5,0.076
1192,9770.120,AllocLarge,2B,0.244,0.0,0.103,12.56,16.191,16.199,2,7.786,1.494,0,99.26,0.003,0,87.96,0.292,100,0.20,14.401,49,50.00,0.00,0,3.0,0.076
1193,9776.496,AllocLarge,2B,0.395,25.0,0.000,0.00,16.999,12.999,2,7.786,1.494,0,1.50,0.003,0,87.96,0.292,100,0.20,11.201,56,35.72,0.00,0,5.7,0.087
1194,9785.268,AllocLarge,2B,0.279,10.0,0.000,0.00,16.205,16.214,2,7.786,1.509,0,99.27,0.003,0,87.96,0.292,100,0.20,14.401,49,50.00,0.00,0,3.4,0.077
1195,9791.706,AllocLarge,2B,0.229,14.3,0.105,15.94,17.014,13.013,2,7.786,1.509,0,1.49,0.003,0,87.96,0.292,100,0.20,11.201,56,35.72,0.00,0,3.5,0.092
1196,9800.073,AllocLarge,2B,0.259,11.1,0.000,0.00,16.220,16.228,2,7.786,1.524,0,99.28,0.003,0,87.96,0.292,100,0.20,14.401,49,50.00,0.00,0,3.2,0.077
1197,9806.479,AllocLarge,2B,0.249,14.3,0.000,0.00,17.029,13.028,2,7.786,1.524,0,1.47,0.003,0,87.96,0.292,100,0.20,11.201,56,35.72,0.00,0,3.8,0.074
1198,9814.956,AllocLarge,2B,0.415,11.1,0.103,12.26,16.235,16.243,2,7.786,1.539,0,99.28,0.003,0,87.96,0.292,100,0.20,14.401,49,50.00,0.00,0,5.0,0.097
1199,9821.494,AllocLarge,2B,0.214,0.0,0.000,0.00,17.043,13.043,2,7.786,1.539,0,1.46,0.003,0,87.96,0.292,100,0.20,11.201,56,35.72,0.00,0,3.2,0.072
1200,9830.278,AllocLarge,2B,0.282,0.0,0.000,0.00,16.250,16.258,2,7.786,1.554,0,99.29,0.003,0,87.96,0.292,100,0.20,14.401,49,50.00,0.00,0,3.3,0.096
1201,9836.753,AllocLarge,2B,0.256,0.0,0.105,15.59,17.058,13.058,2,7.786,1.554,0,1.44,0.003,0,87.96,0.292,100,0.20,11.201,56,35.72,0.00,0,3.8,0.081
1202,9845.245,AllocLarge,2B,0.279,0.0,0.000,0.00,16.265,16.273,2,7.786,1.569,0,99.33,0.003,0,87.96,0.292,100,0.20,14.401,49,50.00,0.00,0,3.4,0.077
1203,9851.621,AllocLarge,2B,0.241,28.6,0.000,0.00,17.073,13.073,2,7.786,1.569,0,1.43,0.003,0,87.96,0.292,100,0.20,11.201,56,35.72,0.00,0,3.6,0.073
1204,9859.986,AllocLarge,2B,0.215,0.0,0.105,13.16,16.280,16.288,2,7.786,1.583,0,99.30,0.003,0,87.96,0.292,100,0.20,14.401,49,50.00,0.00,0,2.7,0.073
1205,9866.407,AllocLarge,2B,0.248,14.3,0.000,0.00,17.088,13.088,2,7.786,1.583,0,1.42,0.003,0,87.96,0.292,100,0.20,11.201,56,35.72,0.00,0,3.7,0.076
1206,9874.742,AllocLarge,2B,0.220,0.0,0.000,0.00,16.295,16.303,2,7.786,1.598,0,99.31,0.003,0,87.96,0.292,100,0.20,14.401,49,50.00,0.00,0,2.7,0.073
1207,9881.082,AllocLarge,2B,0.218,0.0,0.103,15.46,17.103,13.103,2,7.786,1.598,0,1.40,0.003,0,87.96,0.292,100,0.20,11.201,56,35.72,0.00,0,3.3,0.073
1208,9889.434,AllocLarge,2B,0.263,0.0,0.000,0.00,16.310,16.318,2,7.786,1.613,0,99.32,0.003,0,87.96,0.292,100,0.20,14.401,49,50.00,0.00,0,3.2,0.078
1209,9896.254,AllocLarge,2B,0.374,14.3,0.000,0.00,17.118,13.118,2,7.786,1.613,0,1.39,0.003,0,87.96,0.292,100,0.20,11.201,56,35.72,0.00,0,5.1,0.105
1210,9904.924,AllocLarge,2B,0.273,10.0,0.105,12.93,16.324,16.333,2,7.786,1.628,0,99.32,0.003,0,87.96,0.292,100,0.20,14.401,49,50.00,0.00,0,3.4,0.092
1211,9911.404,AllocLarge,2B,0.327,14.3,0.000,0.00,17.133,13.132,2,7.786,1.628,0,1.38,0.003,0,87.96,0.292,100,0.20,11.201,56,35.72,0.00,0,4.8,0.078
1212,9919.864,AllocLarge,2B,0.223,0.0,0.103,12.81,16.339,16.348,2,7.786,1.643,0,99.33,0.003,0,87.96,0.292,100,0.20,14.401,49,50.00,0.00,0,2.8,0.073
1213,9926.664,AllocLarge,2B,0.331,12.5,0.000,0.00,17.148,13.147,2,7.786,1.643,0,1.37,0.003,0,87.96,0.292,100,0.20,11.201,56,35.72,0.00,0,4.5,0.079
1214,9936.056,AllocLarge,2B,0.308,0.0,0.000,0.00,16.354,16.362,2,7.786,1.658,0,99.34,0.003,0,87.96,0.292,100,0.20,14.401,49,50.00,0.00,0,3.4,0.096
1215,9943.295,AllocLarge,2B,0.313,14.3,0.105,13.72,17.162,13.162,2,7.786,1.658,0,1.35,0.003,0,87.96,0.292,100,0.20,11.201,56,35.72,0.00,0,4.1,0.084
1216,9952.584,AllocLarge,2B,0.358,10.0,0.000,0.00,16.369,16.377,2,7.786,1.673,0,99.34,0.003,0,87.96,0.292,100,0.20,14.401,49,50.00,0.00,0,4.0,0.081
1217,9959.867,AllocLarge,2B,0.397,11.1,0.000,0.00,17.177,13.177,2,7.786,1.673,0,1.34,0.003,0,87.96,0.292,100,0.20,11.201,56,35.72,0.00,0,5.3,0.118
1218,9969.237,AllocLarge,2B,0.303,11.1,0.103,11.45,16.384,16.392,2,7.786,1.688,0,99.35,0.003,0,87.96,0.292,100,0.20,14.401,49,50.00,0.00,0,3.4,0.084
1219,9976.262,AllocLarge,2B,0.278,0.0,0.000,0.00,17.192,13.192,2,7.786,1.688,0,1.33,0.003,0,87.96,0.292,100,0.20,11.201,56,35.72,0.00,0,3.8,0.075
1220,9985.459,AllocLarge,2B,0.322,0.0,0.000,0.00,16.399,16.407,2,7.786,1.702,0,99.35,0.003,0,87.96,0.292,100,0.20,14.401,49,50.00,0.00,0,3.6,0.101
1221,9992.887,AllocLarge,2B,0.354,0.0,0.105,13.59,17.207,13.207,2,7.786,1.702,0,1.32,0.003,0,87.96,0.292,100,0.20,11.201,56,35.72,0.00,0,4.6,0.090
1222,10002.132,AllocLarge,2B,0.284,11.1,0.000,0.00,16.414,16.422,2,7.786,1.717,0,99.36,0.003,0,87.96,0.292,100,0.20,14.401,49,50.00,0.00,0,3.2,0.078
1223,10009.176,AllocLarge,2B,0.350,12.5,0.000,0.00,17.222,13.222,2,7.786,1.717,0,1.31,0.003,0,87.96,0.292,100,0.20,11.201,56,35.72,0.00,0,4.7,0.121
1224,10018.443,AllocLarge,2B,0.300,0.0,0.103,11.47,16.429,16.437,2,7.786,1.732,0,99.36,0.003,0,87.96,0.292,100,0.20,14.401,49,50.00,0.00,0,3.4,0.094
1225,10025.403,AllocLarge,2B,0.352,0.0,0.000,0.00,17.237,13.237,2,7.786,1.732,0,1.30,0.003,0,87.96,0.292,100,0.20,11.201,56,35.72,0.00,0,4.8,0.122
1226,10034.352,AllocLarge,2B,0.302,0.0,0.000,0.00,16.443,16.452,2,7.786,1.747,0,99.40,0.003,0,87.96,0.292,100,0.20,14.401,49,50.00,0.00,0,3.5,0.090
1227,10040.852,AllocLarge,2B,0.421,14.3,0.105,15.30,17.252,13.251,2,7.786,1.747,0,1.28,0.003,0,87.96,0.292,100,0.20,11.201,56,35.72,0.00,0,6.1,0.227
1228,10049.953,AllocLarge,2B,0.311,10.0,0.000,0.00,16.458,16.467,2,7.786,1.762,0,99.38,0.003,0,87.96,0.292,100,0.20,14.401,49,50.00,0.00,0,3.6,0.119
1229,10056.436,AllocLarge,2B,0.310,14.3,0.000,0.00,17.267,11.505,2,7.786,0.001,0,0.00,0.003,0,25.69,0.292,100,0.20,11.201,56,35.72,0.00,0,4.4,0.088
1230,10056.825,AllocSmall,0F,0.516,0.0,1.739,272.68,13.266,11.505,2,0.002,0.001,0,81.43,0.003,NaN,25.69,0.292,NaN,0.20,11.201,NaN,35.72,0.00,1,7.5,0.366
1231,10065.529,AllocLarge,2B,0.248,0.0,0.106,12.50,14.734,14.742,2,7.786,0.037,0,70.42,0.003,0,87.96,0.292,100,0.20,14.401,49,50.00,0.00,0,2.9,0.077
1232,10071.916,AllocLarge,2B,0.276,12.5,0.000,0.00,15.542,11.542,2,7.786,0.037,0,56.41,0.003,0,87.96,0.292,100,0.20,11.201,56,35.72,0.00,0,4.1,0.104
1233,10080.605,AllocLarge,2B,0.257,0.0,0.000,0.00,14.750,14.758,2,7.786,0.054,0,79.52,0.003,0,87.96,0.292,100,0.20,14.401,49,50.00,0.00,0,3.0,0.077
1234,10086.994,AllocLarge,2B,0.228,12.5,0.105,15.74,15.558,11.558,2,7.786,0.054,0,41.76,0.003,0,87.96,0.292,100,0.20,11.201,56,35.72,0.00,0,3.4,0.074
1235,10095.906,AllocLarge,2B,0.276,0.0,0.000,0.00,14.765,14.773,2,7.786,0.069,0,83.96,0.003,0,87.96,0.292,100,0.20,14.401,49,50.00,0.00,0,3.2,0.079
1236,10102.405,AllocLarge,2B,0.306,11.1,0.000,0.00,15.573,11.573,2,7.786,0.069,0,32.71,0.003,0,87.96,0.292,100,0.20,11.201,56,35.72,0.00,0,4.5,0.101
1237,10111.252,AllocLarge,2B,0.280,0.0,0.105,12.37,14.780,14.788,2,7.786,0.084,0,86.82,0.003,0,87.96,0.292,100,0.20,14.401,49,50.00,0.00,0,3.3,0.081
1238,10117.942,AllocLarge,2B,0.299,14.3,0.000,0.00,15.588,11.588,2,7.786,0.084,0,26.88,0.003,0,87.96,0.292,100,0.20,11.201,56,35.72,0.00,0,4.2,0.081
1239,10126.962,AllocLarge,2B,0.352,10.0,0.000,0.00,14.795,14.803,2,7.786,0.098,0,88.81,0.003,0,87.96,0.292,100,0.20,14.401,49,50.00,0.00,0,4.0,0.083
1240,10133.746,AllocLarge,2B,0.379,12.5,0.103,14.28,15.603,11.603,2,7.786,0.098,0,22.81,0.003,0,87.96,0.292,100,0.20,11.201,56,35.72,0.00,0,5.3,0.099
1241,10143.226,AllocLarge,2B,0.326,0.0,0.000,0.00,14.810,14.818,2,7.786,0.113,0,90.28,0.003,0,87.96,0.292,100,0.20,14.401,49,50.00,0.00,0,3.6,0.103
1242,10150.587,AllocLarge,2B,0.287,12.5,0.000,0.00,15.618,11.618,2,7.786,0.113,0,19.82,0.003,0,87.96,0.292,100,0.20,11.201,56,35.72,0.00,0,3.8,0.080
1243,10159.586,AllocLarge,2B,0.287,0.0,0.105,12.03,14.824,14.833,2,7.786,0.128,0,91.41,0.003,0,87.96,0.292,100,0.20,14.401,49,50.00,0.00,0,3.3,0.078
1244,10166.223,AllocLarge,2B,0.310,14.3,0.000,0.00,15.633,11.632,2,7.786,0.128,0,17.52,0.003,0,87.96,0.292,100,0.20,11.201,56,35.72,0.00,0,4.5,0.079
1245,10174.942,AllocLarge,2B,0.298,0.0,0.103,12.13,14.839,14.848,2,7.786,0.143,0,92.30,0.003,0,87.96,0.292,100,0.20,14.401,49,50.00,0.00,0,3.5,0.091
1246,10181.818,AllocLarge,2B,0.364,22.2,0.000,0.00,15.648,11.647,2,7.786,0.143,0,15.69,0.003,0,87.96,0.292,100,0.20,11.201,56,35.72,0.00,0,5.0,0.080
1247,10190.487,AllocLarge,2B,0.263,12.5,0.000,0.00,14.854,14.862,2,7.786,0.158,0,93.03,0.003,0,87.96,0.292,100,0.20,14.401,49,50.00,0.00,0,3.2,0.079
1248,10197.134,AllocLarge,2B,0.260,0.0,0.105,15.21,15.663,11.662,2,7.786,0.158,0,14.22,0.003,0,87.96,0.292,100,0.20,11.201,56,35.72,0.00,0,3.8,0.077
1249,10205.663,AllocLarge,2B,0.299,0.0,0.000,0.00,14.869,14.877,2,7.786,0.173,0,93.63,0.003,0,87.96,0.292,100,0.20,14.401,49,50.00,0.00,0,3.6,0.098
1250,10212.279,AllocLarge,2B,0.378,14.3,0.000,0.00,15.677,11.677,2,7.786,0.173,0,12.99,0.003,0,87.96,0.292,100,0.20,11.201,56,35.72,0.00,0,5.3,0.110
1251,10221.230,AllocLarge,2B,0.297,0.0,0.103,12.18,14.884,14.892,2,7.786,0.188,0,94.13,0.003,0,87.96,0.292,100,0.20,14.401,49,50.00,0.00,0,3.5,0.083
1252,10228.057,AllocLarge,2B,0.303,0.0,0.000,0.00,15.692,11.692,2,7.786,0.188,0,11.96,0.003,0,87.96,0.292,100,0.20,11.201,56,35.72,0.00,0,4.3,0.100
1253,10236.874,AllocLarge,2B,0.333,11.1,0.000,0.00,14.899,14.907,2,7.786,0.203,0,94.57,0.003,0,87.96,0.292,100,0.20,14.401,49,50.00,0.00,0,3.9,0.078
1254,10243.486,AllocLarge,2B,0.249,14.3,0.105,15.54,15.707,11.707,2,7.786,0.203,0,11.08,0.003,0,87.96,0.292,100,0.20,11.201,56,35.72,0.00,0,3.7,0.074
1255,10252.047,AllocLarge,2B,0.278,0.0,0.000,0.00,14.914,14.922,2,7.786,0.217,0,94.94,0.003,0,87.96,0.292,100,0.20,14.401,49,50.00,0.00,0,3.3,0.078
1256,10258.616,AllocLarge,2B,0.224,12.5,0.000,0.00,15.722,11.722,2,7.786,0.217,0,10.32,0.003,0,87.96,0.292,100,0.20,11.201,56,35.72,0.00,0,3.3,0.075
1257,10267.079,AllocLarge,2B,0.284,0.0,0.103,12.45,14.929,14.937,2,7.786,0.232,0,95.26,0.003,0,87.96,0.292,100,0.20,14.401,49,50.00,0.00,0,3.4,0.101
1258,10273.666,AllocLarge,2B,0.464,14.3,0.000,0.00,15.737,11.737,2,7.786,0.232,0,9.66,0.003,0,87.96,0.292,100,0.20,11.201,56,35.72,0.00,0,6.5,0.106
1259,10282.472,AllocLarge,2B,0.315,0.0,0.000,0.00,14.944,14.952,2,7.786,0.247,0,95.55,0.003,0,87.96,0.292,100,0.20,14.401,49,50.00,0.00,0,3.8,0.112
1260,10289.017,AllocLarge,2B,0.418,25.0,0.105,15.04,15.752,11.752,2,7.786,0.247,0,9.08,0.003,0,87.96,0.292,100,0.20,11.201,56,35.72,0.00,0,6.0,0.108
1261,10297.851,AllocLarge,2B,0.304,10.0,0.000,0.00,14.958,14.967,2,7.786,0.262,0,95.80,0.003,0,87.96,0.292,100,0.20,14.401,49,50.00,0.00,0,3.6,0.080
1262,10304.596,AllocLarge,2B,0.303,11.1,0.000,0.00,15.767,11.766,2,7.786,0.262,0,5.43,0.003,0,87.96,0.292,100,0.20,11.201,56,35.72,0.00,0,4.2,0.087
1263,10313.581,AllocLarge,2B,0.322,11.1,0.105,12.37,14.973,14.982,2,7.786,0.277,0,96.03,0.003,0,87.96,0.292,100,0.20,14.401,49,50.00,0.00,0,3.8,0.081
1264,10320.244,AllocLarge,2B,0.351,11.1,0.000,0.00,15.782,11.781,2,7.786,0.277,0,8.11,0.003,0,87.96,0.292,100,0.20,11.201,56,35.72,0.00,0,5.0,0.083
1265,10329.074,AllocLarge,2B,0.317,10.0,0.000,0.00,14.988,14.996,2,7.786,0.292,0,96.23,0.003,0,87.96,0.292,100,0.20,14.401,49,50.00,0.00,0,3.7,0.084
1266,10335.869,AllocLarge,2B,0.322,11.1,0.103,14.54,15.796,11.796,2,7.786,0.292,0,7.69,0.003,0,87.96,0.292,100,0.20,11.201,56,35.72,0.00,0,4.6,0.094
1267,10344.674,AllocLarge,2B,0.294,0.0,0.000,0.00,15.003,15.011,2,7.786,0.307,0,96.41,0.003,0,87.96,0.292,100,0.20,14.401,49,50.00,0.00,0,3.5,0.081
1268,10351.842,AllocLarge,2B,0.367,11.1,0.000,0.00,15.811,11.811,2,7.786,0.307,0,7.32,0.003,0,87.96,0.292,100,0.20,11.201,56,35.72,0.00,0,4.9,0.086
1269,10360.783,AllocLarge,2B,0.334,11.1,0.105,12.10,15.018,15.026,2,7.786,0.322,0,96.58,0.003,0,87.96,0.292,100,0.20,14.401,49,50.00,0.00,0,3.8,0.087
1270,10367.676,AllocLarge,2B,0.339,14.3,0.000,0.00,15.826,11.826,2,7.786,0.322,0,6.98,0.003,0,87.96,0.292,100,0.20,11.201,56,35.72,0.00,0,4.8,0.083
1271,10377.033,AllocLarge,2B,0.355,10.0,0.103,11.26,15.033,15.041,2,7.786,0.336,0,96.73,0.003,0,87.96,0.292,100,0.20,14.401,49,50.00,0.00,0,3.9,0.093
1272,10384.490,AllocLarge,2B,0.330,0.0,0.000,0.00,15.841,11.841,2,7.786,0.336,0,6.67,0.003,0,87.96,0.292,100,0.20,11.201,56,35.72,0.00,0,4.3,0.081
1273,10393.309,AllocLarge,2B,0.285,0.0,0.000,0.00,15.048,15.056,2,7.786,0.351,0,96.87,0.003,0,87.96,0.292,100,0.20,14.401,49,50.00,0.00,0,3.4,0.077
1274,10400.896,AllocLarge,2B,0.392,12.5,0.105,12.95,15.856,11.856,2,7.786,0.351,0,6.39,0.003,0,87.96,0.292,100,0.20,11.201,56,35.72,0.00,0,4.8,0.100
1275,10410.029,AllocLarge,2B,0.342,11.1,0.000,0.00,15.063,15.071,2,7.786,0.366,0,97.12,0.003,0,87.96,0.292,100,0.20,14.401,49,50.00,0.00,0,3.9,0.092
1276,10417.061,AllocLarge,2B,0.347,12.5,0.000,0.00,15.871,11.871,2,7.786,0.366,0,6.13,0.003,0,87.96,0.292,100,0.20,11.201,56,35.72,0.00,0,4.8,0.082
1277,10426.202,AllocLarge,2B,0.322,0.0,0.103,11.60,15.077,15.086,2,7.786,0.381,0,97.11,0.003,0,87.96,0.292,100,0.20,14.401,49,50.00,0.00,0,3.6,0.078
1278,10433.034,AllocLarge,2B,0.394,14.3,0.000,0.00,15.886,11.885,2,7.786,0.381,0,5.89,0.003,0,87.96,0.292,100,0.20,11.201,56,35.72,0.00,0,5.4,0.084
1279,10442.407,AllocLarge,2B,0.319,10.0,0.000,0.00,15.092,15.101,2,7.786,0.396,0,97.22,0.003,0,87.96,0.292,100,0.20,14.401,49,50.00,0.00,0,3.6,0.098
1280,10449.458,AllocLarge,2B,0.299,14.3,0.105,14.41,15.901,11.900,2,7.786,0.396,0,5.67,0.003,0,87.96,0.292,100,0.20,11.201,56,35.72,0.00,0,4.1,0.081
1281,10459.115,AllocLarge,2B,0.368,0.0,0.000,0.00,15.107,15.115,2,7.786,0.411,0,97.32,0.003,0,87.96,0.292,100,0.20,14.401,49,50.00,0.00,0,3.9,0.082
1282,10465.992,AllocLarge,2B,0.357,14.3,0.000,0.00,15.915,11.915,2,7.786,0.411,0,5.46,0.003,0,87.96,0.292,100,0.20,11.201,56,35.72,0.00,0,5.0,0.084
1283,10475.247,AllocLarge,2B,0.326,11.1,0.103,11.59,15.122,15.130,2,7.786,0.426,0,97.41,0.003,0,87.96,0.292,100,0.20,14.401,49,50.00,0.00,0,3.7,0.083
1284,10482.041,AllocLarge,2B,0.336,0.0,0.000,0.00,15.930,11.930,2,7.786,0.426,0,5.27,0.003,0,87.96,0.292,100,0.20,11.201,56,35.72,0.00,0,4.7,0.088
1285,10490.921,AllocLarge,2B,0.394,11.1,0.000,0.00,15.137,15.145,2,7.786,0.441,0,97.50,0.003,0,87.96,0.292,100,0.20,14.401,49,50.00,0.00,0,4.6,0.146
1286,10498.265,AllocLarge,2B,0.294,0.0,0.105,14.02,15.945,11.945,2,7.786,0.441,0,5.09,0.003,0,87.96,0.292,100,0.20,11.201,56,35.72,0.00,0,3.9,0.082
1287,10507.435,AllocLarge,2B,0.289,0.0,0.000,0.00,15.152,15.160,2,7.786,0.456,0,97.58,0.003,0,87.96,0.292,100,0.20,14.401,49,50.00,0.00,0,3.2,0.080
1288,10514.951,AllocLarge,2B,0.324,10.0,0.000,0.00,15.960,11.960,2,7.786,0.456,0,4.93,0.003,0,87.96,0.292,100,0.20,11.201,56,35.72,0.00,0,4.1,0.101
1289,10524.076,AllocLarge,2B,0.315,0.0,0.105,11.95,15.167,15.175,2,7.786,0.470,0,97.66,0.003,0,87.96,0.292,100,0.20,14.401,49,50.00,0.00,0,3.6,0.086
1290,10531.121,AllocLarge,2B,0.312,12.5,0.000,0.00,15.975,11.975,2,7.786,0.470,0,4.77,0.003,0,87.96,0.292,100,0.20,11.201,56,35.72,0.00,0,4.3,0.082
1291,10539.885,AllocLarge,2B,0.304,0.0,0.000,0.00,15.182,15.190,2,7.786,0.485,0,97.73,0.003,0,87.96,0.292,100,0.20,14.401,49,50.00,0.00,0,3.6,0.099
1292,10546.632,AllocLarge,2B,0.328,0.0,0.103,14.57,15.990,11.990,2,7.786,0.485,0,4.63,0.003,0,87.96,0.292,100,0.20,11.201,56,35.72,0.00,0,4.7,0.084
1293,10555.514,AllocLarge,2B,0.347,10.0,0.000,0.00,15.196,15.205,2,7.786,0.500,0,97.80,0.003,0,87.96,0.292,100,0.20,14.401,49,50.00,0.00,0,4.0,0.116
1294,10562.193,AllocLarge,2B,0.319,0.0,0.000,0.00,16.005,12.004,2,7.786,0.500,0,4.49,0.003,0,87.96,0.292,100,0.20,11.201,56,35.72,0.00,0,4.6,0.082
1295,10571.544,AllocLarge,2B,0.358,10.0,0.105,11.53,15.211,15.220,2,7.786,0.515,0,97.86,0.003,0,87.96,0.292,100,0.20,14.401,49,50.00,0.00,0,3.9,0.083
1296,10578.657,AllocLarge,2B,0.310,12.5,0.000,0.00,16.020,12.019,2,7.786,0.515,0,4.36,0.003,0,87.96,0.292,100,0.20,11.201,56,35.72,0.00,0,4.2,0.085
1297,10588.476,AllocLarge,2B,0.308,0.0,0.103,10.90,15.226,15.234,2,7.786,0.530,0,97.92,0.003,0,87.96,0.292,100,0.20,14.401,49,50.00,0.00,0,3.3,0.090
1298,10595.423,AllocLarge,2B,0.359,11.1,0.000,0.00,16.035,12.034,2,7.786,0.530,0,4.24,0.003,0,87.96,0.292,100,0.20,11.201,56,35.72,0.00,0,4.9,0.109
1299,10604.407,AllocLarge,2B,0.283,0.0,0.000,0.00,15.241,15.249,2,7.786,0.545,0,97.98,0.003,0,87.96,0.292,100,0.20,14.401,49,50.00,0.00,0,3.3,0.079
1300,10611.097,AllocLarge,2B,0.359,11.1,0.105,14.81,16.049,12.049,2,7.786,0.545,0,4.12,0.003,0,87.96,0.292,100,0.20,11.201,56,35.72,0.00,0,5.1,0.142
1301,10620.087,AllocLarge,2B,0.321,0.0,0.000,0.00,15.256,15.264,2,7.786,0.560,0,98.03,0.003,0,87.96,0.292,100,0.20,14.401,49,50.00,0.00,0,3.7,0.104
1302,10627.526,AllocLarge,2B,0.404,12.5,0.000,0.00,16.064,12.064,2,7.786,0.560,0,4.01,0.003,0,87.96,0.292,100,0.20,11.201,56,35.72,0.00,0,5.1,0.106
1303,10636.922,AllocLarge,2B,0.312,0.0,0.103,11.55,15.271,15.279,2,7.786,0.575,0,98.08,0.003,0,87.96,0.292,100,0.20,14.401,49,50.00,0.00,0,3.5,0.082
1304,10643.757,AllocLarge,2B,0.316,12.5,0.000,0.00,16.079,12.079,2,7.786,0.575,0,3.91,0.003,0,87.96,0.292,100,0.20,11.201,56,35.72,0.00,0,4.4,0.084
1305,10652.878,AllocLarge,2B,0.321,0.0,0.000,0.00,15.286,15.294,2,7.786,0.589,0,98.13,0.003,0,87.96,0.292,100,0.20,14.401,49,50.00,0.00,0,3.6,0.080
1306,10659.617,AllocLarge,2B,0.321,12.5,0.105,14.86,16.094,12.094,2,7.786,0.589,0,3.81,0.003,0,87.96,0.292,100,0.20,11.201,56,35.72,0.00,0,4.5,0.087
1307,10668.567,AllocLarge,2B,0.283,0.0,0.000,0.00,15.301,15.309,2,7.786,0.604,0,98.18,0.003,0,87.96,0.292,100,0.20,14.401,49,50.00,0.00,0,3.3,0.081
1308,10675.194,AllocLarge,2B,0.347,0.0,0.000,0.00,16.109,12.109,2,7.786,0.604,0,3.71,0.003,0,87.96,0.292,100,0.20,11.201,56,35.72,0.00,0,5.0,0.086
1309,10684.051,AllocLarge,2B,0.307,0.0,0.103,12.08,15.316,15.324,2,7.786,0.619,0,98.22,0.003,0,87.96,0.292,100,0.20,14.401,49,50.00,0.00,0,3.6,0.080
1310,10691.056,AllocLarge,2B,0.345,0.0,0.000,0.00,16.124,12.124,2,7.786,0.619,0,3.63,0.003,0,87.96,0.292,100,0.20,11.201,56,35.72,0.00,0,4.6,0.104
1311,10700.438,AllocLarge,2B,0.345,0.0,0.000,0.00,15.330,15.339,2,7.786,0.634,0,98.26,0.003,0,87.96,0.292,100,0.20,14.401,49,50.00,0.00,0,3.8,0.086
1312,10708.090,AllocLarge,2B,0.299,0.0,0.105,13.47,16.139,12.138,2,7.786,0.634,0,3.54,0.003,0,87.96,0.292,100,0.20,11.201,56,35.72,0.00,0,3.8,0.076
1313,10717.106,AllocLarge,2B,0.366,9.1,0.000,0.00,15.345,15.354,2,7.786,0.649,0,98.30,0.003,0,87.96,0.292,100,0.20,14.401,49,50.00,0.00,0,4.1,0.145
1314,10723.936,AllocLarge,2B,0.379,16.7,0.000,0.00,16.154,12.153,2,7.786,0.649,0,3.46,0.003,0,87.96,0.292,100,0.20,11.201,56,35.72,0.00,0,5.3,0.084
1315,10733.057,AllocLarge,2B,0.314,10.0,0.105,12.06,15.360,15.368,2,7.786,0.664,0,98.34,0.003,0,87.96,0.292,100,0.20,14.401,49,50.00,0.00,0,3.6,0.107
1316,10739.689,AllocLarge,2B,0.288,12.5,0.000,0.00,16.168,12.168,2,7.786,0.664,0,3.38,0.003,0,87.96,0.292,100,0.20,11.201,56,35.72,0.00,0,4.2,0.078
1317,10748.511,AllocLarge,2B,0.346,20.0,0.000,0.00,15.375,15.383,2,7.786,0.679,0,98.38,0.003,0,87.96,0.292,100,0.20,14.401,49,50.00,0.00,0,4.0,0.082
1318,10755.579,AllocLarge,2B,0.297,0.0,0.103,14.02,16.183,12.183,2,7.786,0.679,0,3.31,0.003,0,87.96,0.292,100,0.20,11.201,56,35.72,0.00,0,4.1,0.078
1319,10765.092,AllocLarge,2B,0.318,0.0,0.000,0.00,15.390,15.398,2,7.786,0.694,0,98.41,0.003,0,87.96,0.292,100,0.20,14.401,49,50.00,0.00,0,3.4,0.105
1320,10772.139,AllocLarge,2B,0.309,11.1,0.000,0.00,16.198,12.198,2,7.786,0.694,0,3.24,0.003,0,87.96,0.292,100,0.20,11.201,56,35.72,0.00,0,4.3,0.080
1321,10780.773,AllocLarge,2B,0.278,0.0,0.105,12.60,15.405,15.413,2,7.786,0.708,0,98.45,0.003,0,87.96,0.292,100,0.20,14.401,49,50.00,0.00,0,3.3,0.078
1322,10787.267,AllocLarge,2B,0.319,12.5,0.000,0.00,16.213,12.213,2,7.786,0.708,0,3.17,0.003,0,87.96,0.292,100,0.20,11.201,56,35.72,0.00,0,4.6,0.098
1323,10796.258,AllocLarge,2B,0.299,0.0,0.103,11.92,15.420,15.428,2,7.786,0.723,0,98.48,0.003,0,87.96,0.292,100,0.20,14.401,49,50.00,0.00,0,3.5,0.107
1324,10803.249,AllocLarge,2B,0.291,12.5,0.000,0.00,16.228,12.228,2,7.786,0.723,0,3.10,0.003,0,87.96,0.292,100,0.20,11.201,56,35.72,0.00,0,4.0,0.080
1325,10812.238,AllocLarge,2B,0.282,0.0,0.000,0.00,15.435,15.443,2,7.786,0.738,0,98.51,0.003,0,87.96,0.292,100,0.20,14.401,49,50.00,0.00,0,3.3,0.082
1326,10818.801,AllocLarge,2B,0.242,14.3,0.105,15.35,16.243,12.243,2,7.786,0.738,0,3.04,0.003,0,87.96,0.292,100,0.20,11.201,56,35.72,0.00,0,3.5,0.076
1327,10827.265,AllocLarge,2B,0.218,0.0,0.000,0.00,15.449,15.458,2,7.786,0.753,0,98.54,0.003,0,87.96,0.292,100,0.20,14.401,49,50.00,0.00,0,2.7,0.073
1328,10834.097,AllocLarge,2B,0.308,11.1,0.000,0.00,16.258,12.257,2,7.786,0.753,0,2.98,0.003,0,87.96,0.292,100,0.20,11.201,56,35.72,0.00,0,4.3,0.096
1329,10843.377,AllocLarge,2B,0.287,0.0,0.103,11.44,15.464,15.473,2,7.786,0.768,0,98.57,0.003,0,87.96,0.292,100,0.20,14.401,49,50.00,0.00,0,3.2,0.089
1330,10850.396,AllocLarge,2B,0.297,0.0,0.000,0.00,16.273,12.272,2,7.786,0.768,0,2.92,0.003,0,87.96,0.292,100,0.20,11.201,56,35.72,0.00,0,4.0,0.081
1331,10859.495,AllocLarge,2B,0.268,10.0,0.000,0.00,15.479,15.487,2,7.786,0.783,0,98.59,0.003,0,87.96,0.292,100,0.20,14.401,49,50.00,0.00,0,3.0,0.087
1332,10866.469,AllocLarge,2B,0.285,12.5,0.105,14.52,16.287,12.287,2,7.786,0.783,0,2.87,0.003,0,87.96,0.292,100,0.20,11.201,56,35.72,0.00,0,3.9,0.097
1333,10875.349,AllocLarge,2B,0.269,0.0,0.000,0.00,15.494,15.502,2,7.786,0.798,0,98.68,0.003,0,87.96,0.292,100,0.20,14.401,49,50.00,0.00,0,3.1,0.083
1334,10881.979,AllocLarge,2B,0.273,0.0,0.000,0.00,16.302,12.302,2,7.786,0.798,0,2.81,0.003,0,87.96,0.292,100,0.20,11.201,56,35.72,0.00,0,4.0,0.077
1335,10890.450,AllocLarge,2B,0.278,10.0,0.103,12.47,15.509,15.517,2,7.786,0.813,0,98.65,0.003,0,87.96,0.292,100,0.20,14.401,49,50.00,0.00,0,3.4,0.075
1336,10896.986,AllocLarge,2B,0.325,12.5,0.000,0.00,16.317,12.317,2,7.786,0.813,0,2.76,0.003,0,87.96,0.292,100,0.20,11.201,56,35.72,0.00,0,4.7,0.093
1337,10905.418,AllocLarge,2B,0.244,0.0,0.000,0.00,15.524,15.532,2,7.786,0.828,0,98.67,0.003,0,87.96,0.292,100,0.20,14.401,49,50.00,0.00,0,3.0,0.082
1338,10911.850,AllocLarge,2B,0.396,12.5,0.105,15.04,16.332,12.332,2,7.786,0.828,0,2.71,0.003,0,87.96,0.292,100,0.20,11.201,56,35.72,0.00,0,5.7,0.088
1339,10920.492,AllocLarge,2B,0.254,12.5,0.000,0.00,15.539,15.547,2,7.786,0.842,0,98.69,0.003,0,87.96,0.292,100,0.20,14.401,49,50.00,0.00,0,3.1,0.088
1340,10927.054,AllocLarge,2B,0.296,0.0,0.000,0.00,16.347,12.347,2,7.786,0.842,0,2.66,0.003,0,87.96,0.292,100,0.20,11.201,56,35.72,0.00,0,4.3,0.078
1341,10935.775,AllocLarge,2B,0.266,11.1,0.105,12.52,15.554,15.562,2,7.786,0.857,0,98.72,0.003,0,87.96,0.292,100,0.20,14.401,49,50.00,0.00,0,3.2,0.076
1342,10942.282,AllocLarge,2B,0.224,0.0,0.000,0.00,16.362,12.362,2,7.786,0.857,0,2.62,0.003,0,87.96,0.292,100,0.20,11.201,56,35.72,0.00,0,3.3,0.074
1343,10950.713,AllocLarge,2B,0.226,10.0,0.000,0.00,15.568,15.577,2,7.786,0.872,0,98.74,0.003,0,87.96,0.292,100,0.20,14.401,49,50.00,0.00,0,2.8,0.074
1344,10957.211,AllocLarge,2B,0.249,0.0,0.103,15.20,16.377,12.376,2,7.786,0.872,0,2.57,0.003,0,87.96,0.292,100,0.20,11.201,56,35.72,0.00,0,3.7,0.095
1345,10965.760,AllocLarge,2B,0.235,0.0,0.000,0.00,15.583,15.592,2,7.786,0.887,0,98.76,0.003,0,87.96,0.292,100,0.20,14.401,49,50.00,0.00,0,2.8,0.076
1346,10972.096,AllocLarge,2B,0.251,12.5,0.000,0.00,16.392,12.391,2,7.786,0.887,0,2.53,0.003,0,87.96,0.292,100,0.20,11.201,56,35.72,0.00,0,3.7,0.080
1347,10980.603,AllocLarge,2B,0.261,11.1,0.105,12.91,15.598,15.606,2,7.786,0.902,0,98.78,0.003,0,87.96,0.292,100,0.20,14.401,49,50.00,0.00,0,3.2,0.075
1348,10987.016,AllocLarge,2B,0.284,0.0,0.000,0.00,16.407,12.406,2,7.786,0.902,0,2.49,0.003,0,87.96,0.292,100,0.20,11.201,56,35.72,0.00,0,4.3,0.072
1349,10995.678,AllocLarge,2B,0.271,12.5,0.103,12.15,15.613,15.621,2,7.786,0.917,0,98.80,0.003,0,87.96,0.292,100,0.20,14.401,49,50.00,0.00,0,3.2,0.087
1350,11002.069,AllocLarge,2B,0.216,0.0,0.000,0.00,16.421,12.421,2,7.786,0.917,0,2.45,0.003,0,87.96,0.292,100,0.20,11.201,56,35.72,0.00,0,3.3,0.073
1351,11010.719,AllocLarge,2B,0.331,0.0,0.000,0.00,15.628,15.636,2,7.786,0.932,0,98.82,0.003,0,87.96,0.292,100,0.20,14.401,49,50.00,0.00,0,3.9,0.115
1352,11017.540,AllocLarge,2B,0.279,14.3,0.105,14.84,16.436,12.436,2,7.786,0.932,0,2.41,0.003,0,87.96,0.292,100,0.20,11.201,56,35.72,0.00,0,3.9,0.080
1353,11026.336,AllocLarge,2B,0.281,0.0,0.000,0.00,15.643,15.651,2,7.786,0.947,0,98.84,0.003,0,87.96,0.292,100,0.20,14.401,49,50.00,0.00,0,3.3,0.079
1354,11032.839,AllocLarge,2B,0.297,12.5,0.000,0.00,16.451,12.451,2,7.786,0.947,0,2.37,0.003,0,87.96,0.292,100,0.20,11.201,56,35.72,0.00,0,4.3,0.084
1355,11041.591,AllocLarge,2B,0.239,0.0,0.103,12.34,15.658,15.666,2,7.786,0.961,0,98.86,0.003,0,87.96,0.292,100,0.20,14.401,49,50.00,0.00,0,2.9,0.075
1356,11048.055,AllocLarge,2B,0.278,11.1,0.000,0.00,16.466,12.466,2,7.786,0.961,0,2.33,0.003,0,87.96,0.292,100,0.20,11.201,56,35.72,0.00,0,4.1,0.079
1357,11056.653,AllocLarge,2B,0.231,0.0,0.000,0.00,15.673,15.681,2,7.786,0.976,0,98.87,0.003,0,87.96,0.292,100,0.20,14.401,49,50.00,0.00,0,2.8,0.073
1358,11063.131,AllocLarge,2B,0.239,0.0,0.105,15.58,16.481,12.481,2,7.786,0.976,0,2.30,0.003,0,87.96,0.292,100,0.20,11.201,56,35.72,0.00,0,3.5,0.074
1359,11071.563,AllocLarge,2B,0.236,11.1,0.000,0.00,15.688,15.696,2,7.786,0.991,0,98.89,0.003,0,87.96,0.292,100,0.20,14.401,49,50.00,0.00,0,2.9,0.074
1360,11077.990,AllocLarge,2B,0.226,12.5,0.000,0.00,16.496,12.496,2,7.786,0.991,0,2.26,0.003,0,87.96,0.292,100,0.20,11.201,56,35.72,0.00,0,3.4,0.072
1361,11086.656,AllocLarge,2B,0.280,0.0,0.103,12.08,15.702,15.711,2,7.786,1.006,0,98.91,0.003,0,87.96,0.292,100,0.20,14.401,49,50.00,0.00,0,3.3,0.093
1362,11093.177,AllocLarge,2B,0.276,0.0,0.000,0.00,16.511,12.510,2,7.786,1.006,0,2.23,0.003,0,87.96,0.292,100,0.20,11.201,56,35.72,0.00,0,4.1,0.098
1363,11101.871,AllocLarge,2B,0.256,0.0,0.000,0.00,15.717,15.726,2,7.786,1.021,0,98.92,0.003,0,87.96,0.292,100,0.20,14.401,49,50.00,0.00,0,3.0,0.076
1364,11108.302,AllocLarge,2B,0.219,11.1,0.105,15.83,16.526,12.525,2,7.786,1.021,0,2.20,0.003,0,87.96,0.292,100,0.20,11.201,56,35.72,0.00,0,3.3,0.073
1365,11116.935,AllocLarge,2B,0.258,0.0,0.000,0.00,15.732,15.740,2,7.786,1.036,0,98.94,0.003,0,87.96,0.292,100,0.20,14.401,49,50.00,0.00,0,3.1,0.076
1366,11123.401,AllocLarge,2B,0.296,12.5,0.000,0.00,16.540,12.540,2,7.786,1.036,0,2.17,0.003,0,87.96,0.292,100,0.20,11.201,56,35.72,0.00,0,4.4,0.117
1367,11132.050,AllocLarge,2B,0.258,11.1,0.105,12.61,15.747,15.755,2,7.786,1.051,0,98.95,0.003,0,87.96,0.292,100,0.20,14.401,49,50.00,0.00,0,3.1,0.079
1368,11138.448,AllocLarge,2B,0.252,12.5,0.000,0.00,16.555,12.555,2,7.786,1.051,0,2.14,0.003,0,87.96,0.292,100,0.20,11.201,56,35.72,0.00,0,3.8,0.073
1369,11147.608,AllocLarge,2B,0.285,0.0,0.000,0.00,15.762,15.770,2,7.786,1.066,0,98.97,0.003,0,87.96,0.292,100,0.20,14.401,49,50.00,0.00,0,3.2,0.079
1370,11154.113,AllocLarge,2B,0.256,12.5,0.103,15.15,16.570,12.570,2,7.786,1.066,0,2.11,0.003,0,87.96,0.292,100,0.20,11.201,56,35.72,0.00,0,3.8,0.076
1371,11162.798,AllocLarge,2B,0.241,11.1,0.000,0.00,15.777,15.785,2,7.786,1.080,0,98.98,0.003,0,87.96,0.292,100,0.20,14.401,49,50.00,0.00,0,2.9,0.074
1372,11169.285,AllocLarge,2B,0.274,0.0,0.000,0.00,16.585,12.585,2,7.786,1.080,0,2.08,0.003,0,87.96,0.292,100,0.20,11.201,56,35.72,0.00,0,4.1,0.108
1373,11177.792,AllocLarge,2B,0.211,11.1,0.105,12.86,15.792,15.800,2,7.786,1.095,0,99.00,0.003,0,87.96,0.292,100,0.20,14.401,49,50.00,0.00,0,2.6,0.072
1374,11184.715,AllocLarge,2B,0.362,12.5,0.000,0.00,16.600,12.600,2,7.786,1.095,0,2.05,0.003,0,87.96,0.292,100,0.20,11.201,56,35.72,0.00,0,4.8,0.133
1375,11193.756,AllocLarge,2B,0.289,0.0,0.103,11.97,15.807,15.815,2,7.786,1.110,0,99.01,0.003,0,87.96,0.292,100,0.20,14.401,49,50.00,0.00,0,3.4,0.090
1376,11200.429,AllocLarge,2B,0.357,0.0,0.000,0.00,16.615,12.615,2,7.786,1.110,0,2.02,0.003,0,87.96,0.292,100,0.20,11.201,56,35.72,0.00,0,5.0,0.104
1377,11209.260,AllocLarge,2B,0.289,0.0,0.000,0.00,15.821,15.830,2,7.786,1.125,0,99.02,0.003,0,87.96,0.292,100,0.20,14.401,49,50.00,0.00,0,3.4,0.077
1378,11215.818,AllocLarge,2B,0.283,11.1,0.105,15.37,16.630,12.629,2,7.786,1.125,0,2.00,0.003,0,87.96,0.292,100,0.20,11.201,56,35.72,0.00,0,4.1,0.082
1379,11224.235,AllocLarge,2B,0.229,0.0,0.000,0.00,15.836,15.845,2,7.786,1.140,0,99.03,0.003,0,87.96,0.292,100,0.20,14.401,49,50.00,0.00,0,2.8,0.092
1380,11231.010,AllocLarge,2B,0.290,12.5,0.000,0.00,16.645,12.644,2,7.786,1.140,0,1.97,0.003,0,87.96,0.292,100,0.20,11.201,56,35.72,0.00,0,4.0,0.080
1381,11239.830,AllocLarge,2B,0.277,0.0,0.103,12.12,15.851,15.859,2,7.786,1.155,0,99.05,0.003,0,87.96,0.292,100,0.20,14.401,49,50.00,0.00,0,3.3,0.078
1382,11246.588,AllocLarge,2B,0.299,12.5,0.000,0.00,16.659,12.659,2,7.786,1.155,0,1.94,0.003,0,87.96,0.292,100,0.20,11.201,56,35.72,0.00,0,4.2,0.080
1383,11255.245,AllocLarge,2B,0.267,11.1,0.000,0.00,15.866,15.874,2,7.786,1.170,0,99.06,0.003,0,87.96,0.292,100,0.20,14.401,49,50.00,0.00,0,3.2,0.094
1384,11261.844,AllocLarge,2B,0.336,0.0,0.105,15.04,16.674,12.674,2,7.786,1.170,0,1.92,0.003,0,87.96,0.292,100,0.20,11.201,56,35.72,0.00,0,4.8,0.113
1385,11270.475,AllocLarge,2B,0.243,0.0,0.000,0.00,15.881,15.889,2,7.786,1.185,0,99.07,0.003,0,87.96,0.292,100,0.20,14.401,49,50.00,0.00,0,3.0,0.075
1386,11277.054,AllocLarge,2B,0.239,12.5,0.000,0.00,16.689,12.689,2,7.786,1.185,0,1.89,0.003,0,87.96,0.292,100,0.20,11.201,56,35.72,0.00,0,3.5,0.077
1387,11285.535,AllocLarge,2B,0.250,0.0,0.103,12.50,15.896,15.904,2,7.786,1.200,0,99.08,0.003,0,87.96,0.292,100,0.20,14.401,49,50.00,0.00,0,3.0,0.085
1388,11292.090,AllocLarge,2B,0.222,14.3,0.000,0.00,16.704,12.704,2,7.786,1.200,0,1.87,0.003,0,87.96,0.292,100,0.20,11.201,56,35.72,0.00,0,3.3,0.074
1389,11300.558,AllocLarge,2B,0.261,0.0,0.000,0.00,15.911,15.919,2,7.786,1.214,0,99.09,0.003,0,87.96,0.292,100,0.20,14.401,49,50.00,0.00,0,3.2,0.079
1390,11307.271,AllocLarge,2B,0.304,11.1,0.105,14.91,16.719,12.719,2,7.786,1.214,0,1.85,0.003,0,87.96,0.292,100,0.20,11.201,56,35.72,0.00,0,4.3,0.098
1391,11316.342,AllocLarge,2B,0.356,10.0,0.000,0.00,15.926,15.934,2,7.786,1.229,0,99.10,0.003,0,87.96,0.292,100,0.20,14.401,49,50.00,0.00,0,4.0,0.098
1392,11322.978,AllocLarge,2B,0.289,14.3,0.000,0.00,16.734,12.734,2,7.786,1.229,0,1.83,0.003,0,87.96,0.292,100,0.20,11.201,56,35.72,0.00,0,4.2,0.082
1393,11331.655,AllocLarge,2B,0.251,10.0,0.105,12.65,15.940,15.949,2,7.786,1.244,0,99.12,0.003,0,87.96,0.292,100,0.20,14.401,49,50.00,0.00,0,3.0,0.066
1394,11338.890,AllocLarge,2B,0.351,22.2,0.000,0.00,16.749,12.748,2,7.786,1.244,0,1.80,0.003,0,87.96,0.292,100,0.20,11.201,56,35.72,0.00,0,4.6,0.079
1395,11348.244,AllocLarge,2B,0.294,0.0,0.000,0.00,15.955,15.964,2,7.786,1.259,0,99.16,0.003,0,87.96,0.292,100,0.20,14.401,49,50.00,0.00,0,3.3,0.080
1396,11354.923,AllocLarge,2B,0.270,11.1,0.103,14.74,16.764,12.763,2,7.786,1.259,0,1.78,0.003,0,87.96,0.292,100,0.20,11.201,56,35.72,0.00,0,3.9,0.077
1397,11363.395,AllocLarge,2B,0.276,0.0,0.000,0.00,15.970,15.978,2,7.786,1.274,0,99.14,0.003,0,87.96,0.292,100,0.20,14.401,49,50.00,0.00,0,3.4,0.079
1398,11370.135,AllocLarge,2B,0.289,0.0,0.000,0.00,16.779,12.778,2,7.786,1.274,0,1.76,0.003,0,87.96,0.292,100,0.20,11.201,56,35.72,0.00,0,4.1,0.084
1399,11378.656,AllocLarge,2B,0.298,11.1,0.105,12.76,15.985,15.993,2,7.786,1.289,0,99.15,0.003,0,87.96,0.292,100,0.20,14.401,49,50.00,0.00,0,3.6,0.077
1400,11385.147,AllocLarge,2B,0.329,12.5,0.000,0.00,16.793,12.793,2,7.786,1.289,0,1.74,0.003,0,87.96,0.292,100,0.20,11.201,56,35.72,0.00,0,4.8,0.088
1401,11393.816,AllocLarge,2B,0.282,0.0,0.103,12.46,16.000,16.008,2,7.786,1.304,0,99.16,0.003,0,87.96,0.292,100,0.20,14.401,49,50.00,0.00,0,3.4,0.077
1402,11400.294,AllocLarge,2B,0.301,14.3,0.000,0.00,16.808,12.808,2,7.786,1.304,0,1.72,0.003,0,87.96,0.292,100,0.20,11.201,56,35.72,0.00,0,4.4,0.079
1403,11408.803,AllocLarge,2B,0.294,11.1,0.000,0.00,16.015,16.023,2,7.786,1.319,0,99.17,0.003,0,87.96,0.292,100,0.20,14.401,49,50.00,0.00,0,3.6,0.094
1404,11415.232,AllocLarge,2B,0.271,12.5,0.105,15.61,16.823,12.823,2,7.786,1.319,0,1.70,0.003,0,87.96,0.292,100,0.20,11.201,56,35.72,0.00,0,4.0,0.078
1405,11423.609,AllocLarge,2B,0.242,0.0,0.000,0.00,16.030,16.038,2,7.786,1.333,0,99.17,0.003,0,87.96,0.292,100,0.20,14.401,49,50.00,0.00,0,3.0,0.074
1406,11429.948,AllocLarge,2B,0.295,0.0,0.000,0.00,16.838,12.838,2,7.786,1.333,0,1.68,0.003,0,87.96,0.292,100,0.20,11.201,56,35.72,0.00,0,4.4,0.100
1407,11438.548,AllocLarge,2B,0.269,0.0,0.103,12.38,16.045,16.053,2,7.786,1.348,0,99.18,0.003,0,87.96,0.292,100,0.20,14.401,49,50.00,0.00,0,3.2,0.078
1408,11445.178,AllocLarge,2B,0.279,0.0,0.000,0.00,16.853,12.853,2,7.786,1.348,0,1.66,0.003,0,87.96,0.292,100,0.20,11.201,56,35.72,0.00,0,4.0,0.085
1409,11453.885,AllocLarge,2B,0.351,0.0,0.000,0.00,16.060,16.068,2,7.786,1.363,0,99.23,0.003,0,87.96,0.292,100,0.20,14.401,49,50.00,0.00,0,4.1,0.085
1410,11460.846,AllocLarge,2B,0.276,14.3,0.105,14.74,16.868,12.868,2,7.786,1.363,0,1.65,0.003,0,87.96,0.292,100,0.20,11.201,56,35.72,0.00,0,3.9,0.078
1411,11469.883,AllocLarge,2B,0.290,0.0,0.000,0.00,16.074,16.083,2,7.786,1.378,0,99.20,0.003,0,87.96,0.292,100,0.20,14.401,49,50.00,0.00,0,3.3,0.081
1412,11476.692,AllocLarge,2B,0.294,14.3,0.000,0.00,16.883,12.882,2,7.786,1.378,0,1.63,0.003,0,87.96,0.292,100,0.20,11.201,56,35.72,0.00,0,4.1,0.078
1413,11485.635,AllocLarge,2B,0.293,11.1,0.103,11.80,16.089,16.098,2,7.786,1.393,0,99.21,0.003,0,87.96,0.292,100,0.20,14.401,49,50.00,0.00,0,3.4,0.090
1414,11492.244,AllocLarge,2B,0.351,12.5,0.000,0.00,16.898,12.897,2,7.786,1.393,0,1.61,0.003,0,87.96,0.292,100,0.20,11.201,56,35.72,0.00,0,5.0,0.125
1415,11501.333,AllocLarge,2B,0.287,12.5,0.000,0.00,16.104,16.112,2,7.786,1.408,0,99.22,0.003,0,87.96,0.292,100,0.20,14.401,49,50.00,0.00,0,3.3,0.083
1416,11508.026,AllocLarge,2B,0.291,0.0,0.105,15.09,16.912,12.912,2,7.786,1.408,0,1.59,0.003,0,87.96,0.292,100,0.20,11.201,56,35.72,0.00,0,4.2,0.083
1417,11516.786,AllocLarge,2B,0.273,0.0,0.000,0.00,16.119,16.127,2,7.786,1.423,0,99.26,0.003,0,87.96,0.292,100,0.20,14.401,49,50.00,0.00,0,3.2,0.079
1418,11523.284,AllocLarge,2B,0.270,12.5,0.000,0.00,16.927,12.927,2,7.786,1.423,0,1.58,0.003,0,87.96,0.292,100,0.20,11.201,56,35.72,0.00,0,4.0,0.078
1419,11532.073,AllocLarge,2B,0.391,0.0,0.105,12.27,16.134,16.142,2,7.786,1.438,0,99.23,0.003,0,87.96,0.292,100,0.20,14.401,49,50.00,0.00,0,4.6,0.100
1420,11538.714,AllocLarge,2B,0.290,0.0,0.000,0.00,16.942,12.942,2,7.786,1.438,0,1.56,0.003,0,87.96,0.292,100,0.20,11.201,56,35.72,0.00,0,4.3,0.078
1421,11547.564,AllocLarge,2B,0.277,0.0,0.000,0.00,16.149,16.157,2,7.786,1.452,0,99.24,0.003,0,87.96,0.292,100,0.20,14.401,49,50.00,0.00,0,3.2,0.079
1422,11554.164,AllocLarge,2B,0.382,12.5,0.103,14.64,16.957,12.957,2,7.786,1.452,0,1.55,0.003,0,87.96,0.292,100,0.20,11.201,56,35.72,0.00,0,5.4,0.086
1423,11563.346,AllocLarge,2B,0.295,0.0,0.000,0.00,16.164,16.172,2,7.786,1.467,0,99.25,0.003,0,87.96,0.292,100,0.20,14.401,49,50.00,0.00,0,3.3,0.083
1424,11569.956,AllocLarge,2B,0.298,12.5,0.000,0.00,16.972,12.972,2,7.786,1.467,0,1.53,0.003,0,87.96,0.292,100,0.20,11.201,56,35.72,0.00,0,4.3,0.081
1425,11578.656,AllocLarge,2B,0.330,12.5,0.105,12.53,16.179,16.187,2,7.786,1.482,0,99.26,0.003,0,87.96,0.292,100,0.20,14.401,49,50.00,0.00,0,3.9,0.145
1426,11585.177,AllocLarge,2B,0.282,12.5,0.000,0.00,16.987,12.987,2,7.786,1.482,0,1.51,0.003,0,87.96,0.292,100,0.20,11.201,56,35.72,0.00,0,4.2,0.079
1427,11593.924,AllocLarge,2B,0.362,11.1,0.103,12.02,16.193,16.202,2,7.786,1.497,0,99.26,0.003,0,87.96,0.292,100,0.20,14.401,49,50.00,0.00,0,4.2,0.118
1428,11600.793,AllocLarge,2B,0.283,0.0,0.000,0.00,17.002,13.001,2,7.786,1.497,0,1.50,0.003,0,87.96,0.292,100,0.20,11.201,56,35.72,0.00,0,4.0,0.079
1429,11609.564,AllocLarge,2B,0.253,0.0,0.000,0.00,16.208,16.217,2,7.786,1.512,0,99.27,0.003,0,87.96,0.292,100,0.20,14.401,49,50.00,0.00,0,3.0,0.076
1430,11616.029,AllocLarge,2B,0.300,12.5,0.105,15.39,17.017,13.016,2,7.786,1.512,0,1.48,0.003,0,87.96,0.292,100,0.20,11.201,56,35.72,0.00,0,4.4,0.104
1431,11624.870,AllocLarge,2B,0.280,0.0,0.000,0.00,16.223,16.231,2,7.786,1.527,0,99.31,0.003,0,87.96,0.292,100,0.20,14.401,49,50.00,0.00,0,3.3,0.082
1432,11631.763,AllocLarge,2B,0.320,0.0,0.000,0.00,17.031,13.031,2,7.786,1.527,0,1.47,0.003,0,87.96,0.292,100,0.20,11.201,56,35.72,0.00,0,4.4,0.117
1433,11640.452,AllocLarge,2B,0.322,0.0,0.103,12.20,16.238,16.246,2,7.786,1.542,0,99.29,0.003,0,87.96,0.292,100,0.20,14.401,49,50.00,0.00,0,3.8,0.097
1434,11647.083,AllocLarge,2B,0.267,14.3,0.000,0.00,17.046,13.046,2,7.786,1.542,0,1.46,0.003,0,87.96,0.292,100,0.20,11.201,56,35.72,0.00,0,3.9,0.077
1435,11655.566,AllocLarge,2B,0.218,0.0,0.000,0.00,16.253,16.261,2,7.786,1.557,0,99.29,0.003,0,87.96,0.292,100,0.20,14.401,49,50.00,0.00,0,2.7,0.072
1436,11662.005,AllocLarge,2B,0.256,14.3,0.105,15.49,17.061,13.061,2,7.786,1.557,0,1.44,0.003,0,87.96,0.292,100,0.20,11.201,56,35.72,0.00,0,3.8,0.078
1437,11670.623,AllocLarge,2B,0.272,0.0,0.000,0.00,16.268,16.276,2,7.786,1.572,0,99.30,0.003,0,87.96,0.292,100,0.20,14.401,49,50.00,0.00,0,3.3,0.094
1438,11677.118,AllocLarge,2B,0.207,12.5,0.000,0.00,17.076,13.076,2,7.786,1.572,0,1.43,0.003,0,87.96,0.292,100,0.20,11.201,56,35.72,0.00,0,3.1,0.071
1439,11685.576,AllocLarge,2B,0.319,0.0,0.103,12.29,16.283,16.291,2,7.786,1.586,0,99.31,0.003,0,87.96,0.292,100,0.20,14.401,49,50.00,0.00,0,3.8,0.079
1440,11692.163,AllocLarge,2B,0.286,0.0,0.000,0.00,17.091,13.091,2,7.786,1.586,0,1.42,0.003,0,87.96,0.292,100,0.20,11.201,56,35.72,0.00,0,4.2,0.081
1441,11701.066,AllocLarge,2B,0.311,10.0,0.000,0.00,16.298,16.306,2,7.786,1.601,0,99.31,0.003,0,87.96,0.292,100,0.20,14.401,49,50.00,0.00,0,3.6,0.111
1442,11707.663,AllocLarge,2B,0.239,14.3,0.105,15.48,17.106,13.114,2,7.786,1.609,0,1.42,0.003,0,87.96,0.292,100,0.20,11.201,56,35.72,0.00,0,3.5,0.076
1443,11716.168,AllocLarge,2B,0.233,0.0,0.000,0.00,16.320,16.329,2,7.786,1.624,0,99.32,0.003,0,87.96,0.292,100,0.20,14.401,49,50.00,0.00,0,2.8,0.074
1444,11722.577,AllocLarge,2B,0.263,12.5,0.000,0.00,17.129,13.128,2,7.786,1.624,0,1.38,0.003,0,87.96,0.292,100,0.20,11.201,56,35.72,0.00,0,3.9,0.078
1445,11731.505,AllocLarge,2B,0.283,10.0,0.105,12.18,16.335,16.344,2,7.786,1.639,0,99.33,0.003,0,87.96,0.292,100,0.20,14.401,49,50.00,0.00,0,3.3,0.101
1446,11737.951,AllocLarge,2B,0.235,0.0,0.000,0.00,17.144,13.143,2,7.786,1.639,0,1.37,0.003,0,87.96,0.292,100,0.20,11.201,56,35.72,0.00,0,3.5,0.075
1447,11746.492,AllocLarge,2B,0.279,10.0,0.103,12.30,16.350,16.358,2,7.786,1.654,0,99.33,0.003,0,87.96,0.292,100,0.20,14.401,49,50.00,0.00,0,3.3,0.103
1448,11752.915,AllocLarge,2B,0.229,0.0,0.000,0.00,17.159,13.158,2,7.786,1.654,0,1.36,0.003,0,87.96,0.292,100,0.20,11.201,56,35.72,0.00,0,3.5,0.074
1449,11761.372,AllocLarge,2B,0.220,11.1,0.000,0.00,16.365,16.373,2,7.786,1.669,0,99.34,0.003,0,87.96,0.292,100,0.20,14.401,49,50.00,0.00,0,2.7,0.072
1450,11767.859,AllocLarge,2B,0.250,12.5,0.105,15.43,17.173,13.173,2,7.786,1.669,0,1.35,0.003,0,87.96,0.292,100,0.20,11.201,56,35.72,0.00,0,3.7,0.078
1451,11776.386,AllocLarge,2B,0.227,0.0,0.000,0.00,16.380,16.388,2,7.786,1.684,0,99.35,0.003,0,87.96,0.292,100,0.20,14.401,49,50.00,0.00,0,2.8,0.074
1452,11782.947,AllocLarge,2B,0.370,12.5,0.000,0.00,17.188,13.188,2,7.786,1.684,0,1.33,0.003,0,87.96,0.292,100,0.20,11.201,56,35.72,0.00,0,5.2,0.113
1453,11791.819,AllocLarge,2B,0.271,0.0,0.103,12.29,16.395,16.403,2,7.786,1.699,0,99.35,0.003,0,87.96,0.292,100,0.20,14.401,49,50.00,0.00,0,3.2,0.079
1454,11798.666,AllocLarge,2B,0.295,12.5,0.000,0.00,17.203,13.203,2,7.786,1.699,0,1.32,0.003,0,87.96,0.292,100,0.20,11.201,56,35.72,0.00,0,4.1,0.080
1455,11807.175,AllocLarge,2B,0.242,11.1,0.000,0.00,16.410,16.418,2,7.786,1.713,0,99.36,0.003,0,87.96,0.292,100,0.20,14.401,49,50.00,0.00,0,3.0,0.073
1456,11813.872,AllocLarge,2B,0.261,0.0,0.105,14.99,17.218,13.218,2,7.786,1.713,0,1.31,0.003,0,87.96,0.292,100,0.20,11.201,56,35.72,0.00,0,3.7,0.077
1457,11822.400,AllocLarge,2B,0.239,0.0,0.000,0.00,16.425,16.433,2,7.786,1.728,0,99.39,0.003,0,87.96,0.292,100,0.20,14.401,49,50.00,0.00,0,2.9,0.083
1458,11828.917,AllocLarge,2B,0.368,0.0,0.000,0.00,17.233,13.233,2,7.786,1.728,0,1.30,0.003,0,87.96,0.292,100,0.20,11.201,56,35.72,0.00,0,5.3,0.079
1459,11837.525,AllocLarge,2B,0.303,12.5,0.103,12.40,16.440,16.448,2,7.786,1.743,0,99.37,0.003,0,87.96,0.292,100,0.20,14.401,49,50.00,0.00,0,3.7,0.081
1460,11843.946,AllocLarge,2B,0.273,12.5,0.000,0.00,17.248,13.248,2,7.786,1.743,0,1.29,0.003,0,87.96,0.292,100,0.20,11.201,56,35.72,0.00,0,4.1,0.099
1461,11852.552,AllocLarge,2B,0.248,0.0,0.000,0.00,16.454,16.463,2,7.786,1.758,0,99.37,0.003,0,87.96,0.292,100,0.20,14.401,49,50.00,0.00,0,3.0,0.077
1462,11854.675,AllocSmall,0N,0.127,0.0,0.006,3.45,16.463,14.705,2,0.002,0.001,12,81.43,0.003,NaN,31.71,0.292,NaN,0.20,14.401,NaN,44.45,0.00,1,6.9,0.003
1463,11859.203,AllocLarge,2B,0.233,28.6,0.104,20.54,15.522,11.530,2,7.786,0.025,0,56.39,0.003,0,87.96,0.292,100,0.20,11.201,56,35.72,0.00,0,4.6,0.073
1464,11867.712,AllocLarge,2B,0.225,0.0,0.000,0.00,14.745,14.753,2,7.786,0.049,0,77.30,0.003,0,87.96,0.292,100,0.20,14.401,49,50.00,0.00,0,2.7,0.075
1465,11874.032,AllocLarge,2B,0.222,14.3,0.000,0.00,15.553,11.553,2,7.786,0.049,0,46.28,0.003,0,87.96,0.292,100,0.20,11.201,56,35.72,0.00,0,3.3,0.075
1466,11882.961,AllocLarge,2B,0.270,0.0,0.105,12.10,14.760,14.768,2,7.786,0.063,0,82.63,0.003,0,87.96,0.292,100,0.20,14.401,49,50.00,0.00,0,3.1,0.079
1467,11889.390,AllocLarge,2B,0.218,12.5,0.000,0.00,15.568,11.568,2,7.786,0.063,0,35.42,0.003,0,87.96,0.292,100,0.20,11.201,56,35.72,0.00,0,3.3,0.073
1468,11898.040,AllocLarge,2B,0.269,11.1,0.103,12.18,14.775,14.783,2,7.786,0.078,0,85.93,0.003,0,87.96,0.292,100,0.20,14.401,49,50.00,0.00,0,3.2,0.103
1469,11904.392,AllocLarge,2B,0.257,0.0,0.000,0.00,15.583,11.583,2,7.786,0.078,0,28.68,0.003,0,87.96,0.292,100,0.20,11.201,56,35.72,0.00,0,3.9,0.098
1470,11912.937,AllocLarge,2B,0.303,11.1,0.000,0.00,14.789,14.798,2,7.786,0.093,0,88.18,0.003,0,87.96,0.292,100,0.20,14.401,49,50.00,0.00,0,3.6,0.099
1471,11919.395,AllocLarge,2B,0.250,12.5,0.105,15.77,15.598,11.597,2,7.786,0.093,0,24.10,0.003,0,87.96,0.292,100,0.20,11.201,56,35.72,0.00,0,3.8,0.077
1472,11927.891,AllocLarge,2B,0.275,11.1,0.000,0.00,14.804,14.813,2,7.786,0.108,0,89.81,0.003,0,87.96,0.292,100,0.20,14.401,49,50.00,0.00,0,3.3,0.080
1473,11934.313,AllocLarge,2B,0.289,12.5,0.000,0.00,15.613,11.612,2,7.786,0.108,0,20.78,0.003,0,87.96,0.292,100,0.20,11.201,56,35.72,0.00,0,4.3,0.078
1474,11942.785,AllocLarge,2B,0.231,0.0,0.103,12.66,14.819,14.827,2,7.786,0.123,0,91.04,0.003,0,87.96,0.292,100,0.20,14.401,49,50.00,0.00,0,2.9,0.075
1475,11949.211,AllocLarge,2B,0.248,14.3,0.000,0.00,15.628,11.627,2,7.786,0.123,0,18.26,0.003,0,87.96,0.292,100,0.20,11.201,56,35.72,0.00,0,3.7,0.075
1476,11958.571,AllocLarge,2B,0.269,0.0,0.000,0.00,14.834,14.842,2,7.786,0.138,0,92.01,0.003,0,87.96,0.292,100,0.20,14.401,49,50.00,0.00,0,2.9,0.080
1477,11965.071,AllocLarge,2B,0.303,12.5,0.105,15.43,15.642,11.642,2,7.786,0.138,0,16.29,0.003,0,87.96,0.292,100,0.20,11.201,56,35.72,0.00,0,4.4,0.100
1478,11973.687,AllocLarge,2B,0.251,0.0,0.000,0.00,14.849,14.857,2,7.786,0.153,0,92.79,0.003,0,87.96,0.292,100,0.20,14.401,49,50.00,0.00,0,3.0,0.092
1479,11980.214,AllocLarge,2B,0.226,0.0,0.000,0.00,15.657,11.657,2,7.786,0.153,0,14.70,0.003,0,87.96,0.292,100,0.20,11.201,56,35.72,0.00,0,3.3,0.075
1480,11988.761,AllocLarge,2B,0.250,0.0,0.103,12.35,14.864,14.872,2,7.786,0.168,0,93.43,0.003,0,87.96,0.292,100,0.20,14.401,49,50.00,0.00,0,3.0,0.076
1481,11995.192,AllocLarge,2B,0.251,0.0,0.000,0.00,15.672,11.672,2,7.786,0.168,0,13.40,0.003,0,87.96,0.292,100,0.20,11.201,56,35.72,0.00,0,3.7,0.077
1482,12003.701,AllocLarge,2B,0.232,0.0,0.000,0.00,14.879,14.887,2,7.786,0.182,0,93.97,0.003,0,87.96,0.292,100,0.20,14.401,49,50.00,0.00,0,2.8,0.075
1483,12010.065,AllocLarge,2B,0.204,14.3,0.105,15.98,15.687,11.687,2,7.786,0.182,0,12.31,0.003,0,87.96,0.292,100,0.20,11.201,56,35.72,0.00,0,3.1,0.072
1484,12018.607,AllocLarge,2B,0.249,0.0,0.000,0.00,14.894,14.902,2,7.786,0.197,0,94.42,0.003,0,87.96,0.292,100,0.20,14.401,49,50.00,0.00,0,3.0,0.077
1485,12025.109,AllocLarge,2B,0.380,14.3,0.000,0.00,15.702,11.702,2,7.786,0.197,0,11.38,0.003,0,87.96,0.292,100,0.20,11.201,56,35.72,0.00,0,5.5,0.181
1486,12034.029,AllocLarge,2B,0.264,10.0,0.105,12.37,14.909,14.917,2,7.786,0.212,0,94.81,0.003,0,87.96,0.292,100,0.20,14.401,49,50.00,0.00,0,3.1,0.078
1487,12040.426,AllocLarge,2B,0.224,28.6,0.000,0.00,15.717,11.717,2,7.786,0.212,0,10.58,0.003,0,87.96,0.292,100,0.20,11.201,56,35.72,0.00,0,3.4,0.074
1488,12049.066,AllocLarge,2B,0.243,0.0,0.000,0.00,14.923,14.932,2,7.786,0.227,0,95.15,0.003,0,87.96,0.292,100,0.20,14.401,49,50.00,0.00,0,2.9,0.074
1489,12055.514,AllocLarge,2B,0.265,25.0,0.103,15.23,15.732,11.731,2,7.786,0.227,0,9.89,0.003,0,87.96,0.292,100,0.20,11.201,56,35.72,0.00,0,3.9,0.091
1490,12064.211,AllocLarge,2B,0.252,0.0,0.000,0.00,14.938,14.947,2,7.786,0.242,0,95.45,0.003,0,87.96,0.292,100,0.20,14.401,49,50.00,0.00,0,3.0,0.075
1491,12070.605,AllocLarge,2B,0.240,12.5,0.000,0.00,15.747,11.746,2,7.786,0.242,0,9.28,0.003,0,87.96,0.292,100,0.20,11.201,56,35.72,0.00,0,3.6,0.074
1492,12079.225,AllocLarge,2B,0.237,0.0,0.105,12.63,14.953,14.961,2,7.786,0.257,0,95.71,0.003,0,87.96,0.292,100,0.20,14.401,49,50.00,0.00,0,2.8,0.074
1493,12085.751,AllocLarge,2B,0.322,0.0,0.000,0.00,15.761,11.761,2,7.786,0.257,0,8.74,0.003,0,87.96,0.292,100,0.20,11.201,56,35.72,0.00,0,4.6,0.102
1494,12094.268,AllocLarge,2B,0.242,0.0,0.103,12.74,14.968,14.976,2,7.786,0.272,0,95.95,0.003,0,87.96,0.292,100,0.20,14.401,49,50.00,0.00,0,3.0,0.083
1495,12100.940,AllocLarge,2B,0.372,12.5,0.000,0.00,15.776,11.776,2,7.786,0.272,0,8.26,0.003,0,87.96,0.292,100,0.20,11.201,56,35.72,0.00,0,5.3,0.148
1496,12109.556,AllocLarge,2B,0.226,0.0,0.000,0.00,14.983,14.991,2,7.786,0.287,0,96.16,0.003,0,87.96,0.292,100,0.20,14.401,49,50.00,0.00,0,2.8,0.075
1497,12116.207,AllocLarge,2B,0.279,12.5,0.105,14.85,15.791,11.791,2,7.786,0.287,0,7.83,0.003,0,87.96,0.292,100,0.20,11.201,56,35.72,0.00,0,3.9,0.079
1498,12124.730,AllocLarge,2B,0.249,0.0,0.000,0.00,14.998,15.006,2,7.786,0.301,0,96.35,0.003,0,87.96,0.292,100,0.20,14.401,49,50.00,0.00,0,3.1,0.092
1499,12131.500,AllocLarge,2B,0.298,25.0,0.000,0.00,15.806,11.806,2,7.786,0.301,0,7.45,0.003,0,87.96,0.292,100,0.20,11.201,56,35.72,0.00,0,4.2,0.081
1500,12139.899,AllocLarge,2B,0.240,0.0,0.103,12.82,15.013,15.021,2,7.786,0.316,0,96.52,0.003,0,87.96,0.292,100,0.20,14.401,49,50.00,0.00,0,3.0,0.102
1501,12146.482,AllocLarge,2B,0.350,14.3,0.000,0.00,15.821,11.821,2,7.786,0.316,0,7.10,0.003,0,87.96,0.292,100,0.20,11.201,56,35.72,0.00,0,4.9,0.105
1502,12155.085,AllocLarge,2B,0.265,0.0,0.000,0.00,15.028,15.036,2,7.786,0.331,0,96.68,0.003,0,87.96,0.292,100,0.20,14.401,49,50.00,0.00,0,3.3,0.078
1503,12161.783,AllocLarge,2B,0.279,12.5,0.105,14.90,15.836,11.836,2,7.786,0.331,0,6.78,0.003,0,87.96,0.292,100,0.20,11.201,56,35.72,0.00,0,3.9,0.084
1504,12170.192,AllocLarge,2B,0.241,0.0,0.000,0.00,15.042,15.051,2,7.786,0.346,0,96.82,0.003,0,87.96,0.292,100,0.20,14.401,49,50.00,0.00,0,3.0,0.075
1505,12176.756,AllocLarge,2B,0.245,14.3,0.000,0.00,15.851,11.850,2,7.786,0.346,0,6.49,0.003,0,87.96,0.292,100,0.20,11.201,56,35.72,0.00,0,3.6,0.075
1506,12185.207,AllocLarge,2B,0.231,0.0,0.103,12.65,15.057,15.066,2,7.786,0.361,0,96.95,0.003,0,87.96,0.292,100,0.20,14.401,49,50.00,0.00,0,2.8,0.075
1507,12191.603,AllocLarge,2B,0.330,12.5,0.000,0.00,15.866,11.865,2,7.786,0.361,0,6.22,0.003,0,87.96,0.292,100,0.20,11.201,56,35.72,0.00,0,4.9,0.076
1508,12200.208,AllocLarge,2B,0.276,0.0,0.000,0.00,15.072,15.080,2,7.786,0.376,0,97.07,0.003,0,87.96,0.292,100,0.20,14.401,49,50.00,0.00,0,3.3,0.080
1509,12206.633,AllocLarge,2B,0.254,0.0,0.105,15.26,15.880,11.880,2,7.786,0.376,0,3.78,0.003,0,87.96,0.292,100,0.20,11.201,56,35.72,0.00,0,3.7,0.079
1510,12215.650,AllocLarge,2B,0.288,0.0,0.000,0.00,15.087,15.095,2,7.786,0.391,0,97.18,0.003,0,87.96,0.292,100,0.20,14.401,49,50.00,0.00,0,3.4,0.089
1511,12222.165,AllocLarge,2B,0.213,14.3,0.000,0.00,15.895,11.895,2,7.786,0.391,0,5.74,0.003,0,87.96,0.292,100,0.20,11.201,56,35.72,0.00,0,3.2,0.073
1512,12230.708,AllocLarge,2B,0.239,0.0,0.105,12.69,15.102,15.110,2,7.786,0.406,0,97.29,0.003,0,87.96,0.292,100,0.20,14.401,49,50.00,0.00,0,2.9,0.076
1513,12237.055,AllocLarge,2B,0.211,11.1,0.000,0.00,15.910,11.910,2,7.786,0.406,0,5.53,0.003,0,87.96,0.292,100,0.20,11.201,56,35.72,0.00,0,3.2,0.073
1514,12245.458,AllocLarge,2B,0.211,0.0,0.000,0.00,15.117,15.125,2,7.786,0.421,0,97.38,0.003,0,87.96,0.292,100,0.20,14.401,49,50.00,0.00,0,2.6,0.073
1515,12252.046,AllocLarge,2B,0.250,12.5,0.103,14.86,15.925,11.925,2,7.786,0.421,0,5.34,0.003,0,87.96,0.292,100,0.20,11.201,56,35.72,0.00,0,3.6,0.077
1516,12262.087,AllocLarge,2B,0.314,0.0,0.000,0.00,15.132,15.140,2,7.786,0.435,0,97.47,0.003,0,87.96,0.292,100,0.20,14.401,49,50.00,0.00,0,3.2,0.085
1517,12270.129,AllocLarge,2B,0.359,11.1,0.000,0.00,15.940,11.940,2,7.786,0.435,0,5.16,0.003,0,87.96,0.292,100,0.20,11.201,56,35.72,0.00,0,4.3,0.137
1518,12278.966,AllocLarge,2B,0.361,12.5,0.105,12.36,15.147,15.155,2,7.786,0.450,0,97.56,0.003,0,87.96,0.292,100,0.20,14.401,49,50.00,0.00,0,4.2,0.144
1519,12285.649,AllocLarge,2B,0.268,12.5,0.000,0.00,15.955,11.955,2,7.786,0.450,0,4.99,0.003,0,87.96,0.292,100,0.20,11.201,56,35.72,0.00,0,3.9,0.077
1520,12294.163,AllocLarge,2B,0.249,11.1,0.103,12.56,15.161,15.170,2,7.786,0.465,0,97.63,0.003,0,87.96,0.292,100,0.20,14.401,49,50.00,0.00,0,3.0,0.074
1521,12300.699,AllocLarge,2B,0.245,12.5,0.000,0.00,15.970,11.969,2,7.786,0.465,0,4.83,0.003,0,87.96,0.292,100,0.20,11.201,56,35.72,0.00,0,3.6,0.074
1522,12309.199,AllocLarge,2B,0.301,0.0,0.000,0.00,15.176,15.185,2,7.786,0.480,0,97.71,0.003,0,87.96,0.292,100,0.20,14.401,49,50.00,0.00,0,3.6,0.081
1523,12315.906,AllocLarge,2B,0.263,14.3,0.105,15.16,15.985,11.984,2,7.786,0.480,0,4.68,0.003,0,87.96,0.292,100,0.20,11.201,56,35.72,0.00,0,3.8,0.076
1524,12324.493,AllocLarge,2B,0.255,0.0,0.000,0.00,15.191,15.199,2,7.786,0.495,0,97.78,0.003,0,87.96,0.292,100,0.20,14.401,49,50.00,0.00,0,3.1,0.077
1525,12331.122,AllocLarge,2B,0.339,14.3,0.000,0.00,16.000,11.999,2,7.786,0.495,0,4.54,0.003,0,87.96,0.292,100,0.20,11.201,56,35.72,0.00,0,4.8,0.125
1526,12339.751,AllocLarge,2B,0.231,10.0,0.103,12.57,15.206,15.214,2,7.786,0.510,0,97.84,0.003,0,87.96,0.292,100,0.20,14.401,49,50.00,0.00,0,2.8,0.074
1527,12346.581,AllocLarge,2B,0.292,12.5,0.000,0.00,16.014,12.014,2,7.786,0.510,0,4.40,0.003,0,87.96,0.292,100,0.20,11.201,56,35.72,0.00,0,4.1,0.078
1528,12355.214,AllocLarge,2B,0.344,0.0,0.000,0.00,15.221,15.229,2,7.786,0.525,0,97.90,0.003,0,87.96,0.292,100,0.20,14.401,49,50.00,0.00,0,4.1,0.154
1529,12361.981,AllocLarge,2B,0.347,14.3,0.105,14.66,16.029,12.029,2,7.786,0.525,0,4.28,0.003,0,87.96,0.292,100,0.20,11.201,56,35.72,0.00,0,4.8,0.100
1530,12370.645,AllocLarge,2B,0.247,11.1,0.000,0.00,15.236,15.244,2,7.786,0.540,0,97.96,0.003,0,87.96,0.292,100,0.20,14.401,49,50.00,0.00,0,3.0,0.081
1531,12377.191,AllocLarge,2B,0.233,0.0,0.000,0.00,16.044,12.044,2,7.786,0.540,0,4.16,0.003,0,87.96,0.292,100,0.20,11.201,56,35.72,0.00,0,3.5,0.092
1532,12385.826,AllocLarge,2B,0.280,10.0,0.103,12.15,15.251,15.259,2,7.786,0.554,0,98.01,0.003,0,87.96,0.292,100,0.20,14.401,49,50.00,0.00,0,3.3,0.117
1533,12392.310,AllocLarge,2B,0.238,0.0,0.000,0.00,16.059,12.059,2,7.786,0.554,0,4.05,0.003,0,87.96,0.292,100,0.20,11.201,56,35.72,0.00,0,3.5,0.079
1534,12400.880,AllocLarge,2B,0.279,0.0,0.000,0.00,15.266,15.274,2,7.786,0.569,0,98.07,0.003,0,87.96,0.292,100,0.20,14.401,49,50.00,0.00,0,3.3,0.081
1535,12407.309,AllocLarge,2B,0.220,11.1,0.105,15.91,16.074,12.074,2,7.786,0.569,0,3.94,0.003,0,87.96,0.292,100,0.20,11.201,56,35.72,0.00,0,3.3,0.074
1536,12415.744,AllocLarge,2B,0.300,10.0,0.000,0.00,15.281,15.289,2,7.786,0.584,0,98.12,0.003,0,87.96,0.292,100,0.20,14.401,49,50.00,0.00,0,3.6,0.078
1537,12422.240,AllocLarge,2B,0.252,14.3,0.000,0.00,16.089,12.089,2,7.786,0.584,0,3.84,0.003,0,87.96,0.292,100,0.20,11.201,56,35.72,0.00,0,3.7,0.076
1538,12430.706,AllocLarge,2B,0.291,0.0,0.105,12.90,15.295,15.304,2,7.786,0.599,0,98.16,0.003,0,87.96,0.292,100,0.20,14.401,49,50.00,0.00,0,3.6,0.097
1539,12437.112,AllocLarge,2B,0.210,14.3,0.000,0.00,16.104,12.103,2,7.786,0.599,0,3.75,0.003,0,87.96,0.292,100,0.20,11.201,56,35.72,0.00,0,3.2,0.072
1540,12445.424,AllocLarge,2B,0.505,11.1,0.000,0.00,15.310,15.319,2,7.786,0.614,0,98.21,0.003,0,87.96,0.292,100,0.20,14.401,49,50.00,0.00,0,6.1,0.205
1541,12452.049,AllocLarge,2B,0.279,12.5,0.103,15.22,16.119,12.118,2,7.786,0.614,0,3.66,0.003,0,87.96,0.292,100,0.20,11.201,56,35.72,0.00,0,4.1,0.100
1542,12460.731,AllocLarge,2B,0.254,0.0,0.000,0.00,15.325,15.333,2,7.786,0.629,0,98.25,0.003,0,87.96,0.292,100,0.20,14.401,49,50.00,0.00,0,3.1,0.075
1543,12467.166,AllocLarge,2B,0.240,0.0,0.000,0.00,16.133,12.133,2,7.786,0.629,0,3.57,0.003,0,87.96,0.292,100,0.20,11.201,56,35.72,0.00,0,3.6,0.082
1544,12475.534,AllocLarge,2B,0.266,11.1,0.105,12.91,15.340,15.348,2,7.786,0.644,0,98.29,0.003,0,87.96,0.292,100,0.20,14.401,49,50.00,0.00,0,3.3,0.074
1545,12482.061,AllocLarge,2B,0.310,14.3,0.000,0.00,16.148,12.148,2,7.786,0.644,0,3.49,0.003,0,87.96,0.292,100,0.20,11.201,56,35.72,0.00,0,4.5,0.080
1546,12490.514,AllocLarge,2B,0.280,0.0,0.103,12.67,15.355,15.363,2,7.786,0.659,0,98.33,0.003,0,87.96,0.292,100,0.20,14.401,49,50.00,0.00,0,3.5,0.086
1547,12497.327,AllocLarge,2B,0.285,12.5,0.000,0.00,16.163,12.163,2,7.786,0.659,0,3.41,0.003,0,87.96,0.292,100,0.20,11.201,56,35.72,0.00,0,4.0,0.078
1548,12505.813,AllocLarge,2B,0.212,0.0,0.000,0.00,15.370,15.378,2,7.786,0.673,0,98.37,0.003,0,87.96,0.292,100,0.20,14.401,49,50.00,0.00,0,2.6,0.072
1549,12512.314,AllocLarge,2B,0.238,12.5,0.105,15.27,16.178,12.178,2,7.786,0.673,0,3.33,0.003,0,87.96,0.292,100,0.20,11.201,56,35.72,0.00,0,3.5,0.075
1550,12520.706,AllocLarge,2B,0.224,0.0,0.000,0.00,15.385,15.393,2,7.786,0.688,0,98.40,0.003,0,87.96,0.292,100,0.20,14.401,49,50.00,0.00,0,2.8,0.074
1551,12527.269,AllocLarge,2B,0.207,12.5,0.000,0.00,16.193,12.193,2,7.786,0.688,0,3.26,0.003,0,87.96,0.292,100,0.20,11.201,56,35.72,0.00,0,3.0,0.073
1552,12535.717,AllocLarge,2B,0.225,0.0,0.103,12.54,15.400,15.408,2,7.786,0.703,0,98.43,0.003,0,87.96,0.292,100,0.20,14.401,49,50.00,0.00,0,2.7,0.075
1553,12542.243,AllocLarge,2B,0.254,12.5,0.000,0.00,16.208,12.208,2,7.786,0.703,0,3.19,0.003,0,87.96,0.292,100,0.20,11.201,56,35.72,0.00,0,3.7,0.094
1554,12550.655,AllocLarge,2B,0.223,0.0,0.000,0.00,15.414,15.423,2,7.786,0.718,0,98.47,0.003,0,87.96,0.292,100,0.20,14.401,49,50.00,0.00,0,2.8,0.074
1555,12557.644,AllocLarge,2B,0.223,12.5,0.105,14.51,16.223,12.222,2,7.786,0.718,0,3.13,0.003,0,87.96,0.292,100,0.20,11.201,56,35.72,0.00,0,3.1,0.074
1556,12566.100,AllocLarge,2B,0.233,0.0,0.000,0.00,15.429,15.438,2,7.786,0.733,0,98.50,0.003,0,87.96,0.292,100,0.20,14.401,49,50.00,0.00,0,2.8,0.075
1557,12572.594,AllocLarge,2B,0.283,14.3,0.000,0.00,16.238,12.237,2,7.786,0.733,0,3.06,0.003,0,87.96,0.292,100,0.20,11.201,56,35.72,0.00,0,4.1,0.097
1558,12581.296,AllocLarge,2B,0.258,0.0,0.103,12.22,15.444,15.452,2,7.786,0.748,0,98.53,0.003,0,87.96,0.292,100,0.20,14.401,49,50.00,0.00,0,3.1,0.078
1559,12587.874,AllocLarge,2B,0.256,14.3,0.000,0.00,16.252,12.252,2,7.786,0.748,0,3.00,0.003,0,87.96,0.292,100,0.20,11.201,56,35.72,0.00,0,3.7,0.077
1560,12596.495,AllocLarge,2B,0.249,11.1,0.000,0.00,15.459,15.467,2,7.786,0.763,0,98.56,0.003,0,87.96,0.292,100,0.20,14.401,49,50.00,0.00,0,3.0,0.089
1561,12603.064,AllocLarge,2B,0.319,11.1,0.105,14.97,16.267,12.267,2,7.786,0.763,0,2.94,0.003,0,87.96,0.292,100,0.20,11.201,56,35.72,0.00,0,4.5,0.100
1562,12611.855,AllocLarge,2B,0.270,0.0,0.000,0.00,15.474,15.482,2,7.786,0.778,0,98.58,0.003,0,87.96,0.292,100,0.20,14.401,49,50.00,0.00,0,3.2,0.080
1563,12618.270,AllocLarge,2B,0.289,14.3,0.000,0.00,16.282,12.282,2,7.786,0.778,0,2.89,0.003,0,87.96,0.292,100,0.20,11.201,56,35.72,0.00,0,4.3,0.081
1564,12626.728,AllocLarge,2B,0.241,0.0,0.105,12.96,15.489,15.497,2,7.786,0.793,0,98.67,0.003,0,87.96,0.292,100,0.20,14.401,49,50.00,0.00,0,3.0,0.084
1565,12633.075,AllocLarge,2B,0.265,0.0,0.000,0.00,16.297,12.297,2,7.786,0.793,0,2.83,0.003,0,87.96,0.292,100,0.20,11.201,56,35.72,0.00,0,4.0,0.082
1566,12641.759,AllocLarge,2B,0.317,0.0,0.000,0.00,15.504,15.512,2,7.786,0.807,0,98.64,0.003,0,87.96,0.292,100,0.20,14.401,49,50.00,0.00,0,3.7,0.142
1567,12648.425,AllocLarge,2B,0.231,12.5,0.103,15.04,16.312,12.312,2,7.786,0.807,0,2.78,0.003,0,87.96,0.292,100,0.20,11.201,56,35.72,0.00,0,3.4,0.075
1568,12656.937,AllocLarge,2B,0.267,11.1,0.000,0.00,15.519,15.527,2,7.786,0.822,0,98.66,0.003,0,87.96,0.292,100,0.20,14.401,49,50.00,0.00,0,3.2,0.076
1569,12663.476,AllocLarge,2B,0.241,0.0,0.000,0.00,16.327,12.327,2,7.786,0.822,0,2.73,0.003,0,87.96,0.292,100,0.20,11.201,56,35.72,0.00,0,3.5,0.075
1570,12671.980,AllocLarge,2B,0.215,11.1,0.105,12.85,15.533,15.542,2,7.786,0.837,0,98.69,0.003,0,87.96,0.292,100,0.20,14.401,49,50.00,0.00,0,2.6,0.074
1571,12678.395,AllocLarge,2B,0.217,0.0,0.000,0.00,16.342,12.341,2,7.786,0.837,0,2.68,0.003,0,87.96,0.292,100,0.20,11.201,56,35.72,0.00,0,3.3,0.078
1572,12686.924,AllocLarge,2B,0.321,0.0,0.103,12.22,15.548,15.557,2,7.786,0.852,0,98.71,0.003,0,87.96,0.292,100,0.20,14.401,49,50.00,0.00,0,3.8,0.130
1573,12693.436,AllocLarge,2B,0.261,14.3,0.000,0.00,16.357,12.356,2,7.786,0.852,0,2.63,0.003,0,87.96,0.292,100,0.20,11.201,56,35.72,0.00,0,3.9,0.097
1574,12702.372,AllocLarge,2B,0.334,11.1,0.000,0.00,15.563,15.571,2,7.786,0.867,0,98.78,0.003,0,87.96,0.292,100,0.20,14.401,49,50.00,0.00,0,3.8,0.088
1575,12709.037,AllocLarge,2B,0.269,11.1,0.105,15.23,16.372,12.371,2,7.786,0.867,0,2.59,0.003,0,87.96,0.292,100,0.20,11.201,56,35.72,0.00,0,3.9,0.076
1576,12717.713,AllocLarge,2B,0.273,0.0,0.000,0.00,15.578,15.586,2,7.786,0.882,0,98.75,0.003,0,87.96,0.292,100,0.20,14.401,49,50.00,0.00,0,3.3,0.079
1577,12724.161,AllocLarge,2B,0.224,12.5,0.000,0.00,16.386,12.386,2,7.786,0.882,0,2.55,0.003,0,87.96,0.292,100,0.20,11.201,56,35.72,0.00,0,3.3,0.074
1578,12732.971,AllocLarge,2B,0.300,0.0,0.103,11.96,15.593,15.601,2,7.786,0.897,0,98.77,0.003,0,87.96,0.292,100,0.20,14.401,49,50.00,0.00,0,3.5,0.080
1579,12739.410,AllocLarge,2B,0.213,12.5,0.000,0.00,16.401,12.401,2,7.786,0.897,0,2.50,0.003,0,87.96,0.292,100,0.20,11.201,56,35.72,0.00,0,3.2,0.069
1580,12747.980,AllocLarge,2B,0.231,0.0,0.000,0.00,15.608,15.616,2,7.786,0.912,0,98.79,0.003,0,87.96,0.292,100,0.20,14.401,49,50.00,0.00,0,2.8,0.075
1581,12754.322,AllocLarge,2B,0.240,14.3,0.105,15.80,16.416,12.416,2,7.786,0.912,0,2.46,0.003,0,87.96,0.292,100,0.20,11.201,56,35.72,0.00,0,3.6,0.078
1582,12763.006,AllocLarge,2B,0.260,0.0,0.000,0.00,15.623,15.631,2,7.786,0.926,0,98.81,0.003,0,87.96,0.292,100,0.20,14.401,49,50.00,0.00,0,3.1,0.105
1583,12769.368,AllocLarge,2B,0.224,14.3,0.000,0.00,16.431,12.431,2,7.786,0.926,0,2.42,0.003,0,87.96,0.292,100,0.20,11.201,56,35.72,0.00,0,3.4,0.073
1584,12777.957,AllocLarge,2B,0.268,11.1,0.103,12.20,15.638,15.646,2,7.786,0.941,0,98.83,0.003,0,87.96,0.292,100,0.20,14.401,49,50.00,0.00,0,3.2,0.077
1585,12784.656,AllocLarge,2B,0.261,0.0,0.000,0.00,16.446,12.446,2,7.786,0.941,0,2.38,0.003,0,87.96,0.292,100,0.20,11.201,56,35.72,0.00,0,3.7,0.076
1586,12793.334,AllocLarge,2B,0.272,0.0,0.000,0.00,15.653,15.661,2,7.786,0.956,0,98.85,0.003,0,87.96,0.292,100,0.20,14.401,49,50.00,0.00,0,3.2,0.077
1587,12799.803,AllocLarge,2B,0.315,12.5,0.105,15.61,16.461,12.461,2,7.786,0.956,0,2.35,0.003,0,87.96,0.292,100,0.20,11.201,56,35.72,0.00,0,4.7,0.139
1588,12808.568,AllocLarge,2B,0.267,0.0,0.000,0.00,15.667,15.676,2,7.786,0.971,0,98.87,0.003,0,87.96,0.292,100,0.20,14.401,49,50.00,0.00,0,3.1,0.079
1589,12815.284,AllocLarge,2B,0.325,0.0,0.000,0.00,16.476,12.475,2,7.786,0.971,0,2.31,0.003,0,87.96,0.292,100,0.20,11.201,56,35.72,0.00,0,4.6,0.104
1590,12823.976,AllocLarge,2B,0.258,0.0,0.105,12.69,15.682,15.691,2,7.786,0.986,0,98.88,0.003,0,87.96,0.292,100,0.20,14.401,49,50.00,0.00,0,3.1,0.078
1591,12830.421,AllocLarge,2B,0.256,22.2,0.000,0.00,16.491,12.490,2,7.786,0.986,0,2.28,0.003,0,87.96,0.292,100,0.20,11.201,56,35.72,0.00,0,3.8,0.074
1592,12838.819,AllocLarge,2B,0.284,0.0,0.000,0.00,15.697,15.705,2,7.786,1.001,0,98.90,0.003,0,87.96,0.292,100,0.20,14.401,49,50.00,0.00,0,3.5,0.074
1593,12845.239,AllocLarge,2B,0.210,0.0,0.103,15.56,16.505,12.505,2,7.786,1.001,0,2.24,0.003,0,87.96,0.292,100,0.20,11.201,56,35.72,0.00,0,3.2,0.072
1594,12853.570,AllocLarge,2B,0.246,11.1,0.000,0.00,15.712,15.720,2,7.786,1.016,0,98.92,0.003,0,87.96,0.292,100,0.20,14.401,49,50.00,0.00,0,3.0,0.075
1595,12859.902,AllocLarge,2B,0.220,0.0,0.000,0.00,16.520,12.520,2,7.786,1.016,0,2.21,0.003,0,87.96,0.292,100,0.20,11.201,56,35.72,0.00,0,3.4,0.073
1596,12868.285,AllocLarge,2B,0.227,0.0,0.105,12.91,15.727,15.735,2,7.786,1.031,0,98.93,0.003,0,87.96,0.292,100,0.20,14.401,49,50.00,0.00,0,2.8,0.074
1597,12874.800,AllocLarge,2B,0.275,12.5,0.000,0.00,16.535,12.535,2,7.786,1.031,0,2.18,0.003,0,87.96,0.292,100,0.20,11.201,56,35.72,0.00,0,4.0,0.080
1598,12883.430,AllocLarge,2B,0.230,0.0,0.103,12.49,15.742,15.750,2,7.786,1.045,0,98.95,0.003,0,87.96,0.292,100,0.20,14.401,49,50.00,0.00,0,2.8,0.074
1599,12889.898,AllocLarge,2B,0.280,0.0,0.000,0.00,16.550,12.550,2,7.786,1.045,0,2.15,0.003,0,87.96,0.292,100,0.20,11.201,56,35.72,0.00,0,4.1,0.086
1600,12898.502,AllocLarge,2B,0.273,11.1,0.000,0.00,15.757,15.765,2,7.786,1.060,0,98.96,0.003,0,87.96,0.292,100,0.20,14.401,49,50.00,0.00,0,3.3,0.077
1601,12904.979,AllocLarge,2B,0.242,12.5,0.105,15.61,16.565,12.565,2,7.786,1.060,0,2.12,0.003,0,87.96,0.292,100,0.20,11.201,56,35.72,0.00,0,3.6,0.074
1602,12913.768,AllocLarge,2B,0.285,0.0,0.000,0.00,15.772,15.780,2,7.786,1.075,0,98.98,0.003,0,87.96,0.292,100,0.20,14.401,49,50.00,0.00,0,3.3,0.078
1603,12920.338,AllocLarge,2B,0.298,0.0,0.000,0.00,16.580,12.580,2,7.786,1.075,0,2.09,0.003,0,87.96,0.292,100,0.20,11.201,56,35.72,0.00,0,4.3,0.081
1604,12929.159,AllocLarge,2B,0.262,0.0,0.103,12.08,15.786,15.795,2,7.786,1.090,0,98.99,0.003,0,87.96,0.292,100,0.20,14.401,49,50.00,0.00,0,3.1,0.079
1605,12935.675,AllocLarge,2B,0.324,0.0,0.000,0.00,16.595,12.594,2,7.786,1.090,0,2.06,0.003,0,87.96,0.292,100,0.20,11.201,56,35.72,0.00,0,4.7,0.103
1606,12944.462,AllocLarge,2B,0.263,0.0,0.000,0.00,15.801,15.810,2,7.786,1.105,0,99.00,0.003,0,87.96,0.292,100,0.20,14.401,49,50.00,0.00,0,3.1,0.079
1607,12951.179,AllocLarge,2B,0.284,11.1,0.105,15.06,16.610,12.609,2,7.786,1.105,0,2.03,0.003,0,87.96,0.292,100,0.20,11.201,56,35.72,0.00,0,4.1,0.077
1608,12959.759,AllocLarge,2B,0.215,0.0,0.000,0.00,15.816,15.824,2,7.786,1.120,0,99.02,0.003,0,87.96,0.292,100,0.20,14.401,49,50.00,0.00,0,2.6,0.073
1609,12966.185,AllocLarge,2B,0.268,0.0,0.000,0.00,16.624,12.624,2,7.786,1.120,0,2.00,0.003,0,87.96,0.292,100,0.20,11.201,56,35.72,0.00,0,3.9,0.088
1610,12974.823,AllocLarge,2B,0.234,0.0,0.103,12.40,15.831,15.839,2,7.786,1.135,0,99.03,0.003,0,87.96,0.292,100,0.20,14.401,49,50.00,0.00,0,2.8,0.074
1611,12981.301,AllocLarge,2B,0.257,14.3,0.000,0.00,16.639,12.639,2,7.786,1.135,0,1.98,0.003,0,87.96,0.292,100,0.20,11.201,56,35.72,0.00,0,3.8,0.077
1612,12989.854,AllocLarge,2B,0.279,0.0,0.000,0.00,15.846,15.854,2,7.786,1.150,0,99.04,0.003,0,87.96,0.292,100,0.20,14.401,49,50.00,0.00,0,3.4,0.095
1613,12996.419,AllocLarge,2B,0.296,0.0,0.105,15.20,16.654,12.654,2,7.786,1.150,0,1.95,0.003,0,87.96,0.292,100,0.20,11.201,56,35.72,0.00,0,4.3,0.100
1614,13005.026,AllocLarge,2B,0.280,0.0,0.000,0.00,15.861,15.869,2,7.786,1.165,0,99.05,0.003,0,87.96,0.292,100,0.20,14.401,49,50.00,0.00,0,3.4,0.079
1615,13011.574,AllocLarge,2B,0.223,0.0,0.000,0.00,16.669,12.669,2,7.786,1.165,0,1.93,0.003,0,87.96,0.292,100,0.20,11.201,56,35.72,0.00,0,3.3,0.074
1616,13020.414,AllocLarge,2B,0.296,0.0,0.105,12.12,15.876,15.884,2,7.786,1.179,0,99.07,0.003,0,87.96,0.292,100,0.20,14.401,49,50.00,0.00,0,3.4,0.081
1617,13026.895,AllocLarge,2B,0.219,11.1,0.000,0.00,16.684,12.684,2,7.786,1.179,0,1.90,0.003,0,87.96,0.292,100,0.20,11.201,56,35.72,0.00,0,3.3,0.072
1618,13035.400,AllocLarge,2B,0.245,12.5,0.000,0.00,15.891,15.899,2,7.786,1.194,0,99.08,0.003,0,87.96,0.292,100,0.20,14.401,49,50.00,0.00,0,3.0,0.076
1619,13041.911,AllocLarge,2B,0.271,14.3,0.103,14.99,16.699,12.699,2,7.786,1.194,0,1.88,0.003,0,87.96,0.292,100,0.20,11.201,56,35.72,0.00,0,4.0,0.079
1620,13050.664,AllocLarge,2B,0.277,0.0,0.000,0.00,15.905,15.914,2,7.786,1.209,0,99.09,0.003,0,87.96,0.292,100,0.20,14.401,49,50.00,0.00,0,3.3,0.080
1621,13057.057,AllocLarge,2B,0.261,0.0,0.000,0.00,16.714,12.713,2,7.786,1.209,0,1.86,0.003,0,87.96,0.292,100,0.20,11.201,56,35.72,0.00,0,3.9,0.080
1622,13065.724,AllocLarge,2B,0.292,12.5,0.105,12.51,15.920,15.929,2,7.786,1.224,0,99.10,0.003,0,87.96,0.292,100,0.20,14.401,49,50.00,0.00,0,3.5,0.095
1623,13072.141,AllocLarge,2B,0.245,0.0,0.000,0.00,16.729,12.728,2,7.786,1.224,0,1.83,0.003,0,87.96,0.292,100,0.20,11.201,56,35.72,0.00,0,3.7,0.102
1624,13080.694,AllocLarge,2B,0.241,11.1,0.103,12.34,15.935,15.943,2,7.786,1.239,0,99.11,0.003,0,87.96,0.292,100,0.20,14.401,49,50.00,0.00,0,2.9,0.084
1625,13087.046,AllocLarge,2B,0.204,0.0,0.000,0.00,16.744,12.743,2,7.786,1.239,0,1.81,0.003,0,87.96,0.292,100,0.20,11.201,56,35.72,0.00,0,3.1,0.073
1626,13095.452,AllocLarge,2B,0.226,11.1,0.000,0.00,15.950,15.958,2,7.786,1.254,0,99.12,0.003,0,87.96,0.292,100,0.20,14.401,49,50.00,0.00,0,2.8,0.073
1627,13101.869,AllocLarge,2B,0.219,0.0,0.105,15.81,16.758,12.758,2,7.786,1.254,0,1.79,0.003,0,87.96,0.292,100,0.20,11.201,56,35.72,0.00,0,3.3,0.074
1628,13110.548,AllocLarge,2B,0.265,0.0,0.000,0.00,15.965,15.973,2,7.786,1.269,0,99.13,0.003,0,87.96,0.292,100,0.20,14.401,49,50.00,0.00,0,3.1,0.077
1629,13117.069,AllocLarge,2B,0.306,14.3,0.000,0.00,16.773,12.773,2,7.786,1.269,0,1.77,0.003,0,87.96,0.292,100,0.20,11.201,56,35.72,0.00,0,4.5,0.083
1630,13125.690,AllocLarge,2B,0.284,0.0,0.103,12.35,15.980,15.988,2,7.786,1.284,0,99.14,0.003,0,87.96,0.292,100,0.20,14.401,49,50.00,0.00,0,3.4,0.078
1631,13132.156,AllocLarge,2B,0.314,0.0,0.000,0.00,16.788,12.788,2,7.786,1.284,0,1.75,0.003,0,87.96,0.292,100,0.20,11.201,56,35.72,0.00,0,4.6,0.079
1632,13140.775,AllocLarge,2B,0.277,0.0,0.000,0.00,15.995,16.003,2,7.786,1.298,0,99.15,0.003,0,87.96,0.292,100,0.20,14.401,49,50.00,0.00,0,3.3,0.079
1633,13147.207,AllocLarge,2B,0.265,0.0,0.105,15.66,16.803,12.803,2,7.786,1.298,0,1.73,0.003,0,87.96,0.292,100,0.20,11.201,56,35.72,0.00,0,3.9,0.078
1634,13156.299,AllocLarge,2B,0.252,0.0,0.000,0.00,16.010,16.018,2,7.786,1.313,0,99.16,0.003,0,87.96,0.292,100,0.20,14.401,49,50.00,0.00,0,2.9,0.075
1635,13162.691,AllocLarge,2B,0.265,0.0,0.000,0.00,16.818,12.818,2,7.786,1.313,0,1.71,0.003,0,87.96,0.292,100,0.20,11.201,56,35.72,0.00,0,4.0,0.075
1636,13171.151,AllocLarge,2B,0.232,0.0,0.103,12.60,16.025,16.033,2,7.786,1.328,0,99.17,0.003,0,87.96,0.292,100,0.20,14.401,49,50.00,0.00,0,2.9,0.074
1637,13177.495,AllocLarge,2B,0.248,14.3,0.000,0.00,16.833,12.833,2,7.786,1.328,0,1.69,0.003,0,87.96,0.292,100,0.20,11.201,56,35.72,0.00,0,3.7,0.080
1638,13186.211,AllocLarge,2B,0.281,9.1,0.000,0.00,16.039,16.048,2,7.786,1.343,0,99.21,0.003,0,87.96,0.292,100,0.20,14.401,49,50.00,0.00,0,3.3,0.077
1639,13192.823,AllocLarge,2B,0.239,14.3,0.105,15.48,16.848,12.847,2,7.786,1.343,0,1.67,0.003,0,87.96,0.292,100,0.20,11.201,56,35.72,0.00,0,3.5,0.089
1640,13201.174,AllocLarge,2B,0.247,11.1,0.000,0.00,16.054,16.063,2,7.786,1.358,0,99.19,0.003,0,87.96,0.292,100,0.20,14.401,49,50.00,0.00,0,3.0,0.090
1641,13207.554,AllocLarge,2B,0.288,14.3,0.000,0.00,16.863,12.862,2,7.786,1.358,0,1.05,0.003,0,87.96,0.292,100,0.20,11.201,56,35.72,0.00,0,4.2,0.079
1642,13216.014,AllocLarge,2B,0.295,10.0,0.105,13.05,16.069,16.077,2,7.786,1.373,0,99.20,0.003,0,87.96,0.292,100,0.20,14.401,49,50.00,0.00,0,3.7,0.105
1643,13222.440,AllocLarge,2B,0.219,0.0,0.000,0.00,16.877,12.877,2,7.786,1.373,0,1.64,0.003,0,87.96,0.292,100,0.20,11.201,56,35.72,0.00,0,3.3,0.069
1644,13242.500,AllocLarge,2B,0.344,4.8,0.000,0.00,16.084,16.092,2,7.786,1.388,0,99.21,0.003,0,87.96,0.292,100,0.20,14.401,49,50.00,0.00,0,1.7,0.079
1645,13249.103,AllocLarge,2B,0.339,14.3,0.103,14.82,16.892,12.892,2,7.786,1.388,0,1.62,0.003,0,87.96,0.292,100,0.20,11.201,56,35.72,0.00,0,4.9,0.088
1646,13257.799,AllocLarge,2B,0.408,0.0,0.000,0.00,16.099,16.107,2,7.786,1.403,0,99.22,0.003,0,87.96,0.292,100,0.20,14.401,49,50.00,0.00,0,4.8,0.229
1647,13264.433,AllocLarge,2B,0.243,0.0,0.000,0.00,16.907,12.907,2,7.786,1.403,0,1.60,0.003,0,87.96,0.292,100,0.20,11.201,56,35.72,0.00,0,3.6,0.076
1648,13272.961,AllocLarge,2B,0.244,11.1,0.105,12.71,16.114,16.122,2,7.786,1.417,0,99.22,0.003,0,87.96,0.292,100,0.20,14.401,49,50.00,0.00,0,2.9,0.075
1649,13279.412,AllocLarge,2B,0.217,0.0,0.000,0.00,16.922,12.922,2,7.786,1.417,0,1.58,0.003,0,87.96,0.292,100,0.20,11.201,56,35.72,0.00,0,3.2,0.074
1650,13288.174,AllocLarge,2B,0.273,0.0,0.103,12.01,16.129,16.137,2,7.786,1.432,0,99.23,0.003,0,87.96,0.292,100,0.20,14.401,49,50.00,0.00,0,3.2,0.087
1651,13294.682,AllocLarge,2B,0.215,14.3,0.000,0.00,16.937,12.937,2,7.786,1.432,0,1.57,0.003,0,87.96,0.292,100,0.20,11.201,56,35.72,0.00,0,3.2,0.074
1652,13303.205,AllocLarge,2B,0.323,10.0,0.000,0.00,16.144,16.152,2,7.786,1.447,0,99.24,0.003,0,87.96,0.292,100,0.20,14.401,49,50.00,0.00,0,3.8,0.092
1653,13309.891,AllocLarge,2B,0.246,0.0,0.105,15.47,16.952,12.952,2,7.786,1.447,0,1.55,0.003,0,87.96,0.292,100,0.20,11.201,56,35.72,0.00,0,3.6,0.074
1654,13318.377,AllocLarge,2B,0.287,11.1,0.000,0.00,16.158,16.167,2,7.786,1.462,0,99.25,0.003,0,87.96,0.292,100,0.20,14.401,49,50.00,0.00,0,3.5,0.095
1655,13324.804,AllocLarge,2B,0.218,0.0,0.000,0.00,16.967,12.966,2,7.786,1.462,0,1.54,0.003,0,87.96,0.292,100,0.20,11.201,56,35.72,0.00,0,3.3,0.073
1656,13333.131,AllocLarge,2B,0.249,12.5,0.103,12.70,16.173,16.182,2,7.786,1.477,0,99.25,0.003,0,87.96,0.292,100,0.20,14.401,49,50.00,0.00,0,3.1,0.073
1657,13339.477,AllocLarge,2B,0.203,0.0,0.000,0.00,16.982,12.981,2,7.786,1.477,0,1.52,0.003,0,87.96,0.292,100,0.20,11.201,56,35.72,0.00,0,3.1,0.071
1658,13347.810,AllocLarge,2B,0.284,0.0,0.000,0.00,16.188,16.196,2,7.786,1.492,0,99.26,0.003,0,87.96,0.292,100,0.20,14.401,49,50.00,0.00,0,3.5,0.076
1659,13354.274,AllocLarge,2B,0.265,0.0,0.105,15.72,16.996,12.996,2,7.786,1.492,0,1.50,0.003,0,87.96,0.292,100,0.20,11.201,56,35.72,0.00,0,4.0,0.077
1660,13362.855,AllocLarge,2B,0.298,11.1,0.000,0.00,16.203,16.211,2,7.786,1.507,0,99.27,0.003,0,87.96,0.292,100,0.20,14.401,49,50.00,0.00,0,3.6,0.154
1661,13369.398,AllocLarge,2B,0.271,14.3,0.000,0.00,17.011,13.011,2,7.786,1.507,0,1.49,0.003,0,87.96,0.292,100,0.20,11.201,56,35.72,0.00,0,4.0,0.077
1662,13377.976,AllocLarge,2B,0.341,0.0,0.103,12.25,16.218,16.226,2,7.786,1.522,0,99.28,0.003,0,87.96,0.292,100,0.20,14.401,49,50.00,0.00,0,4.1,0.106
1663,13384.866,AllocLarge,2B,0.272,0.0,0.000,0.00,17.026,13.026,2,7.786,1.522,0,1.48,0.003,0,87.96,0.292,100,0.20,11.201,56,35.72,0.00,0,3.8,0.077
1664,13393.439,AllocLarge,2B,0.351,0.0,0.000,0.00,16.233,16.241,2,7.786,1.537,0,99.28,0.003,0,87.96,0.292,100,0.20,14.401,49,50.00,0.00,0,4.2,0.103
1665,13400.122,AllocLarge,2B,0.262,14.3,0.105,15.28,17.041,13.041,2,7.786,1.537,0,1.46,0.003,0,87.96,0.292,100,0.20,11.201,56,35.72,0.00,0,3.8,0.079
1666,13408.679,AllocLarge,2B,0.226,0.0,0.000,0.00,16.248,16.256,2,7.786,1.551,0,99.29,0.003,0,87.96,0.292,100,0.20,14.401,49,50.00,0.00,0,2.8,0.074
1667,13415.422,AllocLarge,2B,0.337,0.0,0.000,0.00,17.056,13.056,2,7.786,1.551,0,1.45,0.003,0,87.96,0.292,100,0.20,11.201,56,35.72,0.00,0,4.7,0.092
1668,13424.065,AllocLarge,2B,0.218,11.1,0.105,12.82,16.263,16.271,2,7.786,1.566,0,99.30,0.003,0,87.96,0.292,100,0.20,14.401,49,50.00,0.00,0,2.7,0.073
1669,13430.803,AllocLarge,2B,0.284,12.5,0.000,0.00,17.071,13.071,2,7.786,1.566,0,1.43,0.003,0,87.96,0.292,100,0.20,11.201,56,35.72,0.00,0,4.0,0.094
1670,13439.262,AllocLarge,2B,0.210,0.0,0.000,0.00,16.277,16.286,2,7.786,1.581,0,99.30,0.003,0,87.96,0.292,100,0.20,14.401,49,50.00,0.00,0,2.6,0.072
1671,13445.792,AllocLarge,2B,0.246,12.5,0.103,14.88,17.086,13.085,2,7.786,1.581,0,1.42,0.003,0,87.96,0.292,100,0.20,11.201,56,35.72,0.00,0,3.6,0.075
1672,13454.356,AllocLarge,2B,0.242,0.0,0.000,0.00,16.292,16.301,2,7.786,1.596,0,99.31,0.003,0,87.96,0.292,100,0.20,14.401,49,50.00,0.00,0,2.9,0.074
1673,13460.872,AllocLarge,2B,0.238,14.3,0.000,0.00,17.101,13.100,2,7.786,1.596,0,1.41,0.003,0,87.96,0.292,100,0.20,11.201,56,35.72,0.00,0,3.5,0.075
1674,13469.367,AllocLarge,2B,0.236,0.0,0.105,12.81,16.307,16.315,2,7.786,1.611,0,99.32,0.003,0,87.96,0.292,100,0.20,14.401,49,50.00,0.00,0,2.9,0.075
1675,13475.938,AllocLarge,2B,0.263,12.5,0.000,0.00,17.116,13.115,2,7.786,1.611,0,1.39,0.003,0,87.96,0.292,100,0.20,11.201,56,35.72,0.00,0,3.8,0.078
1676,13484.466,AllocLarge,2B,0.261,12.5,0.103,12.51,16.322,16.330,2,7.786,1.626,0,99.32,0.003,0,87.96,0.292,100,0.20,14.401,49,50.00,0.00,0,3.2,0.084
1677,13491.111,AllocLarge,2B,0.366,12.5,0.000,0.00,17.130,13.130,2,7.786,1.626,0,1.38,0.003,0,87.96,0.292,100,0.20,11.201,56,35.72,0.00,0,5.1,0.149
1678,13500.452,AllocLarge,2B,0.310,0.0,0.000,0.00,16.337,16.345,2,7.786,1.641,0,99.33,0.003,0,87.96,0.292,100,0.20,14.401,49,50.00,0.00,0,3.5,0.117
1679,13507.123,AllocLarge,2B,0.295,14.3,0.105,15.08,17.145,13.145,2,7.786,1.641,0,1.37,0.003,0,87.96,0.292,100,0.20,11.201,56,35.72,0.00,0,4.2,0.104
1680,13515.974,AllocLarge,2B,0.277,0.0,0.000,0.00,16.352,16.360,2,7.786,1.656,0,99.34,0.003,0,87.96,0.292,100,0.20,14.401,49,50.00,0.00,0,3.2,0.082
1681,13522.551,AllocLarge,2B,0.328,12.5,0.000,0.00,17.160,13.160,2,7.786,1.656,0,1.36,0.003,0,87.96,0.292,100,0.20,11.201,56,35.72,0.00,0,4.7,0.085
1682,13531.670,AllocLarge,2B,0.317,11.1,0.103,11.77,16.367,16.375,2,7.786,1.670,0,99.34,0.003,0,87.96,0.292,100,0.20,14.401,49,50.00,0.00,0,3.6,0.079
1683,13538.242,AllocLarge,2B,0.272,12.5,0.000,0.00,17.175,13.183,2,7.786,1.679,0,1.36,0.003,0,87.96,0.292,100,0.20,11.201,56,35.72,0.00,0,4.0,0.079
1684,13546.759,AllocLarge,2B,0.276,0.0,0.000,0.00,16.390,16.398,2,7.786,1.693,0,99.35,0.003,0,87.96,0.292,100,0.20,14.401,49,50.00,0.00,0,3.4,0.082
1685,13553.176,AllocLarge,2B,0.283,12.5,0.105,15.66,17.198,13.198,2,7.786,1.693,0,1.33,0.003,0,87.96,0.292,100,0.20,11.201,56,35.72,0.00,0,4.2,0.111
1686,13561.601,AllocLarge,2B,0.250,0.0,0.000,0.00,16.405,16.413,2,7.786,1.708,0,99.36,0.003,0,87.96,0.292,100,0.20,14.401,49,50.00,0.00,0,3.1,0.076
1687,13568.149,AllocLarge,2B,0.240,0.0,0.000,0.00,17.213,13.213,2,7.786,1.708,0,1.31,0.003,0,87.96,0.292,100,0.20,11.201,56,35.72,0.00,0,3.5,0.075
1688,13576.609,AllocLarge,2B,0.216,0.0,0.105,12.88,16.419,16.428,2,7.786,1.723,0,99.36,0.003,0,87.96,0.292,100,0.20,14.401,49,50.00,0.00,0,2.6,0.073
1689,13582.986,AllocLarge,2B,0.270,12.5,0.000,0.00,17.228,13.227,2,7.786,1.723,0,1.30,0.003,0,87.96,0.292,100,0.20,11.201,56,35.72,0.00,0,4.0,0.079
1690,13591.781,AllocLarge,2B,0.274,12.5,0.000,0.00,16.434,16.442,2,7.786,1.738,0,99.37,0.003,0,87.96,0.292,100,0.20,14.401,49,50.00,0.00,0,3.2,0.082
1691,13598.596,AllocLarge,2B,0.285,12.5,0.103,14.46,17.243,13.242,2,7.786,1.738,0,1.29,0.003,0,87.96,0.292,100,0.20,11.201,56,35.72,0.00,0,4.0,0.081
1692,13607.170,AllocLarge,2B,0.255,0.0,0.000,0.00,16.449,16.457,2,7.786,1.753,0,99.37,0.003,0,87.96,0.292,100,0.20,14.401,49,50.00,0.00,0,3.1,0.077
1693,13613.897,AllocLarge,2B,0.262,11.1,0.000,0.00,17.257,13.257,2,7.786,1.753,0,1.28,0.003,0,87.96,0.292,100,0.20,11.201,56,35.72,0.00,0,3.7,0.078
1694,13618.810,AllocSmall,0N,0.126,0.0,0.014,3.34,13.257,11.505,2,0.001,0.001,0,81.43,0.003,NaN,72.69,0.292,NaN,0.20,11.201,NaN,7.15,0.00,1,3.0,0.003
1695,13622.753,AllocLarge,2B,0.237,0.0,0.000,0.00,14.720,14.728,2,7.785,0.024,0,53.36,0.003,0,87.96,0.292,100,0.20,14.401,49,50.00,0.00,0,5.6,0.075
1696,13629.212,AllocLarge,2B,0.248,14.3,0.000,0.00,15.538,11.546,2,7.785,0.042,0,73.79,0.003,0,87.96,0.292,100,0.20,11.201,56,35.72,0.00,0,3.7,0.104
1697,13637.643,AllocLarge,2B,0.264,11.1,0.000,0.00,14.747,14.747,2,7.785,0.042,0,66.93,0.003,0,87.96,0.292,100,0.20,14.401,49,50.00,0.00,0,3.2,0.076
1698,13644.110,AllocLarge,2B,0.266,12.5,0.107,15.89,15.547,11.546,2,7.785,0.042,0,49.98,0.003,0,87.96,0.292,100,0.20,11.201,56,35.72,0.00,0,4.0,0.079
1699,13652.761,AllocLarge,2B,0.290,11.1,0.000,0.00,14.755,14.763,2,7.785,0.059,0,81.19,0.003,0,87.96,0.292,100,0.20,14.401,49,50.00,0.00,0,3.4,0.078
1700,13659.282,AllocLarge,2B,0.225,0.0,0.000,0.00,15.563,11.563,2,7.785,0.059,0,38.35,0.003,0,87.96,0.292,100,0.20,11.201,56,35.72,0.00,0,3.4,0.075
1701,13667.813,AllocLarge,2B,0.253,11.1,0.105,12.61,14.770,14.778,2,7.785,0.073,0,85.01,0.003,0,87.96,0.292,100,0.20,14.401,49,50.00,0.00,0,3.1,0.098
1702,13674.146,AllocLarge,2B,0.224,0.0,0.000,0.00,15.578,11.578,2,7.785,0.073,0,30.58,0.003,0,87.96,0.292,100,0.20,11.201,56,35.72,0.00,0,3.4,0.091
1703,13682.677,AllocLarge,2B,0.270,11.1,0.103,12.32,14.785,14.793,2,7.785,0.088,0,87.53,0.003,0,87.96,0.292,100,0.20,14.401,49,50.00,0.00,0,3.2,0.085
1704,13689.047,AllocLarge,2B,0.205,0.0,0.000,0.00,15.593,11.593,2,7.785,0.088,0,25.42,0.003,0,87.96,0.292,100,0.20,11.201,56,35.72,0.00,0,3.1,0.074
