Num,PauseStart,Reason,Gen,PauseMSec,Time In GC,AllocMB,Alloc MB/sec,PeakMB,AfterMB,Peak/After Ratio,PromotedMB,Gen0 Size,Gen0 Surv%,Gen0 Frag%,Gen1 Size,Gen1 Surv%,Gen1 Frag%,Gen2 Size,Gen2 Surv%,Gen2 Frag%,LOH Size,LOH Surv%,LOH Frag%,FinalizeSurviveMB,Pinned Object,% Pause Time,Suspend Msec
1,511.005,AllocLarge,2B,0.585,0.0,0.652,1.27,7.082,7.099,2,6.400,0.690,0,54.03,0.000,0,NaN,0.000,0,NaN,6.400,99,0.00,0.00,0,76.9,0.015
2,604.469,AllocSmall,0N,1.187,0.0,7.694,83.06,23.294,15.506,2,0.294,0.001,3,81.43,0.297,NaN,1.11,0.000,NaN,NaN,15.201,NaN,0.00,0.00,1,1.3,0.005
3,615.757,AllocSmall,1N,0.686,0.0,8.381,829.14,23.894,15.503,2,0.294,0.001,0,81.43,0.000,99,9.68,0.293,NaN,0.00,15.201,NaN,0.00,0.00,1,6.4,0.006
4,626.167,AllocSmall,0N,0.251,0.0,8.381,861.64,23.891,15.503,2,0.000,0.001,0,81.43,0.000,NaN,10.17,0.293,NaN,0.00,15.201,NaN,0.00,0.00,1,2.5,0.006
5,636.539,AllocSmall,0N,0.152,0.0,8.389,828.49,23.891,15.503,2,0.000,0.001,0,81.43,0.001,NaN,12.86,0.293,NaN,0.00,15.201,NaN,0.00,0.00,1,1.5,0.006
6,646.557,AllocSmall,0N,0.174,9.1,8.389,849.88,23.891,15.503,2,0.000,0.001,0,81.43,0.001,NaN,12.24,0.293,NaN,0.00,15.201,NaN,0.00,0.00,1,1.7,0.005
7,658.784,AllocSmall,0N,0.174,0.0,8.389,695.76,30.292,21.904,2,0.000,0.001,0,81.43,0.001,NaN,11.45,0.293,NaN,0.00,21.601,NaN,0.00,0.00,1,1.4,0.005
8,668.958,AllocSmall,0N,0.160,0.0,8.389,838.49,30.292,21.904,2,0.000,0.001,0,81.43,0.001,NaN,11.11,0.293,NaN,0.00,21.601,NaN,0.00,0.00,1,1.6,0.005
9,679.141,AllocSmall,0N,0.147,0.0,8.388,836.58,30.292,21.904,2,0.000,0.001,0,81.43,0.002,NaN,10.88,0.293,NaN,0.00,21.601,NaN,0.00,0.00,1,1.4,0.006
10,689.248,AllocSmall,0N,0.150,0.0,8.388,841.96,30.292,21.904,2,0.000,0.001,0,81.43,0.002,NaN,11.32,0.293,NaN,0.00,21.601,NaN,0.00,0.00,1,1.5,0.005
11,699.438,AllocSmall,0N,0.169,0.0,8.389,835.23,30.292,21.905,2,0.000,0.001,0,81.43,0.002,NaN,11.25,0.293,NaN,0.00,21.601,NaN,0.00,0.00,1,1.7,0.005
12,709.749,AllocSmall,0N,0.135,0.0,8.388,826.91,30.293,21.905,2,0.000,0.001,0,81.43,0.002,NaN,11.95,0.293,NaN,0.00,21.601,NaN,0.00,0.00,1,1.3,0.005
13,730.775,AllocLarge,2B,0.312,4.2,6.396,283.21,37.056,37.073,2,8.585,6.368,0,33.88,0.002,0,100.00,0.293,99,0.55,30.401,26,73.68,0.00,0,1.4,0.084
14,735.524,AllocLarge,2B,0.325,28.6,0.000,0.00,37.865,16.264,2,7.785,6.361,0,33.92,0.002,0,100.00,0.293,100,0.55,9.600,59,25.00,0.00,0,5.9,0.105
15,744.496,AllocLarge,2B,0.261,0.0,0.000,0.00,22.665,21.865,2,7.785,6.361,0,33.90,0.002,0,100.00,0.293,100,0.55,15.201,44,52.63,0.00,0,3.7,0.078
16,749.267,AllocLarge,2B,0.287,14.3,0.000,0.00,22.665,17.864,2,7.785,6.361,0,33.89,0.002,0,100.00,0.293,100,0.55,11.201,56,35.72,0.00,0,5.6,0.083
17,755.715,AllocLarge,2B,0.256,0.0,0.000,0.00,21.065,21.065,2,7.785,6.361,0,33.90,0.002,0,100.00,0.293,100,0.55,14.401,49,50.00,0.00,0,4.2,0.082
18,760.581,AllocLarge,2B,0.301,16.7,0.000,0.00,21.865,17.864,2,7.785,6.361,0,33.89,0.002,0,100.00,0.293,100,0.55,11.201,56,35.72,0.00,0,5.8,0.107
19,766.838,AllocLarge,2B,0.327,0.0,0.000,0.00,21.065,21.065,2,7.785,6.361,0,33.90,0.002,0,100.00,0.293,100,0.55,14.401,49,50.00,0.00,0,5.3,0.103
20,772.198,AllocLarge,2B,0.308,14.3,0.000,0.00,21.865,17.864,2,7.785,6.361,0,33.89,0.002,0,100.00,0.293,100,0.55,11.201,56,35.72,0.00,0,5.6,0.085
21,778.329,AllocLarge,2B,0.293,0.0,0.000,0.00,21.065,21.065,2,7.785,6.361,0,33.90,0.002,0,100.00,0.293,100,0.55,14.401,49,50.00,0.00,0,5.1,0.081
22,783.451,AllocLarge,2B,0.370,12.5,0.000,0.00,21.865,17.864,2,7.785,6.361,0,33.89,0.002,0,100.00,0.293,100,0.55,11.201,56,35.72,0.00,0,6.6,0.095
23,789.950,AllocLarge,2B,0.337,0.0,0.000,0.00,21.065,21.065,2,7.785,6.361,0,33.90,0.002,0,100.00,0.293,100,0.55,14.401,49,50.00,0.00,0,5.6,0.101
24,794.889,AllocLarge,2B,0.275,0.0,0.000,0.00,21.865,17.864,2,7.785,6.361,0,33.90,0.002,0,100.00,0.293,100,0.55,11.201,56,35.72,0.00,0,5.4,0.082
25,801.198,AllocLarge,2B,0.316,14.3,0.000,0.00,21.065,21.065,2,7.785,6.361,0,33.91,0.002,0,100.00,0.293,100,0.55,14.401,49,50.00,0.00,0,5.2,0.111
26,806.275,AllocLarge,2B,0.299,0.0,0.000,0.00,21.865,17.864,2,7.785,6.361,0,33.89,0.002,0,100.00,0.293,100,0.55,11.201,56,35.72,0.00,0,5.6,0.090
27,812.589,AllocLarge,2B,0.287,14.3,0.000,0.00,21.065,21.065,2,7.785,6.361,0,33.90,0.002,0,100.00,0.293,100,0.55,14.401,49,50.00,0.00,0,4.8,0.122
28,817.287,AllocLarge,2B,0.270,20.0,0.000,0.00,21.865,17.864,2,7.785,6.361,0,33.89,0.002,0,100.00,0.293,100,0.55,11.201,56,35.72,0.00,0,5.4,0.083
29,823.705,AllocLarge,2B,0.313,14.3,0.000,0.00,21.065,21.065,2,7.785,6.361,0,33.91,0.002,0,100.00,0.293,100,0.55,14.401,49,50.00,0.00,0,5.1,0.092
30,831.791,AllocLarge,2B,4.873,0.0,0.000,0.00,21.865,17.864,2,7.785,6.361,0,33.90,0.002,0,100.00,0.293,100,0.55,11.201,56,35.72,0.00,0,37.4,0.086
31,842.662,AllocLarge,2B,0.281,0.0,0.000,0.00,21.065,21.065,2,7.785,6.361,0,33.90,0.002,0,100.00,0.293,100,0.55,14.401,49,50.00,0.00,0,4.7,0.077
32,848.568,AllocLarge,2B,0.281,14.3,0.000,0.00,21.865,17.864,2,7.785,6.361,0,33.90,0.002,0,100.00,0.293,100,0.55,11.201,56,35.72,0.00,0,4.5,0.084
33,855.337,AllocLarge,2B,0.312,25.0,0.105,16.17,21.065,21.065,2,7.785,6.361,0,33.91,0.002,0,100.00,0.293,100,0.55,14.401,49,50.00,0.00,0,4.8,0.087
34,860.091,AllocLarge,2B,0.283,0.0,0.000,0.00,21.865,17.864,2,7.785,6.361,0,33.90,0.002,0,100.00,0.293,100,0.55,11.201,56,35.72,0.00,0,5.6,0.086
35,866.667,AllocLarge,2B,0.258,0.0,0.000,0.00,21.065,21.065,2,7.785,6.361,0,33.90,0.002,0,100.00,0.293,100,0.55,14.401,49,50.00,0.00,0,4.2,0.078
36,871.392,AllocLarge,2B,0.267,20.0,0.000,0.00,21.865,17.864,2,7.785,6.361,0,33.89,0.002,0,100.00,0.293,100,0.55,11.201,56,35.72,0.00,0,5.3,0.084
37,877.498,AllocLarge,2B,0.319,14.3,0.000,0.00,21.065,21.065,2,7.785,6.361,0,33.90,0.002,0,100.00,0.293,100,0.55,14.401,49,50.00,0.00,0,5.4,0.091
38,883.081,AllocLarge,2B,0.837,16.7,0.000,0.00,21.865,17.864,2,7.785,6.361,0,33.90,0.002,0,100.00,0.293,100,0.55,11.201,56,35.72,0.00,0,12.9,0.133
39,891.122,AllocLarge,2B,0.556,0.0,0.000,0.00,21.065,21.065,2,7.785,6.361,0,33.91,0.002,0,100.00,0.293,100,0.55,14.401,49,50.00,0.00,0,7.5,0.085
40,897.137,AllocLarge,2B,0.270,16.7,0.000,0.00,21.865,17.864,2,7.785,6.361,0,33.89,0.002,0,100.00,0.293,100,0.55,11.201,56,35.72,0.00,0,4.5,0.077
41,903.629,AllocLarge,2B,0.279,0.0,0.000,0.00,21.065,21.065,2,7.785,6.361,0,33.91,0.002,0,100.00,0.293,100,0.55,14.401,49,50.00,0.00,0,4.5,0.091
42,908.148,AllocLarge,2B,0.254,16.7,0.000,0.00,21.865,17.864,2,7.785,6.361,0,33.89,0.002,0,100.00,0.293,100,0.55,11.201,56,35.72,0.00,0,5.3,0.081
43,914.202,AllocLarge,2B,0.241,0.0,0.000,0.00,21.065,21.065,2,7.785,6.361,0,33.90,0.002,0,100.00,0.293,100,0.55,14.401,49,50.00,0.00,0,4.2,0.078
44,919.476,AllocLarge,2B,0.497,14.3,0.000,0.00,21.865,17.864,2,7.785,6.361,0,33.90,0.002,0,100.00,0.293,100,0.55,11.201,56,35.72,0.00,0,8.5,0.135
45,927.812,AllocLarge,2B,0.371,12.5,0.000,0.00,21.065,21.065,2,7.785,6.361,0,33.90,0.002,0,100.00,0.293,100,0.55,14.401,49,50.00,0.00,0,4.5,0.157
46,934.102,AllocLarge,2B,0.331,0.0,0.000,0.00,21.865,17.864,2,7.785,6.361,0,33.90,0.002,0,100.00,0.293,100,0.55,11.201,56,35.72,0.00,0,5.2,0.085
47,941.229,AllocLarge,2B,0.540,0.0,0.000,0.00,21.065,21.065,2,7.785,6.361,0,33.91,0.002,0,100.00,0.293,100,0.55,14.401,49,50.00,0.00,0,7.7,0.142
48,947.541,AllocLarge,2B,0.286,14.3,0.000,0.00,21.865,17.864,2,7.785,6.361,0,33.90,0.002,0,100.00,0.293,100,0.55,11.201,56,35.72,0.00,0,4.6,0.098
49,955.289,AllocLarge,2B,0.310,8.3,0.000,0.00,24.265,24.265,2,7.785,6.361,0,33.90,0.002,0,100.00,0.293,100,0.55,17.601,40,59.09,0.00,0,2.7,0.091
50,964.312,AllocLarge,2B,0.285,12.5,0.103,18.16,25.065,17.064,2,7.785,6.361,0,33.89,0.002,0,100.00,0.293,100,0.55,10.400,59,30.77,0.00,0,5.0,0.064
51,973.893,AllocLarge,2B,0.625,0.0,0.000,0.00,21.865,21.865,2,7.785,6.361,0,33.90,0.002,0,100.00,0.293,100,0.55,15.201,47,52.63,0.00,0,6.5,0.088
52,979.665,AllocLarge,2B,0.262,14.3,0.000,0.00,22.665,17.864,2,7.785,6.361,0,33.89,0.002,0,100.00,0.293,100,0.55,11.201,56,35.72,0.00,0,4.9,0.083
53,985.610,AllocLarge,2B,0.239,0.0,0.000,0.00,21.065,21.065,2,7.785,6.361,0,33.90,0.002,0,100.00,0.293,100,0.55,14.401,49,50.00,0.00,0,4.3,0.079
54,990.204,AllocLarge,2B,0.301,20.0,0.000,0.00,21.865,17.864,2,7.785,6.361,0,33.90,0.002,0,100.00,0.293,100,0.55,11.201,56,35.72,0.00,0,5.9,0.082
55,996.571,AllocLarge,2B,0.249,0.0,0.000,0.00,21.065,21.065,2,7.785,6.361,0,33.90,0.002,0,100.00,0.293,100,0.55,14.401,49,50.00,0.00,0,4.2,0.079
56,1001.143,AllocLarge,2B,0.284,20.0,0.000,0.00,21.865,17.864,2,7.785,6.361,0,33.89,0.002,0,100.00,0.293,100,0.55,11.201,56,35.72,0.00,0,5.8,0.100
57,1007.229,AllocLarge,2B,0.350,14.3,0.000,0.00,21.065,21.065,2,7.785,6.361,0,33.90,0.002,0,100.00,0.293,100,0.55,14.401,49,50.00,0.00,0,6.0,0.156
58,1011.978,AllocLarge,2B,0.299,16.7,0.000,0.00,21.865,17.864,2,7.785,6.361,0,33.89,0.002,0,100.00,0.293,100,0.55,11.201,56,35.72,0.00,0,5.9,0.087
59,1018.102,AllocLarge,2B,0.247,0.0,0.000,0.00,21.065,21.065,2,7.785,6.361,0,33.91,0.002,0,100.00,0.293,100,0.55,14.401,49,50.00,0.00,0,4.3,0.085
60,1022.592,AllocLarge,2B,0.238,16.7,0.000,0.00,21.865,17.864,2,7.785,6.361,0,33.89,0.002,0,100.00,0.293,100,0.55,11.201,56,35.72,0.00,0,5.0,0.076
61,1028.468,AllocLarge,2B,0.225,0.0,0.000,0.00,21.065,21.065,2,7.785,6.361,0,33.90,0.002,0,100.00,0.293,100,0.55,14.401,49,50.00,0.00,0,4.0,0.076
62,1032.884,AllocLarge,2B,0.242,20.0,0.000,0.00,21.865,17.864,2,7.785,6.361,0,33.89,0.002,0,100.00,0.293,100,0.55,11.201,56,35.72,0.00,0,5.1,0.077
63,1038.878,AllocLarge,2B,0.286,28.6,0.000,0.00,21.065,21.065,2,7.785,6.361,0,33.90,0.002,0,100.00,0.293,100,0.55,14.401,49,50.00,0.00,0,5.0,0.099
64,1043.382,AllocLarge,2B,0.239,0.0,0.000,0.00,21.865,17.864,2,7.785,6.361,0,33.89,0.002,0,100.00,0.293,100,0.55,11.201,56,35.72,0.00,0,5.1,0.076
65,1049.211,AllocLarge,2B,0.286,0.0,0.000,0.00,21.065,21.065,2,7.785,6.361,0,33.90,0.002,0,100.00,0.293,100,0.55,14.401,49,50.00,0.00,0,5.1,0.088
66,1053.908,AllocLarge,2B,0.353,16.7,0.000,0.00,21.865,17.864,2,7.785,6.361,0,33.89,0.002,0,100.00,0.293,100,0.55,11.201,56,35.72,0.00,0,6.9,0.144
67,1060.222,AllocLarge,2B,0.256,0.0,0.000,0.00,21.065,21.065,2,7.785,6.361,0,33.91,0.002,0,100.00,0.293,100,0.55,14.401,49,50.00,0.00,0,4.4,0.081
68,1064.720,AllocLarge,2B,0.229,20.0,0.000,0.00,21.865,17.864,2,7.785,6.361,0,33.89,0.002,0,100.00,0.293,100,0.55,11.201,56,35.72,0.00,0,4.8,0.077
69,1070.860,AllocLarge,2B,0.250,0.0,0.106,18.00,21.065,21.065,2,7.785,6.361,0,33.90,0.002,0,100.00,0.293,100,0.55,14.401,49,50.00,0.00,0,4.2,0.077
70,1075.347,AllocLarge,2B,0.260,20.0,0.000,0.00,21.865,17.864,2,7.785,6.361,0,33.89,0.002,0,100.00,0.293,100,0.55,11.201,56,35.72,0.00,0,5.5,0.078
71,1081.268,AllocLarge,2B,0.272,14.3,0.000,0.00,21.065,21.065,2,7.785,6.361,0,33.90,0.002,0,100.00,0.293,100,0.55,14.401,49,50.00,0.00,0,4.8,0.096
72,1085.836,AllocLarge,2B,0.315,20.0,0.000,0.00,21.865,17.864,2,7.785,6.361,0,33.89,0.002,0,100.00,0.293,100,0.55,11.201,56,35.72,0.00,0,6.3,0.086
73,1091.817,AllocLarge,2B,0.242,0.0,0.000,0.00,21.065,21.065,2,7.785,6.361,0,33.90,0.002,0,100.00,0.293,100,0.55,14.401,49,50.00,0.00,0,4.4,0.081
74,1096.316,AllocLarge,2B,0.312,16.7,0.000,0.00,21.865,17.864,2,7.785,6.361,0,33.89,0.002,0,100.00,0.293,100,0.55,11.201,56,35.72,0.00,0,6.3,0.088
75,1102.560,AllocLarge,2B,0.258,0.0,0.000,0.00,21.065,21.065,2,7.785,6.361,0,33.90,0.002,0,100.00,0.293,100,0.55,14.401,49,50.00,0.00,0,4.4,0.097
76,1107.075,AllocLarge,2B,0.259,20.0,0.000,0.00,21.865,17.864,2,7.785,6.361,0,33.89,0.002,0,100.00,0.293,100,0.55,11.201,56,35.72,0.00,0,5.4,0.085
77,1113.049,AllocLarge,2B,0.245,0.0,0.000,0.00,21.065,21.065,2,7.785,6.361,0,33.91,0.002,0,100.00,0.293,100,0.55,14.401,49,50.00,0.00,0,4.3,0.088
78,1119.507,AllocLarge,2B,4.040,12.5,0.000,0.00,21.865,17.864,2,7.785,6.361,0,33.90,0.002,0,100.00,0.293,100,0.55,11.201,56,35.72,0.00,0,37.7,0.124
79,1130.739,AllocLarge,2B,0.273,11.1,0.000,0.00,21.065,21.065,2,7.785,6.361,0,33.90,0.002,0,100.00,0.293,100,0.55,14.401,49,50.00,0.00,0,3.9,0.102
80,1135.792,AllocLarge,2B,0.282,12.5,0.000,0.00,21.865,17.864,2,7.785,6.361,0,33.90,0.002,0,100.00,0.293,100,0.55,11.201,56,35.72,0.00,0,5.3,0.097
81,1144.219,AllocLarge,2B,0.338,20.0,0.000,0.00,21.065,21.065,2,7.785,6.361,0,33.90,0.002,0,100.00,0.293,100,0.55,14.401,49,50.00,0.00,0,4.1,0.082
82,1150.317,AllocLarge,2B,0.577,8.3,0.000,0.00,21.865,17.864,2,7.785,6.361,0,33.89,0.002,0,100.00,0.293,100,0.55,11.201,56,35.72,0.00,0,8.5,0.290
83,1162.807,AllocLarge,2B,0.309,0.0,0.000,0.00,21.065,21.065,2,7.785,6.361,0,33.90,0.002,0,100.00,0.293,100,0.55,14.401,49,50.00,0.00,0,2.6,0.085
84,1169.983,AllocLarge,2B,0.378,11.1,0.000,0.00,21.865,17.864,2,7.785,6.361,0,33.90,0.002,0,100.00,0.293,100,0.55,11.201,56,35.72,0.00,0,5.0,0.123
85,1180.603,AllocLarge,2B,0.312,12.5,0.000,0.00,21.065,21.065,2,7.785,6.361,0,33.91,0.002,0,100.00,0.293,100,0.55,14.401,49,50.00,0.00,0,3.1,0.109
86,1187.053,AllocLarge,2B,0.357,8.3,0.000,0.00,21.865,17.864,2,7.785,6.361,0,33.89,0.002,0,100.00,0.293,100,0.55,11.201,56,35.72,0.00,0,5.1,0.122
87,1194.597,AllocLarge,2B,0.357,0.0,0.000,0.00,21.065,21.065,2,7.785,6.361,0,33.91,0.002,0,100.00,0.293,100,0.55,14.401,49,50.00,0.00,0,5.0,0.134
88,1200.331,AllocLarge,2B,0.321,12.5,0.000,0.00,21.865,17.864,2,7.785,6.361,0,33.89,0.002,0,100.00,0.293,100,0.55,11.201,56,35.72,0.00,0,5.2,0.106
89,1207.231,AllocLarge,2B,0.278,0.0,0.108,16.90,21.065,21.065,2,7.785,6.361,0,33.91,0.002,0,100.00,0.293,100,0.55,14.401,49,50.00,0.00,0,4.4,0.091
90,1212.777,AllocLarge,2B,0.321,14.3,0.000,0.00,21.865,17.864,2,7.785,6.361,0,33.90,0.002,0,100.00,0.293,100,0.55,11.201,56,35.72,0.00,0,5.3,0.084
91,1221.391,AllocLarge,2B,0.300,0.0,0.000,0.00,21.065,21.065,2,7.785,6.361,0,33.91,0.002,0,100.00,0.293,100,0.55,14.401,49,50.00,0.00,0,3.7,0.095
92,1226.526,AllocLarge,2B,0.345,14.3,0.000,0.00,21.865,17.864,2,7.785,6.361,0,33.90,0.002,0,100.00,0.293,100,0.55,11.201,56,35.72,0.00,0,6.3,0.148
93,1232.467,AllocLarge,2B,0.373,0.0,0.000,0.00,21.065,21.065,2,7.785,6.361,0,33.90,0.002,0,100.00,0.293,100,0.55,14.401,49,50.00,0.00,0,6.4,0.084
94,1237.134,AllocLarge,2B,0.278,20.0,0.000,0.00,21.865,17.864,2,7.785,6.361,0,33.89,0.002,0,100.00,0.293,100,0.55,11.201,56,35.72,0.00,0,5.6,0.072
95,1243.970,AllocLarge,2B,0.287,12.5,0.000,0.00,21.865,21.065,2,7.785,6.361,0,33.89,0.002,0,100.00,0.293,100,0.55,14.401,47,50.00,0.00,0,4.1,0.071
96,1249.688,AllocLarge,2B,0.323,14.3,0.000,0.00,21.865,17.864,2,7.785,6.361,0,33.88,0.002,0,100.00,0.293,100,0.55,11.201,56,35.72,0.00,0,6.1,0.096
97,1255.866,AllocLarge,2B,0.275,0.0,0.000,0.00,21.065,21.065,2,7.785,6.361,0,33.91,0.002,0,100.00,0.293,100,0.55,14.401,49,50.00,0.00,0,4.7,0.092
98,1260.830,AllocLarge,2B,0.300,16.7,0.000,0.00,21.865,17.864,2,7.785,6.361,0,33.89,0.002,0,100.00,0.293,100,0.55,11.201,56,35.72,0.00,0,5.6,0.102
99,1268.625,AllocLarge,2B,0.303,0.0,0.000,0.00,21.065,21.065,2,7.785,6.361,0,33.91,0.002,0,100.00,0.293,100,0.55,14.401,49,50.00,0.00,0,4.0,0.095
100,1274.489,AllocLarge,2B,0.378,0.0,0.000,0.00,21.865,17.864,2,7.785,6.361,0,33.90,0.002,0,100.00,0.293,100,0.55,11.201,56,35.72,0.00,0,6.0,0.110
101,1281.317,AllocLarge,2B,0.260,0.0,0.000,0.00,21.065,21.065,2,7.785,6.361,0,33.90,0.002,0,100.00,0.293,100,0.55,14.401,49,50.00,0.00,0,4.1,0.082
102,1285.978,AllocLarge,2B,0.369,14.3,0.000,0.00,21.865,17.864,2,7.785,6.361,0,33.89,0.002,0,100.00,0.293,100,0.55,11.201,56,35.72,0.00,0,7.1,0.116
103,1292.359,AllocLarge,2B,0.323,14.3,0.000,0.00,21.065,21.065,2,7.785,6.361,0,33.90,0.002,0,100.00,0.293,100,0.55,14.401,49,50.00,0.00,0,5.2,0.113
104,1298.685,AllocLarge,2B,0.447,25.0,0.000,0.00,21.865,17.864,2,7.785,6.361,0,33.90,0.002,0,100.00,0.293,100,0.55,11.201,56,35.72,0.00,0,6.8,0.112
105,1308.062,AllocLarge,2B,0.374,0.0,0.000,0.00,21.065,21.065,2,7.785,6.361,0,33.90,0.002,0,100.00,0.293,100,0.55,14.401,49,50.00,0.00,0,4.2,0.109
106,1314.933,AllocLarge,2B,0.430,11.1,0.000,0.00,21.865,17.864,2,7.785,6.361,0,33.90,0.002,0,100.00,0.293,100,0.55,11.201,56,35.72,0.00,0,6.0,0.110
107,1323.014,AllocLarge,2B,0.439,0.0,0.000,0.00,21.065,21.065,2,7.785,6.361,0,33.91,0.002,0,100.00,0.293,100,0.55,14.401,49,50.00,0.00,0,5.7,0.140
108,1329.470,AllocLarge,2B,0.379,7.1,0.000,0.00,21.865,17.864,2,7.785,6.361,0,33.90,0.002,0,100.00,0.293,100,0.55,11.201,56,35.72,0.00,0,5.7,0.111
109,1337.767,AllocLarge,2B,0.600,0.0,0.108,13.20,21.065,21.065,2,7.785,6.361,0,33.90,0.002,0,100.00,0.293,100,0.55,14.401,49,50.00,0.00,0,7.3,0.084
110,1343.220,AllocLarge,2B,0.318,20.0,0.000,0.00,21.865,17.864,2,7.785,6.361,0,33.89,0.002,0,100.00,0.293,100,0.55,11.201,56,35.72,0.00,0,5.8,0.110
111,1351.375,AllocLarge,2B,0.414,0.0,0.000,0.00,21.065,21.065,2,7.785,6.361,0,33.90,0.002,0,100.00,0.293,100,0.55,14.401,49,50.00,0.00,0,5.2,0.142
112,1357.515,AllocLarge,2B,0.310,16.7,0.000,0.00,21.865,17.864,2,7.785,6.361,0,33.90,0.002,0,100.00,0.293,100,0.55,11.201,56,35.72,0.00,0,5.0,0.086
113,1364.262,AllocLarge,2B,0.250,16.7,0.000,0.00,21.065,21.065,2,7.785,6.361,0,33.90,0.002,0,100.00,0.293,100,0.55,14.401,49,50.00,0.00,0,3.9,0.051
114,1370.370,AllocLarge,2B,0.574,12.5,0.000,0.00,21.865,17.864,2,7.785,6.361,0,33.89,0.002,0,100.00,0.293,100,0.55,11.201,56,35.72,0.00,0,8.0,0.184
115,1378.288,AllocLarge,2B,0.270,0.0,0.000,0.00,21.865,21.065,2,7.785,6.361,0,33.91,0.002,0,100.00,0.293,100,0.55,14.401,47,50.00,0.00,0,3.9,0.063
116,1384.138,AllocLarge,2B,0.296,16.7,0.000,0.00,21.865,17.864,2,7.785,6.361,0,33.90,0.002,0,100.00,0.293,100,0.55,11.201,56,35.72,0.00,0,4.8,0.086
117,1391.175,AllocLarge,2B,0.311,12.5,0.000,0.00,21.065,21.065,2,7.785,6.361,0,33.90,0.002,0,100.00,0.293,100,0.55,14.401,49,50.00,0.00,0,4.6,0.056
118,1397.450,AllocLarge,2B,0.477,11.1,0.000,0.00,21.865,17.864,2,7.785,6.361,0,33.90,0.002,0,100.00,0.293,100,0.55,11.201,56,35.72,0.00,0,7.0,0.161
119,1405.763,AllocLarge,2B,0.395,0.0,0.000,0.00,21.065,21.065,2,7.785,6.361,0,33.91,0.002,0,100.00,0.293,100,0.55,14.401,49,50.00,0.00,0,5.1,0.119
120,1411.122,AllocLarge,2B,0.406,16.7,0.000,0.00,21.865,17.864,2,7.785,6.361,0,33.90,0.002,0,100.00,0.293,100,0.55,11.201,56,35.72,0.00,0,7.0,0.102
121,1419.660,AllocLarge,2B,0.575,22.2,0.000,0.00,21.065,21.065,2,7.785,6.361,0,33.90,0.002,0,100.00,0.293,100,0.55,14.401,49,50.00,0.00,0,6.8,0.089
122,1426.347,AllocLarge,2B,0.419,12.5,0.000,0.00,21.865,17.864,2,7.785,6.361,0,33.89,0.002,0,100.00,0.293,100,0.55,11.201,56,35.72,0.00,0,5.9,0.149
123,1435.134,AllocLarge,2B,0.282,0.0,0.000,0.00,21.865,21.065,2,7.785,6.361,0,33.90,0.002,0,100.00,0.293,100,0.55,14.401,47,50.00,0.00,0,3.6,0.104
124,1440.684,AllocLarge,2B,0.361,14.3,0.000,0.00,21.865,17.864,2,7.785,6.361,0,33.89,0.002,0,100.00,0.293,100,0.55,11.201,56,35.72,0.00,0,6.0,0.095
125,1449.960,AllocLarge,2B,0.386,11.1,0.000,0.00,21.065,21.065,2,7.785,6.361,0,33.91,0.002,0,100.00,0.293,100,0.55,14.401,49,50.00,0.00,0,4.2,0.121
126,1455.738,AllocLarge,2B,0.380,14.3,0.000,0.00,21.865,17.864,2,7.785,6.361,0,33.90,0.002,0,100.00,0.293,100,0.55,11.201,56,35.72,0.00,0,5.9,0.089
127,1463.800,AllocLarge,2B,0.823,12.5,0.000,0.00,21.065,21.065,2,7.785,6.361,0,33.90,0.002,0,100.00,0.293,100,0.55,14.401,49,50.00,0.00,0,10.3,0.117
128,1470.927,AllocLarge,2B,0.639,12.5,0.000,0.00,21.865,17.864,2,7.785,6.361,0,33.89,0.002,0,100.00,0.293,100,0.55,11.201,56,35.72,0.00,0,9.0,0.136
129,1478.331,AllocLarge,2B,0.330,14.3,0.108,16.37,21.865,21.065,2,7.785,6.361,0,33.90,0.002,0,100.00,0.293,100,0.55,14.401,47,50.00,0.00,0,5.0,0.063
130,1484.141,AllocLarge,2B,0.358,16.7,0.000,0.00,21.865,17.864,2,7.785,6.361,0,33.89,0.002,0,100.00,0.293,100,0.55,11.201,56,35.72,0.00,0,5.8,0.090
131,1490.905,AllocLarge,2B,0.681,14.3,0.000,0.00,21.065,21.065,2,7.785,6.361,0,33.91,0.002,0,100.00,0.293,100,0.55,14.401,49,50.00,0.00,0,10.1,0.309
132,1497.271,AllocLarge,2B,0.322,14.3,0.000,0.00,21.865,17.864,2,7.785,6.361,0,33.90,0.002,0,100.00,0.293,100,0.55,11.201,56,35.72,0.00,0,4.8,0.107
133,1506.567,AllocLarge,2B,0.364,0.0,0.000,0.00,21.065,21.065,2,7.785,6.361,0,33.90,0.002,0,100.00,0.293,100,0.55,14.401,49,50.00,0.00,0,4.3,0.150
134,1512.793,AllocLarge,2B,0.487,14.3,0.000,0.00,21.865,17.864,2,7.785,6.361,0,33.90,0.002,0,100.00,0.293,100,0.55,11.201,56,35.72,0.00,0,6.9,0.110
135,1521.809,AllocLarge,2B,0.469,0.0,0.000,0.00,21.065,21.065,2,7.785,6.361,0,33.90,0.002,0,100.00,0.293,100,0.55,14.401,49,50.00,0.00,0,5.6,0.087
136,1527.565,AllocLarge,2B,0.330,0.0,0.000,0.00,21.865,17.864,2,7.785,6.361,0,33.90,0.002,0,100.00,0.293,100,0.55,11.201,56,35.72,0.00,0,5.5,0.106
137,1535.680,AllocLarge,2B,0.422,11.1,0.000,0.00,21.065,21.065,2,7.785,6.361,0,33.91,0.002,0,100.00,0.293,100,0.55,14.401,49,50.00,0.00,0,5.1,0.123
138,1542.295,AllocLarge,2B,0.398,7.7,0.000,0.00,21.865,17.864,2,7.785,6.361,0,33.89,0.002,0,100.00,0.293,100,0.55,11.201,56,35.72,0.00,0,6.0,0.125
139,1550.037,AllocLarge,2B,0.476,0.0,0.000,0.00,21.065,21.065,2,7.785,6.361,0,33.91,0.002,0,100.00,0.293,100,0.55,14.401,49,50.00,0.00,0,6.4,0.121
140,1557.611,AllocLarge,2B,0.486,16.7,0.000,0.00,21.865,17.864,2,7.785,6.361,0,33.90,0.002,0,100.00,0.293,100,0.55,11.201,56,35.72,0.00,0,5.9,0.164
141,1567.013,AllocLarge,2B,0.700,10.0,0.000,0.00,21.065,21.065,2,7.785,6.361,0,33.91,0.002,0,100.00,0.293,100,0.55,14.401,49,50.00,0.00,0,7.5,0.198
142,1575.408,AllocLarge,2B,0.611,0.0,0.000,0.00,21.865,17.864,2,7.785,6.361,0,33.90,0.002,0,100.00,0.293,100,0.55,11.201,56,35.72,0.00,0,7.3,0.133
143,1584.092,AllocLarge,2B,0.368,11.1,0.000,0.00,21.065,21.065,2,7.785,6.361,0,33.90,0.002,0,100.00,0.293,100,0.55,14.401,49,50.00,0.00,0,4.6,0.145
144,1590.778,AllocLarge,2B,0.397,14.3,0.000,0.00,21.865,17.864,2,7.785,6.361,0,33.90,0.002,0,100.00,0.293,100,0.55,11.201,56,35.72,0.00,0,5.5,0.094
145,1599.572,AllocLarge,2B,0.930,12.5,0.000,0.00,21.065,21.065,2,7.785,6.361,0,33.91,0.002,0,100.00,0.293,100,0.55,14.401,49,50.00,0.00,0,10.5,0.086
146,1607.065,AllocLarge,2B,0.394,12.5,0.000,0.00,21.865,17.864,2,7.785,6.361,0,33.90,0.002,0,100.00,0.293,100,0.55,11.201,56,35.72,0.00,0,5.3,0.111
147,1616.167,AllocLarge,2B,0.918,0.0,0.000,0.00,21.065,21.065,2,7.785,6.361,0,33.91,0.002,0,100.00,0.293,100,0.55,14.401,49,50.00,0.00,0,10.0,0.118
148,1621.988,AllocLarge,2B,1.790,0.0,0.000,0.00,21.865,17.864,2,7.785,6.361,0,33.90,0.002,0,100.00,0.293,100,0.55,11.201,56,35.72,0.00,0,25.9,0.086
149,1631.226,AllocLarge,2B,0.575,20.0,0.108,12.77,21.065,21.065,2,7.785,6.361,0,33.90,0.002,0,100.00,0.293,100,0.55,14.401,49,50.00,0.00,0,6.8,0.264
150,1639.005,AllocLarge,2B,2.213,22.2,0.000,0.00,21.865,17.864,2,7.785,6.361,0,33.90,0.002,0,100.00,0.293,100,0.55,11.201,56,35.72,0.00,0,23.5,0.138
151,1653.127,AllocLarge,2B,1.270,8.3,0.000,0.00,21.065,21.065,2,7.785,6.361,0,33.90,0.002,0,100.00,0.293,100,0.55,14.401,49,50.00,0.00,0,9.8,0.114
152,1661.184,AllocLarge,2B,0.387,12.5,0.000,0.00,21.865,17.864,2,7.785,6.361,0,33.90,0.002,0,100.00,0.293,100,0.55,11.201,56,35.72,0.00,0,5.4,0.146
153,1668.884,AllocLarge,2B,0.768,0.0,0.000,0.00,21.065,21.065,2,7.785,6.361,0,33.91,0.002,0,100.00,0.293,100,0.55,14.401,49,50.00,0.00,0,9.9,0.137
154,1676.174,AllocLarge,2B,0.371,12.5,0.000,0.00,21.865,17.864,2,7.785,6.361,0,33.90,0.002,0,100.00,0.293,100,0.55,11.201,56,35.72,0.00,0,5.1,0.127
155,1685.810,AllocLarge,2B,0.418,0.0,0.000,0.00,21.065,21.065,2,7.785,6.361,0,33.91,0.002,0,100.00,0.293,100,0.55,14.401,49,50.00,0.00,0,4.5,0.098
156,1694.386,AllocLarge,2B,0.494,10.0,0.000,0.00,21.865,17.864,2,7.785,6.361,0,33.90,0.002,0,100.00,0.293,100,0.55,11.201,56,35.72,0.00,0,5.3,0.132
157,1706.606,AllocLarge,2B,0.343,0.0,0.000,0.00,21.065,21.065,2,7.785,6.361,0,33.90,0.002,0,100.00,0.293,100,0.55,14.401,49,50.00,0.00,0,3.1,0.115
158,1712.984,AllocLarge,2B,0.668,14.3,0.000,0.00,21.865,17.873,2,7.785,6.369,0,33.87,0.002,0,100.00,0.293,100,0.55,11.201,56,35.72,0.00,0,9.4,0.109
159,1723.132,AllocLarge,2B,0.405,9.1,0.000,0.00,21.065,21.065,2,7.785,6.361,0,33.90,0.002,0,100.00,0.293,100,0.55,14.401,49,50.00,0.00,0,4.3,0.109
160,1728.095,AllocLarge,2B,0.382,16.7,0.000,0.00,21.865,17.865,2,7.785,6.361,0,33.90,0.002,0,100.00,0.293,100,0.55,11.201,56,35.72,0.00,0,7.0,0.088
161,1737.648,AllocLarge,2B,0.308,11.1,0.000,0.00,21.065,21.065,2,7.785,6.361,0,33.90,0.002,0,100.00,0.293,100,0.55,14.401,49,50.00,0.00,0,3.4,0.091
162,1743.859,AllocLarge,2B,0.366,0.0,0.000,0.00,21.865,17.865,2,7.785,6.361,0,33.90,0.002,0,100.00,0.293,100,0.55,11.201,56,35.72,0.00,0,5.5,0.111
163,1752.341,AllocLarge,2B,0.713,12.5,0.000,0.00,21.065,21.065,2,7.785,6.361,0,33.90,0.002,0,100.00,0.293,100,0.55,14.401,49,50.00,0.00,0,8.1,0.129
164,1759.787,AllocLarge,2B,0.390,12.5,0.000,0.00,21.865,17.865,2,7.785,6.361,0,33.89,0.002,0,100.00,0.293,100,0.55,11.201,56,35.72,0.00,0,5.5,0.087
165,1766.941,AllocLarge,2B,1.256,0.0,0.000,0.00,21.065,21.065,2,7.785,6.361,0,33.90,0.002,0,100.00,0.293,100,0.55,14.401,49,50.00,0.00,0,16.2,0.109
166,1773.961,AllocLarge,2B,0.364,12.5,0.104,14.81,22.665,18.665,2,8.585,6.361,0,33.89,0.002,0,100.00,0.293,100,0.55,12.001,58,33.34,0.00,0,5.2,0.104
167,1785.980,AllocLarge,2B,0.327,0.0,0.000,0.00,25.065,25.065,2,7.785,6.361,0,33.90,0.002,0,100.00,0.293,100,0.55,18.401,39,60.87,0.00,0,3.0,0.088
168,1791.232,AllocLarge,2B,0.474,12.5,0.000,0.00,25.865,17.065,2,7.785,6.361,0,33.89,0.002,0,100.00,0.293,100,0.55,10.400,59,30.77,0.00,0,7.2,0.075
169,1801.457,AllocLarge,2B,0.537,0.0,0.000,0.00,22.665,21.865,2,7.785,6.361,0,33.91,0.002,0,100.00,0.293,100,0.55,15.201,44,52.63,0.00,0,5.9,0.258
170,1807.505,AllocLarge,2B,0.763,25.0,0.000,0.00,22.665,17.865,2,7.785,6.361,0,33.90,0.002,0,100.00,0.293,100,0.55,11.201,56,35.72,0.00,0,10.8,0.115
171,1816.003,AllocLarge,2B,0.372,12.5,0.000,0.00,21.065,21.073,2,7.785,6.369,0,33.86,0.002,0,100.00,0.293,100,0.55,14.401,49,50.00,0.00,0,5.0,0.060
172,1822.104,AllocLarge,2B,0.411,0.0,0.000,0.00,21.865,17.865,2,7.785,6.361,0,33.90,0.002,0,100.00,0.293,100,0.55,11.201,56,35.72,0.00,0,6.4,0.137
173,1830.264,AllocLarge,2B,0.332,12.5,0.000,0.00,21.065,21.065,2,7.785,6.361,0,33.91,0.002,0,100.00,0.293,100,0.55,14.401,49,50.00,0.00,0,4.3,0.115
174,1836.717,AllocLarge,2B,0.366,14.3,0.000,0.00,21.865,17.865,2,7.785,6.361,0,33.90,0.002,0,100.00,0.293,100,0.55,11.201,56,35.72,0.00,0,5.3,0.111
175,1845.290,AllocLarge,2B,0.326,11.1,0.000,0.00,21.065,21.065,2,7.785,6.361,0,33.90,0.002,0,100.00,0.293,100,0.55,14.401,49,50.00,0.00,0,3.8,0.098
176,1852.334,AllocLarge,2B,0.593,12.5,0.000,0.00,21.865,17.865,2,7.785,6.361,0,33.89,0.002,0,100.00,0.293,100,0.55,11.201,56,35.72,0.00,0,7.9,0.129
177,1859.686,AllocLarge,2B,0.756,22.2,0.000,0.00,21.065,21.065,2,7.785,6.361,0,33.91,0.002,0,100.00,0.293,100,0.55,14.401,49,50.00,0.00,0,10.9,0.151
178,1867.450,AllocLarge,2B,0.545,11.1,0.000,0.00,21.865,17.865,2,7.785,6.361,0,33.90,0.002,0,100.00,0.293,100,0.55,11.201,56,35.72,0.00,0,6.6,0.125
179,1875.922,AllocLarge,2B,0.444,0.0,0.000,0.00,21.065,21.065,2,7.785,6.361,0,33.90,0.002,0,100.00,0.293,100,0.55,14.401,49,50.00,0.00,0,5.7,0.073
180,1882.334,AllocLarge,2B,0.347,12.5,0.000,0.00,21.865,17.865,2,7.785,6.361,0,33.90,0.002,0,100.00,0.293,100,0.55,11.201,56,35.72,0.00,0,5.1,0.071
181,1891.629,AllocLarge,2B,0.271,0.0,0.000,0.00,21.065,21.065,2,7.785,6.361,0,33.90,0.002,0,100.00,0.293,100,0.55,14.401,49,50.00,0.00,0,3.1,0.083
182,1896.732,AllocLarge,2B,1.556,20.0,0.000,0.00,21.865,17.865,2,7.785,6.361,0,33.89,0.002,0,100.00,0.293,100,0.55,11.201,56,35.72,0.00,0,23.0,0.109
183,1905.574,AllocLarge,2B,0.393,10.0,0.104,14.06,21.065,21.065,2,7.785,6.361,0,33.91,0.002,0,100.00,0.293,100,0.55,14.401,49,50.00,0.00,0,5.3,0.156
184,1911.014,AllocLarge,2B,0.551,20.0,0.000,0.00,21.865,17.865,2,7.785,6.361,0,33.89,0.002,0,100.00,0.293,100,0.55,11.201,56,35.72,0.00,0,9.4,0.106
185,1919.745,AllocLarge,2B,0.379,12.5,0.000,0.00,21.065,21.065,2,7.785,6.361,0,33.91,0.002,0,100.00,0.293,100,0.55,14.401,49,50.00,0.00,0,4.6,0.112
186,1926.264,AllocLarge,2B,0.351,0.0,0.000,0.00,21.865,17.865,2,7.785,6.361,0,33.89,0.002,0,100.00,0.293,100,0.55,11.201,56,35.72,0.00,0,4.9,0.073
187,1933.712,AllocLarge,2B,0.525,14.3,0.000,0.00,21.865,21.065,2,7.785,6.361,0,33.91,0.002,0,100.00,0.293,100,0.55,14.401,47,50.00,0.00,0,7.6,0.154
188,1940.138,AllocLarge,2B,0.368,12.5,0.000,0.00,21.865,17.865,2,7.785,6.361,0,33.89,0.002,0,100.00,0.293,100,0.55,11.201,56,35.72,0.00,0,5.5,0.128
189,1947.986,AllocLarge,2B,0.341,0.0,0.000,0.00,21.065,21.065,2,7.785,6.361,0,33.90,0.002,0,100.00,0.293,100,0.55,14.401,49,50.00,0.00,0,4.7,0.107
190,1955.237,AllocLarge,2B,0.434,10.0,0.000,0.00,21.865,17.865,2,7.785,6.361,0,33.89,0.002,0,100.00,0.293,100,0.55,11.201,56,35.72,0.00,0,5.4,0.099
191,1963.768,AllocLarge,2B,0.478,11.1,0.000,0.00,21.865,21.065,2,7.785,6.361,0,33.91,0.002,0,100.00,0.293,100,0.55,14.401,47,50.00,0.00,0,6.1,0.173
192,1971.134,AllocLarge,2B,0.914,12.5,0.000,0.00,21.865,17.865,2,7.785,6.361,0,33.90,0.002,0,100.00,0.293,100,0.55,11.201,56,35.72,0.00,0,11.1,0.118
193,1981.031,AllocLarge,2B,0.394,10.0,0.000,0.00,21.065,21.065,2,7.785,6.361,0,33.90,0.002,0,100.00,0.293,100,0.55,14.401,49,50.00,0.00,0,4.3,0.126
194,1988.620,AllocLarge,2B,0.289,12.5,0.000,0.00,21.865,17.865,2,7.785,6.361,0,33.90,0.002,0,100.00,0.293,100,0.55,11.201,56,35.72,0.00,0,3.9,0.084
195,1997.017,AllocLarge,2B,0.816,10.0,0.000,0.00,21.065,21.065,2,7.785,6.361,0,33.90,0.002,0,100.00,0.293,100,0.55,14.401,49,50.00,0.00,0,9.3,0.122
196,2004.285,AllocLarge,2B,0.431,0.0,0.000,0.00,22.666,18.665,2,7.785,6.361,0,33.88,0.002,0,100.00,0.293,100,0.55,12.001,52,40.00,0.00,0,5.4,0.142
197,2010.740,AllocLarge,2B,0.287,20.0,0.000,0.00,20.265,20.265,2,7.785,6.361,0,33.90,0.002,0,100.00,0.293,100,0.55,13.601,52,47.06,0.00,0,5.8,0.104
198,2017.956,AllocLarge,2B,0.522,0.0,0.000,0.00,21.865,21.065,2,8.585,6.361,0,33.88,0.002,0,100.00,0.293,100,0.55,14.401,55,44.45,0.00,0,6.3,0.088
199,2028.134,AllocLarge,2B,0.548,0.0,0.103,10.79,23.466,23.466,2,7.785,6.361,0,33.90,0.002,0,100.00,0.293,100,0.55,16.801,42,57.14,0.00,0,5.7,0.176
200,2033.802,AllocLarge,2B,0.355,14.3,0.000,0.00,24.266,17.065,2,7.785,6.361,0,33.89,0.002,0,100.00,0.293,100,0.55,10.400,59,30.77,0.00,0,5.6,0.109
201,2043.417,AllocLarge,2B,0.316,0.0,0.000,0.00,22.666,21.865,2,7.785,6.361,0,33.90,0.002,0,100.00,0.293,100,0.55,15.201,44,52.63,0.00,0,3.7,0.080
202,2049.347,AllocLarge,2B,0.575,12.5,0.000,0.00,22.666,17.865,2,7.785,6.361,0,33.89,0.002,0,100.00,0.293,100,0.55,11.201,56,35.72,0.00,0,8.6,0.123
203,2058.050,AllocLarge,2B,0.401,12.5,0.000,0.00,21.865,21.065,2,7.785,6.361,0,33.90,0.002,0,100.00,0.293,100,0.55,14.401,47,50.00,0.00,0,5.0,0.135
204,2063.977,AllocLarge,2B,0.588,20.0,0.000,0.00,21.865,17.865,2,7.785,6.361,0,33.90,0.002,0,100.00,0.293,100,0.55,11.201,56,35.72,0.00,0,8.3,0.165
205,2073.596,AllocLarge,2B,0.429,20.0,0.000,0.00,21.065,21.065,2,7.785,6.361,0,33.90,0.002,0,100.00,0.293,100,0.55,14.401,49,50.00,0.00,0,4.9,0.104
206,2080.613,AllocLarge,2B,0.649,14.3,0.000,0.00,21.865,17.865,2,7.785,6.361,0,33.89,0.002,0,100.00,0.293,100,0.55,11.201,56,35.72,0.00,0,8.9,0.168
207,2089.052,AllocLarge,2B,0.630,12.5,0.000,0.00,21.065,21.074,2,7.785,6.369,0,33.86,0.002,0,100.00,0.293,100,0.55,14.401,49,50.00,0.00,0,7.7,0.088
208,2096.539,AllocLarge,2B,0.787,11.1,0.000,0.00,21.866,17.866,2,7.785,6.362,0,33.90,0.002,0,100.00,0.293,100,0.55,11.201,56,35.72,0.00,0,9.5,0.183
209,2108.324,AllocLarge,2B,0.356,0.0,0.000,0.00,21.066,21.066,2,7.785,6.362,0,33.90,0.002,0,100.00,0.293,100,0.55,14.401,49,50.00,0.00,0,3.3,0.117
210,2115.849,AllocLarge,2B,0.450,12.5,0.000,0.00,21.866,17.866,2,7.785,6.362,0,33.89,0.002,0,100.00,0.293,100,0.55,11.201,56,35.72,0.00,0,5.4,0.175
211,2124.669,AllocLarge,2B,1.035,10.0,0.000,0.00,21.066,21.066,2,7.785,6.362,0,33.90,0.002,0,100.00,0.293,100,0.55,14.401,49,50.00,0.00,0,11.9,0.190
212,2132.239,AllocLarge,2B,0.443,22.2,0.000,0.00,21.866,17.866,2,7.785,6.362,0,33.89,0.002,0,100.00,0.293,100,0.55,11.201,56,35.72,0.00,0,5.9,0.086
213,2140.990,AllocLarge,2B,0.334,11.1,0.000,0.00,21.066,21.066,2,7.785,6.362,0,33.90,0.002,0,100.00,0.293,100,0.55,14.401,49,50.00,0.00,0,3.9,0.112
214,2147.289,AllocLarge,2B,0.411,14.3,0.000,0.00,21.866,17.866,2,7.785,6.362,0,33.89,0.002,0,100.00,0.293,100,0.55,11.201,56,35.72,0.00,0,6.2,0.078
215,2155.848,AllocLarge,2B,0.536,0.0,0.000,0.00,21.066,21.066,2,7.785,6.362,0,33.90,0.002,0,100.00,0.293,100,0.55,14.401,49,50.00,0.00,0,6.5,0.154
216,2163.335,AllocLarge,2B,0.396,11.1,0.000,0.00,21.866,17.866,2,7.785,6.362,0,33.90,0.002,0,100.00,0.293,100,0.55,11.201,56,35.72,0.00,0,5.2,0.139
217,2173.626,AllocLarge,2B,0.586,9.1,0.106,10.23,21.066,21.066,2,7.785,6.362,0,33.90,0.002,0,100.00,0.293,100,0.55,14.401,49,50.00,0.00,0,5.7,0.167
218,2180.747,AllocLarge,2B,0.509,20.0,0.000,0.00,21.866,17.866,2,7.785,6.362,0,33.90,0.002,0,100.00,0.293,100,0.55,11.201,56,35.72,0.00,0,6.7,0.124
219,2192.013,AllocLarge,2B,0.469,9.1,0.000,0.00,21.066,21.066,2,7.785,6.362,0,33.90,0.002,0,100.00,0.293,100,0.55,14.401,49,50.00,0.00,0,4.4,0.089
220,2202.243,AllocLarge,2B,0.354,10.0,0.000,0.00,21.866,17.866,2,7.785,6.362,0,33.90,0.002,0,100.00,0.293,100,0.55,11.201,56,35.72,0.00,0,3.5,0.104
221,2212.519,AllocLarge,2B,0.740,18.2,0.000,0.00,21.066,21.074,2,7.785,6.370,0,33.86,0.002,0,100.00,0.293,100,0.55,14.401,49,50.00,0.00,0,6.9,0.130
222,2220.836,AllocLarge,2B,0.384,10.0,0.000,0.00,21.866,17.866,2,7.785,6.362,0,33.89,0.002,0,100.00,0.293,100,0.55,11.201,56,35.72,0.00,0,4.7,0.092
223,2229.109,AllocLarge,2B,0.416,12.5,0.000,0.00,21.066,21.066,2,7.785,6.362,0,33.90,0.002,0,100.00,0.293,100,0.55,14.401,49,50.00,0.00,0,5.3,0.140
224,2235.420,AllocLarge,2B,0.431,14.3,0.000,0.00,21.866,17.866,2,7.785,6.362,0,33.90,0.002,0,100.00,0.293,100,0.55,11.201,56,35.72,0.00,0,6.4,0.109
225,2244.217,AllocLarge,2B,0.338,0.0,0.000,0.00,21.066,21.066,2,7.785,6.362,0,33.90,0.002,0,100.00,0.293,100,0.55,14.401,49,50.00,0.00,0,4.1,0.117
226,2250.507,AllocLarge,2B,0.435,12.5,0.000,0.00,21.866,17.866,2,7.785,6.362,0,33.88,0.002,0,100.00,0.293,100,0.55,11.201,56,35.72,0.00,0,6.4,0.138
227,2260.505,AllocLarge,2B,0.423,20.0,0.000,0.00,21.066,21.066,2,7.785,6.362,0,33.90,0.002,0,100.00,0.293,100,0.55,14.401,49,50.00,0.00,0,4.4,0.115
228,2269.519,AllocLarge,2B,0.409,9.1,0.000,0.00,21.866,17.866,2,7.785,6.362,0,33.88,0.002,0,100.00,0.293,100,0.55,11.201,56,35.72,0.00,0,4.3,0.098
229,2278.728,AllocLarge,2B,0.542,8.3,0.000,0.00,21.066,21.066,2,7.785,6.362,0,33.90,0.002,0,100.00,0.293,100,0.55,14.401,49,50.00,0.00,0,6.1,0.154
230,2286.276,AllocLarge,2B,0.364,11.1,0.000,0.00,21.866,17.866,2,7.785,6.362,0,33.90,0.002,0,100.00,0.293,100,0.55,11.201,56,35.72,0.00,0,4.6,0.102
231,2295.262,AllocLarge,2B,0.707,10.0,0.000,0.00,21.066,21.066,2,7.785,6.362,0,33.90,0.002,0,100.00,0.293,100,0.55,14.401,49,50.00,0.00,0,8.1,0.088
232,2302.571,AllocLarge,2B,0.512,22.2,0.000,0.00,21.866,17.866,2,7.785,6.362,0,33.90,0.002,0,100.00,0.293,100,0.55,11.201,56,35.72,0.00,0,6.6,0.125
233,2311.135,AllocLarge,2B,0.356,12.5,0.000,0.00,21.066,21.066,2,7.785,6.362,0,33.90,0.002,0,100.00,0.293,100,0.55,14.401,49,50.00,0.00,0,4.6,0.119
234,2317.584,AllocLarge,2B,0.380,0.0,0.000,0.00,21.866,17.866,2,7.785,6.362,0,33.90,0.002,0,100.00,0.293,100,0.55,11.201,56,35.72,0.00,0,5.5,0.109
235,2325.829,AllocLarge,2B,0.590,11.1,0.105,12.78,21.066,21.066,2,7.785,6.362,0,33.90,0.002,0,100.00,0.293,100,0.55,14.401,49,50.00,0.00,0,7.2,0.132
236,2333.280,AllocLarge,2B,0.417,14.3,0.000,0.00,21.866,17.866,2,7.785,6.362,0,33.88,0.002,0,100.00,0.293,100,0.55,11.201,56,35.72,0.00,0,5.4,0.097
237,2340.203,AllocLarge,2B,0.627,14.3,0.000,0.00,21.066,21.066,2,7.785,6.362,0,33.90,0.002,0,100.00,0.293,100,0.55,14.401,49,50.00,0.00,0,9.4,0.167
238,2348.331,AllocLarge,2B,0.733,27.3,0.000,0.00,21.866,17.866,2,7.785,6.362,0,33.90,0.002,0,100.00,0.293,100,0.55,11.201,56,35.72,0.00,0,8.3,0.134
239,2358.334,AllocLarge,2B,0.571,20.0,0.000,0.00,21.066,21.066,2,7.785,6.362,0,33.90,0.002,0,100.00,0.293,100,0.55,14.401,49,50.00,0.00,0,6.0,0.156
240,2367.249,AllocLarge,2B,0.798,14.3,0.000,0.00,21.866,17.866,2,7.785,6.362,0,33.90,0.002,0,100.00,0.293,100,0.55,11.201,56,35.72,0.00,0,8.3,0.156
241,2378.022,AllocLarge,2B,0.405,10.0,0.000,0.00,21.066,21.066,2,7.785,6.362,0,33.90,0.002,0,100.00,0.293,100,0.55,14.401,49,50.00,0.00,0,4.2,0.105
242,2387.120,AllocLarge,2B,0.579,10.0,0.000,0.00,21.866,17.866,2,7.785,6.362,0,33.90,0.002,0,100.00,0.293,100,0.55,11.201,56,35.72,0.00,0,5.7,0.134
243,2397.908,AllocLarge,2B,0.631,10.0,0.000,0.00,21.066,21.066,2,7.785,6.362,0,33.90,0.002,0,100.00,0.293,100,0.55,14.401,49,50.00,0.00,0,6.4,0.114
244,2405.980,AllocLarge,2B,0.513,10.0,0.000,0.00,21.866,17.866,2,7.785,6.362,0,33.90,0.002,0,100.00,0.293,100,0.55,11.201,56,35.72,0.00,0,5.9,0.135
245,2414.835,AllocLarge,2B,0.710,0.0,0.000,0.00,21.066,21.066,2,7.785,6.362,0,33.90,0.002,0,100.00,0.293,100,0.55,14.401,49,50.00,0.00,0,8.6,0.120
246,2421.722,AllocLarge,2B,0.472,16.7,0.000,0.00,21.866,17.866,2,7.785,6.362,0,33.88,0.002,0,100.00,0.293,100,0.55,11.201,56,35.72,0.00,0,6.7,0.093
247,2428.847,AllocLarge,2B,0.328,14.3,0.000,0.00,21.066,21.066,2,7.785,6.362,0,33.90,0.002,0,100.00,0.293,100,0.55,14.401,49,50.00,0.00,0,5.0,0.082
248,2436.162,AllocLarge,2B,0.619,20.0,0.000,0.00,21.866,17.866,2,7.785,6.362,0,33.90,0.002,0,100.00,0.293,100,0.55,11.201,56,35.72,0.00,0,7.5,0.123
249,2445.902,AllocLarge,2B,0.613,9.1,0.000,0.00,21.066,21.066,2,7.785,6.362,0,33.90,0.002,0,100.00,0.293,100,0.55,14.401,49,50.00,0.00,0,6.7,0.193
250,2454.021,AllocLarge,2B,0.583,11.1,0.000,0.00,21.866,17.866,2,7.785,6.362,0,33.88,0.002,0,100.00,0.293,100,0.55,11.201,56,35.72,0.00,0,6.8,0.092
251,2462.802,AllocLarge,2B,0.495,11.1,0.000,0.00,21.066,21.066,2,7.785,6.362,0,33.90,0.002,0,100.00,0.293,100,0.55,14.401,49,50.00,0.00,0,6.0,0.168
252,2468.899,AllocLarge,2B,0.607,14.3,0.000,0.00,21.866,17.866,2,7.785,6.362,0,33.88,0.002,0,100.00,0.293,100,0.55,11.201,56,35.72,0.00,0,9.1,0.142
253,2480.552,AllocLarge,2B,0.567,9.1,0.000,0.00,21.066,21.066,2,7.785,6.362,0,33.90,0.002,0,100.00,0.293,100,0.55,14.401,49,50.00,0.00,0,5.1,0.115
254,2487.381,AllocLarge,2B,0.632,12.5,0.000,0.00,21.866,17.866,2,7.785,6.362,0,33.88,0.002,0,100.00,0.293,100,0.55,11.201,56,35.72,0.00,0,8.4,0.159
255,2496.633,AllocLarge,2B,0.411,11.1,0.108,13.03,21.066,21.066,2,7.785,6.362,0,33.90,0.002,0,100.00,0.293,100,0.55,14.401,49,50.00,0.00,0,5.0,0.109
256,2502.174,AllocLarge,2B,0.437,14.3,0.000,0.00,21.866,17.866,2,7.785,6.362,0,33.88,0.002,0,100.00,0.293,100,0.55,11.201,56,35.72,0.00,0,6.9,0.097
257,2511.229,AllocLarge,2B,0.436,11.1,0.000,0.00,21.866,21.066,2,7.785,6.362,0,33.90,0.002,0,100.00,0.293,100,0.55,14.401,47,50.00,0.00,0,5.3,0.120
258,2517.984,AllocLarge,2B,0.470,11.1,0.000,0.00,21.866,17.866,2,7.785,6.362,0,33.90,0.002,0,100.00,0.293,100,0.55,11.201,56,35.72,0.00,0,6.3,0.125
259,2527.969,AllocLarge,2B,0.360,10.0,0.000,0.00,21.066,21.066,2,7.785,6.362,0,33.90,0.002,0,100.00,0.293,100,0.55,14.401,49,50.00,0.00,0,3.9,0.131
260,2535.639,AllocLarge,2B,0.676,20.0,0.000,0.00,21.866,17.866,2,7.785,6.362,0,33.88,0.002,0,100.00,0.293,100,0.55,11.201,56,35.72,0.00,0,7.6,0.152
261,2545.188,AllocLarge,2B,0.537,11.1,0.000,0.00,21.066,21.066,2,7.785,6.362,0,33.90,0.002,0,100.00,0.293,100,0.55,14.401,49,50.00,0.00,0,6.2,0.176
262,2552.560,AllocLarge,2B,0.579,0.0,0.000,0.00,21.866,17.866,2,7.785,6.362,0,33.90,0.002,0,100.00,0.293,100,0.55,11.201,56,35.72,0.00,0,7.7,0.112
263,2561.586,AllocLarge,2B,0.526,12.5,0.000,0.00,21.066,21.066,2,7.785,6.362,0,33.90,0.002,0,100.00,0.293,100,0.55,14.401,49,50.00,0.00,0,6.0,0.185
264,2568.510,AllocLarge,2B,0.839,22.2,0.000,0.00,21.866,17.866,2,7.785,6.362,0,33.90,0.002,0,100.00,0.293,100,0.55,11.201,56,35.72,0.00,0,11.0,0.118
265,2577.918,AllocLarge,2B,0.436,0.0,0.000,0.00,21.066,21.066,2,7.785,6.362,0,33.90,0.002,0,100.00,0.293,100,0.55,14.401,49,50.00,0.00,0,5.1,0.140
266,2584.254,AllocLarge,2B,0.512,20.0,0.000,0.00,21.866,17.866,2,7.785,6.362,0,33.90,0.002,0,100.00,0.293,100,0.55,11.201,56,35.72,0.00,0,7.2,0.112
267,2592.976,AllocLarge,2B,0.422,12.5,0.000,0.00,21.066,21.066,2,7.785,6.362,0,33.90,0.002,0,100.00,0.293,100,0.55,14.401,49,50.00,0.00,0,5.4,0.107
268,2599.745,AllocLarge,2B,0.804,30.0,0.000,0.00,21.866,17.866,2,7.785,6.362,0,33.90,0.002,0,100.00,0.293,100,0.55,11.201,56,35.72,0.00,0,10.1,0.132
269,2609.585,AllocLarge,2B,0.363,0.0,0.000,0.00,21.066,21.066,2,7.785,6.362,0,33.90,0.002,0,100.00,0.293,100,0.55,14.401,49,50.00,0.00,0,4.2,0.131
270,2616.986,AllocLarge,2B,0.441,12.5,0.000,0.00,21.866,17.866,2,7.785,6.362,0,33.88,0.002,0,100.00,0.293,100,0.55,11.201,56,35.72,0.00,0,5.5,0.113
271,2626.166,AllocLarge,2B,0.393,10.0,0.000,0.00,21.066,21.066,2,7.785,6.362,0,33.90,0.002,0,100.00,0.293,100,0.55,14.401,49,50.00,0.00,0,4.2,0.107
272,2633.102,AllocLarge,2B,0.608,14.3,0.000,0.00,21.866,17.866,2,7.785,6.362,0,33.88,0.002,0,100.00,0.293,100,0.55,11.201,56,35.72,0.00,0,8.5,0.212
273,2642.264,AllocLarge,2B,0.443,0.0,0.000,0.00,21.066,21.066,2,7.785,6.362,0,33.90,0.002,0,100.00,0.293,100,0.55,14.401,49,50.00,0.00,0,5.3,0.123
274,2649.212,AllocLarge,2B,0.422,14.3,0.000,0.00,21.866,17.866,2,7.785,6.362,0,33.90,0.002,0,100.00,0.293,100,0.55,11.201,56,35.72,0.00,0,5.7,0.152
275,2658.281,AllocLarge,2B,0.486,0.0,0.108,12.10,21.066,21.066,2,7.785,6.362,0,33.90,0.002,0,100.00,0.293,100,0.55,14.401,49,50.00,0.00,0,5.5,0.154
276,2665.187,AllocLarge,2B,0.317,0.0,0.000,0.00,21.866,17.866,2,7.785,6.362,0,33.88,0.002,0,100.00,0.293,100,0.55,11.201,56,35.72,0.00,0,4.5,0.076
277,2674.079,AllocLarge,2B,0.393,12.5,0.000,0.00,21.866,21.066,2,7.785,6.362,0,33.90,0.002,0,100.00,0.293,100,0.55,14.401,47,50.00,0.00,0,4.7,0.099
278,2680.514,AllocLarge,2B,0.348,12.5,0.000,0.00,21.866,17.866,2,7.785,6.362,0,33.90,0.002,0,100.00,0.293,100,0.55,11.201,56,35.72,0.00,0,5.2,0.108
279,2689.978,AllocLarge,2B,0.482,10.0,0.000,0.00,21.066,21.066,2,7.785,6.362,0,33.90,0.002,0,100.00,0.293,100,0.55,14.401,49,50.00,0.00,0,5.2,0.194
280,2697.043,AllocLarge,2B,0.581,30.0,0.000,0.00,21.866,17.866,2,7.785,6.362,0,33.90,0.002,0,100.00,0.293,100,0.55,11.201,56,35.72,0.00,0,7.2,0.139
281,2706.967,AllocLarge,2B,0.437,10.0,0.000,0.00,21.066,21.066,2,7.785,6.362,0,33.90,0.002,0,100.00,0.293,100,0.55,14.401,49,50.00,0.00,0,4.9,0.164
282,2714.781,AllocLarge,2B,0.411,11.1,0.000,0.00,21.866,17.866,2,7.785,6.362,0,33.90,0.002,0,100.00,0.293,100,0.55,11.201,56,35.72,0.00,0,5.0,0.115
283,2723.889,AllocLarge,2B,0.553,0.0,0.000,0.00,21.066,21.066,2,7.785,6.362,0,33.90,0.002,0,100.00,0.293,100,0.55,14.401,49,50.00,0.00,0,6.3,0.111
284,2733.166,AllocLarge,2B,0.676,16.7,0.000,0.00,21.866,17.866,2,7.785,6.362,0,33.88,0.002,0,100.00,0.293,100,0.55,11.201,56,35.72,0.00,0,6.5,0.190
285,2742.875,AllocLarge,2B,0.549,11.1,0.000,0.00,21.066,21.066,2,7.785,6.362,0,33.90,0.002,0,100.00,0.293,100,0.55,14.401,49,50.00,0.00,0,6.3,0.102
286,2750.152,AllocLarge,2B,0.736,11.1,0.000,0.00,21.866,17.866,2,7.785,6.362,0,33.88,0.002,0,100.00,0.293,100,0.55,11.201,56,35.72,0.00,0,9.1,0.224
287,2759.091,AllocLarge,2B,0.524,12.5,0.000,0.00,21.866,21.066,2,7.785,6.362,0,33.90,0.002,0,100.00,0.293,100,0.55,14.401,47,50.00,0.00,0,6.5,0.229
288,2767.191,AllocLarge,2B,0.387,11.1,0.000,0.00,21.866,17.866,2,7.785,6.362,0,33.90,0.002,0,100.00,0.293,100,0.55,11.201,56,35.72,0.00,0,4.6,0.104
289,2778.139,AllocLarge,2B,0.539,0.0,0.000,0.00,21.066,21.066,2,7.785,6.362,0,33.90,0.002,0,100.00,0.293,100,0.55,14.401,49,50.00,0.00,0,5.0,0.192
290,2785.386,AllocLarge,2B,0.338,11.1,0.000,0.00,21.866,17.866,2,7.785,6.362,0,33.90,0.002,0,100.00,0.293,100,0.55,11.201,56,35.72,0.00,0,4.4,0.111
291,2794.211,AllocLarge,2B,0.529,0.0,0.000,0.00,21.066,21.066,2,7.785,6.362,0,33.90,0.002,0,100.00,0.293,100,0.55,14.401,49,50.00,0.00,0,6.1,0.162
292,2802.641,AllocLarge,2B,0.719,18.2,0.000,0.00,21.866,17.866,2,7.785,6.362,0,33.90,0.002,0,100.00,0.293,100,0.55,11.201,56,35.72,0.00,0,8.3,0.176
293,2812.823,AllocLarge,2B,0.361,0.0,0.000,0.00,21.066,21.066,2,7.785,6.362,0,33.90,0.002,0,100.00,0.293,100,0.55,14.401,49,50.00,0.00,0,3.8,0.088
294,2819.448,AllocLarge,2B,0.377,11.1,0.000,0.00,21.866,17.866,2,7.785,6.362,0,33.90,0.002,0,100.00,0.293,100,0.55,11.201,56,35.72,0.00,0,5.3,0.116
295,2828.812,AllocLarge,2B,0.930,11.1,0.108,11.31,21.066,21.066,2,7.785,6.362,0,33.90,0.002,0,100.00,0.293,100,0.55,14.401,49,50.00,0.00,0,9.8,0.142
296,2835.953,AllocLarge,2B,0.499,12.5,0.000,0.00,21.866,17.866,2,7.785,6.362,0,33.88,0.002,0,100.00,0.293,100,0.55,11.201,56,35.72,0.00,0,7.1,0.096
297,2844.147,AllocLarge,2B,0.416,0.0,0.000,0.00,21.866,21.066,2,7.785,6.362,0,33.90,0.002,0,100.00,0.293,100,0.55,14.401,47,50.00,0.00,0,5.5,0.132
298,2850.054,AllocLarge,2B,0.394,12.5,0.000,0.00,21.866,17.866,2,7.785,6.362,0,33.90,0.002,0,100.00,0.293,100,0.55,11.201,56,35.72,0.00,0,6.1,0.110
299,2859.057,AllocLarge,2B,0.411,10.0,0.000,0.00,21.066,21.066,2,7.785,6.362,0,33.90,0.002,0,100.00,0.293,100,0.55,14.401,49,50.00,0.00,0,4.7,0.119
300,2866.296,AllocLarge,2B,0.620,20.0,0.000,0.00,21.866,17.866,2,7.785,6.362,0,33.88,0.002,0,100.00,0.293,100,0.55,11.201,56,35.72,0.00,0,7.7,0.136
301,2875.386,AllocLarge,2B,0.488,22.2,0.000,0.00,21.066,21.066,2,7.785,6.362,0,33.90,0.002,0,100.00,0.293,100,0.55,14.401,49,50.00,0.00,0,6.0,0.126
302,2883.113,AllocLarge,2B,0.425,11.1,0.000,0.00,21.866,17.866,2,7.785,6.362,0,33.88,0.002,0,100.00,0.293,100,0.55,11.201,56,35.72,0.00,0,5.4,0.113
303,2892.080,AllocLarge,2B,0.454,11.1,0.000,0.00,21.066,21.066,2,7.785,6.362,0,33.90,0.002,0,100.00,0.293,100,0.55,14.401,49,50.00,0.00,0,5.2,0.084
304,2900.188,AllocLarge,2B,0.741,25.0,0.000,0.00,21.866,17.866,2,7.785,6.362,0,33.88,0.002,0,100.00,0.293,100,0.55,11.201,56,35.72,0.00,0,8.6,0.131
305,2908.703,AllocLarge,2B,0.514,12.5,0.000,0.00,21.066,21.066,2,7.785,6.362,0,33.90,0.002,0,100.00,0.293,100,0.55,14.401,49,50.00,0.00,0,6.4,0.139
306,2915.726,AllocLarge,2B,0.691,18.2,0.000,0.00,21.866,17.866,2,7.785,6.362,0,33.90,0.002,0,100.00,0.293,100,0.55,11.201,56,35.72,0.00,0,8.7,0.150
307,2924.703,AllocLarge,2B,0.457,11.1,0.000,0.00,21.066,21.066,2,7.785,6.362,0,33.90,0.002,0,100.00,0.293,100,0.55,14.401,49,50.00,0.00,0,5.7,0.121
308,2931.385,AllocLarge,2B,0.416,14.3,0.000,0.00,21.866,17.866,2,7.785,6.362,0,33.88,0.002,0,100.00,0.293,100,0.55,11.201,56,35.72,0.00,0,5.9,0.115
309,2940.712,AllocLarge,2B,0.479,10.0,0.000,0.00,21.066,21.066,2,7.785,6.362,0,33.90,0.002,0,100.00,0.293,100,0.55,14.401,49,50.00,0.00,0,5.4,0.173
310,2947.515,AllocLarge,2B,0.379,11.1,0.000,0.00,21.866,17.866,2,7.785,6.362,0,33.88,0.002,0,100.00,0.293,100,0.55,11.201,56,35.72,0.00,0,5.3,0.108
311,2956.006,AllocLarge,2B,0.248,0.0,0.000,0.00,21.066,21.066,2,7.785,6.362,0,33.90,0.002,0,100.00,0.293,100,0.55,14.401,49,50.00,0.00,0,3.1,0.084
312,2961.585,AllocLarge,2B,0.579,11.1,0.000,0.00,21.866,17.866,2,7.785,6.362,0,33.90,0.002,0,100.00,0.293,100,0.55,11.201,56,35.72,0.00,0,8.7,0.184
313,2971.976,AllocLarge,2B,0.403,9.1,0.000,0.00,21.066,21.066,2,7.785,6.362,0,33.90,0.002,0,100.00,0.293,100,0.55,14.401,49,50.00,0.00,0,4.2,0.085
314,2978.552,AllocLarge,2B,0.516,16.7,0.000,0.00,21.866,17.866,2,7.785,6.362,0,33.88,0.002,0,100.00,0.293,100,0.55,11.201,56,35.72,0.00,0,7.0,0.138
315,2987.650,AllocLarge,2B,0.645,11.1,0.108,12.49,21.866,21.066,2,7.785,6.362,0,33.90,0.002,0,100.00,0.293,100,0.55,14.401,47,50.00,0.00,0,7.5,0.104
316,2994.037,AllocLarge,2B,1.006,20.0,0.000,0.00,21.866,17.866,2,7.785,6.362,0,33.88,0.002,0,100.00,0.293,100,0.55,11.201,56,35.72,0.00,0,14.1,0.124
317,3003.778,AllocLarge,2B,0.325,0.0,0.000,0.00,21.066,21.066,2,7.785,6.362,0,33.90,0.002,0,100.00,0.293,100,0.55,14.401,49,50.00,0.00,0,3.8,0.089
318,3009.988,AllocLarge,2B,0.610,11.1,0.000,0.00,21.866,17.866,2,7.785,6.362,0,33.90,0.002,0,100.00,0.293,100,0.55,11.201,56,35.72,0.00,0,8.8,0.120
319,3017.686,AllocLarge,2B,0.538,12.5,0.000,0.00,21.066,21.066,2,7.785,6.362,0,33.90,0.002,0,100.00,0.293,100,0.55,14.401,49,50.00,0.00,0,7.5,0.164
320,3025.020,AllocLarge,2B,0.713,11.1,0.000,0.00,21.866,17.866,2,7.785,6.362,0,33.90,0.002,0,100.00,0.293,100,0.55,11.201,56,35.72,0.00,0,9.0,0.152
321,3035.944,AllocLarge,2B,0.611,0.0,0.000,0.00,21.066,21.066,2,7.785,6.362,0,33.90,0.002,0,100.00,0.293,100,0.55,14.401,49,50.00,0.00,0,5.9,0.135
322,3042.945,AllocLarge,2B,0.519,14.3,0.000,0.00,21.866,17.866,2,7.785,6.362,0,33.88,0.002,0,100.00,0.293,100,0.55,11.201,56,35.72,0.00,0,6.9,0.192
323,3053.076,AllocLarge,2B,0.411,0.0,0.000,0.00,21.066,21.066,2,7.785,6.362,0,33.90,0.002,0,100.00,0.293,100,0.55,14.401,49,50.00,0.00,0,4.3,0.140
324,3059.777,AllocLarge,2B,0.365,12.5,0.000,0.00,21.866,17.866,2,7.785,6.362,0,33.90,0.002,0,100.00,0.293,100,0.55,11.201,56,35.72,0.00,0,5.1,0.097
325,3069.016,AllocLarge,2B,0.294,0.0,0.000,0.00,21.066,21.066,2,7.785,6.362,0,33.90,0.002,0,100.00,0.293,100,0.55,14.401,49,50.00,0.00,0,3.5,0.093
326,3075.791,AllocLarge,2B,0.323,20.0,0.000,0.00,21.866,17.866,2,7.785,6.362,0,33.88,0.002,0,100.00,0.293,100,0.55,11.201,56,35.72,0.00,0,4.4,0.087
327,3084.777,AllocLarge,2B,0.556,11.1,0.000,0.00,21.066,21.066,2,7.785,6.362,0,33.90,0.002,0,100.00,0.293,100,0.55,14.401,49,50.00,0.00,0,6.3,0.150
328,3091.413,AllocLarge,2B,0.635,12.5,0.000,0.00,21.866,17.866,2,7.785,6.362,0,33.90,0.002,0,100.00,0.293,100,0.55,11.201,56,35.72,0.00,0,9.0,0.227
329,3099.709,AllocLarge,2B,0.463,12.5,0.000,0.00,21.066,21.066,2,7.785,6.362,0,33.90,0.002,0,100.00,0.293,100,0.55,14.401,49,50.00,0.00,0,6.0,0.210
330,3105.886,AllocLarge,2B,0.507,12.5,0.000,0.00,21.866,17.866,2,7.785,6.362,0,33.90,0.002,0,100.00,0.293,100,0.55,11.201,56,35.72,0.00,0,7.3,0.121
331,3115.084,AllocLarge,2B,0.659,11.1,0.000,0.00,21.066,21.066,2,7.785,6.362,0,33.90,0.002,0,100.00,0.293,100,0.55,14.401,49,50.00,0.00,0,7.6,0.128
332,3123.298,AllocLarge,2B,0.591,10.0,0.000,0.00,21.866,17.866,2,7.785,6.362,0,33.88,0.002,0,100.00,0.293,100,0.55,11.201,56,35.72,0.00,0,6.7,0.136
333,3132.242,AllocLarge,2B,0.828,27.3,0.000,0.00,21.066,21.066,2,7.785,6.362,0,33.90,0.002,0,100.00,0.293,100,0.55,14.401,49,50.00,0.00,0,9.6,0.127
334,3139.486,AllocLarge,2B,0.779,22.2,0.000,0.00,21.866,17.866,2,7.785,6.362,0,33.90,0.002,0,100.00,0.293,100,0.55,11.201,56,35.72,0.00,0,10.0,0.126
335,3149.566,AllocLarge,2B,0.466,10.0,0.108,11.86,21.066,21.066,2,7.785,6.362,0,33.90,0.002,0,100.00,0.293,100,0.55,14.401,49,50.00,0.00,0,5.1,0.121
336,3156.479,AllocLarge,2B,0.595,12.5,0.000,0.00,21.866,17.866,2,7.785,6.362,0,33.88,0.002,0,100.00,0.293,100,0.55,11.201,56,35.72,0.00,0,7.8,0.139
337,3165.987,AllocLarge,2B,0.533,11.1,0.000,0.00,21.066,21.066,2,7.785,6.362,0,33.90,0.002,0,100.00,0.293,100,0.55,14.401,49,50.00,0.00,0,6.0,0.119
338,3172.157,AllocLarge,2B,0.397,16.7,0.000,0.00,21.866,17.866,2,7.785,6.362,0,33.90,0.002,0,100.00,0.293,100,0.55,11.201,56,35.72,0.00,0,6.1,0.106
339,3180.698,AllocLarge,2B,0.404,10.0,0.000,0.00,21.066,21.066,2,7.785,6.362,0,33.90,0.002,0,100.00,0.293,100,0.55,14.401,49,50.00,0.00,0,4.9,0.117
340,3186.631,AllocLarge,2B,0.462,12.5,0.000,0.00,21.866,17.866,2,7.785,6.362,0,33.90,0.002,0,100.00,0.293,100,0.55,11.201,56,35.72,0.00,0,7.0,0.122
341,3195.532,AllocLarge,2B,0.943,18.2,0.000,0.00,21.066,21.066,2,7.785,6.362,0,33.90,0.002,0,100.00,0.293,100,0.55,14.401,49,50.00,0.00,0,10.6,0.135
342,3203.461,AllocLarge,2B,0.730,12.5,0.000,0.00,21.866,17.866,2,7.785,6.362,0,33.88,0.002,0,100.00,0.293,100,0.55,11.201,56,35.72,0.00,0,9.1,0.245
343,3210.424,AllocLarge,2B,0.260,0.0,0.000,0.00,21.066,21.066,2,7.785,6.362,0,33.90,0.002,0,100.00,0.293,100,0.55,14.401,49,50.00,0.00,0,4.4,0.080
344,3214.646,AllocLarge,2B,0.288,20.0,0.000,0.00,21.866,17.866,2,7.785,6.362,0,33.88,0.002,0,100.00,0.293,100,0.55,11.201,56,35.72,0.00,0,6.3,0.101
345,3220.267,AllocLarge,2B,0.269,0.0,0.000,0.00,21.066,21.066,2,7.785,6.362,0,33.90,0.002,0,100.00,0.293,100,0.55,14.401,49,50.00,0.00,0,5.1,0.083
346,3224.499,AllocLarge,2B,0.261,0.0,0.000,0.00,21.866,17.866,2,7.785,6.362,0,33.88,0.002,0,100.00,0.293,100,0.55,11.201,56,35.72,0.00,0,5.8,0.077
347,3231.714,AllocLarge,2B,0.559,12.5,0.000,0.00,21.066,21.066,2,7.785,6.362,0,33.90,0.002,0,100.00,0.293,100,0.55,14.401,49,50.00,0.00,0,7.6,0.145
348,3238.858,AllocLarge,2B,0.389,14.3,0.000,0.00,21.866,17.866,2,7.785,6.362,0,33.88,0.002,0,100.00,0.293,100,0.55,11.201,56,35.72,0.00,0,5.2,0.116
349,3248.231,AllocLarge,2B,0.442,16.7,0.000,0.00,21.066,21.066,2,7.785,6.362,0,33.90,0.002,0,100.00,0.293,100,0.55,14.401,49,50.00,0.00,0,4.6,0.137
350,3255.506,AllocLarge,2B,0.547,0.0,0.000,0.00,21.866,17.866,2,7.785,6.362,0,33.90,0.002,0,100.00,0.293,100,0.55,11.201,56,35.72,0.00,0,7.7,0.150
351,3264.593,AllocLarge,2B,0.327,0.0,0.000,0.00,21.066,21.066,2,7.785,6.362,0,33.90,0.002,0,100.00,0.293,100,0.55,14.401,49,50.00,0.00,0,3.9,0.106
352,3270.449,AllocLarge,2B,0.635,22.2,0.000,0.00,21.866,17.866,2,7.785,6.362,0,33.88,0.002,0,100.00,0.293,100,0.55,11.201,56,35.72,0.00,0,9.2,0.166
353,3278.698,AllocLarge,2B,0.312,11.1,0.000,0.00,21.866,21.066,2,7.785,6.362,0,33.90,0.002,0,100.00,0.293,100,0.55,14.401,47,50.00,0.00,0,4.3,0.088
354,3285.044,AllocLarge,2B,0.369,12.5,0.000,0.00,21.866,17.866,2,7.785,6.362,0,33.88,0.002,0,100.00,0.293,100,0.55,11.201,56,35.72,0.00,0,5.3,0.088
355,3293.284,AllocLarge,2B,0.556,0.0,0.108,13.64,21.866,21.066,2,7.785,6.362,0,33.90,0.002,0,100.00,0.293,100,0.55,14.401,47,50.00,0.00,0,7.0,0.121
356,3299.681,AllocLarge,2B,0.505,16.7,0.000,0.00,21.866,17.866,2,7.785,6.362,0,33.90,0.002,0,100.00,0.293,100,0.55,11.201,56,35.72,0.00,0,7.5,0.120
357,3308.774,AllocLarge,2B,0.539,11.1,0.000,0.00,21.066,21.066,2,7.785,6.362,0,33.90,0.002,0,100.00,0.293,100,0.55,14.401,49,50.00,0.00,0,6.2,0.164
358,3315.800,AllocLarge,2B,0.628,14.3,0.000,0.00,21.866,17.866,2,7.785,6.362,0,33.90,0.002,0,100.00,0.293,100,0.55,11.201,56,35.72,0.00,0,8.2,0.163
359,3325.398,AllocLarge,2B,0.368,0.0,0.000,0.00,21.066,21.066,2,7.785,6.362,0,33.90,0.002,0,100.00,0.293,100,0.55,14.401,49,50.00,0.00,0,4.2,0.113
360,3331.832,AllocLarge,2B,0.891,22.2,0.000,0.00,21.866,17.866,2,7.785,6.362,0,33.90,0.002,0,100.00,0.293,100,0.55,11.201,56,35.72,0.00,0,11.8,0.159
361,3341.987,AllocLarge,2B,0.513,10.0,0.000,0.00,21.066,21.066,2,7.785,6.362,0,33.90,0.002,0,100.00,0.293,100,0.55,14.401,49,50.00,0.00,0,5.5,0.095
362,3349.131,AllocLarge,2B,1.376,11.1,0.000,0.00,21.866,17.866,2,7.785,6.362,0,33.88,0.002,0,100.00,0.293,100,0.55,11.201,56,35.72,0.00,0,16.4,0.107
363,3358.105,AllocLarge,2B,0.452,11.1,0.000,0.00,21.066,21.066,2,7.785,6.362,0,33.90,0.002,0,100.00,0.293,100,0.55,14.401,49,50.00,0.00,0,6.0,0.085
364,3364.178,AllocLarge,2B,0.728,16.7,0.000,0.00,21.866,17.866,2,7.785,6.362,0,33.88,0.002,0,100.00,0.293,100,0.55,11.201,56,35.72,0.00,0,10.4,0.170
365,3372.167,AllocLarge,2B,0.439,25.0,0.000,0.00,21.066,21.066,2,7.785,6.362,0,33.90,0.002,0,100.00,0.293,100,0.55,14.401,49,50.00,0.00,0,6.3,0.100
366,3379.908,AllocLarge,2B,0.619,22.2,0.000,0.00,21.866,17.866,2,7.785,6.362,0,33.88,0.002,0,100.00,0.293,100,0.55,11.201,56,35.72,0.00,0,7.2,0.115
367,3389.422,AllocLarge,2B,0.397,0.0,0.000,0.00,21.066,21.066,2,7.785,6.362,0,33.90,0.002,0,100.00,0.293,100,0.55,14.401,49,50.00,0.00,0,4.5,0.122
368,3396.544,AllocLarge,2B,0.574,18.2,0.000,0.00,21.866,17.866,2,7.785,6.362,0,33.90,0.002,0,100.00,0.293,100,0.55,11.201,56,35.72,0.00,0,7.0,0.141
369,3407.316,AllocLarge,2B,0.332,0.0,0.000,0.00,21.066,21.066,2,7.785,6.362,0,33.90,0.002,0,100.00,0.293,100,0.55,14.401,49,50.00,0.00,0,3.5,0.091
370,3414.043,AllocLarge,2B,0.402,11.1,0.000,0.00,21.866,17.866,2,7.785,6.362,0,33.90,0.002,0,100.00,0.293,100,0.55,11.201,56,35.72,0.00,0,5.4,0.123
371,3422.996,AllocLarge,2B,0.529,8.3,0.000,0.00,21.066,14.703,2,7.785,0.001,0,81.43,0.000,0,5.56,0.293,100,0.55,14.401,49,50.00,0.00,0,5.9,0.375
372,3423.111,AllocLarge,0N,0.284,10.0,4.206,538.02,20.266,13.903,2,0.001,0.001,0,81.43,0.000,NaN,5.56,0.293,NaN,0.55,13.601,NaN,0.00,0.00,1,3.5,0.000
373,3429.419,AllocLarge,2B,0.723,12.5,0.000,0.00,15.504,11.504,2,7.785,0.001,0,52.38,0.000,0,24.07,0.293,100,0.55,11.201,56,35.72,0.00,0,9.3,0.240
374,3439.258,AllocLarge,2B,0.373,0.0,0.000,0.00,14.704,14.704,2,7.785,0.002,0,89.05,0.000,0,24.07,0.293,100,0.55,14.401,49,50.00,0.00,0,4.3,0.108
375,3445.039,AllocLarge,2B,0.343,12.5,0.000,0.00,15.504,11.504,2,7.785,0.002,0,0.00,0.000,0,24.07,0.293,100,0.55,11.201,56,35.72,0.00,0,5.4,0.111
376,3452.599,AllocLarge,2B,0.640,0.0,0.110,15.02,14.705,14.705,2,7.785,0.002,0,90.87,0.000,0,24.07,0.293,100,0.55,14.401,49,50.00,0.00,0,8.7,0.148
377,3459.763,AllocLarge,2B,0.431,14.3,0.000,0.00,15.505,11.504,2,7.785,0.002,0,34.92,0.000,0,24.07,0.293,100,0.55,11.201,56,35.72,0.00,0,5.6,0.101
378,3469.539,AllocLarge,2B,0.399,0.0,0.000,0.00,14.705,14.705,2,7.785,0.002,0,72.79,0.000,0,24.07,0.293,100,0.55,14.401,49,50.00,0.00,0,4.4,0.139
379,3476.438,AllocLarge,2B,0.411,11.1,0.000,0.00,15.505,11.505,2,7.785,0.002,0,0.00,0.000,0,24.07,0.293,100,0.55,11.201,56,35.72,0.00,0,5.6,0.091
380,3486.123,AllocLarge,2B,0.737,11.1,0.000,0.00,14.705,14.705,2,7.785,0.003,0,93.15,0.000,0,24.07,0.293,100,0.55,14.401,49,50.00,0.00,0,7.7,0.245
381,3494.286,AllocLarge,2B,0.330,11.1,0.000,0.00,15.505,11.505,2,7.785,0.003,0,26.19,0.000,0,24.07,0.293,100,0.55,11.201,56,35.72,0.00,0,4.1,0.086
382,3503.240,AllocLarge,2B,1.053,10.0,0.000,0.00,14.706,14.706,2,7.785,0.003,0,93.92,0.000,0,24.07,0.293,100,0.55,14.401,49,50.00,0.00,0,11.1,0.298
383,3510.407,AllocLarge,2B,0.431,11.1,0.000,0.00,15.506,11.505,2,7.785,0.003,0,23.28,0.000,0,24.07,0.293,100,0.55,11.201,56,35.72,0.00,0,5.8,0.131
384,3519.785,AllocLarge,2B,0.437,0.0,0.000,0.00,14.706,14.706,2,7.785,0.003,0,80.95,0.000,0,24.07,0.293,100,0.55,14.401,49,50.00,0.00,0,5.2,0.109
385,3526.258,AllocLarge,2B,0.328,14.3,0.000,0.00,15.506,11.506,2,7.785,0.003,0,0.00,0.000,0,24.07,0.293,100,0.55,11.201,56,35.72,0.00,0,4.8,0.100
386,3534.495,AllocLarge,2B,0.511,11.1,0.000,0.00,14.706,14.706,2,7.785,0.004,0,82.68,0.000,0,24.07,0.293,100,0.55,14.401,49,50.00,0.00,0,6.4,0.113
387,3541.504,AllocLarge,2B,0.366,12.5,0.000,0.00,15.506,11.506,2,7.785,0.004,0,19.05,0.000,0,24.07,0.293,100,0.55,11.201,56,35.72,0.00,0,5.1,0.088
388,3551.284,AllocLarge,2B,0.661,10.0,0.000,0.00,14.707,14.707,2,7.785,0.004,0,95.44,0.000,0,24.07,0.293,100,0.55,14.401,49,50.00,0.00,0,6.8,0.129
389,3558.110,AllocLarge,2B,0.370,12.5,0.000,0.00,15.507,11.506,2,7.785,0.004,0,17.46,0.000,0,24.07,0.293,100,0.55,11.201,56,35.72,0.00,0,5.5,0.146
390,3567.774,AllocLarge,2B,0.528,0.0,0.000,0.00,14.707,14.707,2,7.785,0.004,0,85.35,0.000,0,24.07,0.293,100,0.55,14.401,49,50.00,0.00,0,5.5,0.093
391,3574.111,AllocLarge,2B,0.699,30.0,0.000,0.00,15.507,11.507,2,7.785,0.004,0,0.00,0.000,0,24.07,0.293,100,0.55,11.201,56,35.72,0.00,0,9.8,0.121
392,3584.398,AllocLarge,2B,0.606,10.0,0.000,0.00,14.707,14.707,2,7.785,0.005,0,96.09,0.000,0,24.07,0.293,100,0.55,14.401,49,50.00,0.00,0,6.3,0.189
393,3590.840,AllocLarge,2B,0.527,0.0,0.103,15.34,15.507,11.507,2,7.785,0.005,0,0.00,0.000,0,24.07,0.293,100,0.55,11.201,56,35.72,0.00,0,7.9,0.126
394,3599.803,AllocLarge,2B,0.469,0.0,0.000,0.00,14.708,14.708,2,7.785,0.005,0,96.35,0.000,0,24.07,0.293,100,0.55,14.401,49,50.00,0.00,0,5.6,0.263
395,3606.099,AllocLarge,2B,0.378,14.3,0.000,0.00,15.508,11.507,2,7.785,0.005,0,0.00,0.000,0,24.07,0.293,100,0.55,11.201,56,35.72,0.00,0,5.6,0.103
396,3614.333,AllocLarge,2B,0.689,0.0,0.000,0.00,14.708,14.708,2,7.785,0.005,0,96.58,0.000,0,24.07,0.293,100,0.55,14.401,49,50.00,0.00,0,8.6,0.112
397,3622.056,AllocLarge,2B,0.428,10.0,0.000,0.00,15.508,11.516,2,7.785,0.014,0,8.53,0.000,0,24.07,0.293,100,0.55,11.201,56,35.72,0.00,0,5.4,0.110
398,3631.268,AllocLarge,2B,0.479,10.0,0.000,0.00,14.708,14.708,2,7.785,0.006,0,9.80,0.000,0,24.07,0.293,100,0.55,14.401,49,50.00,0.00,0,5.3,0.137
399,3637.768,AllocLarge,2B,1.346,22.2,0.000,0.00,15.509,11.508,2,7.785,0.006,0,89.36,0.000,0,24.07,0.293,100,0.55,11.201,56,35.72,0.00,0,17.4,0.146
400,3648.269,AllocLarge,2B,0.453,0.0,0.000,0.00,14.709,14.709,2,7.785,0.006,0,23.01,0.000,0,24.07,0.293,100,0.55,14.401,49,50.00,0.00,0,5.0,0.097
401,3654.437,AllocLarge,2B,1.329,33.3,0.000,0.00,15.509,11.508,2,7.785,0.006,0,11.70,0.000,0,24.07,0.293,100,0.55,11.201,56,35.72,0.00,0,17.3,0.257
402,3665.159,AllocLarge,2B,0.391,0.0,0.000,0.00,14.709,14.709,2,7.785,0.006,0,89.92,0.000,0,24.07,0.293,100,0.55,14.401,49,50.00,0.00,0,4.2,0.073
403,3672.202,AllocLarge,2B,0.398,12.5,0.000,0.00,15.509,11.509,2,7.785,0.006,0,11.08,0.000,0,24.07,0.293,100,0.55,11.201,56,35.72,0.00,0,5.4,0.114
404,3681.005,AllocLarge,2B,0.323,0.0,0.000,0.00,14.709,14.709,2,7.785,0.007,0,97.25,0.000,0,24.07,0.293,100,0.55,14.401,49,50.00,0.00,0,3.9,0.110
405,3687.371,AllocLarge,2B,0.810,12.5,0.000,0.00,15.509,11.509,2,7.785,0.007,0,10.53,0.000,0,24.07,0.293,100,0.55,11.201,56,35.72,0.00,0,10.9,0.096
406,3696.162,AllocLarge,2B,0.518,0.0,0.000,0.00,14.710,14.710,2,7.785,0.007,0,97.38,0.000,0,24.07,0.293,100,0.55,14.401,49,50.00,0.00,0,6.4,0.152
407,3703.222,AllocLarge,2B,0.372,12.5,0.000,0.00,15.510,11.509,2,7.785,0.007,0,10.02,0.000,0,24.07,0.293,100,0.55,11.201,56,35.72,0.00,0,5.1,0.113
408,3712.337,AllocLarge,2B,0.682,10.0,0.103,11.41,14.710,14.710,2,7.785,0.007,0,97.50,0.000,0,24.07,0.293,100,0.55,14.401,49,50.00,0.00,0,7.6,0.192
409,3718.053,AllocLarge,2B,0.388,16.7,0.000,0.00,15.510,11.510,2,7.785,0.007,0,9.57,0.000,0,24.07,0.293,100,0.55,11.201,56,35.72,0.00,0,6.8,0.104
410,3728.280,AllocLarge,2B,0.643,0.0,0.000,0.00,14.710,14.710,2,7.785,0.008,0,91.35,0.000,0,24.07,0.293,100,0.55,14.401,49,50.00,0.00,0,6.3,0.197
411,3734.238,AllocLarge,2B,1.318,22.2,0.000,0.00,15.510,11.510,2,7.785,0.008,0,89.93,0.000,0,24.07,0.293,100,0.55,11.201,56,35.72,0.00,0,16.5,0.201
412,3746.707,AllocLarge,2B,0.657,10.0,0.000,0.00,14.710,14.710,2,7.785,0.008,0,95.73,0.000,0,24.07,0.293,100,0.55,14.401,49,50.00,0.00,0,6.3,0.172
413,3755.092,AllocLarge,2B,0.611,9.1,0.000,0.00,15.510,11.510,2,7.785,0.008,0,89.93,0.000,0,24.07,0.293,100,0.55,11.201,56,35.72,0.00,0,6.9,0.099
414,3764.039,AllocLarge,2B,0.447,11.1,0.000,0.00,14.710,14.710,2,7.785,0.008,0,89.93,0.000,0,24.07,0.293,100,0.55,14.401,49,50.00,0.00,0,5.4,0.133
415,3771.355,AllocLarge,2B,0.834,18.2,0.000,0.00,15.510,11.510,2,7.785,0.008,0,89.93,0.000,0,24.07,0.293,100,0.55,11.201,56,35.72,0.00,0,10.0,0.128
416,3780.921,AllocLarge,2B,0.594,18.2,0.000,0.00,14.710,14.710,2,7.785,0.008,0,89.93,0.000,0,24.07,0.293,100,0.55,14.401,49,50.00,0.00,0,7.0,0.128
417,3787.460,AllocLarge,2B,0.642,12.5,0.000,0.00,15.510,11.510,2,7.785,0.008,0,89.93,0.000,0,24.07,0.293,100,0.55,11.201,56,35.72,0.00,0,8.8,0.171
418,3797.744,AllocLarge,2B,0.471,10.0,0.000,0.00,14.710,14.710,2,7.785,0.008,0,95.73,0.000,0,24.07,0.293,100,0.55,14.401,49,50.00,0.00,0,4.9,0.200
419,3805.260,AllocLarge,2B,0.616,20.0,0.000,0.00,15.510,11.510,2,7.785,0.008,0,89.93,0.000,0,24.07,0.293,100,0.55,11.201,56,35.72,0.00,0,7.6,0.166
420,3814.150,AllocLarge,2B,0.438,9.1,0.000,0.00,14.710,14.710,2,7.785,0.008,0,95.73,0.000,0,24.07,0.293,100,0.55,14.401,49,50.00,0.00,0,5.3,0.136
421,3820.927,AllocLarge,2B,0.439,12.5,0.000,0.00,15.510,11.510,2,7.785,0.008,0,89.93,0.000,0,24.07,0.293,100,0.55,11.201,56,35.72,0.00,0,6.0,0.122
422,3831.024,AllocLarge,2B,0.459,0.0,0.000,0.00,14.710,14.710,2,7.785,0.008,0,95.73,0.000,0,24.07,0.293,100,0.55,14.401,49,50.00,0.00,0,4.8,0.142
423,3839.092,AllocLarge,2B,0.518,10.0,0.000,0.00,15.510,11.510,2,7.785,0.008,0,89.93,0.000,0,24.07,0.293,100,0.55,11.201,56,35.72,0.00,0,5.9,0.144
424,3849.209,AllocLarge,2B,1.030,9.1,0.000,0.00,14.710,14.710,2,7.785,0.008,0,89.93,0.000,0,24.07,0.293,100,0.55,14.401,49,50.00,0.00,0,10.3,0.743
425,3856.811,AllocLarge,2B,0.514,0.0,0.000,0.00,15.510,11.510,2,7.785,0.008,0,80.98,0.000,0,24.07,0.293,100,0.55,11.201,56,35.72,0.00,0,6.6,0.125
426,3865.083,AllocLarge,2B,0.379,0.0,0.102,13.78,14.710,14.710,2,7.785,0.008,0,95.73,0.000,0,24.07,0.293,100,0.55,14.401,49,50.00,0.00,0,5.1,0.119
427,3872.290,AllocLarge,2B,0.480,11.1,0.000,0.00,15.510,11.510,2,7.785,0.008,0,89.93,0.000,0,24.07,0.293,100,0.55,11.201,56,35.72,0.00,0,6.2,0.155
428,3882.167,AllocLarge,2B,0.557,0.0,0.000,0.00,14.710,14.710,2,7.785,0.008,0,95.73,0.000,0,24.07,0.293,100,0.55,14.401,49,50.00,0.00,0,5.8,0.189
429,3889.649,AllocLarge,2B,0.723,20.0,0.000,0.00,15.510,11.510,2,7.785,0.008,0,89.93,0.000,0,24.07,0.293,100,0.55,11.201,56,35.72,0.00,0,9.1,0.300
430,3899.592,AllocLarge,2B,0.467,0.0,0.000,0.00,14.710,14.710,2,7.785,0.008,0,89.93,0.000,0,24.07,0.293,100,0.55,14.401,49,50.00,0.00,0,5.0,0.096
431,3908.232,AllocLarge,2B,0.448,0.0,0.000,0.00,15.510,11.510,2,7.785,0.008,0,80.98,0.000,0,24.07,0.293,100,0.55,11.201,56,35.72,0.00,0,5.0,0.107
432,3915.621,AllocLarge,2B,0.378,0.0,0.000,0.00,14.710,14.710,2,7.785,0.008,0,95.73,0.000,0,24.07,0.293,100,0.55,14.401,49,50.00,0.00,0,5.3,0.087
433,3923.561,AllocLarge,2B,0.487,9.1,0.000,0.00,15.510,11.510,2,7.785,0.008,0,89.93,0.000,0,24.07,0.293,100,0.55,11.201,56,35.72,0.00,0,5.7,0.144
434,3931.802,AllocLarge,2B,0.582,12.5,0.000,0.00,14.710,14.710,2,7.785,0.008,0,95.73,0.000,0,24.07,0.293,100,0.55,14.401,49,50.00,0.00,0,7.4,0.117
435,3938.656,AllocLarge,2B,0.509,14.3,0.000,0.00,15.510,11.510,2,7.785,0.008,0,80.98,0.000,0,24.07,0.293,100,0.55,11.201,56,35.72,0.00,0,7.2,0.225
436,3946.385,AllocLarge,2B,0.669,0.0,0.000,0.00,14.710,14.710,2,7.785,0.008,0,95.73,0.000,0,24.07,0.293,100,0.55,14.401,49,50.00,0.00,0,8.6,0.193
437,3953.612,AllocLarge,2B,0.771,22.2,0.000,0.00,15.510,11.510,2,7.785,0.008,0,89.93,0.000,0,24.07,0.293,100,0.55,11.201,56,35.72,0.00,0,9.9,0.172
438,3963.878,AllocLarge,2B,0.393,0.0,0.000,0.00,14.710,14.710,2,7.785,0.008,0,89.93,0.000,0,24.07,0.293,100,0.55,14.401,49,50.00,0.00,0,4.3,0.124
439,3970.874,AllocLarge,2B,0.510,12.5,0.000,0.00,15.510,11.510,2,7.785,0.008,0,80.98,0.000,0,24.07,0.293,100,0.55,11.201,56,35.72,0.00,0,6.8,0.175
440,3981.119,AllocLarge,2B,0.401,7.7,0.000,0.00,14.710,14.710,2,7.785,0.008,0,89.93,0.000,0,24.07,0.293,100,0.55,14.401,49,50.00,0.00,0,3.9,0.101
441,3988.229,AllocLarge,2B,0.528,12.5,0.000,0.00,15.510,11.510,2,7.785,0.008,0,89.93,0.000,0,24.07,0.293,100,0.55,11.201,56,35.72,0.00,0,7.5,0.175
442,3996.204,AllocLarge,2B,0.317,0.0,0.000,0.00,14.710,14.710,2,7.785,0.008,0,95.73,0.000,0,24.07,0.293,100,0.55,14.401,49,50.00,0.00,0,4.2,0.090
443,4002.881,AllocLarge,2B,0.678,12.5,0.000,0.00,15.510,11.510,2,7.785,0.008,0,89.93,0.000,0,24.07,0.293,100,0.55,11.201,56,35.72,0.00,0,9.0,0.102
444,4012.357,AllocLarge,2B,0.309,0.0,0.000,0.00,14.710,14.710,2,7.785,0.008,0,95.73,0.000,0,24.07,0.293,100,0.55,14.401,49,50.00,0.00,0,3.6,0.114
445,4018.219,AllocLarge,2B,0.357,12.5,0.000,0.00,15.510,11.510,2,7.785,0.008,0,89.93,0.000,0,24.07,0.293,100,0.55,11.201,56,35.72,0.00,0,5.5,0.103
446,4027.107,AllocLarge,2B,0.370,0.0,0.000,0.00,14.710,14.710,2,7.785,0.008,0,95.73,0.000,0,24.07,0.293,100,0.55,14.401,49,50.00,0.00,0,4.4,0.123
447,4034.010,AllocLarge,2B,0.650,11.1,0.000,0.00,15.510,11.510,2,7.785,0.008,0,89.93,0.000,0,24.07,0.293,100,0.55,11.201,56,35.72,0.00,0,8.5,0.177
448,4043.394,AllocLarge,2B,0.848,18.2,0.000,0.00,14.710,14.710,2,7.785,0.008,0,89.93,0.000,0,24.07,0.293,100,0.55,14.401,49,50.00,0.00,0,9.3,0.183
449,4050.914,AllocLarge,2B,0.474,12.5,0.000,0.00,15.510,11.510,2,7.785,0.008,0,89.93,0.000,0,24.07,0.293,100,0.55,11.201,56,35.72,0.00,0,6.3,0.127
450,4059.806,AllocLarge,2B,0.525,12.5,0.106,12.33,14.710,14.710,2,7.785,0.008,0,95.73,0.000,0,24.07,0.293,100,0.55,14.401,49,50.00,0.00,0,6.1,0.134
451,4066.623,AllocLarge,2B,0.890,14.3,0.000,0.00,15.510,11.510,2,7.785,0.008,0,89.93,0.000,0,24.07,0.293,100,0.55,11.201,56,35.72,0.00,0,11.5,0.147
452,4076.141,AllocLarge,2B,0.505,30.0,0.000,0.00,14.710,14.710,2,7.785,0.008,0,89.93,0.000,0,24.07,0.293,100,0.55,14.401,49,50.00,0.00,0,5.9,0.120
453,4082.705,AllocLarge,2B,0.596,11.1,0.000,0.00,15.510,11.510,2,7.785,0.008,0,80.98,0.000,0,24.07,0.293,100,0.55,11.201,56,35.72,0.00,0,7.4,0.109
454,4093.171,AllocLarge,2B,0.325,11.1,0.000,0.00,15.510,14.710,2,7.785,0.008,0,89.93,0.000,0,24.07,0.293,100,0.55,14.401,47,50.00,0.00,0,3.8,0.113
455,4098.884,AllocLarge,2B,0.679,28.6,0.000,0.00,15.510,11.510,2,7.785,0.008,0,80.98,0.000,0,24.07,0.293,100,0.55,11.201,56,35.72,0.00,0,10.1,0.100
456,4106.737,AllocLarge,2B,0.597,14.3,0.000,0.00,15.510,14.710,2,7.785,0.008,0,95.73,0.000,0,24.07,0.293,100,0.55,14.401,47,50.00,0.00,0,8.3,0.157
457,4113.520,AllocLarge,2B,0.742,14.3,0.000,0.00,15.510,11.510,2,7.785,0.008,0,89.93,0.000,0,24.07,0.293,100,0.55,11.201,56,35.72,0.00,0,10.2,0.284
458,4122.780,AllocLarge,2B,0.407,12.5,0.000,0.00,14.710,14.710,2,7.785,0.008,0,89.93,0.000,0,24.07,0.293,100,0.55,14.401,49,50.00,0.00,0,4.7,0.105
459,4129.262,AllocLarge,2B,0.416,14.3,0.000,0.00,15.510,11.510,2,7.785,0.008,0,80.98,0.000,0,24.07,0.293,100,0.55,11.201,56,35.72,0.00,0,5.9,0.125
460,4139.535,AllocLarge,2B,0.434,9.1,0.000,0.00,14.710,14.710,2,7.785,0.008,0,95.73,0.000,0,24.07,0.293,100,0.55,14.401,49,50.00,0.00,0,4.5,0.127
461,4146.585,AllocLarge,2B,0.479,22.2,0.000,0.00,15.510,11.510,2,7.785,0.008,0,89.93,0.000,0,24.07,0.293,100,0.55,11.201,56,35.72,0.00,0,6.1,0.092
462,4157.114,AllocLarge,2B,0.481,8.3,0.000,0.00,14.710,14.710,2,7.785,0.008,0,89.93,0.000,0,24.07,0.293,100,0.55,14.401,49,50.00,0.00,0,4.7,0.125
463,4164.165,AllocLarge,2B,0.568,12.5,0.000,0.00,15.510,11.510,2,7.785,0.008,0,89.93,0.000,0,24.07,0.293,100,0.55,11.201,56,35.72,0.00,0,7.8,0.150
464,4173.609,AllocLarge,2B,0.324,0.0,0.000,0.00,14.710,14.710,2,7.785,0.008,0,95.73,0.000,0,24.07,0.293,100,0.55,14.401,49,50.00,0.00,0,3.8,0.096
465,4180.743,AllocLarge,2B,0.387,14.3,0.000,0.00,15.510,11.510,2,7.785,0.008,0,80.98,0.000,0,24.07,0.293,100,0.55,11.201,56,35.72,0.00,0,5.0,0.108
466,4188.212,AllocLarge,2B,0.369,0.0,0.000,0.00,14.710,14.710,2,7.785,0.008,0,89.93,0.000,0,24.07,0.293,100,0.55,14.401,49,50.00,0.00,0,5.3,0.087
467,4194.623,AllocLarge,2B,0.581,22.2,0.000,0.00,15.510,11.510,2,7.785,0.008,0,89.93,0.000,0,24.07,0.293,100,0.55,11.201,56,35.72,0.00,0,8.1,0.131
468,4204.200,AllocLarge,2B,0.564,10.0,0.000,0.00,14.710,14.710,2,7.785,0.008,0,89.93,0.000,0,24.07,0.293,100,0.55,14.401,49,50.00,0.00,0,6.1,0.117
469,4211.728,AllocLarge,2B,0.463,14.3,0.000,0.00,15.510,11.510,2,7.785,0.008,0,89.93,0.000,0,24.07,0.293,100,0.55,11.201,56,35.72,0.00,0,6.2,0.185
470,4222.540,AllocLarge,2B,0.528,9.1,0.000,0.00,14.710,14.710,2,7.785,0.008,0,89.93,0.000,0,24.07,0.293,100,0.55,14.401,49,50.00,0.00,0,5.0,0.155
471,4229.852,AllocLarge,2B,0.655,12.5,0.000,0.00,15.510,11.510,2,7.785,0.008,0,80.98,0.000,0,24.07,0.293,100,0.55,11.201,56,35.72,0.00,0,8.5,0.104
472,4239.601,AllocLarge,2B,0.345,10.0,0.000,0.00,14.710,14.710,2,7.785,0.008,0,89.93,0.000,0,24.07,0.293,100,0.55,14.401,49,50.00,0.00,0,3.8,0.087
473,4246.079,AllocLarge,2B,0.409,11.1,0.000,0.00,15.510,11.510,2,7.785,0.008,0,89.93,0.000,0,24.07,0.293,100,0.55,11.201,56,35.72,0.00,0,5.9,0.092
474,4255.230,AllocLarge,2B,0.285,0.0,0.107,12.40,14.710,14.710,2,7.785,0.008,0,95.73,0.000,0,24.07,0.293,100,0.55,14.401,49,50.00,0.00,0,3.3,0.073
475,4261.165,AllocLarge,2B,0.626,11.1,0.000,0.00,15.510,11.510,2,7.785,0.008,0,80.98,0.000,0,24.07,0.293,100,0.55,11.201,56,35.72,0.00,0,8.7,0.257
476,4270.468,AllocLarge,2B,0.382,11.1,0.000,0.00,15.510,14.710,2,7.785,0.008,0,89.93,0.000,0,24.07,0.293,100,0.55,14.401,47,50.00,0.00,0,4.6,0.088
477,4276.919,AllocLarge,2B,0.653,12.5,0.000,0.00,15.510,11.510,2,7.785,0.008,0,89.93,0.000,0,24.07,0.293,100,0.55,11.201,56,35.72,0.00,0,9.2,0.207
478,4286.985,AllocLarge,2B,0.615,0.0,0.000,0.00,14.710,14.710,2,7.785,0.008,0,89.93,0.000,0,24.07,0.293,100,0.55,14.401,49,50.00,0.00,0,6.4,0.163
479,4294.346,AllocLarge,2B,0.517,11.1,0.000,0.00,15.510,11.510,2,7.785,0.008,0,80.98,0.000,0,24.07,0.293,100,0.55,11.201,56,35.72,0.00,0,6.7,0.163
480,4304.218,AllocLarge,2B,0.440,18.2,0.000,0.00,14.710,14.710,2,7.785,0.008,0,89.93,0.000,0,24.07,0.293,100,0.55,14.401,49,50.00,0.00,0,4.5,0.095
481,4311.125,AllocLarge,2B,0.465,14.3,0.000,0.00,15.510,11.510,2,7.785,0.008,0,80.98,0.000,0,24.07,0.293,100,0.55,11.201,56,35.72,0.00,0,6.4,0.162
482,4320.557,AllocLarge,2B,0.356,0.0,0.000,0.00,14.710,14.710,2,7.785,0.008,0,95.73,0.000,0,24.07,0.293,100,0.55,14.401,49,50.00,0.00,0,4.1,0.100
483,4327.885,AllocLarge,2B,0.618,12.5,0.000,0.00,15.510,11.510,2,7.785,0.008,0,80.98,0.000,0,24.07,0.293,100,0.55,11.201,56,35.72,0.00,0,7.4,0.144
484,4337.145,AllocLarge,2B,0.405,0.0,0.000,0.00,14.710,14.710,2,7.785,0.008,0,95.73,0.000,0,24.07,0.293,100,0.55,14.401,49,50.00,0.00,0,4.9,0.085
485,4343.768,AllocLarge,2B,0.761,12.5,0.000,0.00,15.510,11.510,2,7.785,0.008,0,89.93,0.000,0,24.07,0.293,100,0.55,11.201,56,35.72,0.00,0,10.1,0.291
486,4354.616,AllocLarge,2B,0.377,10.0,0.000,0.00,14.710,14.710,2,7.785,0.008,0,89.93,0.000,0,24.07,0.293,100,0.55,14.401,49,50.00,0.00,0,3.7,0.079
487,4360.793,AllocLarge,2B,0.455,14.3,0.000,0.00,15.510,11.510,2,7.785,0.008,0,89.93,0.000,0,24.07,0.293,100,0.55,11.201,56,35.72,0.00,0,6.8,0.129
488,4370.477,AllocLarge,2B,0.559,0.0,0.000,0.00,14.710,14.710,2,7.785,0.008,0,89.93,0.000,0,24.07,0.293,100,0.55,14.401,49,50.00,0.00,0,6.0,0.123
489,4377.423,AllocLarge,2B,0.540,11.1,0.000,0.00,15.510,11.510,2,7.785,0.008,0,89.93,0.000,0,24.07,0.293,100,0.55,11.201,56,35.72,0.00,0,7.4,0.133
490,4386.288,AllocLarge,2B,0.523,11.1,0.000,0.00,14.710,14.710,2,7.785,0.008,0,95.73,0.000,0,24.07,0.293,100,0.55,14.401,49,50.00,0.00,0,6.2,0.147
491,4393.836,AllocLarge,2B,0.422,0.0,0.000,0.00,15.510,11.510,2,7.785,0.008,0,80.98,0.000,0,24.07,0.293,100,0.55,11.201,56,35.72,0.00,0,5.4,0.109
492,4403.194,AllocLarge,2B,0.867,7.7,0.000,0.00,14.710,14.710,2,7.785,0.008,0,95.73,0.000,0,24.07,0.293,100,0.55,14.401,49,50.00,0.00,0,9.0,0.139
493,4409.834,AllocLarge,2B,0.520,22.2,0.000,0.00,15.510,11.510,2,7.785,0.008,0,89.93,0.000,0,24.07,0.293,100,0.55,11.201,56,35.72,0.00,0,7.3,0.125
494,4420.107,AllocLarge,2B,0.563,9.1,0.000,0.00,14.710,14.710,2,7.785,0.008,0,95.73,0.000,0,24.07,0.293,100,0.55,14.401,49,50.00,0.00,0,6.0,0.168
495,4427.169,AllocLarge,2B,0.441,12.5,0.000,0.00,15.510,11.510,2,7.785,0.008,0,80.98,0.000,0,24.07,0.293,100,0.55,11.201,56,35.72,0.00,0,5.9,0.078
496,4436.046,AllocLarge,2B,0.385,0.0,0.000,0.00,15.510,14.710,2,7.785,0.008,0,95.73,0.000,0,24.07,0.293,100,0.55,14.401,47,50.00,0.00,0,4.8,0.100
497,4442.188,AllocLarge,2B,0.420,25.0,0.000,0.00,15.510,11.510,2,7.785,0.008,0,80.98,0.000,0,24.07,0.293,100,0.55,11.201,56,35.72,0.00,0,6.3,0.095
498,4451.216,AllocLarge,2B,0.769,16.7,0.107,11.81,15.510,14.710,2,7.785,0.008,0,89.93,0.000,0,24.07,0.293,100,0.55,14.401,47,50.00,0.00,0,8.5,0.165
499,4459.018,AllocLarge,2B,0.540,11.1,0.000,0.00,15.510,11.510,2,7.785,0.008,0,80.98,0.000,0,24.07,0.293,100,0.55,11.201,56,35.72,0.00,0,6.5,0.141
500,4469.085,AllocLarge,2B,0.388,11.1,0.000,0.00,14.710,14.710,2,7.785,0.008,0,89.93,0.000,0,24.07,0.293,100,0.55,14.401,49,50.00,0.00,0,4.3,0.085
501,4475.303,AllocLarge,2B,0.398,12.5,0.000,0.00,15.510,11.510,2,7.785,0.008,0,89.93,0.000,0,24.07,0.293,100,0.55,11.201,56,35.72,0.00,0,6.0,0.088
502,4485.117,AllocLarge,2B,0.460,10.0,0.000,0.00,14.710,14.710,2,7.785,0.008,0,95.73,0.000,0,24.07,0.293,100,0.55,14.401,49,50.00,0.00,0,4.9,0.135
503,4491.454,AllocLarge,2B,0.331,0.0,0.000,0.00,15.510,11.510,2,7.785,0.008,0,89.93,0.000,0,24.07,0.293,100,0.55,11.201,56,35.72,0.00,0,5.0,0.108
504,4500.179,AllocLarge,2B,1.628,9.1,0.000,0.00,14.710,14.710,2,7.785,0.008,0,95.73,0.000,0,24.07,0.293,100,0.55,14.401,49,50.00,0.00,0,16.9,0.113
505,4509.060,AllocLarge,2B,0.367,11.1,0.000,0.00,15.510,11.510,2,7.785,0.008,0,80.98,0.000,0,24.07,0.293,100,0.55,11.201,56,35.72,0.00,0,4.6,0.142
506,4516.950,AllocLarge,2B,0.346,11.1,0.000,0.00,14.710,14.710,2,7.785,0.008,0,89.93,0.000,0,24.07,0.293,100,0.55,14.401,49,50.00,0.00,0,4.4,0.140
507,4522.713,AllocLarge,2B,0.483,28.6,0.000,0.00,15.510,11.510,2,7.785,0.008,0,80.98,0.000,0,24.07,0.293,100,0.55,11.201,56,35.72,0.00,0,7.5,0.090
508,4531.656,AllocLarge,2B,0.379,10.0,0.000,0.00,15.510,14.710,2,7.785,0.008,0,89.93,0.000,0,24.07,0.293,100,0.55,14.401,47,50.00,0.00,0,4.6,0.162
509,4538.743,AllocLarge,2B,0.451,20.0,0.000,0.00,15.510,11.510,2,7.785,0.008,0,80.98,0.000,0,24.07,0.293,100,0.55,11.201,56,35.72,0.00,0,5.9,0.134
510,4547.623,AllocLarge,2B,0.489,0.0,0.000,0.00,14.710,14.710,2,7.785,0.008,0,95.73,0.000,0,24.07,0.293,100,0.55,14.401,49,50.00,0.00,0,5.9,0.101
511,4554.962,AllocLarge,2B,0.632,11.1,0.000,0.00,15.510,11.510,2,7.785,0.008,0,89.93,0.000,0,24.07,0.293,100,0.55,11.201,56,35.72,0.00,0,8.0,0.101
512,4564.156,AllocLarge,2B,0.507,10.0,0.000,0.00,14.710,14.710,2,7.785,0.008,0,89.93,0.000,0,24.07,0.293,100,0.55,14.401,49,50.00,0.00,0,5.6,0.208
513,4571.328,AllocLarge,2B,0.423,12.5,0.000,0.00,15.510,11.510,2,7.785,0.008,0,89.93,0.000,0,24.07,0.293,100,0.55,11.201,56,35.72,0.00,0,6.0,0.107
514,4581.606,AllocLarge,2B,0.500,11.1,0.000,0.00,14.710,14.710,2,7.785,0.008,0,89.93,0.000,0,24.07,0.293,100,0.55,14.401,49,50.00,0.00,0,5.0,0.134
515,4588.389,AllocLarge,2B,0.370,12.5,0.000,0.00,15.510,11.510,2,7.785,0.008,0,80.98,0.000,0,24.07,0.293,100,0.55,11.201,56,35.72,0.00,0,5.4,0.104
516,4596.294,AllocLarge,2B,0.619,12.5,0.000,0.00,14.710,14.710,2,7.785,0.008,0,95.73,0.000,0,24.07,0.293,100,0.55,14.401,49,50.00,0.00,0,7.8,0.155
517,4602.323,AllocLarge,2B,0.459,12.5,0.000,0.00,15.510,11.510,2,7.785,0.008,0,80.98,0.000,0,24.07,0.293,100,0.55,11.201,56,35.72,0.00,0,7.0,0.124
518,4611.906,AllocLarge,2B,0.430,11.1,0.000,0.00,14.710,14.710,2,7.785,0.008,0,95.73,0.000,0,24.07,0.293,100,0.55,14.401,49,50.00,0.00,0,4.8,0.170
519,4618.419,AllocLarge,2B,0.465,25.0,0.000,0.00,15.510,11.510,2,7.785,0.008,0,89.93,0.000,0,24.07,0.293,100,0.55,11.201,56,35.72,0.00,0,6.4,0.119
520,4627.818,AllocLarge,2B,0.373,11.1,0.000,0.00,14.710,14.710,2,7.785,0.008,0,89.93,0.000,0,24.07,0.293,100,0.55,14.401,49,50.00,0.00,0,4.4,0.135
521,4636.004,AllocLarge,2B,0.458,11.1,0.000,0.00,15.510,11.510,2,7.785,0.008,0,80.98,0.000,0,24.07,0.293,100,0.55,11.201,56,35.72,0.00,0,5.1,0.141
522,4645.652,AllocLarge,2B,0.356,0.0,0.107,12.07,15.510,14.710,2,7.785,0.008,0,95.73,0.000,0,24.07,0.293,100,0.55,14.401,47,50.00,0.00,0,4.0,0.104
523,4651.959,AllocLarge,2B,0.446,30.0,0.000,0.00,15.510,11.510,2,7.785,0.008,0,80.98,0.000,0,24.07,0.293,100,0.55,11.201,56,35.72,0.00,0,6.1,0.091
524,4661.656,AllocLarge,2B,0.355,0.0,0.000,0.00,14.710,14.710,2,7.785,0.008,0,95.73,0.000,0,24.07,0.293,100,0.55,14.401,49,50.00,0.00,0,4.1,0.112
525,4668.452,AllocLarge,2B,0.510,14.3,0.000,0.00,15.510,11.510,2,7.785,0.008,0,80.98,0.000,0,24.07,0.293,100,0.55,11.201,56,35.72,0.00,0,7.0,0.096
526,4676.888,AllocLarge,2B,0.646,11.1,0.000,0.00,14.710,14.710,2,7.785,0.008,0,89.93,0.000,0,24.07,0.293,100,0.55,14.401,49,50.00,0.00,0,7.9,0.102
527,4683.099,AllocLarge,2B,0.800,12.5,0.000,0.00,15.510,11.510,2,7.785,0.008,0,89.93,0.000,0,24.07,0.293,100,0.55,11.201,56,35.72,0.00,0,11.9,0.183
528,4692.391,AllocLarge,2B,0.416,0.0,0.000,0.00,14.710,14.710,2,7.785,0.008,0,95.73,0.000,0,24.07,0.293,100,0.55,14.401,49,50.00,0.00,0,4.9,0.112
529,4699.087,AllocLarge,2B,0.452,14.3,0.000,0.00,15.510,11.510,2,7.785,0.008,0,80.98,0.000,0,24.07,0.293,100,0.55,11.201,56,35.72,0.00,0,6.1,0.082
530,4708.212,AllocLarge,2B,0.651,9.1,0.000,0.00,15.510,14.710,2,7.785,0.008,0,89.93,0.000,0,24.07,0.293,100,0.55,14.401,47,50.00,0.00,0,7.3,0.284
531,4715.621,AllocLarge,2B,0.477,12.5,0.000,0.00,15.510,11.510,2,7.785,0.008,0,80.98,0.000,0,24.07,0.293,100,0.55,11.201,56,35.72,0.00,0,6.3,0.117
532,4724.738,AllocLarge,2B,0.403,11.1,0.000,0.00,14.710,14.710,2,7.785,0.008,0,95.73,0.000,0,24.07,0.293,100,0.55,14.401,49,50.00,0.00,0,4.5,0.108
533,4731.655,AllocLarge,2B,0.343,12.5,0.000,0.00,15.510,11.510,2,7.785,0.008,0,80.98,0.000,0,24.07,0.293,100,0.55,11.201,56,35.72,0.00,0,5.1,0.112
534,4740.130,AllocLarge,2B,0.779,12.5,0.000,0.00,14.710,14.710,2,7.785,0.008,0,89.93,0.000,0,24.07,0.293,100,0.55,14.401,49,50.00,0.00,0,8.8,0.210
535,4748.479,AllocLarge,2B,0.838,14.3,0.000,0.00,15.510,11.510,2,7.785,0.008,0,80.98,0.000,0,24.07,0.293,100,0.55,11.201,56,35.72,0.00,0,9.6,0.197
536,4757.071,AllocLarge,2B,0.495,11.1,0.000,0.00,14.710,14.710,2,7.785,0.008,0,89.93,0.000,0,24.07,0.293,100,0.55,14.401,49,50.00,0.00,0,6.4,0.117
537,4764.394,AllocLarge,2B,0.453,11.1,0.000,0.00,15.510,11.510,2,7.785,0.008,0,80.98,0.000,0,24.07,0.293,100,0.55,11.201,56,35.72,0.00,0,5.8,0.122
538,4774.254,AllocLarge,2B,0.563,10.0,0.000,0.00,14.710,14.710,2,7.785,0.008,0,95.73,0.000,0,24.07,0.293,100,0.55,14.401,49,50.00,0.00,0,5.9,0.124
539,4781.293,AllocLarge,2B,0.526,0.0,0.000,0.00,15.510,11.510,2,7.785,0.008,0,89.93,0.000,0,24.07,0.293,100,0.55,11.201,56,35.72,0.00,0,7.2,0.141
540,4791.425,AllocLarge,2B,0.670,0.0,0.000,0.00,14.710,14.710,2,7.785,0.008,0,89.93,0.000,0,24.07,0.293,100,0.55,14.401,49,50.00,0.00,0,6.7,0.173
541,4798.223,AllocLarge,2B,0.553,12.5,0.000,0.00,15.510,11.510,2,7.785,0.008,0,89.93,0.000,0,24.07,0.293,100,0.55,11.201,56,35.72,0.00,0,7.9,0.161
542,4807.203,AllocLarge,2B,0.359,12.5,0.000,0.00,14.710,14.710,2,7.785,0.008,0,89.93,0.000,0,24.07,0.293,100,0.55,14.401,49,50.00,0.00,0,4.3,0.086
543,4814.313,AllocLarge,2B,0.711,14.3,0.000,0.00,15.510,11.510,2,7.785,0.008,0,89.93,0.000,0,24.07,0.293,100,0.55,11.201,56,35.72,0.00,0,8.9,0.115
544,4823.474,AllocLarge,2B,0.360,0.0,0.000,0.00,14.710,14.710,2,7.785,0.008,0,95.73,0.000,0,24.07,0.293,100,0.55,14.401,49,50.00,0.00,0,4.4,0.101
545,4830.320,AllocLarge,2B,0.726,11.1,0.000,0.00,15.510,11.510,2,7.785,0.008,0,89.93,0.000,0,24.07,0.293,100,0.55,11.201,56,35.72,0.00,0,9.1,0.194
546,4839.248,AllocLarge,2B,0.463,14.3,0.107,13.45,14.710,14.710,2,7.785,0.008,0,95.73,0.000,0,24.07,0.293,100,0.55,14.401,49,50.00,0.00,0,5.8,0.121
547,4845.918,AllocLarge,2B,0.390,12.5,0.000,0.00,15.510,11.510,2,7.785,0.008,0,89.93,0.000,0,24.07,0.293,100,0.55,11.201,56,35.72,0.00,0,5.6,0.139
548,4854.628,AllocLarge,2B,0.395,0.0,0.000,0.00,14.710,14.710,2,7.785,0.008,0,89.93,0.000,0,24.07,0.293,100,0.55,14.401,49,50.00,0.00,0,4.7,0.097
549,4861.489,AllocLarge,2B,0.567,12.5,0.000,0.00,15.510,11.510,2,7.785,0.008,0,89.93,0.000,0,24.07,0.293,100,0.55,11.201,56,35.72,0.00,0,7.5,0.099
550,4871.507,AllocLarge,2B,0.646,10.0,0.000,0.00,14.710,14.710,2,7.785,0.008,0,89.93,0.000,0,24.07,0.293,100,0.55,14.401,49,50.00,0.00,0,6.8,0.124
551,4877.753,AllocLarge,2B,0.381,14.3,0.000,0.00,15.510,11.510,2,7.785,0.008,0,89.93,0.000,0,24.07,0.293,100,0.55,11.201,56,35.72,0.00,0,6.0,0.132
552,4886.293,AllocLarge,2B,0.495,11.1,0.000,0.00,14.710,14.710,2,7.785,0.008,0,89.93,0.000,0,24.07,0.293,100,0.55,14.401,49,50.00,0.00,0,5.9,0.165
553,4893.571,AllocLarge,2B,1.102,27.3,0.000,0.00,15.510,11.510,2,7.785,0.008,0,89.93,0.000,0,24.07,0.293,100,0.55,11.201,56,35.72,0.00,0,12.7,0.197
554,4903.039,AllocLarge,2B,0.358,11.1,0.000,0.00,14.710,14.710,2,7.785,0.008,0,89.93,0.000,0,24.07,0.293,100,0.55,14.401,49,50.00,0.00,0,4.6,0.106
555,4910.031,AllocLarge,2B,0.562,12.5,0.000,0.00,15.510,11.510,2,7.785,0.008,0,80.98,0.000,0,24.07,0.293,100,0.55,11.201,56,35.72,0.00,0,7.3,0.117
556,4918.723,AllocLarge,2B,0.468,12.5,0.000,0.00,14.710,14.710,2,7.785,0.008,0,95.73,0.000,0,24.07,0.293,100,0.55,14.401,49,50.00,0.00,0,5.7,0.134
557,4924.449,AllocLarge,2B,0.542,12.5,0.000,0.00,15.510,11.510,2,7.785,0.008,0,89.93,0.000,0,24.07,0.293,100,0.55,11.201,56,35.72,0.00,0,8.5,0.124
558,4933.035,AllocLarge,2B,0.332,0.0,0.000,0.00,14.710,14.710,2,7.785,0.008,0,95.73,0.000,0,24.07,0.293,100,0.55,14.401,49,50.00,0.00,0,4.3,0.111
559,4940.049,AllocLarge,2B,0.782,11.1,0.000,0.00,15.510,11.510,2,7.785,0.008,0,80.98,0.000,0,24.07,0.293,100,0.55,11.201,56,35.72,0.00,0,10.0,0.294
560,4949.628,AllocLarge,2B,0.703,0.0,0.000,0.00,14.710,14.710,2,7.785,0.008,0,95.73,0.000,0,24.07,0.293,100,0.55,14.401,49,50.00,0.00,0,7.6,0.168
561,4956.486,AllocLarge,2B,0.498,25.0,0.000,0.00,15.510,11.510,2,7.785,0.008,0,89.93,0.000,0,24.07,0.293,100,0.55,11.201,56,35.72,0.00,0,7.0,0.182
562,4966.322,AllocLarge,2B,0.420,10.0,0.000,0.00,14.710,14.710,2,7.785,0.008,0,89.93,0.000,0,24.07,0.293,100,0.55,14.401,49,50.00,0.00,0,4.5,0.118
563,4972.717,AllocLarge,2B,0.433,0.0,0.000,0.00,15.510,11.510,2,7.785,0.008,0,89.93,0.000,0,24.07,0.293,100,0.55,11.201,56,35.72,0.00,0,6.6,0.110
564,4981.620,AllocLarge,2B,0.345,10.0,0.000,0.00,14.710,14.710,2,7.785,0.008,0,95.73,0.000,0,24.07,0.293,100,0.55,14.401,49,50.00,0.00,0,4.0,0.132
565,4988.446,AllocLarge,2B,0.443,14.3,0.000,0.00,15.510,11.510,2,7.785,0.008,0,89.93,0.000,0,24.07,0.293,100,0.55,11.201,56,35.72,0.00,0,5.8,0.135
566,4997.914,AllocLarge,2B,0.363,10.0,0.000,0.00,14.710,14.710,2,7.785,0.008,0,95.73,0.000,0,24.07,0.293,100,0.55,14.401,49,50.00,0.00,0,4.2,0.083
567,5003.471,AllocLarge,2B,0.662,14.3,0.000,0.00,15.510,11.510,2,7.785,0.008,0,89.93,0.000,0,24.07,0.293,100,0.55,11.201,56,35.72,0.00,0,10.3,0.237
568,5011.990,AllocLarge,2B,0.364,0.0,0.000,0.00,14.710,14.710,2,7.785,0.008,0,89.93,0.000,0,24.07,0.293,100,0.55,14.401,49,50.00,0.00,0,4.8,0.124
569,5018.767,AllocLarge,2B,0.411,22.2,0.000,0.00,15.510,11.510,2,7.785,0.008,0,89.93,0.000,0,24.07,0.293,100,0.55,11.201,56,35.72,0.00,0,5.7,0.127
570,5027.274,AllocLarge,2B,0.543,11.1,0.107,12.67,14.710,14.710,2,7.785,0.008,0,95.73,0.000,0,24.07,0.293,100,0.55,14.401,49,50.00,0.00,0,6.4,0.174
571,5034.597,AllocLarge,2B,0.547,14.3,0.000,0.00,15.510,11.510,2,7.785,0.008,0,89.93,0.000,0,24.07,0.293,100,0.55,11.201,56,35.72,0.00,0,7.1,0.159
572,5044.257,AllocLarge,2B,0.449,0.0,0.000,0.00,14.710,14.710,2,7.785,0.008,0,89.93,0.000,0,24.07,0.293,100,0.55,14.401,49,50.00,0.00,0,4.9,0.110
573,5051.108,AllocLarge,2B,0.411,12.5,0.000,0.00,15.510,11.510,2,7.785,0.008,0,89.93,0.000,0,24.07,0.293,100,0.55,11.201,56,35.72,0.00,0,5.8,0.132
574,5061.146,AllocLarge,2B,0.300,0.0,0.000,0.00,14.710,14.710,2,7.785,0.008,0,89.93,0.000,0,24.07,0.293,100,0.55,14.401,49,50.00,0.00,0,3.1,0.085
575,5067.086,AllocLarge,2B,0.563,14.3,0.000,0.00,15.510,11.510,2,7.785,0.008,0,80.98,0.000,0,24.07,0.293,100,0.55,11.201,56,35.72,0.00,0,8.5,0.108
576,5077.058,AllocLarge,2B,0.388,0.0,0.000,0.00,14.710,14.710,2,7.785,0.008,0,95.73,0.000,0,24.07,0.293,100,0.55,14.401,49,50.00,0.00,0,4.1,0.113
577,5082.735,AllocLarge,2B,0.334,11.1,0.000,0.00,15.510,11.510,2,7.785,0.008,0,89.93,0.000,0,24.07,0.293,100,0.55,11.201,56,35.72,0.00,0,5.5,0.121
578,5091.803,AllocLarge,2B,0.346,10.0,0.000,0.00,14.710,14.710,2,7.785,0.008,0,95.73,0.000,0,24.07,0.293,100,0.55,14.401,49,50.00,0.00,0,4.0,0.088
579,5098.213,AllocLarge,2B,0.398,12.5,0.000,0.00,15.510,11.510,2,7.785,0.008,0,89.93,0.000,0,24.07,0.293,100,0.55,11.201,56,35.72,0.00,0,5.7,0.112
580,5106.968,AllocLarge,2B,0.404,11.1,0.000,0.00,14.710,14.710,2,7.785,0.008,0,95.73,0.000,0,24.07,0.293,100,0.55,14.401,49,50.00,0.00,0,5.0,0.120
581,5113.243,AllocLarge,2B,0.876,25.0,0.000,0.00,15.510,11.510,2,7.785,0.008,0,80.98,0.000,0,24.07,0.293,100,0.55,11.201,56,35.72,0.00,0,10.8,0.463
582,5124.084,AllocLarge,2B,0.634,0.0,0.000,0.00,15.510,14.710,2,7.785,0.008,0,95.73,0.000,0,24.07,0.293,100,0.55,14.401,47,50.00,0.00,0,6.7,0.159
583,5131.139,AllocLarge,2B,0.387,11.1,0.000,0.00,15.510,11.510,2,7.785,0.008,0,80.98,0.000,0,24.07,0.293,100,0.55,11.201,56,35.72,0.00,0,5.3,0.108
584,5140.079,AllocLarge,2B,0.408,12.5,0.000,0.00,14.710,14.710,2,7.785,0.008,0,89.93,0.000,0,24.07,0.293,100,0.55,14.401,49,50.00,0.00,0,4.9,0.086
585,5146.080,AllocLarge,2B,0.944,25.0,0.000,0.00,15.510,11.510,2,7.785,0.008,0,89.93,0.000,0,24.07,0.293,100,0.55,11.201,56,35.72,0.00,0,12.8,0.284
586,5155.624,AllocLarge,2B,0.453,12.5,0.000,0.00,14.710,14.710,2,7.785,0.008,0,95.73,0.000,0,24.07,0.293,100,0.55,14.401,49,50.00,0.00,0,5.4,0.116
587,5162.527,AllocLarge,2B,0.336,11.1,0.000,0.00,15.510,11.510,2,7.785,0.008,0,80.98,0.000,0,24.07,0.293,100,0.55,11.201,56,35.72,0.00,0,4.8,0.085
588,5170.401,AllocLarge,2B,0.317,0.0,0.000,0.00,14.710,14.710,2,7.785,0.008,0,95.73,0.000,0,24.07,0.293,100,0.55,14.401,49,50.00,0.00,0,4.3,0.086
589,5176.126,AllocLarge,2B,0.574,12.5,0.000,0.00,15.510,11.510,2,7.785,0.008,0,89.93,0.000,0,24.07,0.293,100,0.55,11.201,56,35.72,0.00,0,8.9,0.193
590,5186.401,AllocLarge,2B,0.448,10.0,0.000,0.00,14.710,14.710,2,7.785,0.008,0,95.73,0.000,0,24.07,0.293,100,0.55,14.401,49,50.00,0.00,0,4.6,0.168
591,5193.073,AllocLarge,2B,0.814,12.5,0.000,0.00,15.510,11.510,2,7.785,0.008,0,89.93,0.000,0,24.07,0.293,100,0.55,11.201,56,35.72,0.00,0,10.8,0.145
592,5201.614,AllocLarge,2B,0.560,12.5,0.000,0.00,14.710,14.710,2,7.785,0.008,0,89.93,0.000,0,24.07,0.293,100,0.55,14.401,49,50.00,0.00,0,7.2,0.155
593,5209.308,AllocLarge,2B,0.440,14.3,0.000,0.00,15.510,11.510,2,7.785,0.008,0,89.93,0.000,0,24.07,0.293,100,0.55,11.201,56,35.72,0.00,0,5.4,0.102
594,5219.047,AllocLarge,2B,0.997,9.1,0.107,10.78,14.710,14.710,2,7.785,0.008,0,95.73,0.000,0,24.07,0.293,100,0.55,14.401,49,50.00,0.00,0,10.1,0.241
595,5226.341,AllocLarge,2B,0.538,12.5,0.000,0.00,15.510,11.510,2,7.785,0.008,0,89.93,0.000,0,24.07,0.293,100,0.55,11.201,56,35.72,0.00,0,7.0,0.122
596,5237.246,AllocLarge,2B,0.683,11.1,0.000,0.00,14.710,14.710,2,7.785,0.008,0,95.73,0.000,0,24.07,0.293,100,0.55,14.401,49,50.00,0.00,0,6.9,0.192
597,5244.538,AllocLarge,2B,0.438,0.0,0.000,0.00,15.510,11.510,2,7.785,0.008,0,80.98,0.000,0,24.07,0.293,100,0.55,11.201,56,35.72,0.00,0,5.9,0.096
598,5252.424,AllocLarge,2B,0.450,12.5,0.000,0.00,14.710,14.710,2,7.785,0.008,0,95.73,0.000,0,24.07,0.293,100,0.55,14.401,49,50.00,0.00,0,5.9,0.157
599,5259.470,AllocLarge,2B,0.573,12.5,0.000,0.00,15.510,11.510,2,7.785,0.008,0,80.98,0.000,0,24.07,0.293,100,0.55,11.201,56,35.72,0.00,0,7.6,0.102
600,5268.582,AllocLarge,2B,0.509,11.1,0.000,0.00,14.710,14.710,2,7.785,0.008,0,89.93,0.000,0,24.07,0.293,100,0.55,14.401,49,50.00,0.00,0,5.7,0.141
601,5276.400,AllocLarge,2B,0.531,10.0,0.000,0.00,15.510,11.510,2,7.785,0.008,0,89.93,0.000,0,24.07,0.293,100,0.55,11.201,56,35.72,0.00,0,6.6,0.137
602,5285.073,AllocLarge,2B,0.470,0.0,0.000,0.00,14.710,14.710,2,7.785,0.008,0,89.93,0.000,0,24.07,0.293,100,0.55,14.401,49,50.00,0.00,0,5.7,0.119
603,5292.992,AllocLarge,2B,0.649,11.1,0.000,0.00,15.510,11.510,2,7.785,0.008,0,80.98,0.000,0,24.07,0.293,100,0.55,11.201,56,35.72,0.00,0,7.7,0.152
604,5302.728,AllocLarge,2B,0.399,0.0,0.000,0.00,14.710,14.710,2,7.785,0.008,0,95.73,0.000,0,24.07,0.293,100,0.55,14.401,49,50.00,0.00,0,4.5,0.138
605,5309.015,AllocLarge,2B,0.858,22.2,0.000,0.00,15.510,11.510,2,7.785,0.008,0,89.93,0.000,0,24.07,0.293,100,0.55,11.201,56,35.72,0.00,0,11.8,0.107
606,5318.576,AllocLarge,2B,0.688,10.0,0.000,0.00,14.710,14.710,2,7.785,0.008,0,89.93,0.000,0,24.07,0.293,100,0.55,14.401,49,50.00,0.00,0,7.6,0.189
607,5326.965,AllocLarge,2B,0.445,12.5,0.000,0.00,15.510,11.510,2,7.785,0.008,0,80.98,0.000,0,24.07,0.293,100,0.55,11.201,56,35.72,0.00,0,5.4,0.109
608,5335.719,AllocLarge,2B,0.329,11.1,0.000,0.00,14.710,14.710,2,7.785,0.008,0,89.93,0.000,0,24.07,0.293,100,0.55,14.401,49,50.00,0.00,0,3.9,0.052
609,5342.457,AllocLarge,2B,0.544,20.0,0.000,0.00,15.510,11.510,2,7.785,0.008,0,89.93,0.000,0,24.07,0.293,100,0.55,11.201,56,35.72,0.00,0,7.5,0.130
610,5351.955,AllocLarge,2B,0.474,11.1,0.000,0.00,14.710,14.710,2,7.785,0.008,0,95.73,0.000,0,24.07,0.293,100,0.55,14.401,49,50.00,0.00,0,5.3,0.136
611,5358.730,AllocLarge,2B,0.758,11.1,0.000,0.00,15.510,11.510,2,7.785,0.008,0,89.93,0.000,0,24.07,0.293,100,0.55,11.201,56,35.72,0.00,0,10.1,0.168
612,5368.102,AllocLarge,2B,0.564,0.0,0.000,0.00,14.710,14.710,2,7.785,0.008,0,95.73,0.000,0,24.07,0.293,100,0.55,14.401,49,50.00,0.00,0,6.4,0.140
613,5375.401,AllocLarge,2B,0.369,11.1,0.000,0.00,15.510,11.510,2,7.785,0.008,0,80.98,0.000,0,24.07,0.293,100,0.55,11.201,56,35.72,0.00,0,4.6,0.091
614,5385.712,AllocLarge,2B,0.396,0.0,0.000,0.00,14.710,14.710,2,7.785,0.008,0,89.93,0.000,0,24.07,0.293,100,0.55,14.401,49,50.00,0.00,0,4.2,0.093
615,5392.666,AllocLarge,2B,0.333,14.3,0.000,0.00,15.510,11.510,2,7.785,0.008,0,89.93,0.000,0,24.07,0.293,100,0.55,11.201,56,35.72,0.00,0,4.7,0.071
616,5401.386,AllocLarge,2B,0.574,11.1,0.000,0.00,14.710,14.710,2,7.785,0.008,0,95.73,0.000,0,24.07,0.293,100,0.55,14.401,49,50.00,0.00,0,6.5,0.135
617,5407.819,AllocLarge,2B,0.425,16.7,0.000,0.00,15.510,11.510,2,7.785,0.008,0,89.93,0.000,0,24.07,0.293,100,0.55,11.201,56,35.72,0.00,0,6.5,0.135
618,5416.184,AllocLarge,2B,0.517,10.0,0.107,13.11,14.710,14.710,2,7.785,0.008,0,95.73,0.000,0,24.07,0.293,100,0.55,14.401,49,50.00,0.00,0,6.3,0.132
619,5422.820,AllocLarge,2B,0.403,16.7,0.000,0.00,15.510,11.510,2,7.785,0.008,0,89.93,0.000,0,24.07,0.293,100,0.55,11.201,56,35.72,0.00,0,5.9,0.127
620,5432.389,AllocLarge,2B,0.599,0.0,0.000,0.00,14.710,14.710,2,7.785,0.008,0,95.73,0.000,0,24.07,0.293,100,0.55,14.401,49,50.00,0.00,0,6.4,0.137
621,5438.793,AllocLarge,2B,0.612,10.0,0.000,0.00,15.510,11.510,2,7.785,0.008,0,80.98,0.000,0,24.07,0.293,100,0.55,11.201,56,35.72,0.00,0,8.6,0.166
622,5447.632,AllocLarge,2B,0.661,10.0,0.000,0.00,14.710,14.710,2,7.785,0.008,0,95.73,0.000,0,24.07,0.293,100,0.55,14.401,49,50.00,0.00,0,8.2,0.114
623,5454.906,AllocLarge,2B,0.634,27.3,0.000,0.00,15.510,11.510,2,7.785,0.008,0,89.93,0.000,0,24.07,0.293,100,0.55,11.201,56,35.72,0.00,0,8.0,0.301
624,5465.130,AllocLarge,2B,0.758,10.0,0.000,0.00,14.710,14.710,2,7.785,0.008,0,95.73,0.000,0,24.07,0.293,100,0.55,14.401,49,50.00,0.00,0,7.7,0.128
625,5471.799,AllocLarge,2B,0.402,12.5,0.000,0.00,15.510,11.510,2,7.785,0.008,0,89.93,0.000,0,24.07,0.293,100,0.55,11.201,56,35.72,0.00,0,5.9,0.113
626,5480.910,AllocLarge,2B,0.456,10.0,0.000,0.00,14.710,14.710,2,7.785,0.008,0,89.93,0.000,0,24.07,0.293,100,0.55,14.401,49,50.00,0.00,0,5.2,0.130
627,5487.263,AllocLarge,2B,0.364,12.5,0.000,0.00,15.510,11.510,2,7.785,0.008,0,80.98,0.000,0,24.07,0.293,100,0.55,11.201,56,35.72,0.00,0,5.7,0.089
628,5495.104,AllocLarge,2B,0.413,12.5,0.000,0.00,14.710,14.710,2,7.785,0.008,0,95.73,0.000,0,24.07,0.293,100,0.55,14.401,49,50.00,0.00,0,5.5,0.096
629,5500.854,AllocLarge,2B,0.594,14.3,0.000,0.00,15.510,11.510,2,7.785,0.008,0,89.93,0.000,0,24.07,0.293,100,0.55,11.201,56,35.72,0.00,0,9.2,0.174
630,5510.659,AllocLarge,2B,0.389,0.0,0.000,0.00,14.710,14.710,2,7.785,0.008,0,95.73,0.000,0,24.07,0.293,100,0.55,14.401,49,50.00,0.00,0,4.3,0.125
631,5516.141,AllocLarge,2B,0.520,22.2,0.000,0.00,15.510,11.510,2,7.785,0.008,0,80.98,0.000,0,24.07,0.293,100,0.55,11.201,56,35.72,0.00,0,8.0,0.083
632,5525.645,AllocLarge,2B,0.479,11.1,0.000,0.00,15.510,14.710,2,7.785,0.008,0,95.73,0.000,0,24.07,0.293,100,0.55,14.401,47,50.00,0.00,0,5.5,0.187
633,5532.474,AllocLarge,2B,0.398,11.1,0.000,0.00,15.510,11.510,2,7.785,0.008,0,80.98,0.000,0,24.07,0.293,100,0.55,11.201,56,35.72,0.00,0,5.6,0.114
634,5540.947,AllocLarge,2B,0.457,0.0,0.000,0.00,14.710,14.710,2,7.785,0.008,0,89.93,0.000,0,24.07,0.293,100,0.55,14.401,49,50.00,0.00,0,5.7,0.091
635,5548.005,AllocLarge,2B,0.318,0.0,0.000,0.00,15.510,11.510,2,7.785,0.008,0,80.98,0.000,0,24.07,0.293,100,0.55,11.201,56,35.72,0.00,0,4.4,0.104
636,5557.289,AllocLarge,2B,0.375,10.0,0.000,0.00,14.710,14.710,2,7.785,0.008,0,95.73,0.000,0,24.07,0.293,100,0.55,14.401,49,50.00,0.00,0,4.1,0.092
637,5564.286,AllocLarge,2B,0.572,11.1,0.000,0.00,15.510,11.510,2,7.785,0.008,0,80.98,0.000,0,24.07,0.293,100,0.55,11.201,56,35.72,0.00,0,7.4,0.143
638,5573.075,AllocLarge,2B,0.419,11.1,0.000,0.00,14.710,14.710,2,7.785,0.008,0,95.73,0.000,0,24.07,0.293,100,0.55,14.401,49,50.00,0.00,0,5.2,0.119
639,5578.973,AllocLarge,2B,0.398,16.7,0.000,0.00,15.510,11.510,2,7.785,0.008,0,80.98,0.000,0,24.07,0.293,100,0.55,11.201,56,35.72,0.00,0,6.3,0.091
640,5587.669,AllocLarge,2B,0.403,11.1,0.000,0.00,14.710,14.710,2,7.785,0.008,0,95.73,0.000,0,24.07,0.293,100,0.55,14.401,49,50.00,0.00,0,4.8,0.167
641,5594.455,AllocLarge,2B,1.030,12.5,0.000,0.00,15.510,11.510,2,7.785,0.008,0,80.98,0.000,0,24.07,0.293,100,0.55,11.201,56,35.72,0.00,0,12.8,0.715
642,5604.484,AllocLarge,2B,0.390,8.3,0.107,12.01,15.510,14.710,2,7.785,0.008,0,89.93,0.000,0,24.07,0.293,100,0.55,14.401,47,50.00,0.00,0,4.4,0.123
643,5611.910,AllocLarge,2B,0.395,11.1,0.000,0.00,15.510,11.510,2,7.785,0.008,0,89.93,0.000,0,24.07,0.293,100,0.55,11.201,56,35.72,0.00,0,4.9,0.132
644,5621.077,AllocLarge,2B,0.327,0.0,0.000,0.00,14.710,14.710,2,7.785,0.008,0,89.93,0.000,0,24.07,0.293,100,0.55,14.401,49,50.00,0.00,0,3.9,0.099
645,5627.668,AllocLarge,2B,0.324,0.0,0.000,0.00,15.510,11.510,2,7.785,0.008,0,89.93,0.000,0,24.07,0.293,100,0.55,11.201,56,35.72,0.00,0,4.8,0.105
646,5635.831,AllocLarge,2B,0.314,12.5,0.000,0.00,14.710,14.710,2,7.785,0.008,0,89.93,0.000,0,24.07,0.293,100,0.55,14.401,49,50.00,0.00,0,4.0,0.115
647,5643.019,AllocLarge,2B,0.460,12.5,0.000,0.00,15.510,11.510,2,7.785,0.008,0,89.93,0.000,0,24.07,0.293,100,0.55,11.201,56,35.72,0.00,0,5.8,0.114
648,5651.512,AllocLarge,2B,0.364,11.1,0.000,0.00,14.710,14.710,2,7.785,0.008,0,89.93,0.000,0,24.07,0.293,100,0.55,14.401,49,50.00,0.00,0,4.6,0.083
649,5658.095,AllocLarge,2B,0.416,14.3,0.000,0.00,15.510,11.510,2,7.785,0.008,0,89.93,0.000,0,24.07,0.293,100,0.55,11.201,56,35.72,0.00,0,5.9,0.116
650,5666.799,AllocLarge,2B,0.531,0.0,0.000,0.00,14.710,14.710,2,7.785,0.008,0,95.73,0.000,0,24.07,0.293,100,0.55,14.401,49,50.00,0.00,0,6.4,0.175
651,5674.169,AllocLarge,2B,0.805,11.1,0.000,0.00,15.510,11.510,2,7.785,0.008,0,80.98,0.000,0,24.07,0.293,100,0.55,11.201,56,35.72,0.00,0,9.9,0.116
652,5683.568,AllocLarge,2B,0.440,0.0,0.000,0.00,14.710,14.710,2,7.785,0.008,0,95.73,0.000,0,24.07,0.293,100,0.55,14.401,49,50.00,0.00,0,5.2,0.137
653,5690.044,AllocLarge,2B,0.537,12.5,0.000,0.00,15.510,11.510,2,7.785,0.008,0,89.93,0.000,0,24.07,0.293,100,0.55,11.201,56,35.72,0.00,0,7.3,0.148
654,5699.254,AllocLarge,2B,0.395,10.0,0.000,0.00,14.710,14.710,2,7.785,0.008,0,95.73,0.000,0,24.07,0.293,100,0.55,14.401,49,50.00,0.00,0,4.4,0.117
655,5706.323,AllocLarge,2B,1.026,25.0,0.000,0.00,15.510,11.510,2,7.785,0.008,0,89.93,0.000,0,24.07,0.293,100,0.55,11.201,56,35.72,0.00,0,13.2,0.159
656,5715.220,AllocLarge,2B,0.698,10.0,0.000,0.00,14.710,14.710,2,7.785,0.008,0,89.93,0.000,0,24.07,0.293,100,0.55,14.401,49,50.00,0.00,0,8.7,0.071
657,5722.505,AllocLarge,2B,0.465,12.5,0.000,0.00,15.510,11.510,2,7.785,0.008,0,80.98,0.000,0,24.07,0.293,100,0.55,11.201,56,35.72,0.00,0,6.3,0.087
658,5730.772,AllocLarge,2B,0.477,22.2,0.000,0.00,14.710,14.710,2,7.785,0.008,0,95.73,0.000,0,24.07,0.293,100,0.55,14.401,49,50.00,0.00,0,6.1,0.129
659,5737.473,AllocLarge,2B,0.364,12.5,0.000,0.00,15.510,11.510,2,7.785,0.008,0,80.98,0.000,0,24.07,0.293,100,0.55,11.201,56,35.72,0.00,0,5.3,0.095
660,5745.859,AllocLarge,2B,0.691,0.0,0.000,0.00,14.710,14.710,2,7.785,0.008,0,89.93,0.000,0,24.07,0.293,100,0.55,14.401,49,50.00,0.00,0,8.3,0.101
661,5753.551,AllocLarge,2B,0.735,11.1,0.000,0.00,15.510,11.510,2,7.785,0.008,0,89.93,0.000,0,24.07,0.293,100,0.55,11.201,56,35.72,0.00,0,8.7,0.245
662,5763.614,AllocLarge,2B,0.332,0.0,0.000,0.00,14.710,14.710,2,7.785,0.008,0,95.73,0.000,0,24.07,0.293,100,0.55,14.401,49,50.00,0.00,0,3.7,0.112
663,5769.835,AllocLarge,2B,0.405,0.0,0.000,0.00,15.510,11.510,2,7.785,0.008,0,89.93,0.000,0,24.07,0.293,100,0.55,11.201,56,35.72,0.00,0,6.1,0.108
664,5779.344,AllocLarge,2B,1.090,9.1,0.000,0.00,14.710,14.710,2,7.785,0.008,0,95.73,0.000,0,24.07,0.293,100,0.55,14.401,49,50.00,0.00,0,11.0,0.286
665,5786.693,AllocLarge,2B,0.634,20.0,0.000,0.00,15.510,11.510,2,7.785,0.008,0,89.93,0.000,0,24.07,0.293,100,0.55,11.201,56,35.72,0.00,0,7.9,0.168
666,5796.453,AllocLarge,2B,0.850,0.0,0.107,12.24,14.710,14.710,2,7.785,0.008,0,89.93,0.000,0,24.07,0.293,100,0.55,14.401,49,50.00,0.00,0,9.7,0.094
667,5804.512,AllocLarge,2B,0.437,18.2,0.000,0.00,15.510,11.510,2,7.785,0.008,0,89.93,0.000,0,24.07,0.293,100,0.55,11.201,56,35.72,0.00,0,5.3,0.125
668,5813.049,AllocLarge,2B,0.337,0.0,0.000,0.00,14.710,14.710,2,7.785,0.008,0,95.73,0.000,0,24.07,0.293,100,0.55,14.401,49,50.00,0.00,0,4.3,0.094
669,5819.687,AllocLarge,2B,0.583,12.5,0.000,0.00,15.510,11.510,2,7.785,0.008,0,80.98,0.000,0,24.07,0.293,100,0.55,11.201,56,35.72,0.00,0,7.8,0.131
670,5828.317,AllocLarge,2B,0.415,11.1,0.000,0.00,14.710,14.710,2,7.785,0.008,0,95.73,0.000,0,24.07,0.293,100,0.55,14.401,49,50.00,0.00,0,5.2,0.182
671,5835.209,AllocLarge,2B,0.468,11.1,0.000,0.00,15.510,11.510,2,7.785,0.008,0,89.93,0.000,0,24.07,0.293,100,0.55,11.201,56,35.72,0.00,0,6.2,0.112
672,5845.138,AllocLarge,2B,0.461,10.0,0.000,0.00,14.710,14.710,2,7.785,0.008,0,95.73,0.000,0,24.07,0.293,100,0.55,14.401,49,50.00,0.00,0,4.9,0.124
673,5852.359,AllocLarge,2B,0.483,14.3,0.000,0.00,15.510,11.510,2,7.785,0.008,0,80.98,0.000,0,24.07,0.293,100,0.55,11.201,56,35.72,0.00,0,6.1,0.115
674,5863.692,AllocLarge,2B,0.644,8.3,0.000,0.00,15.510,14.710,2,7.785,0.008,0,95.73,0.000,0,24.07,0.293,100,0.55,14.401,47,50.00,0.00,0,5.9,0.094
675,5872.040,AllocLarge,2B,0.484,11.1,0.000,0.00,15.510,11.510,2,7.785,0.008,0,89.93,0.000,0,24.07,0.293,100,0.55,11.201,56,35.72,0.00,0,5.7,0.128
676,5881.477,AllocLarge,2B,0.534,0.0,0.000,0.00,14.710,14.710,2,7.785,0.008,0,95.73,0.000,0,24.07,0.293,100,0.55,14.401,49,50.00,0.00,0,5.9,0.158
677,5888.154,AllocLarge,2B,0.597,22.2,0.000,0.00,15.510,11.510,2,7.785,0.008,0,89.93,0.000,0,24.07,0.293,100,0.55,11.201,56,35.72,0.00,0,8.0,0.230
678,5896.940,AllocLarge,2B,0.468,0.0,0.000,0.00,14.710,14.710,2,7.785,0.008,0,89.93,0.000,0,24.07,0.293,100,0.55,14.401,49,50.00,0.00,0,5.8,0.138
679,5902.879,AllocLarge,2B,0.462,22.2,0.000,0.00,15.510,11.510,2,7.785,0.008,0,89.93,0.000,0,24.07,0.293,100,0.55,11.201,56,35.72,0.00,0,7.5,0.139
680,5912.177,AllocLarge,2B,0.545,10.0,0.000,0.00,14.710,14.710,2,7.785,0.008,0,89.93,0.000,0,24.07,0.293,100,0.55,14.401,49,50.00,0.00,0,5.9,0.135
681,5919.767,AllocLarge,2B,0.707,10.0,0.000,0.00,15.510,11.510,2,7.785,0.008,0,80.98,0.000,0,24.07,0.293,100,0.55,11.201,56,35.72,0.00,0,8.8,0.118
682,5929.088,AllocLarge,2B,0.420,0.0,0.000,0.00,14.710,14.710,2,7.785,0.008,0,89.93,0.000,0,24.07,0.293,100,0.55,14.401,49,50.00,0.00,0,4.8,0.090
683,5936.238,AllocLarge,2B,0.526,12.5,0.000,0.00,15.510,11.510,2,7.785,0.008,0,80.98,0.000,0,24.07,0.293,100,0.55,11.201,56,35.72,0.00,0,6.8,0.133
684,5946.448,AllocLarge,2B,0.368,18.2,0.000,0.00,14.710,14.710,2,7.785,0.008,0,95.73,0.000,0,24.07,0.293,100,0.55,14.401,49,50.00,0.00,0,3.9,0.097
685,5954.009,AllocLarge,2B,0.790,16.7,0.000,0.00,15.510,11.510,2,7.785,0.008,0,80.98,0.000,0,24.07,0.293,100,0.55,11.201,56,35.72,0.00,0,9.3,0.115
686,5962.859,AllocLarge,2B,0.481,12.5,0.000,0.00,14.710,14.719,2,7.785,0.016,0,46.79,0.000,0,24.07,0.293,100,0.55,14.401,49,50.00,0.00,0,6.1,0.121
687,5969.522,AllocLarge,2B,0.505,14.3,0.000,0.00,15.511,11.511,2,7.785,0.008,0,86.24,0.000,0,24.07,0.293,100,0.55,11.201,56,35.72,0.00,0,7.0,0.112
688,5978.081,AllocLarge,2B,0.409,11.1,0.106,13.10,14.711,14.711,2,7.785,0.008,0,86.24,0.000,0,24.07,0.293,100,0.55,14.401,49,50.00,0.00,0,5.0,0.111
689,5984.447,AllocLarge,2B,0.391,11.1,0.000,0.00,15.511,11.511,2,7.785,0.008,0,86.24,0.000,0,24.07,0.293,100,0.55,11.201,56,35.72,0.00,0,5.8,0.113
690,5993.616,AllocLarge,2B,0.466,0.0,0.000,0.00,14.711,14.711,2,7.785,0.008,0,86.24,0.000,0,24.07,0.293,100,0.55,14.401,49,50.00,0.00,0,5.3,0.123
691,6000.354,AllocLarge,2B,0.328,14.3,0.000,0.00,15.511,11.511,2,7.785,0.008,0,86.24,0.000,0,24.07,0.293,100,0.55,11.201,56,35.72,0.00,0,4.7,0.104
692,6009.260,AllocLarge,2B,0.508,0.0,0.000,0.00,14.711,14.711,2,7.785,0.008,0,86.24,0.000,0,24.07,0.293,100,0.55,14.401,49,50.00,0.00,0,5.9,0.127
693,6016.357,AllocLarge,2B,0.602,22.2,0.000,0.00,15.511,11.511,2,7.785,0.008,0,86.24,0.000,0,24.07,0.293,100,0.55,11.201,56,35.72,0.00,0,7.8,0.150
694,6026.830,AllocLarge,2B,0.442,18.2,0.000,0.00,14.711,14.711,2,7.785,0.008,0,86.24,0.000,0,24.07,0.293,100,0.55,14.401,49,50.00,0.00,0,4.6,0.146
695,6033.650,AllocLarge,2B,0.418,12.5,0.000,0.00,15.511,11.511,2,7.785,0.008,0,86.24,0.000,0,24.07,0.293,100,0.55,11.201,56,35.72,0.00,0,5.8,0.097
696,6042.123,AllocLarge,2B,0.614,11.1,0.000,0.00,14.711,14.711,2,7.785,0.008,0,86.24,0.000,0,24.07,0.293,100,0.55,14.401,49,50.00,0.00,0,7.0,0.118
697,6049.454,AllocLarge,2B,0.510,12.5,0.000,0.00,15.511,11.511,2,7.785,0.008,0,86.24,0.000,0,24.07,0.293,100,0.55,11.201,56,35.72,0.00,0,7.2,0.136
698,6057.765,AllocLarge,2B,0.423,0.0,0.000,0.00,14.711,14.711,2,7.785,0.008,0,86.24,0.000,0,24.07,0.293,100,0.55,14.401,49,50.00,0.00,0,5.3,0.124
699,6063.711,AllocLarge,2B,0.447,25.0,0.000,0.00,15.511,11.511,2,7.785,0.008,0,77.66,0.000,0,24.07,0.293,100,0.55,11.201,56,35.72,0.00,0,6.9,0.131
700,6071.222,AllocLarge,2B,0.427,14.3,0.000,0.00,15.511,14.711,2,7.785,0.008,0,86.24,0.000,0,24.07,0.293,100,0.55,14.401,47,50.00,0.00,0,6.0,0.110
701,6077.985,AllocLarge,2B,0.394,12.5,0.000,0.00,15.511,11.511,2,7.785,0.008,0,86.24,0.000,0,24.07,0.293,100,0.55,11.201,56,35.72,0.00,0,5.3,0.137
702,6087.328,AllocLarge,2B,0.652,9.1,0.000,0.00,14.711,14.711,2,7.785,0.008,0,91.80,0.000,0,24.07,0.293,100,0.55,14.401,49,50.00,0.00,0,7.3,0.140
703,6095.033,AllocLarge,2B,0.405,12.5,0.000,0.00,15.511,11.511,2,7.785,0.008,0,86.24,0.000,0,24.07,0.293,100,0.55,11.201,56,35.72,0.00,0,5.3,0.149
704,6104.365,AllocLarge,2B,0.350,0.0,0.000,0.00,14.711,14.711,2,7.785,0.008,0,91.80,0.000,0,24.07,0.293,100,0.55,14.401,49,50.00,0.00,0,3.9,0.072
705,6111.220,AllocLarge,2B,0.515,20.0,0.000,0.00,15.511,11.511,2,7.785,0.008,0,77.66,0.000,0,24.07,0.293,100,0.55,11.201,56,35.72,0.00,0,6.6,0.115
706,6121.254,AllocLarge,2B,0.377,10.0,0.000,0.00,14.711,14.711,2,7.785,0.008,0,86.24,0.000,0,24.07,0.293,100,0.55,14.401,49,50.00,0.00,0,4.0,0.118
707,6127.838,AllocLarge,2B,0.536,22.2,0.000,0.00,15.511,11.511,2,7.785,0.008,0,86.24,0.000,0,24.07,0.293,100,0.55,11.201,56,35.72,0.00,0,7.4,0.138
708,6137.198,AllocLarge,2B,0.323,11.1,0.000,0.00,14.711,14.711,2,7.785,0.008,0,91.80,0.000,0,24.07,0.293,100,0.55,14.401,49,50.00,0.00,0,4.0,0.088
709,6142.789,AllocLarge,2B,0.505,16.7,0.000,0.00,15.511,11.511,2,7.785,0.008,0,77.66,0.000,0,24.07,0.293,100,0.55,11.201,56,35.72,0.00,0,8.0,0.202
710,6150.742,AllocLarge,2B,0.593,12.5,0.000,0.00,14.711,14.711,2,7.785,0.008,0,91.80,0.000,0,24.07,0.293,100,0.55,14.401,49,50.00,0.00,0,7.8,0.124
711,6157.403,AllocLarge,2B,0.762,22.2,0.000,0.00,15.511,11.511,2,7.785,0.008,0,86.24,0.000,0,24.07,0.293,100,0.55,11.201,56,35.72,0.00,0,10.0,0.259
712,6168.108,AllocLarge,2B,0.414,0.0,0.107,10.86,14.711,14.711,2,7.785,0.008,0,91.80,0.000,0,24.07,0.293,100,0.55,14.401,49,50.00,0.00,0,4.2,0.130
713,6175.361,AllocLarge,2B,0.657,16.7,0.000,0.00,15.511,11.511,2,7.785,0.008,0,77.66,0.000,0,24.07,0.293,100,0.55,11.201,56,35.72,0.00,0,8.1,0.303
714,6184.842,AllocLarge,2B,0.384,10.0,0.000,0.00,15.511,14.711,2,7.785,0.008,0,91.80,0.000,0,24.07,0.293,100,0.55,14.401,47,50.00,0.00,0,4.5,0.131
715,6192.206,AllocLarge,2B,0.651,10.0,0.000,0.00,15.511,11.511,2,7.785,0.008,0,86.24,0.000,0,24.07,0.293,100,0.55,11.201,56,35.72,0.00,0,8.2,0.162
716,6202.466,AllocLarge,2B,0.355,9.1,0.000,0.00,14.711,14.711,2,7.785,0.008,0,86.24,0.000,0,24.07,0.293,100,0.55,14.401,49,50.00,0.00,0,3.6,0.088
717,6209.128,AllocLarge,2B,0.990,33.3,0.000,0.00,15.511,11.511,2,7.785,0.008,0,86.24,0.000,0,24.07,0.293,100,0.55,11.201,56,35.72,0.00,0,13.1,0.270
718,6219.112,AllocLarge,2B,0.376,0.0,0.000,0.00,14.711,14.711,2,7.785,0.008,0,91.80,0.000,0,24.07,0.293,100,0.55,14.401,49,50.00,0.00,0,4.3,0.079
719,6225.699,AllocLarge,2B,0.509,12.5,0.000,0.00,15.511,11.511,2,7.785,0.008,0,86.24,0.000,0,24.07,0.293,100,0.55,11.201,56,35.72,0.00,0,7.1,0.084
720,6234.239,AllocLarge,2B,0.386,0.0,0.000,0.00,14.711,14.711,2,7.785,0.008,0,86.24,0.000,0,24.07,0.293,100,0.55,14.401,49,50.00,0.00,0,4.9,0.093
721,6240.947,AllocLarge,2B,0.754,12.5,0.000,0.00,15.511,11.511,2,7.785,0.008,0,86.24,0.000,0,24.07,0.293,100,0.55,11.201,56,35.72,0.00,0,9.8,0.110
722,6250.343,AllocLarge,2B,0.438,11.1,0.000,0.00,14.711,14.711,2,7.785,0.008,0,91.80,0.000,0,24.07,0.293,100,0.55,14.401,49,50.00,0.00,0,5.2,0.178
723,6257.967,AllocLarge,2B,0.495,11.1,0.000,0.00,15.511,11.511,2,7.785,0.008,0,86.24,0.000,0,24.07,0.293,100,0.55,11.201,56,35.72,0.00,0,6.0,0.162
724,6267.738,AllocLarge,2B,0.497,0.0,0.000,0.00,14.711,14.711,2,7.785,0.008,0,86.24,0.000,0,24.07,0.293,100,0.55,14.401,49,50.00,0.00,0,5.3,0.098
725,6274.696,AllocLarge,2B,0.543,20.0,0.000,0.00,15.511,11.511,2,7.785,0.008,0,86.24,0.000,0,24.07,0.293,100,0.55,11.201,56,35.72,0.00,0,7.2,0.286
726,6283.973,AllocLarge,2B,0.626,20.0,0.000,0.00,14.711,14.711,2,7.785,0.008,0,86.24,0.000,0,24.07,0.293,100,0.55,14.401,49,50.00,0.00,0,7.0,0.097
727,6290.184,AllocLarge,2B,0.912,22.2,0.000,0.00,15.511,11.511,2,7.785,0.008,0,77.66,0.000,0,24.07,0.293,100,0.55,11.201,56,35.72,0.00,0,13.3,0.140
728,6299.170,AllocLarge,2B,0.458,12.5,0.000,0.00,14.711,14.711,2,7.785,0.008,0,86.24,0.000,0,24.07,0.293,100,0.55,14.401,49,50.00,0.00,0,5.7,0.126
729,6305.498,AllocLarge,2B,0.692,14.3,0.000,0.00,15.511,11.511,2,7.785,0.008,0,77.66,0.000,0,24.07,0.293,100,0.55,11.201,56,35.72,0.00,0,10.1,0.153
730,6314.084,AllocLarge,2B,0.427,0.0,0.000,0.00,14.711,14.711,2,7.785,0.008,0,91.80,0.000,0,24.07,0.293,100,0.55,14.401,49,50.00,0.00,0,5.4,0.126
731,6321.011,AllocLarge,2B,0.802,12.5,0.000,0.00,15.511,11.511,2,7.785,0.008,0,86.24,0.000,0,24.07,0.293,100,0.55,11.201,56,35.72,0.00,0,10.4,0.151
732,6331.842,AllocLarge,2B,0.767,8.3,0.000,0.00,14.711,14.711,2,7.785,0.008,0,91.80,0.000,0,24.07,0.293,100,0.55,14.401,49,50.00,0.00,0,7.4,0.218
733,6339.856,AllocLarge,2B,0.530,25.0,0.000,0.00,15.511,11.511,2,7.785,0.008,0,86.24,0.000,0,24.07,0.293,100,0.55,11.201,56,35.72,0.00,0,6.4,0.183
734,6348.950,AllocLarge,2B,0.500,0.0,0.000,0.00,14.711,14.711,2,7.785,0.008,0,91.80,0.000,0,24.07,0.293,100,0.55,14.401,49,50.00,0.00,0,5.9,0.138
735,6356.738,AllocLarge,2B,0.493,20.0,0.000,0.00,15.511,11.511,2,7.785,0.008,0,86.24,0.000,0,24.07,0.293,100,0.55,11.201,56,35.72,0.00,0,5.7,0.129
736,6366.038,AllocLarge,2B,0.521,10.0,0.107,12.35,14.711,14.711,2,7.785,0.008,0,86.24,0.000,0,24.07,0.293,100,0.55,14.401,49,50.00,0.00,0,6.0,0.136
737,6373.547,AllocLarge,2B,0.503,22.2,0.000,0.00,15.511,11.511,2,7.785,0.008,0,86.24,0.000,0,24.07,0.293,100,0.55,11.201,56,35.72,0.00,0,6.4,0.119
738,6382.341,AllocLarge,2B,0.333,12.5,0.000,0.00,14.711,14.711,2,7.785,0.008,0,86.24,0.000,0,24.07,0.293,100,0.55,14.401,49,50.00,0.00,0,4.2,0.105
739,6388.224,AllocLarge,2B,0.363,14.3,0.000,0.00,15.511,11.511,2,7.785,0.008,0,86.24,0.000,0,24.07,0.293,100,0.55,11.201,56,35.72,0.00,0,5.7,0.141
740,6396.210,AllocLarge,2B,0.436,12.5,0.000,0.00,14.711,14.711,2,7.785,0.008,0,91.80,0.000,0,24.07,0.293,100,0.55,14.401,49,50.00,0.00,0,5.7,0.147
741,6402.755,AllocLarge,2B,0.779,12.5,0.000,0.00,15.511,11.519,2,7.785,0.016,0,45.84,0.000,0,24.07,0.293,100,0.55,11.201,56,35.72,0.00,0,10.4,0.205
742,6412.698,AllocLarge,2B,0.774,10.0,0.000,0.00,14.711,14.711,2,7.785,0.009,0,82.85,0.000,0,24.07,0.293,100,0.55,14.401,49,50.00,0.00,0,8.2,0.130
743,6419.058,AllocLarge,2B,0.446,22.2,0.000,0.00,15.511,11.511,2,7.785,0.009,0,72.73,0.000,0,24.07,0.293,100,0.55,11.201,56,35.72,0.00,0,7.0,0.089
744,6428.406,AllocLarge,2B,0.378,18.2,0.000,0.00,14.711,14.711,2,7.785,0.009,0,82.85,0.000,0,24.07,0.293,100,0.55,14.401,49,50.00,0.00,0,4.2,0.065
745,6434.578,AllocLarge,2B,0.755,25.0,0.000,0.00,15.511,11.511,2,7.785,0.009,0,82.85,0.000,0,24.07,0.293,100,0.55,11.201,56,35.72,0.00,0,10.6,0.191
746,6444.846,AllocLarge,2B,0.278,10.0,0.000,0.00,14.711,14.711,2,7.785,0.009,0,82.85,0.000,0,24.07,0.293,100,0.55,14.401,49,50.00,0.00,0,3.1,0.081
747,6451.613,AllocLarge,2B,0.413,12.5,0.000,0.00,15.511,11.511,2,7.785,0.009,0,74.60,0.000,0,24.07,0.293,100,0.55,11.201,56,35.72,0.00,0,5.6,0.132
748,6462.201,AllocLarge,2B,0.523,9.1,0.000,0.00,14.711,14.711,2,7.785,0.009,0,82.85,0.000,0,24.07,0.293,100,0.55,14.401,49,50.00,0.00,0,5.0,0.146
749,6468.478,AllocLarge,2B,0.486,14.3,0.000,0.00,15.511,11.511,2,7.785,0.009,0,82.85,0.000,0,24.07,0.293,100,0.55,11.201,56,35.72,0.00,0,7.4,0.155
750,6476.631,AllocLarge,2B,0.440,14.3,0.000,0.00,14.711,14.711,2,7.785,0.009,0,82.85,0.000,0,24.07,0.293,100,0.55,14.401,49,50.00,0.00,0,5.8,0.125
751,6483.184,AllocLarge,2B,0.322,11.1,0.000,0.00,15.511,11.511,2,7.785,0.009,0,74.60,0.000,0,24.07,0.293,100,0.55,11.201,56,35.72,0.00,0,4.7,0.087
752,6491.956,AllocLarge,2B,0.464,0.0,0.000,0.00,14.711,14.711,2,7.785,0.009,0,88.19,0.000,0,24.07,0.293,100,0.55,14.401,49,50.00,0.00,0,5.3,0.157
753,6498.844,AllocLarge,2B,1.221,20.0,0.000,0.00,15.511,11.511,2,7.785,0.009,0,82.85,0.000,0,24.07,0.293,100,0.55,11.201,56,35.72,0.00,0,15.5,0.205
754,6509.935,AllocLarge,2B,0.539,25.0,0.000,0.00,14.711,14.711,2,7.785,0.009,0,82.85,0.000,0,24.07,0.293,100,0.55,14.401,49,50.00,0.00,0,5.4,0.140
755,6517.199,AllocLarge,2B,0.509,22.2,0.000,0.00,15.511,11.511,2,7.785,0.009,0,74.60,0.000,0,24.07,0.293,100,0.55,11.201,56,35.72,0.00,0,6.5,0.135
756,6526.800,AllocLarge,2B,0.521,8.3,0.000,0.00,15.511,14.711,2,7.785,0.009,0,88.19,0.000,0,24.07,0.293,100,0.55,14.401,47,50.00,0.00,0,5.6,0.114
757,6533.202,AllocLarge,2B,0.940,14.3,0.000,0.00,15.511,11.511,2,7.785,0.009,0,74.60,0.000,0,24.07,0.293,100,0.55,11.201,56,35.72,0.00,0,13.6,0.141
758,6542.592,AllocLarge,2B,0.372,10.0,0.106,12.78,14.711,14.711,2,7.785,0.009,0,82.85,0.000,0,24.07,0.293,100,0.55,14.401,49,50.00,0.00,0,4.5,0.090
759,6548.337,AllocLarge,2B,0.548,14.3,0.000,0.00,15.511,11.511,2,7.785,0.009,0,82.85,0.000,0,24.07,0.293,100,0.55,11.201,56,35.72,0.00,0,8.8,0.141
760,6557.236,AllocLarge,2B,0.354,0.0,0.000,0.00,14.711,14.711,2,7.785,0.009,0,88.19,0.000,0,24.07,0.293,100,0.55,14.401,49,50.00,0.00,0,4.2,0.103
761,6563.839,AllocLarge,2B,0.684,11.1,0.000,0.00,15.511,11.511,2,7.785,0.009,0,82.85,0.000,0,24.07,0.293,100,0.55,11.201,56,35.72,0.00,0,8.9,0.150
762,6573.595,AllocLarge,2B,0.401,11.1,0.000,0.00,14.711,14.711,2,7.785,0.009,0,88.19,0.000,0,24.07,0.293,100,0.55,14.401,49,50.00,0.00,0,4.6,0.150
763,6580.453,AllocLarge,2B,0.417,11.1,0.000,0.00,15.511,11.511,2,7.785,0.009,0,82.85,0.000,0,24.07,0.293,100,0.55,11.201,56,35.72,0.00,0,5.6,0.161
764,6590.321,AllocLarge,2B,0.481,9.1,0.000,0.00,14.711,14.711,2,7.785,0.009,0,82.85,0.000,0,24.07,0.293,100,0.55,14.401,49,50.00,0.00,0,5.2,0.100
765,6596.890,AllocLarge,2B,0.689,12.5,0.000,0.00,15.511,11.511,2,7.785,0.009,0,82.85,0.000,0,24.07,0.293,100,0.55,11.201,56,35.72,0.00,0,9.6,0.191
766,6607.737,AllocLarge,2B,0.301,0.0,0.000,0.00,14.711,14.711,2,7.785,0.009,0,82.85,0.000,0,24.07,0.293,100,0.55,14.401,49,50.00,0.00,0,3.0,0.104
767,6614.133,AllocLarge,2B,0.526,11.1,0.000,0.00,15.511,11.511,2,7.785,0.009,0,82.85,0.000,0,24.07,0.293,100,0.55,11.201,56,35.72,0.00,0,7.1,0.189
768,6623.801,AllocLarge,2B,0.467,14.3,0.000,0.00,14.711,14.711,2,7.785,0.009,0,88.19,0.000,0,24.07,0.293,100,0.55,14.401,49,50.00,0.00,0,5.2,0.102
769,6630.015,AllocLarge,2B,0.553,0.0,0.000,0.00,15.511,11.511,2,7.785,0.009,0,82.85,0.000,0,24.07,0.293,100,0.55,11.201,56,35.72,0.00,0,8.0,0.149
770,6637.873,AllocLarge,2B,0.460,0.0,0.000,0.00,14.711,14.711,2,7.785,0.009,0,88.19,0.000,0,24.07,0.293,100,0.55,14.401,49,50.00,0.00,0,6.4,0.089
771,6644.093,AllocLarge,2B,0.405,11.1,0.000,0.00,15.511,11.511,2,7.785,0.009,0,82.85,0.000,0,24.07,0.293,100,0.55,11.201,56,35.72,0.00,0,6.2,0.114
772,6652.740,AllocLarge,2B,0.870,10.0,0.000,0.00,14.711,14.711,2,7.785,0.009,0,88.19,0.000,0,24.07,0.293,100,0.55,14.401,49,50.00,0.00,0,9.9,0.124
773,6660.081,AllocLarge,2B,0.649,12.5,0.000,0.00,15.511,11.511,2,7.785,0.009,0,74.60,0.000,0,24.07,0.293,100,0.55,11.201,56,35.72,0.00,0,8.8,0.150
774,6670.224,AllocLarge,2B,0.543,0.0,0.000,0.00,14.711,14.711,2,7.785,0.009,0,82.85,0.000,0,24.07,0.293,100,0.55,14.401,49,50.00,0.00,0,5.6,0.201
775,6676.484,AllocLarge,2B,0.484,14.3,0.000,0.00,15.511,11.511,2,7.785,0.009,0,82.85,0.000,0,24.07,0.293,100,0.55,11.201,56,35.72,0.00,0,7.3,0.087
776,6685.937,AllocLarge,2B,0.274,11.1,0.000,0.00,14.711,14.711,2,7.785,0.009,0,82.85,0.000,0,24.07,0.293,100,0.55,14.401,49,50.00,0.00,0,3.1,0.082
777,6691.868,AllocLarge,2B,0.866,12.5,0.000,0.00,15.511,11.511,2,7.785,0.009,0,74.60,0.000,0,24.07,0.293,100,0.55,11.201,56,35.72,0.00,0,12.4,0.069
778,6701.614,AllocLarge,2B,0.507,18.2,0.000,0.00,15.511,14.711,2,7.785,0.009,0,82.85,0.000,0,24.07,0.293,100,0.55,14.401,47,50.00,0.00,0,5.7,0.116
779,6708.096,AllocLarge,2B,0.442,0.0,0.000,0.00,15.511,11.511,2,7.785,0.009,0,74.60,0.000,0,24.07,0.293,100,0.55,11.201,56,35.72,0.00,0,6.6,0.087
780,6716.749,AllocLarge,2B,0.404,14.3,0.000,0.00,14.711,14.711,2,7.785,0.009,0,82.85,0.000,0,24.07,0.293,100,0.55,14.401,49,50.00,0.00,0,4.8,0.149
781,6722.798,AllocLarge,2B,0.773,25.0,0.000,0.00,15.511,11.511,2,7.785,0.009,0,82.85,0.000,0,24.07,0.293,100,0.55,11.201,56,35.72,0.00,0,10.7,0.187
782,6733.012,AllocLarge,2B,0.548,11.1,0.107,11.64,14.711,14.711,2,7.785,0.009,0,82.85,0.000,0,24.07,0.293,100,0.55,14.401,49,50.00,0.00,0,6.0,0.137
783,6740.041,AllocLarge,2B,0.555,12.5,0.000,0.00,15.511,11.511,2,7.785,0.009,0,74.60,0.000,0,24.07,0.293,100,0.55,11.201,56,35.72,0.00,0,7.4,0.131
784,6750.075,AllocLarge,2B,0.666,8.3,0.000,0.00,14.711,14.711,2,7.785,0.009,0,82.85,0.000,0,24.07,0.293,100,0.55,14.401,49,50.00,0.00,0,6.7,0.191
785,6757.357,AllocLarge,2B,0.552,20.0,0.000,0.00,15.511,11.511,2,7.785,0.009,0,82.85,0.000,0,24.07,0.293,100,0.55,11.201,56,35.72,0.00,0,7.3,0.180
786,6766.921,AllocLarge,2B,0.819,10.0,0.000,0.00,14.711,14.711,2,7.785,0.009,0,88.19,0.000,0,24.07,0.293,100,0.55,14.401,49,50.00,0.00,0,8.7,0.203
787,6773.468,AllocLarge,2B,0.412,14.3,0.000,0.00,15.511,11.511,2,7.785,0.009,0,82.85,0.000,0,24.07,0.293,100,0.55,11.201,56,35.72,0.00,0,6.4,0.100
788,6784.283,AllocLarge,2B,0.371,0.0,0.000,0.00,14.711,14.711,2,7.785,0.009,0,88.19,0.000,0,24.07,0.293,100,0.55,14.401,49,50.00,0.00,0,3.6,0.089
789,6793.503,AllocLarge,2B,0.454,10.0,0.000,0.00,15.511,11.511,2,7.785,0.009,0,82.85,0.000,0,24.07,0.293,100,0.55,11.201,56,35.72,0.00,0,4.7,0.106
790,6801.970,AllocLarge,2B,0.611,12.5,0.000,0.00,14.711,14.711,2,7.785,0.009,0,82.85,0.000,0,24.07,0.293,100,0.55,14.401,49,50.00,0.00,0,7.5,0.137
791,6808.624,AllocLarge,2B,0.431,25.0,0.000,0.00,15.511,11.511,2,7.785,0.009,0,74.60,0.000,0,24.07,0.293,100,0.55,11.201,56,35.72,0.00,0,6.2,0.111
792,6817.633,AllocLarge,2B,0.435,11.1,0.000,0.00,14.711,14.711,2,7.785,0.009,0,88.19,0.000,0,24.07,0.293,100,0.55,14.401,49,50.00,0.00,0,5.0,0.127
793,6824.505,AllocLarge,2B,0.465,11.1,0.000,0.00,15.511,11.511,2,7.785,0.009,0,82.85,0.000,0,24.07,0.293,100,0.55,11.201,56,35.72,0.00,0,6.4,0.151
794,6834.227,AllocLarge,2B,0.476,9.1,0.000,0.00,14.711,14.711,2,7.785,0.009,0,82.85,0.000,0,24.07,0.293,100,0.55,14.401,49,50.00,0.00,0,5.1,0.202
795,6841.056,AllocLarge,2B,0.569,20.0,0.000,0.00,15.511,11.511,2,7.785,0.009,0,74.60,0.000,0,24.07,0.293,100,0.55,11.201,56,35.72,0.00,0,7.7,0.140
796,6849.794,AllocLarge,2B,0.632,11.1,0.000,0.00,14.711,14.711,2,7.785,0.009,0,88.19,0.000,0,24.07,0.293,100,0.55,14.401,49,50.00,0.00,0,7.8,0.116
797,6857.156,AllocLarge,2B,0.422,11.1,0.000,0.00,15.511,11.511,2,7.785,0.009,0,82.85,0.000,0,24.07,0.293,100,0.55,11.201,56,35.72,0.00,0,5.5,0.113
798,6865.440,AllocLarge,2B,0.345,12.5,0.000,0.00,14.711,14.711,2,7.785,0.009,0,88.19,0.000,0,24.07,0.293,100,0.55,14.401,49,50.00,0.00,0,4.5,0.073
799,6872.770,AllocLarge,2B,0.510,12.5,0.000,0.00,15.511,11.511,2,7.785,0.009,0,82.85,0.000,0,24.07,0.293,100,0.55,11.201,56,35.72,0.00,0,6.2,0.138
800,6881.820,AllocLarge,2B,0.500,11.1,0.000,0.00,14.711,14.711,2,7.785,0.009,0,82.85,0.000,0,24.07,0.293,100,0.55,14.401,49,50.00,0.00,0,5.9,0.162
801,6888.618,AllocLarge,2B,0.412,12.5,0.000,0.00,15.511,11.511,2,7.785,0.009,0,82.85,0.000,0,24.07,0.293,100,0.55,11.201,56,35.72,0.00,0,5.8,0.115
802,6897.024,AllocLarge,2B,0.428,0.0,0.000,0.00,14.711,14.711,2,7.785,0.009,0,88.19,0.000,0,24.07,0.293,100,0.55,14.401,49,50.00,0.00,0,5.4,0.083
803,6905.095,AllocLarge,2B,0.419,10.0,0.000,0.00,15.511,11.511,2,7.785,0.009,0,82.85,0.000,0,24.07,0.293,100,0.55,11.201,56,35.72,0.00,0,5.0,0.089
804,6914.675,AllocLarge,2B,0.495,10.0,0.000,0.00,14.711,14.711,2,7.785,0.009,0,82.85,0.000,0,24.07,0.293,100,0.55,14.401,49,50.00,0.00,0,5.2,0.113
805,6921.502,AllocLarge,2B,0.375,12.5,0.000,0.00,15.511,11.511,2,7.785,0.009,0,82.85,0.000,0,24.07,0.293,100,0.55,11.201,56,35.72,0.00,0,5.5,0.110
806,6931.082,AllocLarge,2B,0.380,11.1,0.107,11.47,14.711,14.711,2,7.785,0.009,0,88.19,0.000,0,24.07,0.293,100,0.55,14.401,49,50.00,0.00,0,4.1,0.113
807,6938.963,AllocLarge,2B,0.437,30.0,0.000,0.00,15.511,11.511,2,7.785,0.009,0,82.85,0.000,0,24.07,0.293,100,0.55,11.201,56,35.72,0.00,0,5.1,0.119
808,6948.688,AllocLarge,2B,0.637,11.1,0.000,0.00,14.711,14.711,2,7.785,0.009,0,88.19,0.000,0,24.07,0.293,100,0.55,14.401,49,50.00,0.00,0,6.8,0.146
809,6956.018,AllocLarge,2B,0.775,22.2,0.000,0.00,15.511,11.511,2,7.785,0.009,0,74.60,0.000,0,24.07,0.293,100,0.55,11.201,56,35.72,0.00,0,9.4,0.158
810,6964.923,AllocLarge,2B,0.427,0.0,0.000,0.00,14.711,14.711,2,7.785,0.009,0,88.19,0.000,0,24.07,0.293,100,0.55,14.401,49,50.00,0.00,0,5.5,0.093
811,6971.514,AllocLarge,2B,0.451,12.5,0.000,0.00,15.511,11.511,2,7.785,0.009,0,82.85,0.000,0,24.07,0.293,100,0.55,11.201,56,35.72,0.00,0,6.4,0.125
812,6979.927,AllocLarge,2B,0.771,11.1,0.000,0.00,14.711,14.711,2,7.785,0.009,0,88.19,0.000,0,24.07,0.293,100,0.55,14.401,49,50.00,0.00,0,9.1,0.198
813,6987.590,AllocLarge,2B,0.623,25.0,0.000,0.00,15.511,11.511,2,7.785,0.009,0,82.85,0.000,0,24.07,0.293,100,0.55,11.201,56,35.72,0.00,0,7.6,0.139
814,6998.352,AllocLarge,2B,0.435,0.0,0.000,0.00,14.711,14.711,2,7.785,0.009,0,88.19,0.000,0,24.07,0.293,100,0.55,14.401,49,50.00,0.00,0,4.5,0.087
815,7004.868,AllocLarge,2B,0.374,20.0,0.000,0.00,15.511,11.511,2,7.785,0.009,0,82.85,0.000,0,24.07,0.293,100,0.55,11.201,56,35.72,0.00,0,5.3,0.129
816,7014.377,AllocLarge,2B,0.462,0.0,0.000,0.00,14.711,14.711,2,7.785,0.009,0,82.85,0.000,0,24.07,0.293,100,0.55,14.401,49,50.00,0.00,0,5.1,0.127
817,7022.356,AllocLarge,2B,0.326,10.0,0.000,0.00,15.511,11.511,2,7.785,0.009,0,74.60,0.000,0,24.07,0.293,100,0.55,11.201,56,35.72,0.00,0,4.0,0.084
818,7031.081,AllocLarge,2B,0.607,10.0,0.000,0.00,14.711,14.711,2,7.785,0.009,0,82.85,0.000,0,24.07,0.293,100,0.55,14.401,49,50.00,0.00,0,7.0,0.115
819,7038.585,AllocLarge,2B,0.541,11.1,0.000,0.00,15.511,11.511,2,7.785,0.009,0,74.60,0.000,0,24.07,0.293,100,0.55,11.201,56,35.72,0.00,0,6.7,0.086
820,7047.770,AllocLarge,2B,0.352,0.0,0.000,0.00,14.711,14.711,2,7.785,0.009,0,88.19,0.000,0,24.07,0.293,100,0.55,14.401,49,50.00,0.00,0,4.3,0.144
821,7054.353,AllocLarge,2B,0.360,12.5,0.000,0.00,15.511,11.511,2,7.785,0.009,0,82.85,0.000,0,24.07,0.293,100,0.55,11.201,56,35.72,0.00,0,5.1,0.127
822,7062.510,AllocLarge,2B,0.434,12.5,0.000,0.00,14.711,14.711,2,7.785,0.009,0,88.19,0.000,0,24.07,0.293,100,0.55,14.401,49,50.00,0.00,0,5.5,0.122
823,7070.440,AllocLarge,2B,0.660,22.2,0.000,0.00,15.511,11.511,2,7.785,0.009,0,82.85,0.000,0,24.07,0.293,100,0.55,11.201,56,35.72,0.00,0,7.7,0.147
824,7079.986,AllocLarge,2B,0.676,10.0,0.000,0.00,14.711,14.711,2,7.785,0.009,0,82.85,0.000,0,24.07,0.293,100,0.55,14.401,49,50.00,0.00,0,7.4,0.181
825,7086.613,AllocLarge,2B,0.606,12.5,0.000,0.00,15.511,11.511,2,7.785,0.009,0,82.85,0.000,0,24.07,0.293,100,0.55,11.201,56,35.72,0.00,0,8.4,0.131
826,7096.414,AllocLarge,2B,0.437,10.0,0.000,0.00,14.711,14.711,2,7.785,0.009,0,88.19,0.000,0,24.07,0.293,100,0.55,14.401,49,50.00,0.00,0,4.8,0.144
827,7102.889,AllocLarge,2B,0.604,14.3,0.000,0.00,15.511,11.511,2,7.785,0.009,0,74.60,0.000,0,24.07,0.293,100,0.55,11.201,56,35.72,0.00,0,8.8,0.122
828,7113.505,AllocLarge,2B,0.337,8.3,0.000,0.00,14.711,14.711,2,7.785,0.009,0,82.85,0.000,0,24.07,0.293,100,0.55,14.401,49,50.00,0.00,0,3.3,0.089
829,7120.077,AllocLarge,2B,0.582,37.5,0.000,0.00,15.511,11.511,2,7.785,0.009,0,74.60,0.000,0,24.07,0.293,100,0.55,11.201,56,35.72,0.00,0,7.6,0.095
830,7129.710,AllocLarge,2B,0.636,11.1,0.107,12.41,14.711,14.711,2,7.785,0.009,0,82.85,0.000,0,24.07,0.293,100,0.55,14.401,49,50.00,0.00,0,7.4,0.172
831,7137.443,AllocLarge,2B,0.454,22.2,0.000,0.00,15.511,11.511,2,7.785,0.009,0,82.85,0.000,0,24.07,0.293,100,0.55,11.201,56,35.72,0.00,0,5.6,0.160
832,7145.894,AllocLarge,2B,0.393,10.0,0.000,0.00,14.711,14.711,2,7.785,0.009,0,88.19,0.000,0,24.07,0.293,100,0.55,14.401,49,50.00,0.00,0,5.0,0.118
833,7153.541,AllocLarge,2B,0.453,12.5,0.000,0.00,15.511,11.511,2,7.785,0.009,0,82.85,0.000,0,24.07,0.293,100,0.55,11.201,56,35.72,0.00,0,5.7,0.134
834,7163.381,AllocLarge,2B,0.604,9.1,0.000,0.00,14.711,14.711,2,7.785,0.009,0,82.85,0.000,0,24.07,0.293,100,0.55,14.401,49,50.00,0.00,0,6.2,0.126
835,7170.199,AllocLarge,2B,0.647,0.0,0.000,0.00,15.511,11.511,2,7.785,0.009,0,82.85,0.000,0,24.07,0.293,100,0.55,11.201,56,35.72,0.00,0,9.1,0.107
836,7180.200,AllocLarge,2B,0.388,0.0,0.000,0.00,14.711,14.711,2,7.785,0.009,0,88.19,0.000,0,24.07,0.293,100,0.55,14.401,49,50.00,0.00,0,4.2,0.109
837,7187.798,AllocLarge,2B,1.279,30.0,0.000,0.00,15.511,11.511,2,7.785,0.009,0,82.85,0.000,0,24.07,0.293,100,0.55,11.201,56,35.72,0.00,0,14.1,0.209
838,7197.706,AllocLarge,2B,0.726,11.1,0.000,0.00,14.711,14.711,2,7.785,0.009,0,82.85,0.000,0,24.07,0.293,100,0.55,14.401,49,50.00,0.00,0,8.1,0.151
839,7206.278,AllocLarge,2B,0.771,0.0,0.000,0.00,15.511,11.511,2,7.785,0.009,0,82.85,0.000,0,24.07,0.293,100,0.55,11.201,56,35.72,0.00,0,8.5,0.146
840,7217.253,AllocLarge,2B,0.568,9.1,0.000,0.00,14.711,14.711,2,7.785,0.009,0,82.85,0.000,0,24.07,0.293,100,0.55,14.401,49,50.00,0.00,0,5.3,0.163
841,7224.336,AllocLarge,2B,0.523,10.0,0.000,0.00,15.511,11.511,2,7.785,0.009,0,82.85,0.000,0,24.07,0.293,100,0.55,11.201,56,35.72,0.00,0,7.0,0.175
842,7232.963,AllocLarge,2B,0.508,11.1,0.000,0.00,14.711,14.711,2,7.785,0.009,0,82.85,0.000,0,24.07,0.293,100,0.55,14.401,49,50.00,0.00,0,6.2,0.215
843,7241.203,AllocLarge,2B,0.735,20.0,0.000,0.00,15.511,11.511,2,7.785,0.009,0,82.85,0.000,0,24.07,0.293,100,0.55,11.201,56,35.72,0.00,0,8.3,0.142
844,7250.813,AllocLarge,2B,0.564,11.1,0.000,0.00,14.711,14.711,2,7.785,0.009,0,88.19,0.000,0,24.07,0.293,100,0.55,14.401,49,50.00,0.00,0,6.3,0.143
845,7257.818,AllocLarge,2B,0.942,22.2,0.000,0.00,15.511,11.511,2,7.785,0.009,0,74.60,0.000,0,24.07,0.293,100,0.55,11.201,56,35.72,0.00,0,12.0,0.118
846,7267.381,AllocLarge,2B,0.502,11.1,0.000,0.00,14.711,14.711,2,7.785,0.009,0,88.19,0.000,0,24.07,0.293,100,0.55,14.401,49,50.00,0.00,0,5.7,0.105
847,7274.506,AllocLarge,2B,0.406,12.5,0.000,0.00,15.511,11.511,2,7.785,0.009,0,74.60,0.000,0,24.07,0.293,100,0.55,11.201,56,35.72,0.00,0,5.5,0.126
848,7285.140,AllocLarge,2B,0.748,16.7,0.000,0.00,14.711,14.711,2,7.785,0.009,0,88.19,0.000,0,24.07,0.293,100,0.55,14.401,49,50.00,0.00,0,7.1,0.184
849,7292.414,AllocLarge,2B,0.484,12.5,0.000,0.00,15.511,11.511,2,7.785,0.009,0,82.85,0.000,0,24.07,0.293,100,0.55,11.201,56,35.72,0.00,0,6.4,0.157
850,7304.548,AllocLarge,2B,0.574,7.7,0.000,0.00,14.711,14.711,2,7.785,0.009,0,82.85,0.000,0,24.07,0.293,100,0.55,14.401,49,50.00,0.00,0,5.0,0.088
851,7311.156,AllocLarge,2B,0.437,12.5,0.000,0.00,15.511,11.511,2,7.785,0.009,0,82.85,0.000,0,24.07,0.293,100,0.55,11.201,56,35.72,0.00,0,6.3,0.112
852,7320.259,AllocLarge,2B,0.498,0.0,0.000,0.00,14.711,14.711,2,7.785,0.009,0,82.85,0.000,0,24.07,0.293,100,0.55,14.401,49,50.00,0.00,0,5.6,0.103
853,7327.742,AllocLarge,2B,0.631,11.1,0.000,0.00,15.511,11.511,2,7.785,0.009,0,74.60,0.000,0,24.07,0.293,100,0.55,11.201,56,35.72,0.00,0,8.1,0.124
854,7336.281,AllocLarge,2B,0.676,12.5,0.107,12.85,14.711,14.711,2,7.785,0.009,0,88.19,0.000,0,24.07,0.293,100,0.55,14.401,49,50.00,0.00,0,8.1,0.205
855,7343.214,AllocLarge,2B,0.552,14.3,0.000,0.00,15.511,11.511,2,7.785,0.009,0,74.60,0.000,0,24.07,0.293,100,0.55,11.201,56,35.72,0.00,0,7.8,0.221
856,7353.701,AllocLarge,2B,0.512,9.1,0.000,0.00,14.711,14.711,2,7.785,0.009,0,88.19,0.000,0,24.07,0.293,100,0.55,14.401,49,50.00,0.00,0,5.0,0.139
857,7360.391,AllocLarge,2B,0.378,12.5,0.000,0.00,15.511,11.511,2,7.785,0.009,0,74.60,0.000,0,24.07,0.293,100,0.55,11.201,56,35.72,0.00,0,5.3,0.095
858,7371.321,AllocLarge,2B,0.922,8.3,0.000,0.00,14.711,14.711,2,7.785,0.009,0,88.19,0.000,0,24.07,0.293,100,0.55,14.401,49,50.00,0.00,0,8.3,0.181
859,7380.183,AllocLarge,2B,0.392,0.0,0.000,0.00,15.511,11.511,2,7.785,0.009,0,82.85,0.000,0,24.07,0.293,100,0.55,11.201,56,35.72,0.00,0,4.7,0.109
860,7389.072,AllocLarge,2B,0.619,11.1,0.000,0.00,14.711,14.711,2,7.785,0.009,0,82.85,0.000,0,24.07,0.293,100,0.55,14.401,49,50.00,0.00,0,7.0,0.132
861,7395.888,AllocLarge,2B,0.537,14.3,0.000,0.00,15.511,11.511,2,7.785,0.009,0,74.60,0.000,0,24.07,0.293,100,0.55,11.201,56,35.72,0.00,0,7.5,0.122
862,7404.250,AllocLarge,2B,0.326,0.0,0.000,0.00,14.711,14.711,2,7.785,0.009,0,88.19,0.000,0,24.07,0.293,100,0.55,14.401,49,50.00,0.00,0,4.2,0.095
863,7410.480,AllocLarge,2B,0.455,12.5,0.000,0.00,15.511,11.511,2,7.785,0.009,0,82.85,0.000,0,24.07,0.293,100,0.55,11.201,56,35.72,0.00,0,6.3,0.121
864,7421.336,AllocLarge,2B,0.355,0.0,0.000,0.00,14.711,14.711,2,7.785,0.009,0,82.85,0.000,0,24.07,0.293,100,0.55,14.401,49,50.00,0.00,0,3.6,0.116
865,7428.509,AllocLarge,2B,0.453,12.5,0.000,0.00,15.511,11.511,2,7.785,0.009,0,82.85,0.000,0,24.07,0.293,100,0.55,11.201,56,35.72,0.00,0,5.9,0.133
866,7438.564,AllocLarge,2B,0.435,10.0,0.000,0.00,14.711,14.711,2,7.785,0.009,0,82.85,0.000,0,24.07,0.293,100,0.55,14.401,49,50.00,0.00,0,4.4,0.115
867,7445.740,AllocLarge,2B,0.651,11.1,0.000,0.00,15.511,11.511,2,7.785,0.009,0,82.85,0.000,0,24.07,0.293,100,0.55,11.201,56,35.72,0.00,0,8.6,0.314
868,7455.735,AllocLarge,2B,0.707,11.1,0.000,0.00,14.711,14.711,2,7.785,0.009,0,88.19,0.000,0,24.07,0.293,100,0.55,14.401,49,50.00,0.00,0,7.2,0.238
869,7462.561,AllocLarge,2B,0.689,28.6,0.000,0.00,15.511,11.511,2,7.785,0.009,0,74.60,0.000,0,24.07,0.293,100,0.55,11.201,56,35.72,0.00,0,10.0,0.098
870,7472.554,AllocLarge,2B,0.499,10.0,0.000,0.00,14.711,14.711,2,7.785,0.009,0,82.85,0.000,0,24.07,0.293,100,0.55,14.401,49,50.00,0.00,0,5.1,0.120
871,7480.153,AllocLarge,2B,0.367,11.1,0.000,0.00,15.511,11.511,2,7.785,0.009,0,74.60,0.000,0,24.07,0.293,100,0.55,11.201,56,35.72,0.00,0,4.8,0.114
872,7488.388,AllocLarge,2B,0.523,30.0,0.000,0.00,14.711,14.711,2,7.785,0.009,0,82.85,0.000,0,24.07,0.293,100,0.55,14.401,49,50.00,0.00,0,6.5,0.121
873,7495.674,AllocLarge,2B,0.649,12.5,0.000,0.00,15.511,11.511,2,7.785,0.009,0,82.85,0.000,0,24.07,0.293,100,0.55,11.201,56,35.72,0.00,0,8.3,0.096
874,7504.429,AllocLarge,2B,0.550,0.0,0.000,0.00,14.711,14.711,2,7.785,0.009,0,88.19,0.000,0,24.07,0.293,100,0.55,14.401,49,50.00,0.00,0,6.7,0.154
875,7511.249,AllocLarge,2B,0.672,16.7,0.000,0.00,15.511,11.511,2,7.785,0.009,0,74.60,0.000,0,24.07,0.293,100,0.55,11.201,56,35.72,0.00,0,9.1,0.143
876,7520.460,AllocLarge,2B,0.448,10.0,0.000,0.00,14.711,14.711,2,7.785,0.009,0,82.85,0.000,0,24.07,0.293,100,0.55,14.401,49,50.00,0.00,0,5.0,0.117
877,7528.459,AllocLarge,2B,0.520,30.0,0.000,0.00,15.511,11.511,2,7.785,0.009,0,82.85,0.000,0,24.07,0.293,100,0.55,11.201,56,35.72,0.00,0,6.1,0.116
878,7538.734,AllocLarge,2B,0.383,11.1,0.107,11.50,14.711,14.711,2,7.785,0.009,0,82.85,0.000,0,24.07,0.293,100,0.55,14.401,49,50.00,0.00,0,4.1,0.116
879,7545.549,AllocLarge,2B,0.642,22.2,0.000,0.00,15.511,11.511,2,7.785,0.009,0,82.85,0.000,0,24.07,0.293,100,0.55,11.201,56,35.72,0.00,0,8.2,0.149
880,7555.984,AllocLarge,2B,0.668,0.0,0.000,0.00,14.711,14.711,2,7.785,0.009,0,88.19,0.000,0,24.07,0.293,100,0.55,14.401,49,50.00,0.00,0,6.9,0.132
881,7562.829,AllocLarge,2B,0.512,12.5,0.000,0.00,15.511,11.511,2,7.785,0.009,0,82.85,0.000,0,24.07,0.293,100,0.55,11.201,56,35.72,0.00,0,7.3,0.088
882,7571.694,AllocLarge,2B,0.578,0.0,0.000,0.00,14.711,14.711,2,7.785,0.009,0,82.85,0.000,0,24.07,0.293,100,0.55,14.401,49,50.00,0.00,0,6.7,0.164
883,7577.990,AllocLarge,2B,0.481,33.3,0.000,0.00,15.511,11.511,2,7.785,0.009,0,82.85,0.000,0,24.07,0.293,100,0.55,11.201,56,35.72,0.00,0,7.3,0.127
884,7588.022,AllocLarge,2B,0.401,0.0,0.000,0.00,14.711,14.711,2,7.785,0.009,0,82.85,0.000,0,24.07,0.293,100,0.55,14.401,49,50.00,0.00,0,4.1,0.093
885,7595.123,AllocLarge,2B,0.471,14.3,0.000,0.00,15.511,11.511,2,7.785,0.009,0,74.60,0.000,0,24.07,0.293,100,0.55,11.201,56,35.72,0.00,0,6.1,0.176
886,7604.480,AllocLarge,2B,0.534,16.7,0.000,0.00,14.711,14.711,2,7.785,0.009,0,82.85,0.000,0,24.07,0.293,100,0.55,14.401,49,50.00,0.00,0,5.9,0.160
887,7612.127,AllocLarge,2B,0.604,20.0,0.000,0.00,15.511,11.511,2,7.785,0.009,0,82.85,0.000,0,24.07,0.293,100,0.55,11.201,56,35.72,0.00,0,7.8,0.120
888,7620.836,AllocLarge,2B,0.522,11.1,0.000,0.00,14.711,14.711,2,7.785,0.009,0,88.19,0.000,0,24.07,0.293,100,0.55,14.401,49,50.00,0.00,0,6.2,0.134
889,7628.234,AllocLarge,2B,0.366,14.3,0.000,0.00,15.511,11.511,2,7.785,0.009,0,74.60,0.000,0,24.07,0.293,100,0.55,11.201,56,35.72,0.00,0,5.1,0.108
890,7636.710,AllocLarge,2B,0.757,10.0,0.000,0.00,14.711,14.711,2,7.785,0.009,0,88.19,0.000,0,24.07,0.293,100,0.55,14.401,49,50.00,0.00,0,8.6,0.226
891,7644.256,AllocLarge,2B,0.483,11.1,0.000,0.00,15.511,11.511,2,7.785,0.009,0,82.85,0.000,0,24.07,0.293,100,0.55,11.201,56,35.72,0.00,0,6.3,0.124
892,7653.251,AllocLarge,2B,0.437,12.5,0.000,0.00,14.711,14.711,2,7.785,0.009,0,82.85,0.000,0,24.07,0.293,100,0.55,14.401,49,50.00,0.00,0,5.1,0.109
893,7659.542,AllocLarge,2B,0.465,16.7,0.000,0.00,15.511,11.511,2,7.785,0.009,0,82.85,0.000,0,24.07,0.293,100,0.55,11.201,56,35.72,0.00,0,7.1,0.131
894,7668.308,AllocLarge,2B,0.424,0.0,0.000,0.00,14.711,14.711,2,7.785,0.009,0,82.85,0.000,0,24.07,0.293,100,0.55,14.401,49,50.00,0.00,0,5.1,0.110
895,7674.750,AllocLarge,2B,0.516,14.3,0.000,0.00,15.511,11.511,2,7.785,0.009,0,82.85,0.000,0,24.07,0.293,100,0.55,11.201,56,35.72,0.00,0,7.5,0.163
896,7684.743,AllocLarge,2B,0.471,9.1,0.000,0.00,14.711,14.711,2,7.785,0.009,0,82.85,0.000,0,24.07,0.293,100,0.55,14.401,49,50.00,0.00,0,4.8,0.113
897,7692.708,AllocLarge,2B,0.556,9.1,0.000,0.00,15.511,11.511,2,7.785,0.009,0,82.85,0.000,0,24.07,0.293,100,0.55,11.201,56,35.72,0.00,0,6.6,0.157
898,7701.559,AllocLarge,2B,0.451,11.1,0.000,0.00,14.711,14.711,2,7.785,0.009,0,88.19,0.000,0,24.07,0.293,100,0.55,14.401,49,50.00,0.00,0,5.4,0.127
899,7708.734,AllocLarge,2B,0.697,11.1,0.000,0.00,15.511,11.511,2,7.785,0.009,0,74.60,0.000,0,24.07,0.293,100,0.55,11.201,56,35.72,0.00,0,9.0,0.139
900,7719.055,AllocLarge,2B,0.463,9.1,0.000,0.00,14.711,14.711,2,7.785,0.009,0,82.85,0.000,0,24.07,0.293,100,0.55,14.401,49,50.00,0.00,0,4.8,0.087
901,7726.224,AllocLarge,2B,0.432,14.3,0.000,0.00,15.511,11.511,2,7.785,0.009,0,82.85,0.000,0,24.07,0.293,100,0.55,11.201,56,35.72,0.00,0,5.5,0.134
902,7734.521,AllocLarge,2B,0.427,0.0,0.107,13.55,14.711,14.711,2,7.785,0.009,0,88.19,0.000,0,24.07,0.293,100,0.55,14.401,49,50.00,0.00,0,5.4,0.131
903,7742.635,AllocLarge,2B,0.403,0.0,0.000,0.00,15.511,11.511,2,7.785,0.009,0,82.85,0.000,0,24.07,0.293,100,0.55,11.201,56,35.72,0.00,0,5.0,0.108
904,7750.895,AllocLarge,2B,0.384,0.0,0.000,0.00,14.711,14.711,2,7.785,0.009,0,82.85,0.000,0,24.07,0.293,100,0.55,14.401,49,50.00,0.00,0,4.8,0.110
905,7757.129,AllocLarge,2B,0.827,16.7,0.000,0.00,15.511,11.511,2,7.785,0.009,0,74.60,0.000,0,24.07,0.293,100,0.55,11.201,56,35.72,0.00,0,11.8,0.143
906,7767.246,AllocLarge,2B,0.525,9.1,0.000,0.00,14.711,14.711,2,7.785,0.009,0,82.85,0.000,0,24.07,0.293,100,0.55,14.401,49,50.00,0.00,0,5.5,0.135
907,7774.134,AllocLarge,2B,0.460,12.5,0.000,0.00,15.511,11.511,2,7.785,0.009,0,82.85,0.000,0,24.07,0.293,100,0.55,11.201,56,35.72,0.00,0,6.3,0.132
908,7783.637,AllocLarge,2B,0.693,11.1,0.000,0.00,14.711,14.711,2,7.785,0.009,0,82.85,0.000,0,24.07,0.293,100,0.55,14.401,49,50.00,0.00,0,7.4,0.119
909,7791.884,AllocLarge,2B,0.708,10.0,0.000,0.00,15.511,11.511,2,7.785,0.009,0,74.60,0.000,0,24.07,0.293,100,0.55,11.201,56,35.72,0.00,0,8.4,0.169
910,7801.003,AllocLarge,2B,0.668,0.0,0.000,0.00,14.711,14.711,2,7.785,0.009,0,88.19,0.000,0,24.07,0.293,100,0.55,14.401,49,50.00,0.00,0,7.7,0.121
911,7809.040,AllocLarge,2B,0.509,11.1,0.000,0.00,15.511,11.511,2,7.785,0.009,0,82.85,0.000,0,24.07,0.293,100,0.55,11.201,56,35.72,0.00,0,6.2,0.120
912,7817.485,AllocLarge,2B,0.384,11.1,0.000,0.00,14.711,14.711,2,7.785,0.009,0,88.19,0.000,0,24.07,0.293,100,0.55,14.401,49,50.00,0.00,0,4.7,0.107
913,7825.032,AllocLarge,2B,0.448,12.5,0.000,0.00,15.511,11.511,2,7.785,0.009,0,74.60,0.000,0,24.07,0.293,100,0.55,11.201,56,35.72,0.00,0,5.7,0.151
914,7832.747,AllocLarge,2B,0.382,0.0,0.000,0.00,14.711,14.711,2,7.785,0.009,0,82.85,0.000,0,24.07,0.293,100,0.55,14.401,49,50.00,0.00,0,5.1,0.107
915,7840.509,AllocLarge,2B,0.576,20.0,0.000,0.00,15.511,11.511,2,7.785,0.009,0,74.60,0.000,0,24.07,0.293,100,0.55,11.201,56,35.72,0.00,0,7.1,0.158
916,7850.176,AllocLarge,2B,0.566,10.0,0.000,0.00,14.711,14.711,2,7.785,0.009,0,88.19,0.000,0,24.07,0.293,100,0.55,14.401,49,50.00,0.00,0,6.0,0.185
917,7856.723,AllocLarge,2B,0.505,22.2,0.000,0.00,15.511,11.511,2,7.785,0.009,0,82.85,0.000,0,24.07,0.293,100,0.55,11.201,56,35.72,0.00,0,7.5,0.130
918,7866.031,AllocLarge,2B,0.500,10.0,0.000,0.00,14.711,14.711,2,7.785,0.009,0,88.19,0.000,0,24.07,0.293,100,0.55,14.401,49,50.00,0.00,0,5.6,0.100
919,7872.585,AllocLarge,2B,0.455,11.1,0.000,0.00,15.511,11.511,2,7.785,0.009,0,82.85,0.000,0,24.07,0.293,100,0.55,11.201,56,35.72,0.00,0,6.8,0.131
920,7881.868,AllocLarge,2B,0.327,0.0,0.000,0.00,14.711,14.711,2,7.785,0.009,0,88.19,0.000,0,24.07,0.293,100,0.55,14.401,49,50.00,0.00,0,3.7,0.086
921,7889.404,AllocLarge,2B,0.584,12.5,0.000,0.00,15.511,11.511,2,7.785,0.009,0,82.85,0.000,0,24.07,0.293,100,0.55,11.201,56,35.72,0.00,0,6.9,0.122
922,7899.520,AllocLarge,2B,0.695,10.0,0.000,0.00,14.711,14.711,2,7.785,0.009,0,88.19,0.000,0,24.07,0.293,100,0.55,14.401,49,50.00,0.00,0,7.1,0.231
923,7906.968,AllocLarge,2B,0.508,12.5,0.000,0.00,15.511,11.511,2,7.785,0.009,0,82.85,0.000,0,24.07,0.293,100,0.55,11.201,56,35.72,0.00,0,6.8,0.145
924,7915.462,AllocLarge,2B,0.497,10.0,0.000,0.00,14.711,14.711,2,7.785,0.009,0,82.85,0.000,0,24.07,0.293,100,0.55,14.401,49,50.00,0.00,0,6.1,0.088
925,7922.411,AllocLarge,2B,0.546,12.5,0.000,0.00,15.511,11.511,2,7.785,0.009,0,82.85,0.000,0,24.07,0.293,100,0.55,11.201,56,35.72,0.00,0,7.2,0.137
926,7932.446,AllocLarge,2B,0.600,10.0,0.107,10.98,14.711,14.711,2,7.785,0.009,0,88.19,0.000,0,24.07,0.293,100,0.55,14.401,49,50.00,0.00,0,6.2,0.135
927,7940.152,AllocLarge,2B,0.435,12.5,0.000,0.00,15.511,11.511,2,7.785,0.009,0,82.85,0.000,0,24.07,0.293,100,0.55,11.201,56,35.72,0.00,0,5.6,0.117
928,7949.032,AllocLarge,2B,0.427,10.0,0.000,0.00,14.711,14.711,2,7.785,0.009,0,82.85,0.000,0,24.07,0.293,100,0.55,14.401,49,50.00,0.00,0,4.9,0.116
929,7956.356,AllocLarge,2B,0.440,20.0,0.000,0.00,15.511,11.511,2,7.785,0.009,0,82.85,0.000,0,24.07,0.293,100,0.55,11.201,56,35.72,0.00,0,6.0,0.110
930,7967.062,AllocLarge,2B,0.783,7.7,0.000,0.00,14.711,14.711,2,7.785,0.009,0,88.19,0.000,0,24.07,0.293,100,0.55,14.401,49,50.00,0.00,0,7.2,0.111
931,7974.193,AllocLarge,2B,0.423,12.5,0.000,0.00,15.511,11.511,2,7.785,0.009,0,82.85,0.000,0,24.07,0.293,100,0.55,11.201,56,35.72,0.00,0,6.2,0.095
932,7984.101,AllocLarge,2B,0.521,0.0,0.000,0.00,14.711,14.711,2,7.785,0.009,0,88.19,0.000,0,24.07,0.293,100,0.55,14.401,49,50.00,0.00,0,5.3,0.102
933,7991.610,AllocLarge,2B,0.493,10.0,0.000,0.00,15.511,11.511,2,7.785,0.009,0,82.85,0.000,0,24.07,0.293,100,0.55,11.201,56,35.72,0.00,0,5.8,0.147
934,8000.832,AllocLarge,2B,0.289,12.5,0.000,0.00,14.711,14.711,2,7.785,0.009,0,82.85,0.000,0,24.07,0.293,100,0.55,14.401,49,50.00,0.00,0,3.6,0.085
935,8007.062,AllocLarge,2B,0.404,11.1,0.000,0.00,15.511,11.511,2,7.785,0.009,0,82.85,0.000,0,24.07,0.293,100,0.55,11.201,56,35.72,0.00,0,5.8,0.133
936,8016.343,AllocLarge,2B,0.659,10.0,0.000,0.00,14.711,14.711,2,7.785,0.009,0,82.85,0.000,0,24.07,0.293,100,0.55,14.401,49,50.00,0.00,0,7.5,0.150
937,8024.707,AllocLarge,2B,0.454,9.1,0.000,0.00,15.511,11.511,2,7.785,0.009,0,82.85,0.000,0,24.07,0.293,100,0.55,11.201,56,35.72,0.00,0,5.2,0.136
938,8033.739,AllocLarge,2B,0.719,11.1,0.000,0.00,14.711,14.711,2,7.785,0.009,0,82.85,0.000,0,24.07,0.293,100,0.55,14.401,49,50.00,0.00,0,8.0,0.180
939,8041.529,AllocLarge,2B,0.357,10.0,0.000,0.00,15.511,11.511,2,7.785,0.009,0,82.85,0.000,0,24.07,0.293,100,0.55,11.201,56,35.72,0.00,0,4.5,0.092
940,8051.579,AllocLarge,2B,0.333,0.0,0.000,0.00,14.711,14.711,2,7.785,0.009,0,82.85,0.000,0,24.07,0.293,100,0.55,14.401,49,50.00,0.00,0,3.6,0.089
941,8058.246,AllocLarge,2B,0.648,22.2,0.000,0.00,15.511,11.511,2,7.785,0.009,0,82.85,0.000,0,24.07,0.293,100,0.55,11.201,56,35.72,0.00,0,8.7,0.152
942,8068.840,AllocLarge,2B,0.504,0.0,0.000,0.00,14.711,14.711,2,7.785,0.009,0,88.19,0.000,0,24.07,0.293,100,0.55,14.401,49,50.00,0.00,0,5.0,0.130
943,8075.847,AllocLarge,2B,0.393,12.5,0.000,0.00,15.511,11.511,2,7.785,0.009,0,82.85,0.000,0,24.07,0.293,100,0.55,11.201,56,35.72,0.00,0,5.5,0.113
944,8084.797,AllocLarge,2B,0.379,0.0,0.000,0.00,14.711,14.711,2,7.785,0.009,0,82.85,0.000,0,24.07,0.293,100,0.55,14.401,49,50.00,0.00,0,4.4,0.131
945,8091.020,AllocLarge,2B,0.469,22.2,0.000,0.00,15.511,11.511,2,7.785,0.009,0,82.85,0.000,0,24.07,0.293,100,0.55,11.201,56,35.72,0.00,0,6.9,0.136
946,8100.869,AllocLarge,2B,0.475,0.0,0.000,0.00,14.711,14.711,2,7.785,0.009,0,82.85,0.000,0,24.07,0.293,100,0.55,14.401,49,50.00,0.00,0,5.1,0.145
947,8108.380,AllocLarge,2B,0.673,12.5,0.000,0.00,15.511,11.511,2,7.785,0.009,0,82.85,0.000,0,24.07,0.293,100,0.55,11.201,56,35.72,0.00,0,8.3,0.209
948,8116.922,AllocLarge,2B,0.564,11.1,0.000,0.00,14.711,14.711,2,7.785,0.009,0,88.19,0.000,0,24.07,0.293,100,0.55,14.401,49,50.00,0.00,0,6.9,0.175
949,8124.956,AllocLarge,2B,0.559,10.0,0.000,0.00,15.511,11.511,2,7.785,0.009,0,74.60,0.000,0,24.07,0.293,100,0.55,11.201,56,35.72,0.00,0,6.5,0.181
950,8134.687,AllocLarge,2B,0.773,11.1,0.107,11.54,14.711,14.711,2,7.785,0.009,0,88.19,0.000,0,24.07,0.293,100,0.55,14.401,49,50.00,0.00,0,8.3,0.152
951,8142.458,AllocLarge,2B,0.386,12.5,0.000,0.00,15.511,11.511,2,7.785,0.009,0,82.85,0.000,0,24.07,0.293,100,0.55,11.201,56,35.72,0.00,0,5.0,0.116
952,8151.320,AllocLarge,2B,1.212,20.0,0.000,0.00,14.711,14.711,2,7.785,0.009,0,88.19,0.000,0,24.07,0.293,100,0.55,14.401,49,50.00,0.00,0,13.0,0.869
953,8159.316,AllocLarge,2B,0.326,0.0,0.000,0.00,15.511,11.511,2,7.785,0.009,0,74.60,0.000,0,24.07,0.293,100,0.55,11.201,56,35.72,0.00,0,4.4,0.087
954,8167.060,AllocLarge,2B,0.651,11.1,0.000,0.00,14.711,14.711,2,7.785,0.009,0,88.19,0.000,0,24.07,0.293,100,0.55,14.401,49,50.00,0.00,0,8.3,0.144
955,8173.713,AllocLarge,2B,0.440,14.3,0.000,0.00,15.511,11.511,2,7.785,0.009,0,82.85,0.000,0,24.07,0.293,100,0.55,11.201,56,35.72,0.00,0,6.5,0.177
956,8182.474,AllocLarge,2B,0.529,11.1,0.000,0.00,14.711,14.711,2,7.785,0.009,0,88.19,0.000,0,24.07,0.293,100,0.55,14.401,49,50.00,0.00,0,6.1,0.152
957,8190.144,AllocLarge,2B,0.704,22.2,0.000,0.00,15.511,11.511,2,7.785,0.009,0,82.85,0.000,0,24.07,0.293,100,0.55,11.201,56,35.72,0.00,0,8.6,0.093
958,8198.579,AllocLarge,2B,0.405,11.1,0.000,0.00,14.711,14.711,2,7.785,0.009,0,82.85,0.000,0,24.07,0.293,100,0.55,14.401,49,50.00,0.00,0,5.3,0.089
959,8203.733,AllocLarge,2B,0.320,16.7,0.000,0.00,15.511,11.511,2,7.785,0.009,0,82.85,0.000,0,24.07,0.293,100,0.55,11.201,56,35.72,0.00,0,6.1,0.103
960,8210.001,AllocLarge,2B,0.280,0.0,0.000,0.00,14.711,14.711,2,7.785,0.009,0,82.85,0.000,0,24.07,0.293,100,0.55,14.401,49,50.00,0.00,0,4.8,0.094
961,8214.369,AllocLarge,2B,0.304,0.0,0.000,0.00,15.511,11.511,2,7.785,0.009,0,82.85,0.000,0,24.07,0.293,100,0.55,11.201,56,35.72,0.00,0,6.4,0.079
962,8220.038,AllocLarge,2B,0.263,0.0,0.000,0.00,14.711,14.711,2,7.785,0.009,0,82.85,0.000,0,24.07,0.293,100,0.55,14.401,49,50.00,0.00,0,5.0,0.077
963,8224.378,AllocLarge,2B,0.289,0.0,0.000,0.00,15.511,11.511,2,7.785,0.009,0,82.85,0.000,0,24.07,0.293,100,0.55,11.201,56,35.72,0.00,0,6.2,0.081
964,8230.416,AllocLarge,2B,0.270,0.0,0.000,0.00,14.711,14.711,2,7.785,0.009,0,82.85,0.000,0,24.07,0.293,100,0.55,14.401,49,50.00,0.00,0,4.7,0.079
965,8234.809,AllocLarge,2B,0.308,20.0,0.000,0.00,15.511,11.511,2,7.785,0.009,0,74.60,0.000,0,24.07,0.293,100,0.55,11.201,56,35.72,0.00,0,6.4,0.085
966,8240.794,AllocLarge,2B,0.273,0.0,0.000,0.00,14.711,14.711,2,7.785,0.009,0,88.19,0.000,0,24.07,0.293,100,0.55,14.401,49,50.00,0.00,0,4.9,0.092
967,8245.516,AllocLarge,2B,0.285,0.0,0.000,0.00,15.511,11.511,2,7.785,0.009,0,82.85,0.000,0,24.07,0.293,100,0.55,11.201,56,35.72,0.00,0,5.7,0.090
968,8252.218,AllocLarge,2B,0.352,16.7,0.000,0.00,14.711,14.711,2,7.785,0.009,0,88.19,0.000,0,24.07,0.293,100,0.55,14.401,49,50.00,0.00,0,5.4,0.119
969,8256.925,AllocLarge,2B,0.301,33.3,0.000,0.00,15.511,11.511,2,7.785,0.009,0,74.60,0.000,0,24.07,0.293,100,0.55,11.201,56,35.72,0.00,0,6.0,0.070
970,8262.771,AllocLarge,2B,0.291,16.7,0.000,0.00,15.511,14.711,2,7.785,0.009,0,88.19,0.000,0,24.07,0.293,100,0.55,14.401,47,50.00,0.00,0,5.4,0.083
971,8267.023,AllocLarge,2B,0.208,16.7,0.000,0.00,15.511,11.511,2,7.785,0.009,0,74.60,0.000,0,24.07,0.293,100,0.55,11.201,56,35.72,0.00,0,4.6,0.064
972,8272.838,AllocLarge,2B,0.269,0.0,0.000,0.00,15.511,14.711,2,7.785,0.009,0,82.85,0.000,0,24.07,0.293,100,0.55,14.401,47,50.00,0.00,0,4.9,0.100
973,8277.107,AllocLarge,2B,0.200,16.7,0.000,0.00,15.511,11.511,2,7.785,0.009,0,74.60,0.000,0,24.07,0.293,100,0.55,11.201,56,35.72,0.00,0,4.4,0.047
974,8282.676,AllocLarge,2B,0.222,0.0,0.107,20.63,15.511,14.711,2,7.785,0.009,0,82.85,0.000,0,24.07,0.293,100,0.55,14.401,47,50.00,0.00,0,4.3,0.077
975,8286.897,AllocLarge,2B,0.222,0.0,0.000,0.00,15.511,11.511,2,7.785,0.009,0,74.60,0.000,0,24.07,0.293,100,0.55,11.201,56,35.72,0.00,0,4.8,0.067
976,8292.524,AllocLarge,2B,0.217,0.0,0.000,0.00,15.511,14.711,2,7.785,0.009,0,82.85,0.000,0,24.07,0.293,100,0.55,14.401,47,50.00,0.00,0,4.2,0.075
977,8296.711,AllocLarge,2B,0.230,16.7,0.000,0.00,15.511,11.511,2,7.785,0.009,0,74.60,0.000,0,24.07,0.293,100,0.55,11.201,56,35.72,0.00,0,5.0,0.071
978,8302.373,AllocLarge,2B,0.282,14.3,0.000,0.00,15.511,14.711,2,7.785,0.009,0,82.85,0.000,0,24.07,0.293,100,0.55,14.401,47,50.00,0.00,0,5.2,0.079
979,8306.654,AllocLarge,2B,0.238,20.0,0.000,0.00,15.511,11.511,2,7.785,0.009,0,74.60,0.000,0,24.07,0.293,100,0.55,11.201,56,35.72,0.00,0,5.2,0.086
980,8312.451,AllocLarge,2B,0.257,0.0,0.000,0.00,15.511,14.711,2,7.785,0.009,0,82.85,0.000,0,24.07,0.293,100,0.55,14.401,47,50.00,0.00,0,4.8,0.081
981,8316.680,AllocLarge,2B,0.220,0.0,0.000,0.00,15.511,11.511,2,7.785,0.009,0,74.60,0.000,0,24.07,0.293,100,0.55,11.201,56,35.72,0.00,0,4.8,0.079
982,8322.308,AllocLarge,2B,0.254,0.0,0.000,0.00,14.711,14.711,2,7.785,0.009,0,82.85,0.000,0,24.07,0.293,100,0.55,14.401,49,50.00,0.00,0,4.8,0.090
983,8327.093,AllocLarge,2B,0.239,20.0,0.000,0.00,15.511,11.511,2,7.785,0.009,0,74.60,0.000,0,24.07,0.293,100,0.55,11.201,56,35.72,0.00,0,4.6,0.070
984,8333.248,AllocLarge,2B,0.334,14.3,0.000,0.00,15.511,14.711,2,7.785,0.009,0,82.85,0.000,0,24.07,0.293,100,0.55,14.401,47,50.00,0.00,0,5.7,0.094
985,8338.752,AllocLarge,2B,0.506,25.0,0.000,0.00,15.511,11.511,2,7.785,0.009,0,74.60,0.000,0,24.07,0.293,100,0.55,11.201,56,35.72,0.00,0,8.1,0.115
986,8346.178,AllocLarge,2B,0.359,0.0,0.000,0.00,15.511,14.711,2,7.785,0.009,0,82.85,0.000,0,24.07,0.293,100,0.55,14.401,47,50.00,0.00,0,5.4,0.109
987,8351.500,AllocLarge,2B,0.373,16.7,0.000,0.00,15.511,11.511,2,7.785,0.009,0,74.60,0.000,0,24.07,0.293,100,0.55,11.201,56,35.72,0.00,0,6.4,0.086
988,8359.828,AllocLarge,2B,0.475,0.0,0.000,0.00,15.511,14.711,2,7.785,0.009,0,88.19,0.000,0,24.07,0.293,100,0.55,14.401,47,50.00,0.00,0,5.9,0.129
989,8365.675,AllocLarge,2B,0.424,25.0,0.000,0.00,15.511,11.511,2,7.785,0.009,0,74.60,0.000,0,24.07,0.293,100,0.55,11.201,56,35.72,0.00,0,6.9,0.091
990,8373.625,AllocLarge,2B,0.494,14.3,0.000,0.00,15.511,14.711,2,7.785,0.009,0,82.85,0.000,0,24.07,0.293,100,0.55,14.401,47,50.00,0.00,0,6.5,0.121
991,8379.549,AllocLarge,2B,0.260,33.3,0.000,0.00,15.511,11.511,2,7.785,0.009,0,74.60,0.000,0,24.07,0.293,100,0.55,11.201,56,35.72,0.00,0,4.5,0.073
992,8385.108,AllocLarge,2B,0.239,0.0,0.000,0.00,14.711,14.711,2,7.785,0.009,0,82.85,0.000,0,24.07,0.293,100,0.55,14.401,49,50.00,0.00,0,4.6,0.079
993,8389.393,AllocLarge,2B,0.250,0.0,0.000,0.00,15.511,11.511,2,7.785,0.009,0,74.60,0.000,0,24.07,0.293,100,0.55,11.201,56,35.72,0.00,0,5.4,0.078
994,8394.771,AllocLarge,2B,0.238,16.7,0.000,0.00,14.711,14.711,2,7.785,0.009,0,82.85,0.000,0,24.07,0.293,100,0.55,14.401,49,50.00,0.00,0,4.7,0.073
995,8398.862,AllocLarge,2B,0.205,0.0,0.000,0.00,15.511,11.511,2,7.785,0.009,0,74.60,0.000,0,24.07,0.293,100,0.55,11.201,56,35.72,0.00,0,4.7,0.075
996,8404.483,AllocLarge,2B,0.246,0.0,0.000,0.00,14.711,14.711,2,7.785,0.009,0,82.85,0.000,0,24.07,0.293,100,0.55,14.401,49,50.00,0.00,0,4.5,0.078
997,8408.648,AllocLarge,2B,0.238,20.0,0.000,0.00,15.511,11.511,2,7.785,0.009,0,74.60,0.000,0,24.07,0.293,100,0.55,11.201,56,35.72,0.00,0,5.2,0.052
998,8414.092,AllocLarge,2B,0.202,0.0,0.107,21.40,15.511,14.711,2,7.785,0.009,0,82.85,0.000,0,24.07,0.293,100,0.55,14.401,47,50.00,0.00,0,4.1,0.073
999,8418.105,AllocLarge,2B,0.247,20.0,0.000,0.00,15.511,11.511,2,7.785,0.009,0,82.85,0.000,0,24.07,0.293,100,0.55,11.201,56,35.72,0.00,0,5.7,0.105
1000,8423.558,AllocLarge,2B,0.235,0.0,0.000,0.00,14.711,14.711,2,7.785,0.009,0,82.85,0.000,0,24.07,0.293,100,0.55,14.401,49,50.00,0.00,0,4.5,0.075
1001,8427.625,AllocLarge,2B,0.209,16.7,0.000,0.00,15.511,11.511,2,7.785,0.009,0,74.60,0.000,0,24.07,0.293,100,0.55,11.201,56,35.72,0.00,0,4.9,0.073
1002,8433.195,AllocLarge,2B,0.264,0.0,0.000,0.00,14.711,14.711,2,7.785,0.009,0,82.85,0.000,0,24.07,0.293,100,0.55,14.401,49,50.00,0.00,0,4.9,0.079
1003,8437.708,AllocLarge,2B,0.279,20.0,0.000,0.00,15.511,11.511,2,7.785,0.009,0,74.60,0.000,0,24.07,0.293,100,0.55,11.201,56,35.72,0.00,0,5.8,0.079
1004,8443.398,AllocLarge,2B,0.257,0.0,0.000,0.00,14.711,14.711,2,7.785,0.009,0,82.85,0.000,0,24.07,0.293,100,0.55,14.401,49,50.00,0.00,0,4.8,0.079
1005,8447.640,AllocLarge,2B,0.258,20.0,0.000,0.00,15.511,11.511,2,7.785,0.009,0,74.60,0.000,0,24.07,0.293,100,0.55,11.201,56,35.72,0.00,0,5.6,0.080
1006,8453.352,AllocLarge,2B,0.296,28.6,0.000,0.00,14.711,14.711,2,7.785,0.009,0,82.85,0.000,0,24.07,0.293,100,0.55,14.401,49,50.00,0.00,0,5.4,0.080
1007,8457.895,AllocLarge,2B,0.264,0.0,0.000,0.00,15.511,11.511,2,7.785,0.009,0,74.60,0.000,0,24.07,0.293,100,0.55,11.201,56,35.72,0.00,0,5.4,0.079
1008,8463.693,AllocLarge,2B,0.225,16.7,0.000,0.00,14.711,14.711,2,7.785,0.009,0,88.19,0.000,0,24.07,0.293,100,0.55,14.401,49,50.00,0.00,0,4.2,0.077
1009,8467.950,AllocLarge,2B,0.242,16.7,0.000,0.00,15.511,11.511,2,7.785,0.009,0,74.60,0.000,0,24.07,0.293,100,0.55,11.201,56,35.72,0.00,0,5.1,0.068
1010,8473.968,AllocLarge,2B,0.318,0.0,0.000,0.00,15.511,14.711,2,7.785,0.009,0,82.85,0.000,0,24.07,0.293,100,0.55,14.401,47,50.00,0.00,0,5.6,0.085
1011,8478.687,AllocLarge,2B,0.288,0.0,0.000,0.00,15.511,11.511,2,7.785,0.009,0,74.60,0.000,0,24.07,0.293,100,0.55,11.201,56,35.72,0.00,0,5.8,0.083
1012,8484.804,AllocLarge,2B,0.281,0.0,0.000,0.00,14.711,14.711,2,7.785,0.009,0,82.85,0.000,0,24.07,0.293,100,0.55,14.401,49,50.00,0.00,0,4.8,0.085
1013,8489.244,AllocLarge,2B,0.285,0.0,0.000,0.00,15.511,11.511,2,7.785,0.009,0,74.60,0.000,0,24.07,0.293,100,0.55,11.201,56,35.72,0.00,0,6.0,0.083
1014,8494.932,AllocLarge,2B,0.252,16.7,0.000,0.00,14.711,14.711,2,7.785,0.009,0,82.85,0.000,0,24.07,0.293,100,0.55,14.401,49,50.00,0.00,0,4.8,0.079
1015,8499.383,AllocLarge,2B,0.287,16.7,0.000,0.00,15.511,11.511,2,7.785,0.009,0,74.60,0.000,0,24.07,0.293,100,0.55,11.201,56,35.72,0.00,0,6.0,0.080
1016,8505.248,AllocLarge,2B,0.295,12.5,0.000,0.00,14.711,14.711,2,7.785,0.009,0,82.85,0.000,0,24.07,0.293,100,0.55,14.401,49,50.00,0.00,0,5.3,0.099
1017,8509.771,AllocLarge,2B,0.267,16.7,0.000,0.00,15.511,11.511,2,7.785,0.009,0,74.60,0.000,0,24.07,0.293,100,0.55,11.201,56,35.72,0.00,0,5.6,0.080
1018,8515.669,AllocLarge,2B,0.289,16.7,0.000,0.00,14.711,14.711,2,7.785,0.009,0,82.85,0.000,0,24.07,0.293,100,0.55,14.401,49,50.00,0.00,0,5.1,0.079
1019,8520.072,AllocLarge,2B,0.342,16.7,0.000,0.00,15.511,11.511,2,7.785,0.009,0,74.60,0.000,0,24.07,0.293,100,0.55,11.201,56,35.72,0.00,0,7.1,0.106
1020,8525.977,AllocLarge,2B,0.294,0.0,0.000,0.00,14.711,14.711,2,7.785,0.009,0,88.19,0.000,0,24.07,0.293,100,0.55,14.401,49,50.00,0.00,0,5.4,0.081
1021,8530.307,AllocLarge,2B,0.294,20.0,0.000,0.00,15.511,11.511,2,7.785,0.009,0,74.60,0.000,0,24.07,0.293,100,0.55,11.201,56,35.72,0.00,0,6.4,0.080
1022,8536.206,AllocLarge,2B,0.314,14.3,0.107,18.80,14.711,14.711,2,7.785,0.009,0,82.85,0.000,0,24.07,0.293,100,0.55,14.401,49,50.00,0.00,0,5.5,0.106
1023,8540.717,AllocLarge,2B,0.270,16.7,0.000,0.00,15.511,11.511,2,7.785,0.009,0,74.60,0.000,0,24.07,0.293,100,0.55,11.201,56,35.72,0.00,0,5.7,0.080
1024,8546.641,AllocLarge,2B,0.311,16.7,0.000,0.00,14.711,14.711,2,7.785,0.009,0,82.85,0.000,0,24.07,0.293,100,0.55,14.401,49,50.00,0.00,0,5.5,0.082
1025,8551.129,AllocLarge,2B,0.287,20.0,0.000,0.00,15.511,11.511,2,7.785,0.009,0,74.60,0.000,0,24.07,0.293,100,0.55,11.201,56,35.72,0.00,0,6.1,0.103
1026,8557.192,AllocLarge,2B,0.291,14.3,0.000,0.00,14.711,14.711,2,7.785,0.009,0,82.85,0.000,0,24.07,0.293,100,0.55,14.401,49,50.00,0.00,0,5.0,0.101
1027,8561.516,AllocLarge,2B,0.330,16.7,0.000,0.00,15.511,11.511,2,7.785,0.009,0,74.60,0.000,0,24.07,0.293,100,0.55,11.201,56,35.72,0.00,0,7.1,0.084
1028,8567.400,AllocLarge,2B,0.259,0.0,0.000,0.00,14.711,14.711,2,7.785,0.009,0,82.85,0.000,0,24.07,0.293,100,0.55,14.401,49,50.00,0.00,0,4.7,0.078
1029,8571.879,AllocLarge,2B,0.284,16.7,0.000,0.00,15.511,11.511,2,7.785,0.009,0,74.60,0.000,0,24.07,0.293,100,0.55,11.201,56,35.72,0.00,0,5.9,0.097
1030,8577.410,AllocLarge,2B,0.251,0.0,0.000,0.00,14.711,14.711,2,7.785,0.009,0,82.85,0.000,0,24.07,0.293,100,0.55,14.401,49,50.00,0.00,0,4.8,0.079
1031,8581.785,AllocLarge,2B,0.299,20.0,0.000,0.00,15.511,11.511,2,7.785,0.009,0,74.60,0.000,0,24.07,0.293,100,0.55,11.201,56,35.72,0.00,0,6.4,0.078
1032,8587.721,AllocLarge,2B,0.267,0.0,0.000,0.00,14.711,14.711,2,7.785,0.009,0,82.85,0.000,0,24.07,0.293,100,0.55,14.401,49,50.00,0.00,0,4.7,0.080
1033,8592.081,AllocLarge,2B,0.257,0.0,0.000,0.00,15.511,11.511,2,7.785,0.009,0,82.85,0.000,0,24.07,0.293,100,0.55,11.201,56,35.72,0.00,0,5.6,0.078
1034,8597.833,AllocLarge,2B,0.260,0.0,0.000,0.00,14.711,14.711,2,7.785,0.009,0,82.85,0.000,0,24.07,0.293,100,0.55,14.401,49,50.00,0.00,0,4.7,0.079
1035,8602.109,AllocLarge,2B,0.289,14.3,0.000,0.00,15.511,11.511,2,7.785,0.009,0,74.60,0.000,0,24.07,0.293,100,0.55,11.201,56,35.72,0.00,0,6.2,0.102
1036,8608.033,AllocLarge,2B,0.260,14.3,0.000,0.00,14.711,14.711,2,7.785,0.009,0,82.85,0.000,0,24.07,0.293,100,0.55,14.401,49,50.00,0.00,0,4.6,0.079
1037,8612.270,AllocLarge,2B,0.229,20.0,0.000,0.00,15.511,11.511,2,7.785,0.009,0,74.60,0.000,0,24.07,0.293,100,0.55,11.201,56,35.72,0.00,0,5.2,0.077
1038,8617.707,AllocLarge,2B,0.230,0.0,0.000,0.00,14.711,14.711,2,7.785,0.009,0,82.85,0.000,0,24.07,0.293,100,0.55,14.401,49,50.00,0.00,0,4.5,0.074
1039,8621.901,AllocLarge,2B,0.270,0.0,0.000,0.00,15.511,11.511,2,7.785,0.009,0,74.60,0.000,0,24.07,0.293,100,0.55,11.201,56,35.72,0.00,0,5.9,0.081
1040,8627.630,AllocLarge,2B,0.278,0.0,0.000,0.00,14.711,14.711,2,7.785,0.009,0,82.85,0.000,0,24.07,0.293,100,0.55,14.401,49,50.00,0.00,0,5.1,0.078
1041,8631.944,AllocLarge,2B,0.267,0.0,0.000,0.00,15.511,11.511,2,7.785,0.009,0,74.60,0.000,0,24.07,0.293,100,0.55,11.201,56,35.72,0.00,0,5.9,0.080
1042,8637.808,AllocLarge,2B,0.252,0.0,0.000,0.00,14.711,14.711,2,7.785,0.009,0,82.85,0.000,0,24.07,0.293,100,0.55,14.401,49,50.00,0.00,0,4.5,0.079
1043,8642.233,AllocLarge,2B,0.307,16.7,0.000,0.00,15.511,11.511,2,7.785,0.009,0,74.60,0.000,0,24.07,0.293,100,0.55,11.201,56,35.72,0.00,0,6.4,0.103
1044,8647.997,AllocLarge,2B,0.276,0.0,0.000,0.00,14.711,14.711,2,7.785,0.009,0,88.19,0.000,0,24.07,0.293,100,0.55,14.401,49,50.00,0.00,0,5.1,0.089
1045,8652.310,AllocLarge,2B,0.292,25.0,0.000,0.00,15.511,11.511,2,7.785,0.009,0,74.60,0.000,0,24.07,0.293,100,0.55,11.201,56,35.72,0.00,0,6.3,0.081
1046,8658.172,AllocLarge,2B,0.266,0.0,0.107,19.47,14.711,14.711,2,7.785,0.009,0,82.85,0.000,0,24.07,0.293,100,0.55,14.401,49,50.00,0.00,0,4.9,0.080
1047,8662.583,AllocLarge,2B,0.303,16.7,0.000,0.00,15.511,11.511,2,7.785,0.009,0,74.60,0.000,0,24.07,0.293,100,0.55,11.201,56,35.72,0.00,0,6.3,0.101
1048,8668.323,AllocLarge,2B,0.297,0.0,0.000,0.00,14.711,14.711,2,7.785,0.009,0,82.85,0.000,0,24.07,0.293,100,0.55,14.401,49,50.00,0.00,0,5.5,0.096
1049,8672.904,AllocLarge,2B,0.278,16.7,0.000,0.00,15.511,11.511,2,7.785,0.009,0,74.60,0.000,0,24.07,0.293,100,0.55,11.201,56,35.72,0.00,0,5.8,0.080
1050,8678.903,AllocLarge,2B,0.264,0.0,0.000,0.00,14.711,14.711,2,7.785,0.009,0,82.85,0.000,0,24.07,0.293,100,0.55,14.401,49,50.00,0.00,0,4.7,0.079
1051,8683.193,AllocLarge,2B,0.322,20.0,0.000,0.00,15.511,11.511,2,7.785,0.009,0,74.60,0.000,0,24.07,0.293,100,0.55,11.201,56,35.72,0.00,0,6.9,0.110
1052,8689.057,AllocLarge,2B,0.263,0.0,0.000,0.00,14.711,14.711,2,7.785,0.009,0,82.85,0.000,0,24.07,0.293,100,0.55,14.401,49,50.00,0.00,0,4.8,0.079
1053,8693.376,AllocLarge,2B,0.285,33.3,0.000,0.00,15.511,11.511,2,7.785,0.009,0,74.60,0.000,0,24.07,0.293,100,0.55,11.201,56,35.72,0.00,0,6.2,0.077
1054,8699.122,AllocLarge,2B,0.260,0.0,0.000,0.00,14.711,14.711,2,7.785,0.009,0,82.85,0.000,0,24.07,0.293,100,0.55,14.401,49,50.00,0.00,0,4.8,0.076
1055,8703.488,AllocLarge,2B,0.308,20.0,0.000,0.00,15.511,11.511,2,7.785,0.009,0,74.60,0.000,0,24.07,0.293,100,0.55,11.201,56,35.72,0.00,0,6.4,0.081
1056,8709.386,AllocLarge,2B,0.292,0.0,0.000,0.00,14.711,14.711,2,7.785,0.009,0,82.85,0.000,0,24.07,0.293,100,0.55,14.401,49,50.00,0.00,0,5.3,0.089
1057,8713.753,AllocLarge,2B,0.252,0.0,0.000,0.00,15.511,11.511,2,7.785,0.009,0,74.60,0.000,0,24.07,0.293,100,0.55,11.201,56,35.72,0.00,0,5.5,0.078
1058,8719.520,AllocLarge,2B,0.305,16.7,0.000,0.00,14.711,14.711,2,7.785,0.009,0,82.85,0.000,0,24.07,0.293,100,0.55,14.401,49,50.00,0.00,0,5.5,0.110
1059,8723.796,AllocLarge,2B,0.309,20.0,0.000,0.00,15.511,11.511,2,7.785,0.009,0,74.60,0.000,0,24.07,0.293,100,0.55,11.201,56,35.72,0.00,0,6.7,0.099
1060,8729.716,AllocLarge,2B,0.250,0.0,0.000,0.00,14.711,14.711,2,7.785,0.009,0,82.85,0.000,0,24.07,0.293,100,0.55,14.401,49,50.00,0.00,0,4.5,0.077
1061,8733.999,AllocLarge,2B,0.261,0.0,0.000,0.00,15.511,11.511,2,7.785,0.009,0,74.60,0.000,0,24.07,0.293,100,0.55,11.201,56,35.72,0.00,0,5.7,0.079
1062,8739.640,AllocLarge,2B,0.288,16.7,0.000,0.00,14.711,14.711,2,7.785,0.009,0,82.85,0.000,0,24.07,0.293,100,0.55,14.401,49,50.00,0.00,0,5.3,0.080
1063,8744.172,AllocLarge,2B,0.296,28.6,0.000,0.00,15.511,11.511,2,7.785,0.009,0,74.60,0.000,0,24.07,0.293,100,0.55,11.201,56,35.72,0.00,0,6.1,0.109
1064,8749.884,AllocLarge,2B,0.313,16.7,0.000,0.00,14.711,14.711,2,7.785,0.009,0,82.85,0.000,0,24.07,0.293,100,0.55,14.401,49,50.00,0.00,0,5.7,0.082
1065,8754.302,AllocLarge,2B,0.334,20.0,0.000,0.00,15.511,11.511,2,7.785,0.009,0,74.60,0.000,0,24.07,0.293,100,0.55,11.201,56,35.72,0.00,0,7.0,0.106
1066,8760.047,AllocLarge,2B,0.278,0.0,0.000,0.00,14.711,14.711,2,7.785,0.009,0,82.85,0.000,0,24.07,0.293,100,0.55,14.401,49,50.00,0.00,0,5.2,0.099
1067,8764.465,AllocLarge,2B,0.294,16.7,0.000,0.00,15.511,11.511,2,7.785,0.009,0,74.60,0.000,0,24.07,0.293,100,0.55,11.201,56,35.72,0.00,0,6.2,0.099
1068,8770.325,AllocLarge,2B,0.256,0.0,0.000,0.00,14.711,14.711,2,7.785,0.009,0,82.85,0.000,0,24.07,0.293,100,0.55,14.401,49,50.00,0.00,0,4.6,0.081
1069,8774.772,AllocLarge,2B,0.306,16.7,0.000,0.00,15.511,11.511,2,7.785,0.009,0,74.60,0.000,0,24.07,0.293,100,0.55,11.201,56,35.72,0.00,0,6.4,0.082
1070,8780.375,AllocLarge,2B,0.307,0.0,0.107,20.41,14.711,14.711,2,7.785,0.009,0,88.19,0.000,0,24.07,0.293,100,0.55,14.401,49,50.00,0.00,0,5.9,0.092
1071,8784.664,AllocLarge,2B,0.315,28.6,0.000,0.00,15.511,11.511,2,7.785,0.009,0,74.60,0.000,0,24.07,0.293,100,0.55,11.201,56,35.72,0.00,0,6.9,0.100
1072,8790.336,AllocLarge,2B,0.260,16.7,0.000,0.00,14.711,14.711,2,7.785,0.009,0,82.85,0.000,0,24.07,0.293,100,0.55,14.401,49,50.00,0.00,0,4.8,0.079
1073,8794.603,AllocLarge,2B,0.353,20.0,0.000,0.00,15.511,11.511,2,7.785,0.009,0,74.60,0.000,0,24.07,0.293,100,0.55,11.201,56,35.72,0.00,0,7.6,0.084
1074,8800.459,AllocLarge,2B,0.306,16.7,0.000,0.00,14.711,14.711,2,7.785,0.009,0,82.85,0.000,0,24.07,0.293,100,0.55,14.401,49,50.00,0.00,0,5.5,0.102
1075,8804.929,AllocLarge,2B,0.274,16.7,0.000,0.00,15.511,11.511,2,7.785,0.009,0,74.60,0.000,0,24.07,0.293,100,0.55,11.201,56,35.72,0.00,0,5.9,0.082
1076,8810.891,AllocLarge,2B,0.307,14.3,0.000,0.00,14.711,14.711,2,7.785,0.009,0,88.19,0.000,0,24.07,0.293,100,0.55,14.401,49,50.00,0.00,0,5.4,0.091
1077,8815.387,AllocLarge,2B,0.304,16.7,0.000,0.00,15.511,11.511,2,7.785,0.009,0,74.60,0.000,0,24.07,0.293,100,0.55,11.201,56,35.72,0.00,0,6.3,0.080
1078,8821.158,AllocLarge,2B,0.264,0.0,0.000,0.00,14.711,14.711,2,7.785,0.009,0,82.85,0.000,0,24.07,0.293,100,0.55,14.401,49,50.00,0.00,0,4.9,0.081
1079,8825.365,AllocLarge,2B,0.278,40.0,0.000,0.00,15.511,11.511,2,7.785,0.009,0,74.60,0.000,0,24.07,0.293,100,0.55,11.201,56,35.72,0.00,0,6.1,0.078
1080,8831.166,AllocLarge,2B,0.284,0.0,0.000,0.00,14.711,14.711,2,7.785,0.009,0,82.85,0.000,0,24.07,0.293,100,0.55,14.401,49,50.00,0.00,0,5.1,0.082
1081,8835.400,AllocLarge,2B,0.302,0.0,0.000,0.00,15.511,11.511,2,7.785,0.009,0,74.60,0.000,0,24.07,0.293,100,0.55,11.201,56,35.72,0.00,0,6.6,0.083
1082,8841.136,AllocLarge,2B,0.263,0.0,0.000,0.00,14.711,14.711,2,7.785,0.009,0,82.85,0.000,0,24.07,0.293,100,0.55,14.401,49,50.00,0.00,0,4.9,0.081
1083,8845.402,AllocLarge,2B,0.265,20.0,0.000,0.00,15.511,11.511,2,7.785,0.009,0,74.60,0.000,0,24.07,0.293,100,0.55,11.201,56,35.72,0.00,0,5.8,0.084
1084,8851.021,AllocLarge,2B,0.258,0.0,0.000,0.00,14.711,14.711,2,7.785,0.009,0,82.85,0.000,0,24.07,0.293,100,0.55,14.401,49,50.00,0.00,0,4.9,0.074
1085,8855.339,AllocLarge,2B,0.319,20.0,0.000,0.00,15.511,11.511,2,7.785,0.009,0,74.60,0.000,0,24.07,0.293,100,0.55,11.201,56,35.72,0.00,0,6.7,0.109
1086,8861.114,AllocLarge,2B,0.287,16.7,0.000,0.00,14.711,14.711,2,7.785,0.009,0,88.19,0.000,0,24.07,0.293,100,0.55,14.401,49,50.00,0.00,0,5.3,0.102
1087,8865.715,AllocLarge,2B,0.273,20.0,0.000,0.00,15.511,11.511,2,7.785,0.009,0,74.60,0.000,0,24.07,0.293,100,0.55,11.201,56,35.72,0.00,0,5.6,0.082
1088,8871.734,AllocLarge,2B,0.313,0.0,0.000,0.00,14.711,14.711,2,7.785,0.009,0,82.85,0.000,0,24.07,0.293,100,0.55,14.401,49,50.00,0.00,0,5.4,0.101
1089,8876.139,AllocLarge,2B,0.318,16.7,0.000,0.00,15.511,11.511,2,7.785,0.009,0,74.60,0.000,0,24.07,0.293,100,0.55,11.201,56,35.72,0.00,0,6.7,0.083
1090,8882.050,AllocLarge,2B,0.283,0.0,0.000,0.00,14.711,14.711,2,7.785,0.009,0,82.85,0.000,0,24.07,0.293,100,0.55,14.401,49,50.00,0.00,0,5.1,0.108
1091,8886.328,AllocLarge,2B,0.342,16.7,0.000,0.00,15.511,11.519,2,7.785,0.017,0,42.20,0.000,0,24.07,0.293,100,0.55,11.201,56,35.72,0.00,0,7.2,0.087
1092,8892.177,AllocLarge,2B,0.280,0.0,0.000,0.00,14.711,14.711,2,7.785,0.009,0,79.71,0.000,0,24.07,0.293,100,0.55,14.401,49,50.00,0.00,0,5.2,0.081
1093,8896.566,AllocLarge,2B,0.292,0.0,0.107,22.92,15.511,11.511,2,7.785,0.009,0,69.97,0.000,0,24.07,0.293,100,0.55,11.201,56,35.72,0.00,0,6.3,0.100
1094,8902.370,AllocLarge,2B,0.329,16.7,0.000,0.00,14.711,14.711,2,7.785,0.009,0,79.71,0.000,0,24.07,0.293,100,0.55,14.401,49,50.00,0.00,0,5.9,0.119
1095,8906.867,AllocLarge,2B,0.380,33.3,0.000,0.00,15.511,11.511,2,7.785,0.009,0,71.78,0.000,0,24.07,0.293,100,0.55,11.201,56,35.72,0.00,0,7.7,0.083
1096,8913.023,AllocLarge,2B,0.272,0.0,0.000,0.00,14.711,14.711,2,7.785,0.009,0,79.71,0.000,0,24.07,0.293,100,0.55,14.401,49,50.00,0.00,0,4.8,0.080
1097,8917.187,AllocLarge,2B,0.231,16.7,0.000,0.00,15.511,11.511,2,7.785,0.009,0,71.78,0.000,0,24.07,0.293,100,0.55,11.201,56,35.72,0.00,0,5.3,0.071
1098,8922.724,AllocLarge,2B,0.261,16.7,0.000,0.00,14.711,14.720,2,7.785,0.017,0,44.03,0.000,0,24.07,0.293,100,0.55,14.401,49,50.00,0.00,0,4.8,0.079
1099,8926.921,AllocLarge,2B,0.239,0.0,0.000,0.00,15.512,11.512,2,7.785,0.009,0,73.15,0.000,0,24.07,0.293,100,0.55,11.201,56,35.72,0.00,0,5.5,0.079
1100,8932.346,AllocLarge,2B,0.223,16.7,0.000,0.00,14.712,14.712,2,7.785,0.009,0,76.80,0.000,0,24.07,0.293,100,0.55,14.401,49,50.00,0.00,0,4.4,0.096
1101,8936.452,AllocLarge,2B,0.257,20.0,0.000,0.00,15.512,11.512,2,7.785,0.009,0,69.16,0.000,0,24.07,0.293,100,0.55,11.201,56,35.72,0.00,0,5.8,0.075
1102,8941.977,AllocLarge,2B,0.221,0.0,0.000,0.00,14.712,14.712,2,7.785,0.009,0,76.80,0.000,0,24.07,0.293,100,0.55,14.401,49,50.00,0.00,0,4.3,0.076
1103,8946.130,AllocLarge,2B,0.215,16.7,0.000,0.00,15.512,11.512,2,7.785,0.009,0,69.16,0.000,0,24.07,0.293,100,0.55,11.201,56,35.72,0.00,0,4.9,0.075
1104,8951.447,AllocLarge,2B,0.194,0.0,0.000,0.00,14.712,14.712,2,7.785,0.009,0,76.80,0.000,0,24.07,0.293,100,0.55,14.401,49,50.00,0.00,0,3.9,0.073
1105,8955.565,AllocLarge,2B,0.306,16.7,0.000,0.00,15.512,11.512,2,7.785,0.009,0,69.16,0.000,0,24.07,0.293,100,0.55,11.201,56,35.72,0.00,0,6.7,0.083
1106,8961.369,AllocLarge,2B,0.255,0.0,0.000,0.00,14.712,14.712,2,7.785,0.009,0,76.80,0.000,0,24.07,0.293,100,0.55,14.401,49,50.00,0.00,0,4.7,0.079
1107,8965.688,AllocLarge,2B,0.331,20.0,0.000,0.00,15.512,11.512,2,7.785,0.009,0,69.16,0.000,0,24.07,0.293,100,0.55,11.201,56,35.72,0.00,0,7.1,0.137
1108,8971.355,AllocLarge,2B,0.256,16.7,0.000,0.00,14.712,14.712,2,7.785,0.009,0,76.80,0.000,0,24.07,0.293,100,0.55,14.401,49,50.00,0.00,0,4.8,0.076
1109,8975.561,AllocLarge,2B,0.204,0.0,0.000,0.00,15.512,11.512,2,7.785,0.009,0,69.16,0.000,0,24.07,0.293,100,0.55,11.201,56,35.72,0.00,0,4.7,0.074
1110,8980.944,AllocLarge,2B,0.246,14.3,0.000,0.00,14.712,14.712,2,7.785,0.009,0,76.80,0.000,0,24.07,0.293,100,0.55,14.401,49,50.00,0.00,0,4.7,0.092
1111,8985.232,AllocLarge,2B,0.262,0.0,0.000,0.00,15.512,11.512,2,7.785,0.009,0,69.16,0.000,0,24.07,0.293,100,0.55,11.201,56,35.72,0.00,0,5.7,0.081
1112,8991.566,AllocLarge,2B,0.266,0.0,0.000,0.00,14.712,14.712,2,7.785,0.009,0,76.80,0.000,0,24.07,0.293,100,0.55,14.401,49,50.00,0.00,0,4.4,0.079
1113,8995.743,AllocLarge,2B,0.205,20.0,0.000,0.00,15.512,11.512,2,7.785,0.009,0,69.16,0.000,0,24.07,0.293,100,0.55,11.201,56,35.72,0.00,0,4.7,0.076
1114,9001.207,AllocLarge,2B,0.196,0.0,0.105,20.30,14.712,14.712,2,7.785,0.009,0,76.80,0.000,0,24.07,0.293,100,0.55,14.401,49,50.00,0.00,0,3.8,0.073
1115,9005.577,AllocLarge,2B,0.295,0.0,0.000,0.00,15.512,11.512,2,7.785,0.009,0,69.16,0.000,0,24.07,0.293,100,0.55,11.201,56,35.72,0.00,0,6.1,0.088
1116,9011.282,AllocLarge,2B,0.249,0.0,0.000,0.00,14.712,14.712,2,7.785,0.009,0,76.80,0.000,0,24.07,0.293,100,0.55,14.401,49,50.00,0.00,0,4.7,0.077
1117,9015.488,AllocLarge,2B,0.251,0.0,0.000,0.00,15.512,11.512,2,7.785,0.009,0,69.16,0.000,0,24.07,0.293,100,0.55,11.201,56,35.72,0.00,0,5.6,0.095
1118,9021.210,AllocLarge,2B,0.271,14.3,0.000,0.00,14.712,14.712,2,7.785,0.009,0,76.80,0.000,0,24.07,0.293,100,0.55,14.401,49,50.00,0.00,0,5.0,0.079
1119,9025.369,AllocLarge,2B,0.206,0.0,0.000,0.00,15.512,11.512,2,7.785,0.009,0,69.16,0.000,0,24.07,0.293,100,0.55,11.201,56,35.72,0.00,0,4.7,0.076
1120,9030.677,AllocLarge,2B,0.190,0.0,0.000,0.00,14.712,14.712,2,7.785,0.009,0,76.80,0.000,0,24.07,0.293,100,0.55,14.401,49,50.00,0.00,0,3.8,0.071
1121,9034.819,AllocLarge,2B,0.513,20.0,0.000,0.00,15.512,11.520,2,7.785,0.017,0,40.57,0.000,0,24.07,0.293,100,0.55,11.201,56,35.72,0.00,0,10.6,0.098
1122,9040.703,AllocLarge,2B,0.283,0.0,0.000,0.00,15.512,14.712,2,7.785,0.010,0,74.10,0.000,0,24.07,0.293,100,0.55,14.401,47,50.00,0.00,0,5.3,0.089
1123,9044.867,AllocLarge,2B,0.250,20.0,0.000,0.00,15.512,11.512,2,7.785,0.010,0,65.05,0.000,0,24.07,0.293,100,0.55,11.201,56,35.72,0.00,0,5.6,0.083
1124,9050.429,AllocLarge,2B,0.287,16.7,0.000,0.00,14.712,14.712,2,7.785,0.010,0,74.10,0.000,0,24.07,0.293,100,0.55,14.401,49,50.00,0.00,0,5.4,0.080
1125,9054.853,AllocLarge,2B,0.270,0.0,0.000,0.00,15.512,11.512,2,7.785,0.010,0,66.72,0.000,0,24.07,0.293,100,0.55,11.201,56,35.72,0.00,0,5.8,0.079
1126,9060.517,AllocLarge,2B,0.247,0.0,0.000,0.00,14.712,14.712,2,7.785,0.010,0,74.10,0.000,0,24.07,0.293,100,0.55,14.401,49,50.00,0.00,0,4.6,0.076
1127,9064.649,AllocLarge,2B,0.213,20.0,0.000,0.00,15.512,11.512,2,7.785,0.010,0,66.72,0.000,0,24.07,0.293,100,0.55,11.201,56,35.72,0.00,0,4.8,0.076
1128,9070.096,AllocLarge,2B,0.247,0.0,0.000,0.00,14.712,14.712,2,7.785,0.010,0,74.10,0.000,0,24.07,0.293,100,0.55,14.401,49,50.00,0.00,0,4.8,0.077
1129,9074.315,AllocLarge,2B,0.222,20.0,0.000,0.00,15.512,11.512,2,7.785,0.010,0,66.72,0.000,0,24.07,0.293,100,0.55,11.201,56,35.72,0.00,0,5.0,0.076
1130,9079.721,AllocLarge,2B,0.197,0.0,0.000,0.00,14.712,14.712,2,7.785,0.010,0,74.10,0.000,0,24.07,0.293,100,0.55,14.401,49,50.00,0.00,0,3.9,0.072
1131,9083.851,AllocLarge,2B,0.278,20.0,0.000,0.00,15.512,11.512,2,7.785,0.010,0,66.72,0.000,0,24.07,0.293,100,0.55,11.201,56,35.72,0.00,0,6.1,0.104
1132,9089.331,AllocLarge,2B,0.224,16.7,0.000,0.00,14.712,14.712,2,7.785,0.010,0,74.10,0.000,0,24.07,0.293,100,0.55,14.401,49,50.00,0.00,0,4.4,0.077
1133,9093.466,AllocLarge,2B,0.199,0.0,0.000,0.00,15.512,11.512,2,7.785,0.010,0,66.72,0.000,0,24.07,0.293,100,0.55,11.201,56,35.72,0.00,0,4.6,0.077
1134,9098.929,AllocLarge,2B,0.230,16.7,0.000,0.00,14.712,14.712,2,7.785,0.010,0,74.10,0.000,0,24.07,0.293,100,0.55,14.401,49,50.00,0.00,0,4.3,0.077
1135,9103.015,AllocLarge,2B,0.240,16.7,0.000,0.00,15.512,11.512,2,7.785,0.010,0,66.72,0.000,0,24.07,0.293,100,0.55,11.201,56,35.72,0.00,0,5.5,0.075
1136,9108.415,AllocLarge,2B,0.223,0.0,0.106,20.72,14.712,14.712,2,7.785,0.010,0,74.10,0.000,0,24.07,0.293,100,0.55,14.401,49,50.00,0.00,0,4.4,0.090
1137,9112.562,AllocLarge,2B,0.317,0.0,0.000,0.00,15.512,11.512,2,7.785,0.010,0,66.72,0.000,0,24.07,0.293,100,0.55,11.201,56,35.72,0.00,0,7.0,0.078
1138,9118.372,AllocLarge,2B,0.210,14.3,0.000,0.00,14.712,14.712,2,7.785,0.010,0,74.10,0.000,0,24.07,0.293,100,0.55,14.401,49,50.00,0.00,0,3.8,0.076
1139,9122.579,AllocLarge,2B,0.300,20.0,0.000,0.00,15.512,11.512,2,7.785,0.010,0,66.72,0.000,0,24.07,0.293,100,0.55,11.201,56,35.72,0.00,0,6.6,0.102
1140,9128.081,AllocLarge,2B,0.217,0.0,0.000,0.00,14.712,14.712,2,7.785,0.010,0,74.10,0.000,0,24.07,0.293,100,0.55,14.401,49,50.00,0.00,0,4.3,0.079
1141,9132.159,AllocLarge,2B,0.207,20.0,0.000,0.00,15.512,11.512,2,7.785,0.010,0,66.72,0.000,0,24.07,0.293,100,0.55,11.201,56,35.72,0.00,0,4.8,0.075
1142,9137.576,AllocLarge,2B,0.253,16.7,0.000,0.00,14.712,14.712,2,7.785,0.010,0,74.10,0.000,0,24.07,0.293,100,0.55,14.401,49,50.00,0.00,0,4.8,0.075
1143,9141.659,AllocLarge,2B,0.254,0.0,0.000,0.00,15.512,11.512,2,7.785,0.010,0,66.72,0.000,0,24.07,0.293,100,0.55,11.201,56,35.72,0.00,0,5.9,0.086
1144,9147.191,AllocLarge,2B,0.274,20.0,0.000,0.00,14.712,14.712,2,7.785,0.010,0,74.10,0.000,0,24.07,0.293,100,0.55,14.401,49,50.00,0.00,0,5.1,0.078
1145,9151.377,AllocLarge,2B,0.232,0.0,0.000,0.00,15.512,11.512,2,7.785,0.010,0,66.72,0.000,0,24.07,0.293,100,0.55,11.201,56,35.72,0.00,0,5.1,0.046
1146,9156.905,AllocLarge,2B,0.266,20.0,0.000,0.00,15.512,14.712,2,7.785,0.010,0,74.10,0.000,0,24.07,0.293,100,0.55,14.401,47,50.00,0.00,0,5.1,0.077
1147,9161.175,AllocLarge,2B,0.232,16.7,0.000,0.00,15.512,11.512,2,7.785,0.010,0,66.72,0.000,0,24.07,0.293,100,0.55,11.201,56,35.72,0.00,0,5.1,0.087
1148,9166.581,AllocLarge,2B,0.232,0.0,0.000,0.00,14.712,14.712,2,7.785,0.010,0,74.10,0.000,0,24.07,0.293,100,0.55,14.401,49,50.00,0.00,0,4.6,0.094
1149,9170.791,AllocLarge,2B,0.227,0.0,0.000,0.00,15.512,11.512,2,7.785,0.010,0,66.72,0.000,0,24.07,0.293,100,0.55,11.201,56,35.72,0.00,0,5.1,0.077
1150,9176.173,AllocLarge,2B,0.205,0.0,0.000,0.00,14.712,14.712,2,7.785,0.010,0,74.10,0.000,0,24.07,0.293,100,0.55,14.401,49,50.00,0.00,0,4.0,0.073
1151,9180.206,AllocLarge,2B,0.194,20.0,0.000,0.00,15.512,11.512,2,7.785,0.010,0,74.10,0.000,0,24.07,0.293,100,0.55,11.201,56,35.72,0.00,0,4.5,0.073
1152,9185.587,AllocLarge,2B,0.190,0.0,0.000,0.00,14.712,14.712,2,7.785,0.010,0,74.10,0.000,0,24.07,0.293,100,0.55,14.401,49,50.00,0.00,0,3.7,0.071
1153,9189.639,AllocLarge,2B,0.242,20.0,0.000,0.00,15.512,11.512,2,7.785,0.010,0,66.72,0.000,0,24.07,0.293,100,0.55,11.201,56,35.72,0.00,0,5.5,0.105
1154,9195.161,AllocLarge,2B,0.351,25.0,0.000,0.00,14.712,14.712,2,7.785,0.010,0,74.10,0.000,0,24.07,0.293,100,0.55,14.401,49,50.00,0.00,0,6.5,0.163
1155,9199.451,AllocLarge,2B,0.249,0.0,0.000,0.00,15.512,11.512,2,7.785,0.010,0,66.72,0.000,0,24.07,0.293,100,0.55,11.201,56,35.72,0.00,0,5.6,0.085
1156,9204.954,AllocLarge,2B,0.244,16.7,0.000,0.00,14.712,14.712,2,7.785,0.010,0,74.10,0.000,0,24.07,0.293,100,0.55,14.401,49,50.00,0.00,0,4.6,0.076
1157,9209.095,AllocLarge,2B,0.225,20.0,0.000,0.00,15.512,11.512,2,7.785,0.010,0,66.72,0.000,0,24.07,0.293,100,0.55,11.201,56,35.72,0.00,0,5.2,0.084
1158,9214.607,AllocLarge,2B,0.203,0.0,0.000,0.00,14.712,14.712,2,7.785,0.010,0,74.10,0.000,0,24.07,0.293,100,0.55,14.401,49,50.00,0.00,0,3.9,0.075
1159,9218.646,AllocLarge,2B,0.199,20.0,0.000,0.00,15.512,11.512,2,7.785,0.010,0,66.72,0.000,0,24.07,0.293,100,0.55,11.201,56,35.72,0.00,0,4.6,0.075
1160,9223.973,AllocLarge,2B,0.215,0.0,0.107,21.07,14.712,14.712,2,7.785,0.010,0,74.10,0.000,0,24.07,0.293,100,0.55,14.401,49,50.00,0.00,0,4.2,0.075
1161,9228.077,AllocLarge,2B,0.205,0.0,0.000,0.00,15.512,11.512,2,7.785,0.010,0,66.72,0.000,0,24.07,0.293,100,0.55,11.201,56,35.72,0.00,0,4.7,0.074
1162,9233.411,AllocLarge,2B,0.193,0.0,0.000,0.00,14.712,14.712,2,7.785,0.010,0,74.10,0.000,0,24.07,0.293,100,0.55,14.401,49,50.00,0.00,0,3.8,0.075
1163,9237.458,AllocLarge,2B,0.270,0.0,0.000,0.00,15.512,11.512,2,7.785,0.010,0,66.72,0.000,0,24.07,0.293,100,0.55,11.201,56,35.72,0.00,0,6.1,0.102
1164,9243.164,AllocLarge,2B,0.279,0.0,0.000,0.00,14.712,14.712,2,7.785,0.010,0,74.10,0.000,0,24.07,0.293,100,0.55,14.401,49,50.00,0.00,0,5.1,0.080
1165,9247.358,AllocLarge,2B,0.230,0.0,0.000,0.00,15.512,11.512,2,7.785,0.010,0,74.10,0.000,0,24.07,0.293,100,0.55,11.201,56,35.72,0.00,0,5.3,0.074
1166,9252.791,AllocLarge,2B,0.248,14.3,0.000,0.00,14.712,14.712,2,7.785,0.010,0,74.10,0.000,0,24.07,0.293,100,0.55,14.401,49,50.00,0.00,0,4.7,0.074
1167,9257.315,AllocLarge,2B,0.267,0.0,0.000,0.00,15.512,11.512,2,7.785,0.010,0,66.72,0.000,0,24.07,0.293,100,0.55,11.201,56,35.72,0.00,0,5.5,0.081
1168,9262.701,AllocLarge,2B,0.206,16.7,0.000,0.00,14.712,14.712,2,7.785,0.010,0,74.10,0.000,0,24.07,0.293,100,0.55,14.401,49,50.00,0.00,0,4.1,0.074
1169,9266.766,AllocLarge,2B,0.230,0.0,0.000,0.00,15.512,11.512,2,7.785,0.010,0,66.72,0.000,0,24.07,0.293,100,0.55,11.201,56,35.72,0.00,0,5.3,0.087
1170,9272.313,AllocLarge,2B,0.287,16.7,0.000,0.00,14.712,14.712,2,7.785,0.010,0,74.10,0.000,0,24.07,0.293,100,0.55,14.401,49,50.00,0.00,0,5.3,0.118
1171,9276.497,AllocLarge,2B,0.254,0.0,0.000,0.00,15.512,11.512,2,7.785,0.010,0,66.72,0.000,0,24.07,0.293,100,0.55,11.201,56,35.72,0.00,0,5.7,0.082
1172,9281.944,AllocLarge,2B,0.207,0.0,0.000,0.00,14.712,14.712,2,7.785,0.010,0,74.10,0.000,0,24.07,0.293,100,0.55,14.401,49,50.00,0.00,0,4.1,0.071
1173,9286.020,AllocLarge,2B,0.205,20.0,0.000,0.00,15.512,11.512,2,7.785,0.010,0,74.10,0.000,0,24.07,0.293,100,0.55,11.201,56,35.72,0.00,0,4.7,0.076
1174,9291.543,AllocLarge,2B,0.243,0.0,0.000,0.00,14.712,14.712,2,7.785,0.010,0,74.10,0.000,0,24.07,0.293,100,0.55,14.401,49,50.00,0.00,0,4.6,0.094
1175,9295.769,AllocLarge,2B,0.220,20.0,0.000,0.00,15.512,11.512,2,7.785,0.010,0,66.72,0.000,0,24.07,0.293,100,0.55,11.201,56,35.72,0.00,0,4.9,0.097
1176,9301.092,AllocLarge,2B,0.189,0.0,0.000,0.00,14.712,14.712,2,7.785,0.010,0,74.10,0.000,0,24.07,0.293,100,0.55,14.401,49,50.00,0.00,0,3.8,0.072
1177,9305.314,AllocLarge,2B,0.276,20.0,0.000,0.00,15.512,11.512,2,7.785,0.010,0,66.72,0.000,0,24.07,0.293,100,0.55,11.201,56,35.72,0.00,0,6.0,0.103
1178,9310.801,AllocLarge,2B,0.233,0.0,0.000,0.00,14.712,14.712,2,7.785,0.010,0,74.10,0.000,0,24.07,0.293,100,0.55,14.401,49,50.00,0.00,0,4.5,0.078
1179,9314.877,AllocLarge,2B,0.287,16.7,0.000,0.00,15.512,11.512,2,7.785,0.010,0,66.72,0.000,0,24.07,0.293,100,0.55,11.201,56,35.72,0.00,0,6.5,0.083
1180,9320.380,AllocLarge,2B,0.224,0.0,0.000,0.00,14.712,14.712,2,7.785,0.010,0,74.10,0.000,0,24.07,0.293,100,0.55,14.401,49,50.00,0.00,0,4.3,0.076
1181,9324.486,AllocLarge,2B,0.220,0.0,0.000,0.00,15.512,11.512,2,7.785,0.010,0,66.72,0.000,0,24.07,0.293,100,0.55,11.201,56,35.72,0.00,0,5.1,0.075
1182,9330.289,AllocLarge,2B,0.335,28.6,0.000,0.00,14.712,14.712,2,7.785,0.010,0,74.10,0.000,0,24.07,0.293,100,0.55,14.401,49,50.00,0.00,0,5.9,0.118
1183,9334.575,AllocLarge,2B,0.274,20.0,0.000,0.00,15.512,11.512,2,7.785,0.010,0,66.72,0.000,0,24.07,0.293,100,0.55,11.201,56,35.72,0.00,0,6.0,0.080
1184,9340.337,AllocLarge,2B,0.296,16.7,0.107,19.61,14.712,14.712,2,7.785,0.010,0,74.10,0.000,0,24.07,0.293,100,0.55,14.401,49,50.00,0.00,0,5.4,0.108
1185,9344.818,AllocLarge,2B,0.323,20.0,0.000,0.00,15.512,11.512,2,7.785,0.010,0,66.72,0.000,0,24.07,0.293,100,0.55,11.201,56,35.72,0.00,0,6.8,0.081
1186,9350.552,AllocLarge,2B,0.285,16.7,0.000,0.00,14.712,14.712,2,7.785,0.010,0,74.10,0.000,0,24.07,0.293,100,0.55,14.401,49,50.00,0.00,0,5.2,0.090
1187,9354.955,AllocLarge,2B,0.359,16.7,0.000,0.00,15.512,11.512,2,7.785,0.010,0,66.72,0.000,0,24.07,0.293,100,0.55,11.201,56,35.72,0.00,0,7.5,0.105
1188,9360.504,AllocLarge,2B,0.211,0.0,0.000,0.00,14.712,14.712,2,7.785,0.010,0,74.10,0.000,0,24.07,0.293,100,0.55,14.401,49,50.00,0.00,0,4.2,0.073
1189,9364.596,AllocLarge,2B,0.225,16.7,0.000,0.00,15.512,11.512,2,7.785,0.010,0,66.72,0.000,0,24.07,0.293,100,0.55,11.201,56,35.72,0.00,0,5.1,0.075
1190,9370.190,AllocLarge,2B,0.288,0.0,0.000,0.00,14.712,14.712,2,7.785,0.010,0,78.88,0.000,0,24.07,0.293,100,0.55,14.401,49,50.00,0.00,0,5.3,0.108
1191,9374.385,AllocLarge,2B,0.233,20.0,0.000,0.00,15.512,11.512,2,7.785,0.010,0,66.72,0.000,0,24.07,0.293,100,0.55,11.201,56,35.72,0.00,0,5.2,0.077
1192,9379.808,AllocLarge,2B,0.200,0.0,0.000,0.00,14.712,14.712,2,7.785,0.010,0,74.10,0.000,0,24.07,0.293,100,0.55,14.401,49,50.00,0.00,0,4.0,0.074
1193,9383.920,AllocLarge,2B,0.262,16.7,0.000,0.00,15.512,11.512,2,7.785,0.010,0,66.72,0.000,0,24.07,0.293,100,0.55,11.201,56,35.72,0.00,0,5.9,0.095
1194,9389.475,AllocLarge,2B,0.316,0.0,0.000,0.00,14.712,14.712,2,7.785,0.010,0,74.10,0.000,0,24.07,0.293,100,0.55,14.401,49,50.00,0.00,0,5.9,0.079
1195,9393.756,AllocLarge,2B,0.322,16.7,0.000,0.00,15.512,11.512,2,7.785,0.010,0,66.72,0.000,0,24.07,0.293,100,0.55,11.201,56,35.72,0.00,0,7.1,0.103
1196,9399.237,AllocLarge,2B,0.216,0.0,0.000,0.00,14.712,14.712,2,7.785,0.010,0,74.10,0.000,0,24.07,0.293,100,0.55,14.401,49,50.00,0.00,0,4.3,0.075
1197,9403.323,AllocLarge,2B,0.246,20.0,0.000,0.00,15.512,11.512,2,7.785,0.010,0,66.72,0.000,0,24.07,0.293,100,0.55,11.201,56,35.72,0.00,0,5.6,0.077
1198,9408.791,AllocLarge,2B,0.207,0.0,0.000,0.00,14.712,14.712,2,7.785,0.010,0,74.10,0.000,0,24.07,0.293,100,0.55,14.401,49,50.00,0.00,0,4.0,0.074
1199,9412.858,AllocLarge,2B,0.228,16.7,0.000,0.00,15.512,11.512,2,7.785,0.010,0,66.72,0.000,0,24.07,0.293,100,0.55,11.201,56,35.72,0.00,0,5.2,0.096
1200,9418.158,AllocLarge,2B,0.220,0.0,0.000,0.00,14.712,14.712,2,7.785,0.010,0,74.10,0.000,0,24.07,0.293,100,0.55,14.401,49,50.00,0.00,0,4.4,0.101
1201,9422.290,AllocLarge,2B,0.241,20.0,0.000,0.00,15.512,11.512,2,7.785,0.010,0,66.72,0.000,0,24.07,0.293,100,0.55,11.201,56,35.72,0.00,0,5.5,0.077
1202,9427.663,AllocLarge,2B,0.199,0.0,0.000,0.00,14.712,14.712,2,7.785,0.010,0,74.10,0.000,0,24.07,0.293,100,0.55,14.401,49,50.00,0.00,0,3.9,0.075
1203,9431.846,AllocLarge,2B,0.294,20.0,0.000,0.00,15.512,11.512,2,7.785,0.010,0,66.72,0.000,0,24.07,0.293,100,0.55,11.201,56,35.72,0.00,0,6.4,0.086
1204,9437.387,AllocLarge,2B,0.228,16.7,0.000,0.00,14.712,14.712,2,7.785,0.010,0,74.10,0.000,0,24.07,0.293,100,0.55,14.401,49,50.00,0.00,0,4.4,0.078
1205,9441.570,AllocLarge,2B,0.215,25.0,0.000,0.00,15.512,11.512,2,7.785,0.010,0,66.72,0.000,0,24.07,0.293,100,0.55,11.201,56,35.72,0.00,0,4.7,0.047
1206,9446.969,AllocLarge,2B,0.234,0.0,0.000,0.00,15.512,14.712,2,7.785,0.010,0,74.10,0.000,0,24.07,0.293,100,0.55,14.401,47,50.00,0.00,0,4.7,0.076
1207,9451.034,AllocLarge,2B,0.226,20.0,0.000,0.00,15.512,11.512,2,7.785,0.010,0,66.72,0.000,0,24.07,0.293,100,0.55,11.201,56,35.72,0.00,0,5.1,0.074
1208,9456.605,AllocLarge,2B,0.283,16.7,0.107,20.17,14.712,14.712,2,7.785,0.010,0,74.10,0.000,0,24.07,0.293,100,0.55,14.401,49,50.00,0.00,0,5.3,0.078
1209,9460.782,AllocLarge,2B,0.235,20.0,0.000,0.00,15.512,11.512,2,7.785,0.010,0,66.72,0.000,0,24.07,0.293,100,0.55,11.201,56,35.72,0.00,0,5.4,0.075
1210,9466.143,AllocLarge,2B,0.190,0.0,0.000,0.00,14.712,14.712,2,7.785,0.010,0,74.10,0.000,0,24.07,0.293,100,0.55,14.401,49,50.00,0.00,0,3.8,0.072
1211,9470.248,AllocLarge,2B,0.260,0.0,0.000,0.00,15.512,11.512,2,7.785,0.010,0,66.72,0.000,0,24.07,0.293,100,0.55,11.201,56,35.72,0.00,0,5.8,0.081
1212,9475.750,AllocLarge,2B,0.254,16.7,0.000,0.00,14.712,14.712,2,7.785,0.010,0,74.10,0.000,0,24.07,0.293,100,0.55,14.401,49,50.00,0.00,0,4.9,0.076
1213,9479.873,AllocLarge,2B,0.223,20.0,0.000,0.00,15.512,11.512,2,7.785,0.010,0,66.72,0.000,0,24.07,0.293,100,0.55,11.201,56,35.72,0.00,0,5.2,0.074
1214,9485.267,AllocLarge,2B,0.223,0.0,0.000,0.00,14.712,14.712,2,7.785,0.010,0,74.10,0.000,0,24.07,0.293,100,0.55,14.401,49,50.00,0.00,0,4.4,0.092
1215,9489.369,AllocLarge,2B,0.220,25.0,0.000,0.00,15.512,11.512,2,7.785,0.010,0,66.72,0.000,0,24.07,0.293,100,0.55,11.201,56,35.72,0.00,0,5.0,0.077
1216,9495.011,AllocLarge,2B,0.252,0.0,0.000,0.00,14.712,14.712,2,7.785,0.010,0,74.10,0.000,0,24.07,0.293,100,0.55,14.401,49,50.00,0.00,0,4.7,0.077
1217,9499.370,AllocLarge,2B,0.207,20.0,0.000,0.00,15.512,11.512,2,7.785,0.010,0,66.72,0.000,0,24.07,0.293,100,0.55,11.201,56,35.72,0.00,0,4.5,0.075
1218,9504.970,AllocLarge,2B,0.285,0.0,0.000,0.00,14.712,14.712,2,7.785,0.010,0,74.10,0.000,0,24.07,0.293,100,0.55,14.401,49,50.00,0.00,0,5.2,0.099
1219,9509.287,AllocLarge,2B,0.338,20.0,0.000,0.00,15.512,11.512,2,7.785,0.010,0,66.72,0.000,0,24.07,0.293,100,0.55,11.201,56,35.72,0.00,0,7.2,0.103
1220,9514.888,AllocLarge,2B,0.221,16.7,0.000,0.00,14.712,14.712,2,7.785,0.010,0,74.10,0.000,0,24.07,0.293,100,0.55,14.401,49,50.00,0.00,0,4.3,0.078
1221,9518.991,AllocLarge,2B,0.272,16.7,0.000,0.00,15.512,11.512,2,7.785,0.010,0,66.72,0.000,0,24.07,0.293,100,0.55,11.201,56,35.72,0.00,0,6.2,0.134
1222,9524.534,AllocLarge,2B,0.250,16.7,0.000,0.00,14.712,14.712,2,7.785,0.010,0,74.10,0.000,0,24.07,0.293,100,0.55,14.401,49,50.00,0.00,0,4.7,0.078
1223,9528.693,AllocLarge,2B,0.205,0.0,0.000,0.00,15.512,11.512,2,7.785,0.010,0,66.72,0.000,0,24.07,0.293,100,0.55,11.201,56,35.72,0.00,0,4.7,0.074
1224,9533.973,AllocLarge,2B,0.204,14.3,0.000,0.00,14.712,14.712,2,7.785,0.010,0,74.10,0.000,0,24.07,0.293,100,0.55,14.401,49,50.00,0.00,0,4.1,0.082
1225,9538.082,AllocLarge,2B,0.250,20.0,0.000,0.00,15.512,11.512,2,7.785,0.010,0,66.72,0.000,0,24.07,0.293,100,0.55,11.201,56,35.72,0.00,0,5.5,0.078
1226,9543.644,AllocLarge,2B,0.249,16.7,0.000,0.00,14.712,14.712,2,7.785,0.010,0,74.10,0.000,0,24.07,0.293,100,0.55,14.401,49,50.00,0.00,0,4.8,0.098
1227,9547.796,AllocLarge,2B,0.246,20.0,0.000,0.00,15.512,11.512,2,7.785,0.010,0,66.72,0.000,0,24.07,0.293,100,0.55,11.201,56,35.72,0.00,0,5.5,0.078
1228,9553.288,AllocLarge,2B,0.257,0.0,0.000,0.00,14.712,14.712,2,7.785,0.010,0,74.10,0.000,0,24.07,0.293,100,0.55,14.401,49,50.00,0.00,0,4.9,0.077
1229,9557.540,AllocLarge,2B,0.249,20.0,0.000,0.00,15.512,11.512,2,7.785,0.010,0,66.72,0.000,0,24.07,0.293,100,0.55,11.201,56,35.72,0.00,0,5.5,0.077
1230,9562.941,AllocLarge,2B,0.208,0.0,0.000,0.00,14.712,14.712,2,7.785,0.010,0,74.10,0.000,0,24.07,0.293,100,0.55,14.401,49,50.00,0.00,0,4.2,0.075
1231,9566.988,AllocLarge,2B,0.193,0.0,0.000,0.00,15.512,11.512,2,7.785,0.010,0,66.72,0.000,0,24.07,0.293,100,0.55,11.201,56,35.72,0.00,0,4.5,0.075
1232,9572.438,AllocLarge,2B,0.238,0.0,0.107,20.21,14.712,14.712,2,7.785,0.010,0,74.10,0.000,0,24.07,0.293,100,0.55,14.401,49,50.00,0.00,0,4.5,0.077
1233,9576.608,AllocLarge,2B,0.291,20.0,0.000,0.00,15.512,11.512,2,7.785,0.010,0,66.72,0.000,0,24.07,0.293,100,0.55,11.201,56,35.72,0.00,0,6.3,0.100
1234,9582.319,AllocLarge,2B,0.197,0.0,0.000,0.00,15.512,14.712,2,7.785,0.010,0,74.10,0.000,0,24.07,0.293,100,0.55,14.401,47,50.00,0.00,0,3.8,0.073
1235,9586.371,AllocLarge,2B,0.304,20.0,0.000,0.00,15.512,11.512,2,7.785,0.010,0,66.72,0.000,0,24.07,0.293,100,0.55,11.201,56,35.72,0.00,0,6.8,0.147
1236,9591.868,AllocLarge,2B,0.230,0.0,0.000,0.00,14.712,14.712,2,7.785,0.010,0,74.10,0.000,0,24.07,0.293,100,0.55,14.401,49,50.00,0.00,0,4.5,0.077
1237,9595.942,AllocLarge,2B,0.194,0.0,0.000,0.00,15.512,11.512,2,7.785,0.010,0,66.72,0.000,0,24.07,0.293,100,0.55,11.201,56,35.72,0.00,0,4.5,0.075
1238,9601.278,AllocLarge,2B,0.205,0.0,0.000,0.00,14.712,14.712,2,7.785,0.010,0,74.10,0.000,0,24.07,0.293,100,0.55,14.401,49,50.00,0.00,0,4.0,0.074
1239,9605.404,AllocLarge,2B,0.218,20.0,0.000,0.00,15.512,11.512,2,7.785,0.010,0,66.72,0.000,0,24.07,0.293,100,0.55,11.201,56,35.72,0.00,0,4.9,0.077
1240,9610.770,AllocLarge,2B,0.194,0.0,0.000,0.00,14.712,14.712,2,7.785,0.010,0,74.10,0.000,0,24.07,0.293,100,0.55,14.401,49,50.00,0.00,0,3.9,0.073
1241,9614.802,AllocLarge,2B,0.254,16.7,0.000,0.00,15.512,11.512,2,7.785,0.010,0,66.72,0.000,0,24.07,0.293,100,0.55,11.201,56,35.72,0.00,0,5.8,0.100
1242,9620.362,AllocLarge,2B,0.264,16.7,0.000,0.00,14.712,14.712,2,7.785,0.010,0,74.10,0.000,0,24.07,0.293,100,0.55,14.401,49,50.00,0.00,0,4.9,0.079
1243,9624.557,AllocLarge,2B,0.225,20.0,0.000,0.00,15.512,11.512,2,7.785,0.010,0,66.72,0.000,0,24.07,0.293,100,0.55,11.201,56,35.72,0.00,0,5.1,0.078
1244,9629.918,AllocLarge,2B,0.193,0.0,0.000,0.00,14.712,14.712,2,7.785,0.010,0,74.10,0.000,0,24.07,0.293,100,0.55,14.401,49,50.00,0.00,0,3.9,0.073
1245,9634.029,AllocLarge,2B,0.274,16.7,0.000,0.00,15.512,11.512,2,7.785,0.010,0,66.72,0.000,0,24.07,0.293,100,0.55,11.201,56,35.72,0.00,0,6.1,0.078
1246,9639.635,AllocLarge,2B,0.261,0.0,0.000,0.00,14.712,14.712,2,7.785,0.010,0,74.10,0.000,0,24.07,0.293,100,0.55,14.401,49,50.00,0.00,0,4.9,0.080
1247,9643.771,AllocLarge,2B,0.240,20.0,0.000,0.00,15.512,11.512,2,7.785,0.010,0,66.72,0.000,0,24.07,0.293,100,0.55,11.201,56,35.72,0.00,0,5.5,0.097
1248,9649.254,AllocLarge,2B,0.286,14.3,0.000,0.00,14.712,14.712,2,7.785,0.010,0,74.10,0.000,0,24.07,0.293,100,0.55,14.401,49,50.00,0.00,0,5.4,0.077
1249,9653.632,AllocLarge,2B,0.379,20.0,0.000,0.00,15.512,11.512,2,7.785,0.010,0,66.72,0.000,0,24.07,0.293,100,0.55,11.201,56,35.72,0.00,0,7.9,0.144
1250,9659.130,AllocLarge,2B,0.204,0.0,0.000,0.00,14.712,14.712,2,7.785,0.010,0,74.10,0.000,0,24.07,0.293,100,0.55,14.401,49,50.00,0.00,0,4.1,0.074
1251,9663.225,AllocLarge,2B,0.194,16.7,0.000,0.00,15.512,11.512,2,7.785,0.010,0,74.10,0.000,0,24.07,0.293,100,0.55,11.201,56,35.72,0.00,0,4.5,0.074
1252,9668.657,AllocLarge,2B,0.242,16.7,0.000,0.00,14.712,14.712,2,7.785,0.010,0,74.10,0.000,0,24.07,0.293,100,0.55,14.401,49,50.00,0.00,0,4.6,0.076
1253,9672.878,AllocLarge,2B,0.384,20.0,0.000,0.00,15.512,11.512,2,7.785,0.010,0,66.72,0.000,0,24.07,0.293,100,0.55,11.201,56,35.72,0.00,0,8.1,0.083
1254,9678.650,AllocLarge,2B,0.239,0.0,0.000,0.00,14.712,14.712,2,7.785,0.010,0,74.10,0.000,0,24.07,0.293,100,0.55,14.401,49,50.00,0.00,0,4.5,0.081
1255,9682.742,AllocLarge,2B,0.211,16.7,0.000,0.00,15.512,11.512,2,7.785,0.010,0,66.72,0.000,0,24.07,0.293,100,0.55,11.201,56,35.72,0.00,0,4.9,0.075
1256,9688.206,AllocLarge,2B,0.258,16.7,0.107,20.38,14.712,14.712,2,7.785,0.010,0,74.10,0.000,0,24.07,0.293,100,0.55,14.401,49,50.00,0.00,0,4.9,0.076
1257,9692.385,AllocLarge,2B,0.248,0.0,0.000,0.00,15.512,11.512,2,7.785,0.010,0,66.72,0.000,0,24.07,0.293,100,0.55,11.201,56,35.72,0.00,0,5.6,0.084
1258,9697.838,AllocLarge,2B,0.207,0.0,0.000,0.00,14.712,14.712,2,7.785,0.010,0,74.10,0.000,0,24.07,0.293,100,0.55,14.401,49,50.00,0.00,0,4.1,0.074
1259,9701.882,AllocLarge,2B,0.220,0.0,0.000,0.00,15.512,11.512,2,7.785,0.010,0,74.10,0.000,0,24.07,0.293,100,0.55,11.201,56,35.72,0.00,0,5.1,0.073
1260,9707.575,AllocLarge,2B,0.225,0.0,0.000,0.00,14.712,14.712,2,7.785,0.010,0,74.10,0.000,0,24.07,0.293,100,0.55,14.401,49,50.00,0.00,0,4.1,0.077
1261,9711.652,AllocLarge,2B,0.217,20.0,0.000,0.00,15.512,11.512,2,7.785,0.010,0,66.72,0.000,0,24.07,0.293,100,0.55,11.201,56,35.72,0.00,0,5.0,0.076
1262,9717.042,AllocLarge,2B,0.215,0.0,0.000,0.00,14.712,14.712,2,7.785,0.010,0,74.10,0.000,0,24.07,0.293,100,0.55,14.401,49,50.00,0.00,0,4.2,0.075
1263,9721.108,AllocLarge,2B,0.254,16.7,0.000,0.00,15.512,11.512,2,7.785,0.010,0,66.72,0.000,0,24.07,0.293,100,0.55,11.201,56,35.72,0.00,0,5.7,0.118
1264,9726.549,AllocLarge,2B,0.209,0.0,0.000,0.00,14.712,14.712,2,7.785,0.010,0,74.10,0.000,0,24.07,0.293,100,0.55,14.401,49,50.00,0.00,0,4.2,0.074
1265,9730.666,AllocLarge,2B,0.267,20.0,0.000,0.00,15.512,11.512,2,7.785,0.010,0,66.72,0.000,0,24.07,0.293,100,0.55,11.201,56,35.72,0.00,0,5.8,0.087
1266,9736.099,AllocLarge,2B,0.248,0.0,0.000,0.00,15.512,14.712,2,7.785,0.010,0,74.10,0.000,0,24.07,0.293,100,0.55,14.401,47,50.00,0.00,0,4.9,0.114
1267,9740.269,AllocLarge,2B,0.235,0.0,0.000,0.00,15.512,11.512,2,7.785,0.010,0,66.72,0.000,0,24.07,0.293,100,0.55,11.201,56,35.72,0.00,0,5.3,0.077
1268,9745.707,AllocLarge,2B,0.237,0.0,0.000,0.00,14.712,14.712,2,7.785,0.010,0,74.10,0.000,0,24.07,0.293,100,0.55,14.401,49,50.00,0.00,0,4.6,0.076
1269,9749.802,AllocLarge,2B,0.225,16.7,0.000,0.00,15.512,11.512,2,7.785,0.010,0,66.72,0.000,0,24.07,0.293,100,0.55,11.201,56,35.72,0.00,0,5.2,0.075
1270,9755.231,AllocLarge,2B,0.218,0.0,0.000,0.00,14.712,14.712,2,7.785,0.010,0,74.10,0.000,0,24.07,0.293,100,0.55,14.401,49,50.00,0.00,0,4.3,0.075
1271,9759.338,AllocLarge,2B,0.244,20.0,0.000,0.00,15.512,11.512,2,7.785,0.010,0,66.72,0.000,0,24.07,0.293,100,0.55,11.201,56,35.72,0.00,0,5.5,0.091
1272,9764.720,AllocLarge,2B,0.199,0.0,0.000,0.00,14.712,14.712,2,7.785,0.010,0,74.10,0.000,0,24.07,0.293,100,0.55,14.401,49,50.00,0.00,0,3.9,0.074
1273,9768.812,AllocLarge,2B,0.271,20.0,0.000,0.00,15.512,11.512,2,7.785,0.010,0,66.72,0.000,0,24.07,0.293,100,0.55,11.201,56,35.72,0.00,0,6.1,0.115
1274,9774.311,AllocLarge,2B,0.262,14.3,0.000,0.00,14.712,14.712,2,7.785,0.010,0,78.88,0.000,0,24.07,0.293,100,0.55,14.401,49,50.00,0.00,0,5.0,0.088
1275,9778.481,AllocLarge,2B,0.218,0.0,0.000,0.00,15.512,11.512,2,7.785,0.010,0,66.72,0.000,0,24.07,0.293,100,0.55,11.201,56,35.72,0.00,0,5.0,0.078
1276,9783.833,AllocLarge,2B,0.215,16.7,0.000,0.00,14.712,14.712,2,7.785,0.010,0,74.10,0.000,0,24.07,0.293,100,0.55,14.401,49,50.00,0.00,0,4.2,0.073
1277,9787.909,AllocLarge,2B,0.210,0.0,0.000,0.00,15.512,11.512,2,7.785,0.010,0,66.72,0.000,0,24.07,0.293,100,0.55,11.201,56,35.72,0.00,0,4.8,0.075
1278,9793.445,AllocLarge,2B,0.244,0.0,0.000,0.00,14.712,14.712,2,7.785,0.010,0,74.10,0.000,0,24.07,0.293,100,0.55,14.401,49,50.00,0.00,0,4.6,0.076
1279,9797.572,AllocLarge,2B,0.214,20.0,0.000,0.00,15.512,11.512,2,7.785,0.010,0,66.72,0.000,0,24.07,0.293,100,0.55,11.201,56,35.72,0.00,0,4.9,0.077
1280,9802.930,AllocLarge,2B,0.204,0.0,0.107,20.94,14.712,14.712,2,7.785,0.010,0,74.10,0.000,0,24.07,0.293,100,0.55,14.401,49,50.00,0.00,0,4.0,0.075
1281,9807.070,AllocLarge,2B,0.302,0.0,0.000,0.00,15.512,11.512,2,7.785,0.010,0,66.72,0.000,0,24.07,0.293,100,0.55,11.201,56,35.72,0.00,0,6.7,0.105
1282,9812.734,AllocLarge,2B,0.246,0.0,0.000,0.00,14.712,14.712,2,7.785,0.010,0,74.10,0.000,0,24.07,0.293,100,0.55,14.401,49,50.00,0.00,0,4.6,0.076
1283,9816.813,AllocLarge,2B,0.228,20.0,0.000,0.00,15.512,11.512,2,7.785,0.010,0,74.10,0.000,0,24.07,0.293,100,0.55,11.201,56,35.72,0.00,0,5.4,0.092
1284,9822.442,AllocLarge,2B,0.291,16.7,0.000,0.00,14.712,14.712,2,7.785,0.010,0,78.88,0.000,0,24.07,0.293,100,0.55,14.401,49,50.00,0.00,0,5.3,0.114
1285,9826.669,AllocLarge,2B,0.248,20.0,0.000,0.00,15.512,11.512,2,7.785,0.010,0,66.72,0.000,0,24.07,0.293,100,0.55,11.201,56,35.72,0.00,0,5.5,0.079
1286,9832.001,AllocLarge,2B,0.197,0.0,0.000,0.00,14.712,14.712,2,7.785,0.010,0,74.10,0.000,0,24.07,0.293,100,0.55,14.401,49,50.00,0.00,0,4.0,0.073
1287,9836.123,AllocLarge,2B,0.268,0.0,0.000,0.00,15.512,11.512,2,7.785,0.010,0,74.10,0.000,0,24.07,0.293,100,0.55,11.201,56,35.72,0.00,0,6.0,0.077
1288,9841.681,AllocLarge,2B,0.224,16.7,0.000,0.00,14.712,14.712,2,7.785,0.010,0,74.10,0.000,0,24.07,0.293,100,0.55,14.401,49,50.00,0.00,0,4.2,0.076
1289,9845.954,AllocLarge,2B,0.361,16.7,0.000,0.00,15.512,11.512,2,7.785,0.010,0,66.72,0.000,0,24.07,0.293,100,0.55,11.201,56,35.72,0.00,0,7.7,0.109
1290,9851.488,AllocLarge,2B,0.235,0.0,0.000,0.00,14.712,14.712,2,7.785,0.010,0,74.10,0.000,0,24.07,0.293,100,0.55,14.401,49,50.00,0.00,0,4.6,0.075
1291,9855.708,AllocLarge,2B,0.274,14.3,0.000,0.00,15.512,11.512,2,7.785,0.010,0,66.72,0.000,0,24.07,0.293,100,0.55,11.201,56,35.72,0.00,0,5.6,0.068
1292,9861.346,AllocLarge,2B,0.227,0.0,0.000,0.00,15.512,14.712,2,7.785,0.010,0,74.10,0.000,0,24.07,0.293,100,0.55,14.401,47,50.00,0.00,0,4.5,0.082
1293,9865.521,AllocLarge,2B,0.230,20.0,0.000,0.00,15.512,11.512,2,7.785,0.010,0,66.72,0.000,0,24.07,0.293,100,0.55,11.201,56,35.72,0.00,0,5.1,0.076
1294,9871.010,AllocLarge,2B,0.318,0.0,0.000,0.00,14.712,14.712,2,7.785,0.010,0,74.10,0.000,0,24.07,0.293,100,0.55,14.401,49,50.00,0.00,0,6.0,0.143
1295,9875.392,AllocLarge,2B,0.241,0.0,0.000,0.00,15.512,11.512,2,7.785,0.010,0,66.72,0.000,0,24.07,0.293,100,0.55,11.201,56,35.72,0.00,0,5.4,0.078
1296,9880.751,AllocLarge,2B,0.236,14.3,0.000,0.00,14.712,14.712,2,7.785,0.010,0,74.10,0.000,0,24.07,0.293,100,0.55,14.401,49,50.00,0.00,0,4.6,0.115
1297,9884.806,AllocLarge,2B,0.237,0.0,0.000,0.00,15.512,11.512,2,7.785,0.010,0,66.72,0.000,0,24.07,0.293,100,0.55,11.201,56,35.72,0.00,0,5.3,0.085
1298,9890.470,AllocLarge,2B,0.264,0.0,0.000,0.00,14.712,14.712,2,7.785,0.010,0,74.10,0.000,0,24.07,0.293,100,0.55,14.401,49,50.00,0.00,0,4.9,0.081
1299,9894.618,AllocLarge,2B,0.235,20.0,0.000,0.00,15.512,11.512,2,7.785,0.010,0,66.72,0.000,0,24.07,0.293,100,0.55,11.201,56,35.72,0.00,0,5.4,0.091
1300,9899.983,AllocLarge,2B,0.198,0.0,0.000,0.00,14.712,14.712,2,7.785,0.010,0,74.10,0.000,0,24.07,0.293,100,0.55,14.401,49,50.00,0.00,0,3.9,0.072
1301,9904.209,AllocLarge,2B,0.295,16.7,0.000,0.00,15.512,11.512,2,7.785,0.010,0,66.72,0.000,0,24.07,0.293,100,0.55,11.201,56,35.72,0.00,0,6.3,0.083
1302,9909.751,AllocLarge,2B,0.258,0.0,0.000,0.00,14.712,14.712,2,7.785,0.010,0,74.10,0.000,0,24.07,0.293,100,0.55,14.401,49,50.00,0.00,0,5.0,0.092
1303,9913.834,AllocLarge,2B,0.206,20.0,0.000,0.00,15.512,11.512,2,7.785,0.010,0,66.72,0.000,0,24.07,0.293,100,0.55,11.201,56,35.72,0.00,0,4.8,0.074
1304,9919.223,AllocLarge,2B,0.243,0.0,0.107,20.76,14.712,14.712,2,7.785,0.010,0,74.10,0.000,0,24.07,0.293,100,0.55,14.401,49,50.00,0.00,0,4.7,0.105
1305,9923.435,AllocLarge,2B,0.279,20.0,0.000,0.00,15.512,11.512,2,7.785,0.010,0,66.72,0.000,0,24.07,0.293,100,0.55,11.201,56,35.72,0.00,0,6.0,0.085
1306,9928.857,AllocLarge,2B,0.203,0.0,0.000,0.00,15.512,14.712,2,7.785,0.010,0,74.10,0.000,0,24.07,0.293,100,0.55,14.401,47,50.00,0.00,0,4.1,0.073
1307,9932.922,AllocLarge,2B,0.204,20.0,0.000,0.00,15.512,11.512,2,7.785,0.010,0,66.72,0.000,0,24.07,0.293,100,0.55,11.201,56,35.72,0.00,0,4.6,0.074
1308,9938.507,AllocLarge,2B,0.262,0.0,0.000,0.00,14.712,14.712,2,7.785,0.010,0,74.10,0.000,0,24.07,0.293,100,0.55,14.401,49,50.00,0.00,0,4.9,0.079
1309,9942.656,AllocLarge,2B,0.222,0.0,0.000,0.00,15.512,11.520,2,7.785,0.018,0,39.80,0.000,0,24.07,0.293,100,0.55,11.201,56,35.72,0.00,0,5.1,0.075
1310,9948.087,AllocLarge,2B,0.195,0.0,0.000,0.00,14.712,14.712,2,7.785,0.010,0,71.58,0.000,0,24.07,0.293,100,0.55,14.401,49,50.00,0.00,0,3.8,0.073
1311,9952.161,AllocLarge,2B,0.304,0.0,0.000,0.00,15.512,11.512,2,7.785,0.010,0,62.83,0.000,0,24.07,0.293,100,0.55,11.201,56,35.72,0.00,0,6.8,0.107
1312,9957.759,AllocLarge,2B,0.257,0.0,0.000,0.00,14.712,14.712,2,7.785,0.010,0,71.58,0.000,0,24.07,0.293,100,0.55,14.401,49,50.00,0.00,0,4.9,0.087
1313,9961.932,AllocLarge,2B,0.213,20.0,0.000,0.00,15.512,11.512,2,7.785,0.010,0,64.45,0.000,0,24.07,0.293,100,0.55,11.201,56,35.72,0.00,0,4.9,0.076
1314,9967.263,AllocLarge,2B,0.198,0.0,0.000,0.00,14.712,14.712,2,7.785,0.010,0,71.58,0.000,0,24.07,0.293,100,0.55,14.401,49,50.00,0.00,0,3.9,0.073
1315,9971.325,AllocLarge,2B,0.222,20.0,0.000,0.00,15.512,11.512,2,7.785,0.010,0,64.45,0.000,0,24.07,0.293,100,0.55,11.201,56,35.72,0.00,0,5.0,0.076
1316,9976.609,AllocLarge,2B,0.192,0.0,0.000,0.00,14.712,14.712,2,7.785,0.010,0,71.58,0.000,0,24.07,0.293,100,0.55,14.401,49,50.00,0.00,0,3.9,0.072
1317,9980.681,AllocLarge,2B,0.215,20.0,0.000,0.00,15.512,11.512,2,7.785,0.010,0,64.45,0.000,0,24.07,0.293,100,0.55,11.201,56,35.72,0.00,0,4.9,0.089
1318,9986.009,AllocLarge,2B,0.208,0.0,0.000,0.00,14.712,14.712,2,7.785,0.010,0,71.58,0.000,0,24.07,0.293,100,0.55,14.401,49,50.00,0.00,0,4.1,0.084
1319,9990.165,AllocLarge,2B,0.349,20.0,0.000,0.00,15.512,11.512,2,7.785,0.010,0,64.45,0.000,0,24.07,0.293,100,0.55,11.201,56,35.72,0.00,0,7.6,0.084
1320,9995.773,AllocLarge,2B,0.204,0.0,0.000,0.00,14.712,14.712,2,7.785,0.010,0,71.58,0.000,0,24.07,0.293,100,0.55,14.401,49,50.00,0.00,0,4.0,0.073
1321,10000.180,AllocLarge,2B,0.294,16.7,0.000,0.00,15.512,11.512,2,7.785,0.010,0,64.45,0.000,0,24.07,0.293,100,0.55,11.201,56,35.72,0.00,0,6.1,0.084
1322,10005.950,AllocLarge,2B,0.281,16.7,0.000,0.00,14.712,14.712,2,7.785,0.010,0,71.58,0.000,0,24.07,0.293,100,0.55,14.401,49,50.00,0.00,0,5.2,0.079
1323,10010.137,AllocLarge,2B,0.211,0.0,0.000,0.00,15.512,11.512,2,7.785,0.010,0,64.45,0.000,0,24.07,0.293,100,0.55,11.201,56,35.72,0.00,0,4.9,0.076
1324,10015.471,AllocLarge,2B,0.235,16.7,0.000,0.00,14.712,14.712,2,7.785,0.010,0,71.58,0.000,0,24.07,0.293,100,0.55,14.401,49,50.00,0.00,0,4.6,0.076
1325,10019.546,AllocLarge,2B,0.244,0.0,0.000,0.00,15.512,11.512,2,7.785,0.010,0,71.58,0.000,0,24.07,0.293,100,0.55,11.201,56,35.72,0.00,0,5.6,0.076
1326,10025.222,AllocLarge,2B,0.242,0.0,0.106,19.46,14.712,14.712,2,7.785,0.010,0,76.19,0.000,0,24.07,0.293,100,0.55,14.401,49,50.00,0.00,0,4.4,0.077
1327,10029.294,AllocLarge,2B,0.249,25.0,0.000,0.00,15.512,11.512,2,7.785,0.010,0,64.45,0.000,0,24.07,0.293,100,0.55,11.201,56,35.72,0.00,0,5.7,0.095
1328,10034.735,AllocLarge,2B,0.196,0.0,0.000,0.00,14.712,14.712,2,7.785,0.010,0,71.58,0.000,0,24.07,0.293,100,0.55,14.401,49,50.00,0.00,0,3.9,0.073
1329,10038.844,AllocLarge,2B,0.238,20.0,0.000,0.00,15.512,11.512,2,7.785,0.010,0,64.45,0.000,0,24.07,0.293,100,0.55,11.201,56,35.72,0.00,0,5.4,0.094
1330,10044.203,AllocLarge,2B,0.259,14.3,0.000,0.00,14.712,14.712,2,7.785,0.010,0,71.58,0.000,0,24.07,0.293,100,0.55,14.401,49,50.00,0.00,0,4.9,0.108
1331,10048.427,AllocLarge,2B,0.221,0.0,0.000,0.00,15.512,11.512,2,7.785,0.010,0,64.45,0.000,0,24.07,0.293,100,0.55,11.201,56,35.72,0.00,0,5.1,0.074
1332,10053.878,AllocLarge,2B,0.236,16.7,0.000,0.00,14.712,14.712,2,7.785,0.010,0,71.58,0.000,0,24.07,0.293,100,0.55,14.401,49,50.00,0.00,0,4.5,0.076
1333,10057.967,AllocLarge,2B,0.215,0.0,0.000,0.00,15.512,11.512,2,7.785,0.010,0,64.45,0.000,0,24.07,0.293,100,0.55,11.201,56,35.72,0.00,0,5.0,0.075
1334,10063.399,AllocLarge,2B,0.340,16.7,0.000,0.00,14.712,14.712,2,7.785,0.010,0,71.58,0.000,0,24.07,0.293,100,0.55,14.401,49,50.00,0.00,0,6.4,0.141
1335,10067.648,AllocLarge,2B,0.240,0.0,0.000,0.00,15.512,11.512,2,7.785,0.010,0,64.45,0.000,0,24.07,0.293,100,0.55,11.201,56,35.72,0.00,0,5.4,0.078
1336,10073.336,AllocLarge,2B,0.288,14.3,0.000,0.00,14.712,14.712,2,7.785,0.010,0,71.58,0.000,0,24.07,0.293,100,0.55,14.401,49,50.00,0.00,0,5.3,0.081
1337,10077.571,AllocLarge,2B,0.231,0.0,0.000,0.00,15.512,11.512,2,7.785,0.010,0,64.45,0.000,0,24.07,0.293,100,0.55,11.201,56,35.72,0.00,0,5.3,0.077
1338,10083.008,AllocLarge,2B,0.231,16.7,0.000,0.00,14.712,14.712,2,7.785,0.010,0,76.19,0.000,0,24.07,0.293,100,0.55,14.401,49,50.00,0.00,0,4.5,0.096
1339,10087.111,AllocLarge,2B,0.226,0.0,0.000,0.00,15.512,11.512,2,7.785,0.010,0,64.45,0.000,0,24.07,0.293,100,0.55,11.201,56,35.72,0.00,0,5.1,0.076
1340,10092.590,AllocLarge,2B,0.231,0.0,0.000,0.00,14.712,14.712,2,7.785,0.010,0,71.58,0.000,0,24.07,0.293,100,0.55,14.401,49,50.00,0.00,0,4.4,0.076
1341,10096.818,AllocLarge,2B,0.331,20.0,0.000,0.00,15.512,11.512,2,7.785,0.010,0,64.45,0.000,0,24.07,0.293,100,0.55,11.201,56,35.72,0.00,0,7.2,0.155
1342,10102.780,AllocLarge,2B,0.275,16.7,0.000,0.00,14.712,14.712,2,7.785,0.010,0,71.58,0.000,0,24.07,0.293,100,0.55,14.401,49,50.00,0.00,0,4.9,0.088
1343,10107.082,AllocLarge,2B,0.430,28.6,0.000,0.00,15.512,11.512,2,7.785,0.010,0,64.45,0.000,0,24.07,0.293,100,0.55,11.201,56,35.72,0.00,0,8.9,0.102
1344,10113.121,AllocLarge,2B,0.254,0.0,0.000,0.00,15.512,14.712,2,7.785,0.010,0,71.58,0.000,0,24.07,0.293,100,0.55,14.401,47,50.00,0.00,0,4.7,0.081
1345,10117.334,AllocLarge,2B,0.240,20.0,0.000,0.00,15.512,11.512,2,7.785,0.010,0,64.45,0.000,0,24.07,0.293,100,0.55,11.201,56,35.72,0.00,0,5.4,0.094
1346,10122.801,AllocLarge,2B,0.294,16.7,0.000,0.00,14.712,14.712,2,7.785,0.010,0,71.58,0.000,0,24.07,0.293,100,0.55,14.401,49,50.00,0.00,0,5.6,0.078
1347,10127.014,AllocLarge,2B,0.252,20.0,0.000,0.00,15.512,11.512,2,7.785,0.010,0,64.45,0.000,0,24.07,0.293,100,0.55,11.201,56,35.72,0.00,0,5.6,0.081
1348,10132.483,AllocLarge,2B,0.247,0.0,0.000,0.00,14.712,14.712,2,7.785,0.010,0,71.58,0.000,0,24.07,0.293,100,0.55,14.401,49,50.00,0.00,0,4.8,0.076
1349,10136.754,AllocLarge,2B,0.269,20.0,0.000,0.00,15.512,11.512,2,7.785,0.010,0,64.45,0.000,0,24.07,0.293,100,0.55,11.201,56,35.72,0.00,0,5.8,0.080
1350,10142.368,AllocLarge,2B,0.265,14.3,0.107,19.97,14.712,14.712,2,7.785,0.010,0,71.58,0.000,0,24.07,0.293,100,0.55,14.401,49,50.00,0.00,0,4.9,0.081
1351,10146.535,AllocLarge,2B,0.249,0.0,0.000,0.00,15.512,11.512,2,7.785,0.010,0,64.45,0.000,0,24.07,0.293,100,0.55,11.201,56,35.72,0.00,0,5.7,0.084
1352,10152.216,AllocLarge,2B,0.246,14.3,0.000,0.00,14.712,14.712,2,7.785,0.010,0,71.58,0.000,0,24.07,0.293,100,0.55,14.401,49,50.00,0.00,0,4.6,0.073
1353,10156.718,AllocLarge,2B,0.278,20.0,0.000,0.00,15.512,11.512,2,7.785,0.010,0,71.58,0.000,0,24.07,0.293,100,0.55,11.201,56,35.72,0.00,0,5.8,0.080
1354,10162.274,AllocLarge,2B,0.256,16.7,0.000,0.00,14.712,14.712,2,7.785,0.010,0,71.58,0.000,0,24.07,0.293,100,0.55,14.401,49,50.00,0.00,0,4.9,0.075
1355,10166.454,AllocLarge,2B,0.238,0.0,0.000,0.00,15.512,11.512,2,7.785,0.010,0,64.45,0.000,0,24.07,0.293,100,0.55,11.201,56,35.72,0.00,0,5.4,0.075
1356,10172.086,AllocLarge,2B,0.275,0.0,0.000,0.00,14.712,14.712,2,7.785,0.010,0,71.58,0.000,0,24.07,0.293,100,0.55,14.401,49,50.00,0.00,0,5.1,0.079
1357,10176.336,AllocLarge,2B,0.248,20.0,0.000,0.00,15.512,11.512,2,7.785,0.010,0,64.45,0.000,0,24.07,0.293,100,0.55,11.201,56,35.72,0.00,0,5.5,0.077
1358,10181.692,AllocLarge,2B,0.201,0.0,0.000,0.00,14.712,14.712,2,7.785,0.010,0,71.58,0.000,0,24.07,0.293,100,0.55,14.401,49,50.00,0.00,0,4.0,0.075
1359,10185.755,AllocLarge,2B,0.272,0.0,0.000,0.00,15.512,11.512,2,7.785,0.010,0,64.45,0.000,0,24.07,0.293,100,0.55,11.201,56,35.72,0.00,0,6.1,0.081
1360,10191.454,AllocLarge,2B,0.252,0.0,0.000,0.00,14.712,14.712,2,7.785,0.010,0,71.58,0.000,0,24.07,0.293,100,0.55,14.401,49,50.00,0.00,0,4.7,0.079
1361,10195.542,AllocLarge,2B,0.213,25.0,0.000,0.00,15.512,11.512,2,7.785,0.010,0,71.58,0.000,0,24.07,0.293,100,0.55,11.201,56,35.72,0.00,0,5.0,0.074
1362,10200.956,AllocLarge,2B,0.212,0.0,0.000,0.00,14.712,14.712,2,7.785,0.010,0,71.58,0.000,0,24.07,0.293,100,0.55,14.401,49,50.00,0.00,0,4.1,0.074
1363,10205.182,AllocLarge,2B,0.243,0.0,0.000,0.00,15.512,11.512,2,7.785,0.010,0,64.45,0.000,0,24.07,0.293,100,0.55,11.201,56,35.72,0.00,0,5.3,0.079
1364,10210.589,AllocLarge,2B,0.246,16.7,0.000,0.00,14.712,14.712,2,7.785,0.010,0,71.58,0.000,0,24.07,0.293,100,0.55,14.401,49,50.00,0.00,0,4.8,0.074
1365,10214.703,AllocLarge,2B,0.208,0.0,0.000,0.00,15.512,11.512,2,7.785,0.010,0,64.45,0.000,0,24.07,0.293,100,0.55,11.201,56,35.72,0.00,0,4.8,0.076
1366,10220.262,AllocLarge,2B,0.224,16.7,0.000,0.00,14.712,14.712,2,7.785,0.010,0,71.58,0.000,0,24.07,0.293,100,0.55,14.401,49,50.00,0.00,0,4.2,0.076
1367,10224.333,AllocLarge,2B,0.226,0.0,0.000,0.00,15.512,11.512,2,7.785,0.010,0,64.45,0.000,0,24.07,0.293,100,0.55,11.201,56,35.72,0.00,0,5.3,0.082
1368,10229.740,AllocLarge,2B,0.218,0.0,0.000,0.00,14.712,14.712,2,7.785,0.010,0,71.58,0.000,0,24.07,0.293,100,0.55,14.401,49,50.00,0.00,0,4.3,0.075
1369,10233.853,AllocLarge,2B,0.220,20.0,0.000,0.00,15.512,11.512,2,7.785,0.010,0,64.45,0.000,0,24.07,0.293,100,0.55,11.201,56,35.72,0.00,0,5.0,0.076
1370,10239.450,AllocLarge,2B,0.252,0.0,0.000,0.00,14.712,14.712,2,7.785,0.010,0,71.58,0.000,0,24.07,0.293,100,0.55,14.401,49,50.00,0.00,0,4.7,0.078
1371,10243.832,AllocLarge,2B,0.201,20.0,0.000,0.00,15.512,11.512,2,7.785,0.010,0,64.45,0.000,0,24.07,0.293,100,0.55,11.201,56,35.72,0.00,0,4.4,0.075
1372,10249.168,AllocLarge,2B,0.209,0.0,0.000,0.00,14.712,14.712,2,7.785,0.010,0,71.58,0.000,0,24.07,0.293,100,0.55,14.401,49,50.00,0.00,0,4.1,0.074
1373,10253.231,AllocLarge,2B,0.244,0.0,0.000,0.00,15.512,11.512,2,7.785,0.010,0,71.58,0.000,0,24.07,0.293,100,0.55,11.201,56,35.72,0.00,0,5.6,0.079
1374,10259.014,AllocLarge,2B,0.317,16.7,0.107,19.08,14.712,14.712,2,7.785,0.010,0,71.58,0.000,0,24.07,0.293,100,0.55,14.401,49,50.00,0.00,0,5.7,0.078
1375,10263.219,AllocLarge,2B,0.283,0.0,0.000,0.00,15.512,11.512,2,7.785,0.010,0,64.45,0.000,0,24.07,0.293,100,0.55,11.201,56,35.72,0.00,0,6.4,0.111
1376,10268.688,AllocLarge,2B,0.267,16.7,0.000,0.00,14.712,14.712,2,7.785,0.010,0,71.58,0.000,0,24.07,0.293,100,0.55,14.401,49,50.00,0.00,0,5.2,0.075
1377,10272.812,AllocLarge,2B,0.240,20.0,0.000,0.00,15.512,11.512,2,7.785,0.010,0,71.58,0.000,0,24.07,0.293,100,0.55,11.201,56,35.72,0.00,0,5.5,0.098
1378,10278.243,AllocLarge,2B,0.213,0.0,0.000,0.00,14.712,14.712,2,7.785,0.010,0,71.58,0.000,0,24.07,0.293,100,0.55,14.401,49,50.00,0.00,0,4.2,0.074
1379,10282.375,AllocLarge,2B,0.255,16.7,0.000,0.00,15.512,11.512,2,7.785,0.010,0,64.45,0.000,0,24.07,0.293,100,0.55,11.201,56,35.72,0.00,0,5.6,0.077
1380,10287.790,AllocLarge,2B,0.229,0.0,0.000,0.00,14.712,14.712,2,7.785,0.010,0,76.19,0.000,0,24.07,0.293,100,0.55,14.401,49,50.00,0.00,0,4.5,0.076
1381,10291.883,AllocLarge,2B,0.201,20.0,0.000,0.00,15.512,11.512,2,7.785,0.010,0,64.45,0.000,0,24.07,0.293,100,0.55,11.201,56,35.72,0.00,0,4.6,0.074
1382,10297.288,AllocLarge,2B,0.238,14.3,0.000,0.00,14.712,14.712,2,7.785,0.010,0,71.58,0.000,0,24.07,0.293,100,0.55,14.401,49,50.00,0.00,0,4.6,0.076
1383,10301.503,AllocLarge,2B,0.244,0.0,0.000,0.00,15.512,11.512,2,7.785,0.010,0,64.45,0.000,0,24.07,0.293,100,0.55,11.201,56,35.72,0.00,0,5.2,0.052
1384,10307.104,AllocLarge,2B,0.276,0.0,0.000,0.00,15.512,14.712,2,7.785,0.010,0,71.58,0.000,0,24.07,0.293,100,0.55,14.401,47,50.00,0.00,0,5.3,0.107
1385,10311.298,AllocLarge,2B,0.228,16.7,0.000,0.00,15.512,11.512,2,7.785,0.010,0,71.58,0.000,0,24.07,0.293,100,0.55,11.201,56,35.72,0.00,0,5.2,0.076
1386,10316.735,AllocLarge,2B,0.221,0.0,0.000,0.00,14.712,14.712,2,7.785,0.010,0,71.58,0.000,0,24.07,0.293,100,0.55,14.401,49,50.00,0.00,0,4.3,0.079
1387,10321.012,AllocLarge,2B,0.239,20.0,0.000,0.00,15.512,11.512,2,7.785,0.010,0,64.45,0.000,0,24.07,0.293,100,0.55,11.201,56,35.72,0.00,0,5.2,0.078
1388,10326.479,AllocLarge,2B,0.244,0.0,0.000,0.00,14.712,14.712,2,7.785,0.010,0,71.58,0.000,0,24.07,0.293,100,0.55,14.401,49,50.00,0.00,0,4.7,0.079
1389,10330.718,AllocLarge,2B,0.227,20.0,0.000,0.00,15.512,11.512,2,7.785,0.010,0,64.45,0.000,0,24.07,0.293,100,0.55,11.201,56,35.72,0.00,0,5.0,0.077
1390,10336.466,AllocLarge,2B,0.351,16.7,0.000,0.00,14.712,14.712,2,7.785,0.010,0,71.58,0.000,0,24.07,0.293,100,0.55,14.401,49,50.00,0.00,0,6.3,0.079
1391,10340.891,AllocLarge,2B,0.322,0.0,0.000,0.00,15.512,11.512,2,7.785,0.010,0,64.45,0.000,0,24.07,0.293,100,0.55,11.201,56,35.72,0.00,0,6.8,0.104
1392,10346.909,AllocLarge,2B,0.301,28.6,0.000,0.00,14.712,14.712,2,7.785,0.010,0,76.19,0.000,0,24.07,0.293,100,0.55,14.401,49,50.00,0.00,0,5.3,0.100
1393,10351.150,AllocLarge,2B,0.332,0.0,0.000,0.00,15.512,11.512,2,7.785,0.010,0,64.45,0.000,0,24.07,0.293,100,0.55,11.201,56,35.72,0.00,0,7.4,0.076
1394,10357.084,AllocLarge,2B,0.264,0.0,0.000,0.00,14.712,14.712,2,7.785,0.010,0,76.19,0.000,0,24.07,0.293,100,0.55,14.401,49,50.00,0.00,0,4.7,0.090
1395,10361.288,AllocLarge,2B,0.244,16.7,0.000,0.00,15.512,11.512,2,7.785,0.010,0,64.45,0.000,0,24.07,0.293,100,0.55,11.201,56,35.72,0.00,0,5.5,0.075
1396,10366.776,AllocLarge,2B,0.210,0.0,0.000,0.00,14.712,14.712,2,7.785,0.010,0,71.58,0.000,0,24.07,0.293,100,0.55,14.401,49,50.00,0.00,0,4.1,0.074
1397,10371.148,AllocLarge,2B,0.239,0.0,0.000,0.00,15.512,11.512,2,7.785,0.010,0,64.45,0.000,0,24.07,0.293,100,0.55,11.201,56,35.72,0.00,0,5.1,0.077
1398,10376.669,AllocLarge,2B,0.262,16.7,0.107,20.26,14.712,14.712,2,7.785,0.010,0,71.58,0.000,0,24.07,0.293,100,0.55,14.401,49,50.00,0.00,0,5.0,0.099
1399,10380.794,AllocLarge,2B,0.258,0.0,0.000,0.00,15.512,11.512,2,7.785,0.010,0,64.45,0.000,0,24.07,0.293,100,0.55,11.201,56,35.72,0.00,0,5.9,0.101
1400,10386.430,AllocLarge,2B,0.288,16.7,0.000,0.00,14.712,14.712,2,7.785,0.010,0,71.58,0.000,0,24.07,0.293,100,0.55,14.401,49,50.00,0.00,0,5.4,0.150
1401,10391.300,AllocLarge,2B,0.224,0.0,0.000,0.00,15.512,11.512,2,7.785,0.010,0,64.45,0.000,0,24.07,0.293,100,0.55,11.201,56,35.72,0.00,0,4.4,0.077
1402,10396.838,AllocLarge,2B,0.240,0.0,0.000,0.00,14.712,14.712,2,7.785,0.010,0,71.58,0.000,0,24.07,0.293,100,0.55,14.401,49,50.00,0.00,0,4.5,0.080
1403,10400.935,AllocLarge,2B,0.198,0.0,0.000,0.00,15.512,11.512,2,7.785,0.010,0,64.45,0.000,0,24.07,0.293,100,0.55,11.201,56,35.72,0.00,0,4.6,0.074
1404,10406.451,AllocLarge,2B,0.254,0.0,0.000,0.00,14.712,14.712,2,7.785,0.010,0,71.58,0.000,0,24.07,0.293,100,0.55,14.401,49,50.00,0.00,0,4.8,0.077
1405,10410.550,AllocLarge,2B,0.220,16.7,0.000,0.00,15.512,11.512,2,7.785,0.010,0,64.45,0.000,0,24.07,0.293,100,0.55,11.201,56,35.72,0.00,0,5.1,0.095
1406,10415.924,AllocLarge,2B,0.246,20.0,0.000,0.00,14.712,14.712,2,7.785,0.010,0,71.58,0.000,0,24.07,0.293,100,0.55,14.401,49,50.00,0.00,0,4.8,0.073
1407,10420.139,AllocLarge,2B,0.260,20.0,0.000,0.00,15.512,11.512,2,7.785,0.010,0,64.45,0.000,0,24.07,0.293,100,0.55,11.201,56,35.72,0.00,0,5.6,0.063
1408,10425.738,AllocLarge,2B,0.264,0.0,0.000,0.00,15.512,14.712,2,7.785,0.010,0,76.19,0.000,0,24.07,0.293,100,0.55,14.401,47,50.00,0.00,0,5.1,0.078
1409,10430.006,AllocLarge,2B,0.210,16.7,0.000,0.00,15.512,11.512,2,7.785,0.010,0,64.45,0.000,0,24.07,0.293,100,0.55,11.201,56,35.72,0.00,0,4.7,0.074
1410,10435.390,AllocLarge,2B,0.201,0.0,0.000,0.00,14.712,14.712,2,7.785,0.010,0,71.58,0.000,0,24.07,0.293,100,0.55,14.401,49,50.00,0.00,0,3.9,0.074
1411,10439.736,AllocLarge,2B,0.251,20.0,0.000,0.00,15.512,11.512,2,7.785,0.010,0,64.45,0.000,0,24.07,0.293,100,0.55,11.201,56,35.72,0.00,0,5.3,0.079
1412,10445.208,AllocLarge,2B,0.223,0.0,0.000,0.00,14.712,14.712,2,7.785,0.010,0,71.58,0.000,0,24.07,0.293,100,0.55,14.401,49,50.00,0.00,0,4.4,0.076
1413,10449.256,AllocLarge,2B,0.214,16.7,0.000,0.00,15.512,11.512,2,7.785,0.010,0,71.58,0.000,0,24.07,0.293,100,0.55,11.201,56,35.72,0.00,0,5.0,0.094
1414,10454.928,AllocLarge,2B,0.267,16.7,0.000,0.00,14.712,14.712,2,7.785,0.010,0,76.19,0.000,0,24.07,0.293,100,0.55,14.401,49,50.00,0.00,0,4.8,0.090
1415,10459.574,AllocLarge,2B,0.296,0.0,0.000,0.00,15.512,11.512,2,7.785,0.010,0,64.45,0.000,0,24.07,0.293,100,0.55,11.201,56,35.72,0.00,0,6.0,0.086
1416,10465.134,AllocLarge,2B,0.295,20.0,0.000,0.00,14.712,14.712,2,7.785,0.010,0,76.19,0.000,0,24.07,0.293,100,0.55,14.401,49,50.00,0.00,0,5.6,0.089
1417,10469.697,AllocLarge,2B,0.348,20.0,0.000,0.00,15.512,11.512,2,7.785,0.010,0,64.45,0.000,0,24.07,0.293,100,0.55,11.201,56,35.72,0.00,0,7.1,0.124
1418,10475.464,AllocLarge,2B,0.286,0.0,0.000,0.00,14.712,14.712,2,7.785,0.010,0,76.19,0.000,0,24.07,0.293,100,0.55,14.401,49,50.00,0.00,0,5.3,0.114
1419,10479.580,AllocLarge,2B,0.210,20.0,0.000,0.00,15.512,11.512,2,7.785,0.010,0,64.45,0.000,0,24.07,0.293,100,0.55,11.201,56,35.72,0.00,0,4.9,0.075
1420,10484.931,AllocLarge,2B,0.197,0.0,0.000,0.00,14.712,14.712,2,7.785,0.010,0,71.58,0.000,0,24.07,0.293,100,0.55,14.401,49,50.00,0.00,0,3.9,0.074
1421,10489.094,AllocLarge,2B,0.242,0.0,0.000,0.00,15.512,11.512,2,7.785,0.010,0,64.45,0.000,0,24.07,0.293,100,0.55,11.201,56,35.72,0.00,0,5.2,0.067
1422,10494.548,AllocLarge,2B,0.216,0.0,0.107,21.56,15.512,14.712,2,7.785,0.010,0,71.58,0.000,0,24.07,0.293,100,0.55,14.401,47,50.00,0.00,0,4.4,0.074
1423,10498.604,AllocLarge,2B,0.278,20.0,0.000,0.00,15.512,11.512,2,7.785,0.010,0,71.58,0.000,0,24.07,0.293,100,0.55,11.201,56,35.72,0.00,0,6.3,0.081
1424,10504.347,AllocLarge,2B,0.248,0.0,0.000,0.00,14.712,14.712,2,7.785,0.010,0,71.58,0.000,0,24.07,0.293,100,0.55,14.401,49,50.00,0.00,0,4.6,0.095
1425,10508.471,AllocLarge,2B,0.206,20.0,0.000,0.00,15.512,11.512,2,7.785,0.010,0,64.45,0.000,0,24.07,0.293,100,0.55,11.201,56,35.72,0.00,0,4.8,0.077
1426,10513.800,AllocLarge,2B,0.238,0.0,0.000,0.00,14.712,14.712,2,7.785,0.010,0,71.58,0.000,0,24.07,0.293,100,0.55,14.401,49,50.00,0.00,0,4.7,0.088
1427,10518.032,AllocLarge,2B,0.249,16.7,0.000,0.00,15.512,11.512,2,7.785,0.010,0,64.45,0.000,0,24.07,0.293,100,0.55,11.201,56,35.72,0.00,0,5.4,0.077
1428,10523.542,AllocLarge,2B,0.238,0.0,0.000,0.00,14.712,14.712,2,7.785,0.010,0,71.58,0.000,0,24.07,0.293,100,0.55,14.401,49,50.00,0.00,0,4.6,0.078
1429,10527.628,AllocLarge,2B,0.231,20.0,0.000,0.00,15.512,11.512,2,7.785,0.010,0,64.45,0.000,0,24.07,0.293,100,0.55,11.201,56,35.72,0.00,0,5.3,0.089
1430,10533.006,AllocLarge,2B,0.209,0.0,0.000,0.00,14.712,14.712,2,7.785,0.010,0,76.19,0.000,0,24.07,0.293,100,0.55,14.401,49,50.00,0.00,0,4.1,0.072
1431,10537.076,AllocLarge,2B,0.254,16.7,0.000,0.00,15.512,11.512,2,7.785,0.010,0,64.45,0.000,0,24.07,0.293,100,0.55,11.201,56,35.72,0.00,0,5.7,0.083
1432,10542.550,AllocLarge,2B,0.216,0.0,0.000,0.00,14.712,14.712,2,7.785,0.010,0,71.58,0.000,0,24.07,0.293,100,0.55,14.401,49,50.00,0.00,0,4.2,0.074
1433,10546.707,AllocLarge,2B,0.239,20.0,0.000,0.00,15.512,11.512,2,7.785,0.010,0,64.45,0.000,0,24.07,0.293,100,0.55,11.201,56,35.72,0.00,0,5.3,0.081
1434,10552.257,AllocLarge,2B,0.267,14.3,0.000,0.00,14.712,14.712,2,7.785,0.010,0,71.58,0.000,0,24.07,0.293,100,0.55,14.401,49,50.00,0.00,0,5.0,0.078
1435,10556.486,AllocLarge,2B,0.253,20.0,0.000,0.00,15.512,11.512,2,7.785,0.010,0,64.45,0.000,0,24.07,0.293,100,0.55,11.201,56,35.72,0.00,0,5.6,0.077
1436,10562.051,AllocLarge,2B,0.235,14.3,0.000,0.00,14.712,14.712,2,7.785,0.010,0,71.58,0.000,0,24.07,0.293,100,0.55,14.401,49,50.00,0.00,0,4.5,0.048
1437,10566.475,AllocLarge,2B,0.277,16.7,0.000,0.00,15.512,11.512,2,7.785,0.010,0,64.45,0.000,0,24.07,0.293,100,0.55,11.201,56,35.72,0.00,0,5.8,0.078
1438,10572.281,AllocLarge,2B,0.287,14.3,0.000,0.00,14.712,14.712,2,7.785,0.010,0,71.58,0.000,0,24.07,0.293,100,0.55,14.401,49,50.00,0.00,0,5.2,0.087
1439,10576.413,AllocLarge,2B,0.247,0.0,0.000,0.00,15.512,11.512,2,7.785,0.010,0,64.45,0.000,0,24.07,0.293,100,0.55,11.201,56,35.72,0.00,0,5.7,0.102
1440,10581.904,AllocLarge,2B,0.222,0.0,0.000,0.00,14.712,14.712,2,7.785,0.010,0,71.58,0.000,0,24.07,0.293,100,0.55,14.401,49,50.00,0.00,0,4.3,0.074
1441,10585.998,AllocLarge,2B,0.211,20.0,0.000,0.00,15.512,11.512,2,7.785,0.010,0,64.45,0.000,0,24.07,0.293,100,0.55,11.201,56,35.72,0.00,0,4.9,0.076
1442,10591.410,AllocLarge,2B,0.240,16.7,0.000,0.00,14.712,14.712,2,7.785,0.010,0,71.58,0.000,0,24.07,0.293,100,0.55,14.401,49,50.00,0.00,0,4.6,0.083
1443,10595.509,AllocLarge,2B,0.218,0.0,0.000,0.00,15.512,11.512,2,7.785,0.010,0,64.45,0.000,0,24.07,0.293,100,0.55,11.201,56,35.72,0.00,0,5.0,0.075
1444,10600.812,AllocLarge,2B,0.232,16.7,0.000,0.00,14.712,14.712,2,7.785,0.010,0,71.58,0.000,0,24.07,0.293,100,0.55,14.401,49,50.00,0.00,0,4.6,0.106
1445,10604.853,AllocLarge,2B,0.282,40.0,0.000,0.00,15.512,11.512,2,7.785,0.010,0,64.45,0.000,0,24.07,0.293,100,0.55,11.201,56,35.72,0.00,0,6.5,0.075
1446,10610.371,AllocLarge,2B,0.217,0.0,0.107,20.58,14.712,14.712,2,7.785,0.010,0,71.58,0.000,0,24.07,0.293,100,0.55,14.401,49,50.00,0.00,0,4.2,0.075
1447,10614.573,AllocLarge,2B,0.272,16.7,0.000,0.00,15.512,11.512,2,7.785,0.010,0,64.45,0.000,0,24.07,0.293,100,0.55,11.201,56,35.72,0.00,0,5.9,0.083
1448,10620.158,AllocLarge,2B,0.237,0.0,0.000,0.00,14.712,14.712,2,7.785,0.010,0,71.58,0.000,0,24.07,0.293,100,0.55,14.401,49,50.00,0.00,0,4.6,0.082
1449,10624.378,AllocLarge,2B,0.216,20.0,0.000,0.00,15.512,11.512,2,7.785,0.010,0,64.45,0.000,0,24.07,0.293,100,0.55,11.201,56,35.72,0.00,0,4.8,0.075
1450,10629.962,AllocLarge,2B,0.263,0.0,0.000,0.00,14.712,14.712,2,7.785,0.010,0,76.19,0.000,0,24.07,0.293,100,0.55,14.401,49,50.00,0.00,0,4.9,0.087
1451,10634.075,AllocLarge,2B,0.225,20.0,0.000,0.00,15.512,11.512,2,7.785,0.010,0,64.45,0.000,0,24.07,0.293,100,0.55,11.201,56,35.72,0.00,0,5.2,0.074
1452,10639.973,AllocLarge,2B,0.288,0.0,0.000,0.00,14.712,14.712,2,7.785,0.010,0,76.19,0.000,0,24.07,0.293,100,0.55,14.401,49,50.00,0.00,0,5.0,0.116
1453,10644.270,AllocLarge,2B,0.248,0.0,0.000,0.00,15.512,11.512,2,7.785,0.010,0,64.45,0.000,0,24.07,0.293,100,0.55,11.201,56,35.72,0.00,0,5.5,0.078
1454,10649.708,AllocLarge,2B,0.203,16.7,0.000,0.00,14.712,14.712,2,7.785,0.010,0,71.58,0.000,0,24.07,0.293,100,0.55,14.401,49,50.00,0.00,0,3.9,0.074
1455,10654.160,AllocLarge,2B,0.269,0.0,0.000,0.00,15.512,11.512,2,7.785,0.010,0,64.45,0.000,0,24.07,0.293,100,0.55,11.201,56,35.72,0.00,0,5.6,0.085
1456,10659.890,AllocLarge,2B,0.274,0.0,0.000,0.00,14.712,14.712,2,7.785,0.010,0,76.19,0.000,0,24.07,0.293,100,0.55,14.401,49,50.00,0.00,0,5.0,0.089
1457,10664.104,AllocLarge,2B,0.226,20.0,0.000,0.00,15.512,11.512,2,7.785,0.010,0,64.45,0.000,0,24.07,0.293,100,0.55,11.201,56,35.72,0.00,0,5.1,0.074
1458,10669.708,AllocLarge,2B,0.297,0.0,0.000,0.00,14.712,14.712,2,7.785,0.010,0,71.58,0.000,0,24.07,0.293,100,0.55,14.401,49,50.00,0.00,0,5.5,0.141
1459,10673.977,AllocLarge,2B,0.246,0.0,0.000,0.00,15.512,11.512,2,7.785,0.010,0,64.45,0.000,0,24.07,0.293,100,0.55,11.201,56,35.72,0.00,0,5.5,0.076
1460,10679.374,AllocLarge,2B,0.235,16.7,0.000,0.00,14.712,14.712,2,7.785,0.010,0,71.58,0.000,0,24.07,0.293,100,0.55,14.401,49,50.00,0.00,0,4.6,0.074
1461,10683.563,AllocLarge,2B,0.213,0.0,0.000,0.00,15.512,11.512,2,7.785,0.010,0,64.45,0.000,0,24.07,0.293,100,0.55,11.201,56,35.72,0.00,0,4.8,0.075
1462,10689.333,AllocLarge,2B,0.263,0.0,0.000,0.00,14.712,14.712,2,7.785,0.010,0,76.19,0.000,0,24.07,0.293,100,0.55,14.401,49,50.00,0.00,0,4.7,0.078
1463,10693.798,AllocLarge,2B,0.295,0.0,0.000,0.00,15.512,11.512,2,7.785,0.010,0,64.45,0.000,0,24.07,0.293,100,0.55,11.201,56,35.72,0.00,0,6.2,0.102
1464,10699.408,AllocLarge,2B,0.224,0.0,0.000,0.00,14.712,14.712,2,7.785,0.010,0,71.58,0.000,0,24.07,0.293,100,0.55,14.401,49,50.00,0.00,0,4.3,0.075
1465,10703.649,AllocLarge,2B,0.321,16.7,0.000,0.00,15.512,11.512,2,7.785,0.010,0,71.58,0.000,0,24.07,0.293,100,0.55,11.201,56,35.72,0.00,0,6.9,0.146
1466,10709.482,AllocLarge,2B,0.284,0.0,0.000,0.00,14.712,14.712,2,7.785,0.010,0,71.58,0.000,0,24.07,0.293,100,0.55,14.401,49,50.00,0.00,0,5.1,0.094
1467,10713.746,AllocLarge,2B,0.224,0.0,0.000,0.00,15.512,11.512,2,7.785,0.010,0,64.45,0.000,0,24.07,0.293,100,0.55,11.201,56,35.72,0.00,0,5.0,0.075
1468,10719.163,AllocLarge,2B,0.264,0.0,0.000,0.00,14.712,14.712,2,7.785,0.010,0,71.58,0.000,0,24.07,0.293,100,0.55,14.401,49,50.00,0.00,0,5.0,0.080
1469,10723.379,AllocLarge,2B,0.231,20.0,0.000,0.00,15.512,11.512,2,7.785,0.010,0,64.45,0.000,0,24.07,0.293,100,0.55,11.201,56,35.72,0.00,0,5.2,0.078
1470,10728.849,AllocLarge,2B,0.223,33.3,0.107,20.51,14.712,14.712,2,7.785,0.010,0,71.58,0.000,0,24.07,0.293,100,0.55,14.401,49,50.00,0.00,0,4.3,0.075
1471,10732.905,AllocLarge,2B,0.215,0.0,0.000,0.00,15.512,11.512,2,7.785,0.010,0,71.58,0.000,0,24.07,0.293,100,0.55,11.201,56,35.72,0.00,0,5.0,0.081
1472,10738.433,AllocLarge,2B,0.251,0.0,0.000,0.00,14.712,14.712,2,7.785,0.010,0,71.58,0.000,0,24.07,0.293,100,0.55,14.401,49,50.00,0.00,0,4.7,0.077
1473,10742.698,AllocLarge,2B,0.247,16.7,0.000,0.00,15.512,11.512,2,7.785,0.010,0,64.45,0.000,0,24.07,0.293,100,0.55,11.201,56,35.72,0.00,0,5.4,0.078
1474,10748.076,AllocLarge,2B,0.205,0.0,0.000,0.00,14.712,14.712,2,7.785,0.010,0,71.58,0.000,0,24.07,0.293,100,0.55,14.401,49,50.00,0.00,0,4.1,0.074
1475,10752.153,AllocLarge,2B,0.239,16.7,0.000,0.00,15.512,11.512,2,7.785,0.010,0,64.45,0.000,0,24.07,0.293,100,0.55,11.201,56,35.72,0.00,0,5.3,0.077
1476,10757.734,AllocLarge,2B,0.281,20.0,0.000,0.00,14.712,14.712,2,7.785,0.010,0,76.19,0.000,0,24.07,0.293,100,0.55,14.401,49,50.00,0.00,0,5.3,0.088
1477,10761.871,AllocLarge,2B,0.223,20.0,0.000,0.00,15.512,11.512,2,7.785,0.010,0,64.45,0.000,0,24.07,0.293,100,0.55,11.201,56,35.72,0.00,0,5.2,0.074
1478,10767.271,AllocLarge,2B,0.209,0.0,0.000,0.00,14.712,14.712,2,7.785,0.010,0,71.58,0.000,0,24.07,0.293,100,0.55,14.401,49,50.00,0.00,0,4.1,0.076
1479,10771.554,AllocLarge,2B,0.334,16.7,0.000,0.00,15.512,11.512,2,7.785,0.010,0,64.45,0.000,0,24.07,0.293,100,0.55,11.201,56,35.72,0.00,0,7.1,0.091
1480,10777.168,AllocLarge,2B,0.238,0.0,0.000,0.00,14.712,14.712,2,7.785,0.010,0,71.58,0.000,0,24.07,0.293,100,0.55,14.401,49,50.00,0.00,0,4.6,0.077
1481,10781.245,AllocLarge,2B,0.203,16.7,0.000,0.00,15.512,11.512,2,7.785,0.010,0,64.45,0.000,0,24.07,0.293,100,0.55,11.201,56,35.72,0.00,0,4.7,0.074
1482,10786.907,AllocLarge,2B,0.256,0.0,0.000,0.00,14.712,14.712,2,7.785,0.010,0,71.58,0.000,0,24.07,0.293,100,0.55,14.401,49,50.00,0.00,0,4.7,0.079
1483,10791.098,AllocLarge,2B,0.274,0.0,0.000,0.00,15.512,11.512,2,7.785,0.010,0,64.45,0.000,0,24.07,0.293,100,0.55,11.201,56,35.72,0.00,0,6.1,0.081
1484,10796.719,AllocLarge,2B,0.251,16.7,0.000,0.00,14.712,14.712,2,7.785,0.010,0,76.19,0.000,0,24.07,0.293,100,0.55,14.401,49,50.00,0.00,0,4.7,0.079
1485,10801.027,AllocLarge,2B,0.245,20.0,0.000,0.00,15.512,11.512,2,7.785,0.010,0,64.45,0.000,0,24.07,0.293,100,0.55,11.201,56,35.72,0.00,0,5.3,0.078
1486,10806.915,AllocLarge,2B,0.250,0.0,0.000,0.00,14.712,14.712,2,7.785,0.010,0,71.58,0.000,0,24.07,0.293,100,0.55,14.401,49,50.00,0.00,0,4.5,0.079
1487,10811.015,AllocLarge,2B,0.258,0.0,0.000,0.00,15.512,11.512,2,7.785,0.010,0,64.45,0.000,0,24.07,0.293,100,0.55,11.201,56,35.72,0.00,0,5.9,0.081
1488,10816.722,AllocLarge,2B,0.250,16.7,0.000,0.00,14.712,14.712,2,7.785,0.010,0,71.58,0.000,0,24.07,0.293,100,0.55,14.401,49,50.00,0.00,0,4.6,0.078
1489,10821.275,AllocLarge,2B,0.247,0.0,0.000,0.00,15.512,11.512,2,7.785,0.010,0,64.45,0.000,0,24.07,0.293,100,0.55,11.201,56,35.72,0.00,0,5.2,0.077
1490,10826.681,AllocLarge,2B,0.285,14.3,0.000,0.00,14.712,14.712,2,7.785,0.010,0,71.58,0.000,0,24.07,0.293,100,0.55,14.401,49,50.00,0.00,0,5.5,0.104
1491,10830.882,AllocLarge,2B,0.253,20.0,0.000,0.00,15.512,11.512,2,7.785,0.010,0,64.45,0.000,0,24.07,0.293,100,0.55,11.201,56,35.72,0.00,0,5.6,0.076
1492,10836.336,AllocLarge,2B,0.203,0.0,0.000,0.00,14.712,14.712,2,7.785,0.010,0,71.58,0.000,0,24.07,0.293,100,0.55,14.401,49,50.00,0.00,0,4.0,0.074
1493,10840.437,AllocLarge,2B,0.219,0.0,0.000,0.00,15.512,11.512,2,7.785,0.010,0,64.45,0.000,0,24.07,0.293,100,0.55,11.201,56,35.72,0.00,0,5.0,0.077
1494,10845.847,AllocLarge,2B,0.222,16.7,0.107,20.53,14.712,14.712,2,7.785,0.010,0,71.58,0.000,0,24.07,0.293,100,0.55,14.401,49,50.00,0.00,0,4.3,0.075
1495,10850.005,AllocLarge,2B,0.308,25.0,0.000,0.00,15.512,11.512,2,7.785,0.010,0,64.45,0.000,0,24.07,0.293,100,0.55,11.201,56,35.72,0.00,0,6.8,0.133
1496,10855.653,AllocLarge,2B,0.225,0.0,0.000,0.00,14.712,14.712,2,7.785,0.010,0,76.19,0.000,0,24.07,0.293,100,0.55,14.401,49,50.00,0.00,0,4.3,0.076
1497,10859.777,AllocLarge,2B,0.205,16.7,0.000,0.00,15.512,11.512,2,7.785,0.010,0,64.45,0.000,0,24.07,0.293,100,0.55,11.201,56,35.72,0.00,0,4.7,0.075
1498,10865.393,AllocLarge,2B,0.270,0.0,0.000,0.00,14.712,14.712,2,7.785,0.010,0,76.19,0.000,0,24.07,0.293,100,0.55,14.401,49,50.00,0.00,0,4.9,0.088
1499,10869.602,AllocLarge,2B,0.249,16.7,0.000,0.00,15.512,11.512,2,7.785,0.010,0,64.45,0.000,0,24.07,0.293,100,0.55,11.201,56,35.72,0.00,0,5.5,0.077
1500,10875.278,AllocLarge,2B,0.256,0.0,0.000,0.00,14.712,14.712,2,7.785,0.010,0,71.58,0.000,0,24.07,0.293,100,0.55,14.401,49,50.00,0.00,0,4.8,0.077
1501,10879.532,AllocLarge,2B,0.273,40.0,0.000,0.00,15.512,11.512,2,7.785,0.010,0,64.45,0.000,0,24.07,0.293,100,0.55,11.201,56,35.72,0.00,0,6.0,0.084
1502,10884.951,AllocLarge,2B,0.209,0.0,0.000,0.00,14.712,14.712,2,7.785,0.010,0,71.58,0.000,0,24.07,0.293,100,0.55,14.401,49,50.00,0.00,0,4.1,0.074
1503,10889.217,AllocLarge,2B,0.295,16.7,0.000,0.00,15.512,11.512,2,7.785,0.010,0,64.45,0.000,0,24.07,0.293,100,0.55,11.201,56,35.72,0.00,0,6.3,0.105
1504,10894.875,AllocLarge,2B,0.297,0.0,0.000,0.00,14.712,14.712,2,7.785,0.010,0,71.58,0.000,0,24.07,0.293,100,0.55,14.401,49,50.00,0.00,0,5.6,0.141
1505,10899.058,AllocLarge,2B,0.207,20.0,0.000,0.00,15.512,11.512,2,7.785,0.010,0,64.45,0.000,0,24.07,0.293,100,0.55,11.201,56,35.72,0.00,0,4.8,0.075
1506,10904.569,AllocLarge,2B,0.228,0.0,0.000,0.00,14.712,14.712,2,7.785,0.010,0,71.58,0.000,0,24.07,0.293,100,0.55,14.401,49,50.00,0.00,0,4.3,0.074
1507,10908.818,AllocLarge,2B,0.214,0.0,0.000,0.00,15.512,11.512,2,7.785,0.010,0,64.45,0.000,0,24.07,0.293,100,0.55,11.201,56,35.72,0.00,0,4.8,0.075
1508,10914.189,AllocLarge,2B,0.208,0.0,0.000,0.00,14.712,14.712,2,7.785,0.010,0,71.58,0.000,0,24.07,0.293,100,0.55,14.401,49,50.00,0.00,0,4.1,0.073
1509,10918.219,AllocLarge,2B,0.198,16.7,0.000,0.00,15.512,11.512,2,7.785,0.010,0,64.45,0.000,0,24.07,0.293,100,0.55,11.201,56,35.72,0.00,0,4.6,0.075
1510,10923.889,AllocLarge,2B,0.269,16.7,0.000,0.00,14.712,14.712,2,7.785,0.010,0,76.19,0.000,0,24.07,0.293,100,0.55,14.401,49,50.00,0.00,0,4.8,0.089
1511,10928.121,AllocLarge,2B,0.268,20.0,0.000,0.00,15.512,11.512,2,7.785,0.010,0,64.45,0.000,0,24.07,0.293,100,0.55,11.201,56,35.72,0.00,0,5.9,0.083
1512,10933.529,AllocLarge,2B,0.204,0.0,0.000,0.00,14.712,14.712,2,7.785,0.010,0,71.58,0.000,0,24.07,0.293,100,0.55,14.401,49,50.00,0.00,0,4.1,0.074
1513,10938.018,AllocLarge,2B,0.286,14.3,0.000,0.00,15.512,11.512,2,7.785,0.010,0,64.45,0.000,0,24.07,0.293,100,0.55,11.201,56,35.72,0.00,0,5.9,0.087
1514,10943.606,AllocLarge,2B,0.246,0.0,0.000,0.00,14.712,14.712,2,7.785,0.010,0,71.58,0.000,0,24.07,0.293,100,0.55,14.401,49,50.00,0.00,0,4.7,0.077
1515,10947.710,AllocLarge,2B,0.201,0.0,0.000,0.00,15.512,11.512,2,7.785,0.010,0,64.45,0.000,0,24.07,0.293,100,0.55,11.201,56,35.72,0.00,0,4.7,0.074
1516,10953.277,AllocLarge,2B,0.365,16.7,0.000,0.00,14.712,14.712,2,7.785,0.010,0,76.19,0.000,0,24.07,0.293,100,0.55,14.401,49,50.00,0.00,0,6.7,0.193
1517,10957.768,AllocLarge,2B,0.262,20.0,0.000,0.00,15.512,11.512,2,7.785,0.010,0,64.45,0.000,0,24.07,0.293,100,0.55,11.201,56,35.72,0.00,0,5.6,0.080
1518,10963.193,AllocLarge,2B,0.225,0.0,0.107,21.08,14.712,14.712,2,7.785,0.010,0,71.58,0.000,0,24.07,0.293,100,0.55,14.401,49,50.00,0.00,0,4.4,0.076
1519,10967.251,AllocLarge,2B,0.215,16.7,0.000,0.00,15.512,11.512,2,7.785,0.010,0,64.45,0.000,0,24.07,0.293,100,0.55,11.201,56,35.72,0.00,0,4.8,0.070
1520,10973.192,AllocLarge,2B,0.261,16.7,0.000,0.00,15.512,14.712,2,7.785,0.010,0,71.58,0.000,0,24.07,0.293,100,0.55,14.401,47,50.00,0.00,0,4.6,0.079
1521,10977.467,AllocLarge,2B,0.268,20.0,0.000,0.00,15.512,11.512,2,7.785,0.010,0,64.45,0.000,0,24.07,0.293,100,0.55,11.201,56,35.72,0.00,0,5.9,0.077
1522,10982.975,AllocLarge,2B,0.213,0.0,0.000,0.00,14.712,14.712,2,7.785,0.010,0,71.58,0.000,0,24.07,0.293,100,0.55,14.401,49,50.00,0.00,0,4.1,0.074
1523,10987.540,AllocLarge,2B,0.395,0.0,0.000,0.00,15.512,11.512,2,7.785,0.010,0,64.45,0.000,0,24.07,0.293,100,0.55,11.201,56,35.72,0.00,0,7.7,0.125
1524,10993.271,AllocLarge,2B,0.237,0.0,0.000,0.00,14.712,14.712,2,7.785,0.010,0,71.58,0.000,0,24.07,0.293,100,0.55,14.401,49,50.00,0.00,0,4.5,0.077
1525,10997.467,AllocLarge,2B,0.204,0.0,0.000,0.00,15.512,11.512,2,7.785,0.010,0,64.45,0.000,0,24.07,0.293,100,0.55,11.201,56,35.72,0.00,0,4.6,0.075
1526,11002.930,AllocLarge,2B,0.256,0.0,0.000,0.00,14.712,14.712,2,7.785,0.010,0,71.58,0.000,0,24.07,0.293,100,0.55,14.401,49,50.00,0.00,0,4.7,0.048
1527,11007.636,AllocLarge,2B,0.309,16.7,0.000,0.00,15.512,11.512,2,7.785,0.010,0,64.45,0.000,0,24.07,0.293,100,0.55,11.201,56,35.72,0.00,0,6.2,0.115
1528,11013.186,AllocLarge,2B,0.204,0.0,0.000,0.00,14.712,14.712,2,7.785,0.010,0,71.58,0.000,0,24.07,0.293,100,0.55,14.401,49,50.00,0.00,0,4.0,0.074
1529,11017.226,AllocLarge,2B,0.195,16.7,0.000,0.00,15.512,11.512,2,7.785,0.010,0,64.45,0.000,0,24.07,0.293,100,0.55,11.201,56,35.72,0.00,0,4.6,0.074
1530,11022.893,AllocLarge,2B,0.274,0.0,0.000,0.00,14.712,14.712,2,7.785,0.010,0,71.58,0.000,0,24.07,0.293,100,0.55,14.401,49,50.00,0.00,0,4.9,0.089
1531,11027.117,AllocLarge,2B,0.223,20.0,0.000,0.00,15.512,11.512,2,7.785,0.010,0,64.45,0.000,0,24.07,0.293,100,0.55,11.201,56,35.72,0.00,0,5.0,0.076
1532,11032.446,AllocLarge,2B,0.199,0.0,0.000,0.00,14.712,14.712,2,7.785,0.010,0,71.58,0.000,0,24.07,0.293,100,0.55,14.401,49,50.00,0.00,0,4.0,0.073
1533,11036.689,AllocLarge,2B,0.309,0.0,0.000,0.00,15.512,11.512,2,7.785,0.010,0,64.45,0.000,0,24.07,0.293,100,0.55,11.201,56,35.72,0.00,0,6.5,0.116
1534,11042.457,AllocLarge,2B,0.361,16.7,0.000,0.00,14.712,14.712,2,7.785,0.010,0,71.58,0.000,0,24.07,0.293,100,0.55,14.401,49,50.00,0.00,0,6.6,0.201
1535,11046.638,AllocLarge,2B,0.230,0.0,0.000,0.00,15.512,11.512,2,7.785,0.010,0,71.58,0.000,0,24.07,0.293,100,0.55,11.201,56,35.72,0.00,0,5.3,0.079
1536,11052.290,AllocLarge,2B,0.233,0.0,0.000,0.00,14.712,14.712,2,7.785,0.010,0,71.58,0.000,0,24.07,0.293,100,0.55,14.401,49,50.00,0.00,0,4.3,0.077
1537,11056.471,AllocLarge,2B,0.241,20.0,0.000,0.00,15.512,11.512,2,7.785,0.010,0,64.45,0.000,0,24.07,0.293,100,0.55,11.201,56,35.72,0.00,0,5.4,0.084
1538,11061.835,AllocLarge,2B,0.207,0.0,0.000,0.00,14.712,14.712,2,7.785,0.010,0,71.58,0.000,0,24.07,0.293,100,0.55,14.401,49,50.00,0.00,0,4.1,0.075
1539,11065.888,AllocLarge,2B,0.223,20.0,0.000,0.00,15.512,11.512,2,7.785,0.010,0,64.45,0.000,0,24.07,0.293,100,0.55,11.201,56,35.72,0.00,0,5.2,0.097
1540,11071.401,AllocLarge,2B,0.220,0.0,0.000,0.00,14.712,14.712,2,7.785,0.010,0,71.58,0.000,0,24.07,0.293,100,0.55,14.401,49,50.00,0.00,0,4.2,0.075
1541,11075.592,AllocLarge,2B,0.210,16.7,0.000,0.00,15.512,11.512,2,7.785,0.010,0,64.45,0.000,0,24.07,0.293,100,0.55,11.201,56,35.72,0.00,0,4.7,0.074
1542,11080.958,AllocLarge,2B,0.212,0.0,0.107,21.01,14.712,14.712,2,7.785,0.010,0,71.58,0.000,0,24.07,0.293,100,0.55,14.401,49,50.00,0.00,0,4.2,0.073
1543,11085.145,AllocLarge,2B,0.336,20.0,0.000,0.00,15.512,11.512,2,7.785,0.010,0,71.58,0.000,0,24.07,0.293,100,0.55,11.201,56,35.72,0.00,0,7.3,0.111
1544,11090.812,AllocLarge,2B,0.233,0.0,0.000,0.00,14.712,14.712,2,7.785,0.010,0,71.58,0.000,0,24.07,0.293,100,0.55,14.401,49,50.00,0.00,0,4.4,0.077
1545,11094.908,AllocLarge,2B,0.224,20.0,0.000,0.00,15.512,11.512,2,7.785,0.010,0,64.45,0.000,0,24.07,0.293,100,0.55,11.201,56,35.72,0.00,0,5.2,0.074
1546,11100.261,AllocLarge,2B,0.217,0.0,0.000,0.00,14.712,14.712,2,7.785,0.010,0,71.58,0.000,0,24.07,0.293,100,0.55,14.401,49,50.00,0.00,0,4.2,0.074
1547,11104.481,AllocLarge,2B,0.240,20.0,0.000,0.00,15.512,11.512,2,7.785,0.010,0,64.45,0.000,0,24.07,0.293,100,0.55,11.201,56,35.72,0.00,0,5.2,0.078
1548,11109.853,AllocLarge,2B,0.206,0.0,0.000,0.00,14.712,14.712,2,7.785,0.010,0,71.58,0.000,0,24.07,0.293,100,0.55,14.401,49,50.00,0.00,0,4.1,0.076
1549,11113.916,AllocLarge,2B,0.248,16.7,0.000,0.00,15.512,11.512,2,7.785,0.010,0,64.45,0.000,0,24.07,0.293,100,0.55,11.201,56,35.72,0.00,0,5.7,0.112
1550,11119.329,AllocLarge,2B,0.221,0.0,0.000,0.00,14.712,14.712,2,7.785,0.010,0,71.58,0.000,0,24.07,0.293,100,0.55,14.401,49,50.00,0.00,0,4.3,0.077
1551,11123.562,AllocLarge,2B,0.287,0.0,0.000,0.00,15.512,11.512,2,7.785,0.010,0,64.45,0.000,0,24.07,0.293,100,0.55,11.201,56,35.72,0.00,0,6.2,0.085
1552,11129.103,AllocLarge,2B,0.228,0.0,0.000,0.00,14.712,14.712,2,7.785,0.010,0,71.58,0.000,0,24.07,0.293,100,0.55,14.401,49,50.00,0.00,0,4.3,0.075
1553,11133.337,AllocLarge,2B,0.225,16.7,0.000,0.00,15.512,11.512,2,7.785,0.010,0,64.45,0.000,0,24.07,0.293,100,0.55,11.201,56,35.72,0.00,0,5.1,0.076
1554,11138.738,AllocLarge,2B,0.245,20.0,0.000,0.00,14.712,14.712,2,7.785,0.010,0,71.58,0.000,0,24.07,0.293,100,0.55,14.401,49,50.00,0.00,0,4.8,0.076
1555,11142.812,AllocLarge,2B,0.227,20.0,0.000,0.00,15.512,11.512,2,7.785,0.010,0,64.45,0.000,0,24.07,0.293,100,0.55,11.201,56,35.72,0.00,0,5.3,0.075
1556,11148.280,AllocLarge,2B,0.304,0.0,0.000,0.00,14.712,14.712,2,7.785,0.010,0,71.58,0.000,0,24.07,0.293,100,0.55,14.401,49,50.00,0.00,0,5.7,0.078
1557,11152.617,AllocLarge,2B,0.234,0.0,0.000,0.00,15.512,11.512,2,7.785,0.010,0,64.45,0.000,0,24.07,0.293,100,0.55,11.201,56,35.72,0.00,0,5.2,0.076
1558,11158.343,AllocLarge,2B,0.265,0.0,0.000,0.00,14.712,14.712,2,7.785,0.010,0,76.19,0.000,0,24.07,0.293,100,0.55,14.401,49,50.00,0.00,0,4.8,0.087
1559,11162.523,AllocLarge,2B,0.278,25.0,0.000,0.00,15.512,11.512,2,7.785,0.010,0,64.45,0.000,0,24.07,0.293,100,0.55,11.201,56,35.72,0.00,0,6.1,0.087
1560,11168.079,AllocLarge,2B,0.208,0.0,0.000,0.00,14.712,14.712,2,7.785,0.010,0,71.58,0.000,0,24.07,0.293,100,0.55,14.401,49,50.00,0.00,0,4.1,0.074
1561,11172.316,AllocLarge,2B,0.229,16.7,0.000,0.00,15.512,11.512,2,7.785,0.010,0,64.45,0.000,0,24.07,0.293,100,0.55,11.201,56,35.72,0.00,0,5.0,0.078
1562,11177.908,AllocLarge,2B,0.229,0.0,0.000,0.00,14.712,14.712,2,7.785,0.010,0,71.58,0.000,0,24.07,0.293,100,0.55,14.401,49,50.00,0.00,0,4.3,0.075
1563,11181.987,AllocLarge,2B,0.220,16.7,0.000,0.00,15.512,11.512,2,7.785,0.010,0,64.45,0.000,0,24.07,0.293,100,0.55,11.201,56,35.72,0.00,0,5.1,0.074
1564,11187.497,AllocLarge,2B,0.224,0.0,0.000,0.00,14.712,14.712,2,7.785,0.010,0,71.58,0.000,0,24.07,0.293,100,0.55,14.401,49,50.00,0.00,0,4.3,0.076
1565,11191.675,AllocLarge,2B,0.217,20.0,0.000,0.00,15.512,11.512,2,7.785,0.010,0,71.58,0.000,0,24.07,0.293,100,0.55,11.201,56,35.72,0.00,0,4.9,0.092
1566,11197.146,AllocLarge,2B,0.257,0.0,0.107,20.19,14.712,14.712,2,7.785,0.010,0,71.58,0.000,0,24.07,0.293,100,0.55,14.401,49,50.00,0.00,0,4.9,0.076
1567,11201.242,AllocLarge,2B,0.237,16.7,0.000,0.00,15.512,11.512,2,7.785,0.010,0,64.45,0.000,0,24.07,0.293,100,0.55,11.201,56,35.72,0.00,0,5.4,0.082
1568,11206.863,AllocLarge,2B,0.225,0.0,0.000,0.00,14.712,14.712,2,7.785,0.010,0,71.58,0.000,0,24.07,0.293,100,0.55,14.401,49,50.00,0.00,0,4.2,0.077
1569,11211.071,AllocLarge,2B,0.236,20.0,0.000,0.00,15.512,11.512,2,7.785,0.010,0,64.45,0.000,0,24.07,0.293,100,0.55,11.201,56,35.72,0.00,0,5.3,0.075
1570,11216.463,AllocLarge,2B,0.220,0.0,0.000,0.00,14.712,14.712,2,7.785,0.010,0,71.58,0.000,0,24.07,0.293,100,0.55,14.401,49,50.00,0.00,0,4.3,0.076
1571,11220.691,AllocLarge,2B,0.232,16.7,0.000,0.00,15.512,11.512,2,7.785,0.010,0,64.45,0.000,0,24.07,0.293,100,0.55,11.201,56,35.72,0.00,0,5.0,0.075
1572,11226.287,AllocLarge,2B,0.259,0.0,0.000,0.00,14.712,14.712,2,7.785,0.010,0,71.58,0.000,0,24.07,0.293,100,0.55,14.401,49,50.00,0.00,0,4.9,0.080
1573,11230.525,AllocLarge,2B,0.221,16.7,0.000,0.00,15.512,11.512,2,7.785,0.010,0,64.45,0.000,0,24.07,0.293,100,0.55,11.201,56,35.72,0.00,0,4.9,0.075
1574,11235.976,AllocLarge,2B,0.204,0.0,0.000,0.00,14.712,14.712,2,7.785,0.010,0,71.58,0.000,0,24.07,0.293,100,0.55,14.401,49,50.00,0.00,0,4.0,0.073
1575,11240.315,AllocLarge,2B,0.266,0.0,0.000,0.00,15.512,11.512,2,7.785,0.010,0,64.45,0.000,0,24.07,0.293,100,0.55,11.201,56,35.72,0.00,0,5.6,0.084
1576,11245.731,AllocLarge,2B,0.233,20.0,0.000,0.00,14.712,14.712,2,7.785,0.010,0,71.58,0.000,0,24.07,0.293,100,0.55,14.401,49,50.00,0.00,0,4.6,0.081
1577,11249.812,AllocLarge,2B,0.199,0.0,0.000,0.00,15.512,11.512,2,7.785,0.010,0,71.58,0.000,0,24.07,0.293,100,0.55,11.201,56,35.72,0.00,0,4.6,0.071
1578,11255.910,AllocLarge,2B,0.264,0.0,0.000,0.00,14.712,14.712,2,7.785,0.010,0,71.58,0.000,0,24.07,0.293,100,0.55,14.401,49,50.00,0.00,0,4.4,0.080
1579,11260.277,AllocLarge,2B,0.258,0.0,0.000,0.00,15.512,11.512,2,7.785,0.010,0,64.45,0.000,0,24.07,0.293,100,0.55,11.201,56,35.72,0.00,0,5.6,0.080
1580,11265.709,AllocLarge,2B,0.212,16.7,0.000,0.00,14.712,14.712,2,7.785,0.010,0,71.58,0.000,0,24.07,0.293,100,0.55,14.401,49,50.00,0.00,0,4.2,0.074
1581,11269.951,AllocLarge,2B,0.203,0.0,0.000,0.00,15.512,11.512,2,7.785,0.010,0,64.45,0.000,0,24.07,0.293,100,0.55,11.201,56,35.72,0.00,0,4.6,0.075
1582,11275.559,AllocLarge,2B,0.273,16.7,0.000,0.00,14.712,14.712,2,7.785,0.010,0,76.19,0.000,0,24.07,0.293,100,0.55,14.401,49,50.00,0.00,0,5.0,0.089
1583,11279.716,AllocLarge,2B,0.272,20.0,0.000,0.00,15.512,11.512,2,7.785,0.010,0,64.45,0.000,0,24.07,0.293,100,0.55,11.201,56,35.72,0.00,0,6.1,0.082
1584,11285.295,AllocLarge,2B,0.289,14.3,0.000,0.00,14.712,14.712,2,7.785,0.010,0,71.58,0.000,0,24.07,0.293,100,0.55,14.401,49,50.00,0.00,0,5.5,0.091
1585,11289.649,AllocLarge,2B,0.275,20.0,0.000,0.00,15.512,11.512,2,7.785,0.010,0,64.45,0.000,0,24.07,0.293,100,0.55,11.201,56,35.72,0.00,0,6.0,0.076
1586,11295.041,AllocLarge,2B,0.231,0.0,0.000,0.00,14.712,14.712,2,7.785,0.010,0,71.58,0.000,0,24.07,0.293,100,0.55,14.401,49,50.00,0.00,0,4.6,0.102
1587,11299.214,AllocLarge,2B,0.228,40.0,0.000,0.00,15.512,11.512,2,7.785,0.010,0,64.45,0.000,0,24.07,0.293,100,0.55,11.201,56,35.72,0.00,0,5.1,0.076
1588,11304.886,AllocLarge,2B,0.272,16.7,0.000,0.00,14.712,14.712,2,7.785,0.010,0,71.58,0.000,0,24.07,0.293,100,0.55,14.401,49,50.00,0.00,0,5.0,0.079
1589,11309.100,AllocLarge,2B,0.232,16.7,0.000,0.00,15.512,11.512,2,7.785,0.010,0,64.45,0.000,0,24.07,0.293,100,0.55,11.201,56,35.72,0.00,0,5.2,0.078
1590,11314.638,AllocLarge,2B,0.206,0.0,0.107,20.51,14.712,14.712,2,7.785,0.010,0,71.58,0.000,0,24.07,0.293,100,0.55,14.401,49,50.00,0.00,0,4.0,0.075
1591,11318.873,AllocLarge,2B,0.298,28.6,0.000,0.00,15.512,11.512,2,7.785,0.010,0,64.45,0.000,0,24.07,0.293,100,0.55,11.201,56,35.72,0.00,0,6.3,0.084
1592,11324.511,AllocLarge,2B,0.230,0.0,0.000,0.00,14.712,14.712,2,7.785,0.010,0,71.58,0.000,0,24.07,0.293,100,0.55,14.401,49,50.00,0.00,0,4.5,0.076
1593,11328.776,AllocLarge,2B,0.234,0.0,0.000,0.00,15.512,11.512,2,7.785,0.010,0,64.45,0.000,0,24.07,0.293,100,0.55,11.201,56,35.72,0.00,0,5.2,0.077
1594,11334.222,AllocLarge,2B,0.223,16.7,0.000,0.00,14.712,14.712,2,7.785,0.010,0,71.58,0.000,0,24.07,0.293,100,0.55,14.401,49,50.00,0.00,0,4.3,0.073
1595,11338.403,AllocLarge,2B,0.221,20.0,0.000,0.00,15.512,11.512,2,7.785,0.010,0,64.45,0.000,0,24.07,0.293,100,0.55,11.201,56,35.72,0.00,0,4.9,0.077
1596,11343.842,AllocLarge,2B,0.208,0.0,0.000,0.00,14.712,14.712,2,7.785,0.010,0,71.58,0.000,0,24.07,0.293,100,0.55,14.401,49,50.00,0.00,0,4.1,0.074
1597,11347.886,AllocLarge,2B,0.195,16.7,0.000,0.00,15.512,11.512,2,7.785,0.010,0,71.58,0.000,0,24.07,0.293,100,0.55,11.201,56,35.72,0.00,0,4.6,0.074
1598,11353.473,AllocLarge,2B,0.291,16.7,0.000,0.00,14.712,14.712,2,7.785,0.010,0,71.58,0.000,0,24.07,0.293,100,0.55,14.401,49,50.00,0.00,0,5.3,0.090
1599,11357.929,AllocLarge,2B,0.367,20.0,0.000,0.00,15.512,11.512,2,7.785,0.010,0,64.45,0.000,0,24.07,0.293,100,0.55,11.201,56,35.72,0.00,0,7.5,0.142
1600,11363.673,AllocLarge,2B,0.255,0.0,0.000,0.00,14.712,14.712,2,7.785,0.010,0,71.58,0.000,0,24.07,0.293,100,0.55,14.401,49,50.00,0.00,0,4.8,0.078
1601,11367.805,AllocLarge,2B,0.273,16.7,0.000,0.00,15.512,11.512,2,7.785,0.010,0,64.45,0.000,0,24.07,0.293,100,0.55,11.201,56,35.72,0.00,0,6.2,0.099
1602,11373.395,AllocLarge,2B,0.250,16.7,0.000,0.00,14.712,14.712,2,7.785,0.010,0,71.58,0.000,0,24.07,0.293,100,0.55,14.401,49,50.00,0.00,0,4.7,0.079
1603,11377.511,AllocLarge,2B,0.206,0.0,0.000,0.00,15.512,11.512,2,7.785,0.010,0,64.45,0.000,0,24.07,0.293,100,0.55,11.201,56,35.72,0.00,0,4.8,0.075
1604,11382.803,AllocLarge,2B,0.234,16.7,0.000,0.00,14.712,14.712,2,7.785,0.010,0,71.58,0.000,0,24.07,0.293,100,0.55,14.401,49,50.00,0.00,0,4.6,0.073
1605,11386.907,AllocLarge,2B,0.234,0.0,0.000,0.00,15.512,11.512,2,7.785,0.010,0,64.45,0.000,0,24.07,0.293,100,0.55,11.201,56,35.72,0.00,0,5.3,0.075
1606,11392.337,AllocLarge,2B,0.218,20.0,0.000,0.00,14.712,14.712,2,7.785,0.010,0,71.58,0.000,0,24.07,0.293,100,0.55,14.401,49,50.00,0.00,0,4.3,0.075
1607,11396.424,AllocLarge,2B,0.225,0.0,0.000,0.00,15.512,11.512,2,7.785,0.010,0,64.45,0.000,0,24.07,0.293,100,0.55,11.201,56,35.72,0.00,0,5.2,0.082
1608,11402.002,AllocLarge,2B,0.323,0.0,0.000,0.00,14.712,14.712,2,7.785,0.010,0,71.58,0.000,0,24.07,0.293,100,0.55,14.401,49,50.00,0.00,0,6.0,0.081
1609,11406.259,AllocLarge,2B,0.221,0.0,0.000,0.00,15.512,11.512,2,7.785,0.010,0,71.58,0.000,0,24.07,0.293,100,0.55,11.201,56,35.72,0.00,0,5.0,0.077
1610,11411.632,AllocLarge,2B,0.200,0.0,0.000,0.00,14.712,14.712,2,7.785,0.010,0,71.58,0.000,0,24.07,0.293,100,0.55,14.401,49,50.00,0.00,0,3.9,0.074
1611,11415.826,AllocLarge,2B,0.246,0.0,0.000,0.00,15.512,11.512,2,7.785,0.010,0,71.58,0.000,0,24.07,0.293,100,0.55,11.201,56,35.72,0.00,0,5.4,0.082
1612,11421.530,AllocLarge,2B,0.235,0.0,0.000,0.00,14.712,14.712,2,7.785,0.010,0,71.58,0.000,0,24.07,0.293,100,0.55,14.401,49,50.00,0.00,0,4.4,0.078
1613,11425.624,AllocLarge,2B,0.234,16.7,0.000,0.00,15.512,11.512,2,7.785,0.010,0,71.58,0.000,0,24.07,0.293,100,0.55,11.201,56,35.72,0.00,0,5.4,0.107
1614,11431.117,AllocLarge,2B,0.234,0.0,0.107,20.22,14.712,14.712,2,7.785,0.010,0,71.58,0.000,0,24.07,0.293,100,0.55,14.401,49,50.00,0.00,0,4.4,0.073
1615,11435.340,AllocLarge,2B,0.342,16.7,0.000,0.00,15.512,11.512,2,7.785,0.010,0,64.45,0.000,0,24.07,0.293,100,0.55,11.201,56,35.72,0.00,0,7.4,0.084
1616,11441.303,AllocLarge,2B,0.261,0.0,0.000,0.00,14.712,14.712,2,7.785,0.010,0,76.19,0.000,0,24.07,0.293,100,0.55,14.401,49,50.00,0.00,0,4.7,0.088
1617,11445.428,AllocLarge,2B,0.243,20.0,0.000,0.00,15.512,11.512,2,7.785,0.010,0,64.45,0.000,0,24.07,0.293,100,0.55,11.201,56,35.72,0.00,0,5.6,0.074
1618,11450.871,AllocLarge,2B,0.223,0.0,0.000,0.00,14.712,14.712,2,7.785,0.010,0,71.58,0.000,0,24.07,0.293,100,0.55,14.401,49,50.00,0.00,0,4.3,0.074
1619,11455.214,AllocLarge,2B,0.377,20.0,0.000,0.00,15.512,11.512,2,7.785,0.010,0,64.45,0.000,0,24.07,0.293,100,0.55,11.201,56,35.72,0.00,0,7.8,0.079
1620,11461.240,AllocLarge,2B,0.260,0.0,0.000,0.00,14.712,14.712,2,7.785,0.010,0,71.58,0.000,0,24.07,0.293,100,0.55,14.401,49,50.00,0.00,0,4.7,0.077
1621,11465.461,AllocLarge,2B,0.273,16.7,0.000,0.00,15.512,11.512,2,7.785,0.010,0,64.45,0.000,0,24.07,0.293,100,0.55,11.201,56,35.72,0.00,0,6.1,0.079
1622,11471.273,AllocLarge,2B,0.335,0.0,0.000,0.00,14.712,14.712,2,7.785,0.010,0,71.58,0.000,0,24.07,0.293,100,0.55,14.401,49,50.00,0.00,0,5.9,0.085
1623,11475.641,AllocLarge,2B,0.268,20.0,0.000,0.00,15.512,11.512,2,7.785,0.010,0,64.45,0.000,0,24.07,0.293,100,0.55,11.201,56,35.72,0.00,0,5.7,0.053
1624,11481.407,AllocLarge,2B,0.300,16.7,0.000,0.00,15.512,14.712,2,7.785,0.010,0,71.58,0.000,0,24.07,0.293,100,0.55,14.401,47,50.00,0.00,0,5.6,0.115
1625,11485.702,AllocLarge,2B,0.287,20.0,0.000,0.00,15.512,11.512,2,7.785,0.010,0,64.45,0.000,0,24.07,0.293,100,0.55,11.201,56,35.72,0.00,0,6.3,0.098
1626,11491.253,AllocLarge,2B,0.259,0.0,0.000,0.00,14.712,14.712,2,7.785,0.010,0,71.58,0.000,0,24.07,0.293,100,0.55,14.401,49,50.00,0.00,0,5.0,0.077
1627,11495.599,AllocLarge,2B,0.259,20.0,0.000,0.00,15.512,11.512,2,7.785,0.010,0,64.45,0.000,0,24.07,0.293,100,0.55,11.201,56,35.72,0.00,0,5.6,0.078
1628,11500.981,AllocLarge,2B,0.225,0.0,0.000,0.00,14.712,14.712,2,7.785,0.010,0,71.58,0.000,0,24.07,0.293,100,0.55,14.401,49,50.00,0.00,0,4.5,0.086
1629,11505.188,AllocLarge,2B,0.217,16.7,0.000,0.00,15.512,11.512,2,7.785,0.010,0,64.45,0.000,0,24.07,0.293,100,0.55,11.201,56,35.72,0.00,0,4.8,0.076
1630,11510.677,AllocLarge,2B,0.215,0.0,0.000,0.00,14.712,14.712,2,7.785,0.010,0,71.58,0.000,0,24.07,0.293,100,0.55,14.401,49,50.00,0.00,0,4.1,0.075
1631,11514.769,AllocLarge,2B,0.268,20.0,0.000,0.00,15.512,11.512,2,7.785,0.010,0,64.45,0.000,0,24.07,0.293,100,0.55,11.201,56,35.72,0.00,0,6.1,0.082
1632,11520.284,AllocLarge,2B,0.229,0.0,0.000,0.00,14.712,14.712,2,7.785,0.010,0,71.58,0.000,0,24.07,0.293,100,0.55,14.401,49,50.00,0.00,0,4.4,0.095
1633,11524.580,AllocLarge,2B,0.227,16.7,0.000,0.00,15.512,11.512,2,7.785,0.010,0,64.45,0.000,0,24.07,0.293,100,0.55,11.201,56,35.72,0.00,0,5.0,0.084
1634,11530.109,AllocLarge,2B,0.261,16.7,0.000,0.00,14.712,14.712,2,7.785,0.010,0,71.58,0.000,0,24.07,0.293,100,0.55,14.401,49,50.00,0.00,0,4.9,0.078
1635,11534.241,AllocLarge,2B,0.207,0.0,0.000,0.00,15.512,11.512,2,7.785,0.010,0,64.45,0.000,0,24.07,0.293,100,0.55,11.201,56,35.72,0.00,0,4.8,0.075
1636,11540.087,AllocLarge,2B,0.256,14.3,0.000,0.00,14.712,14.712,2,7.785,0.010,0,76.19,0.000,0,24.07,0.293,100,0.55,14.401,49,50.00,0.00,0,4.5,0.085
1637,11557.636,AllocLarge,2B,0.317,10.5,0.000,0.00,15.512,11.512,2,7.785,0.010,0,64.45,0.000,0,24.07,0.293,100,0.55,11.201,56,35.72,0.00,0,1.8,0.097
1638,11563.304,AllocLarge,2B,0.218,0.0,0.107,20.29,14.712,14.712,2,7.785,0.010,0,71.58,0.000,0,24.07,0.293,100,0.55,14.401,49,50.00,0.00,0,4.1,0.076
1639,11567.603,AllocLarge,2B,0.286,20.0,0.000,0.00,15.512,11.512,2,7.785,0.010,0,71.58,0.000,0,24.07,0.293,100,0.55,11.201,56,35.72,0.00,0,6.2,0.082
1640,11573.464,AllocLarge,2B,0.237,0.0,0.000,0.00,14.712,14.712,2,7.785,0.010,0,71.58,0.000,0,24.07,0.293,100,0.55,14.401,49,50.00,0.00,0,4.3,0.077
1641,11577.717,AllocLarge,2B,0.273,16.7,0.000,0.00,15.512,11.512,2,7.785,0.010,0,64.45,0.000,0,24.07,0.293,100,0.55,11.201,56,35.72,0.00,0,6.0,0.136
1642,11583.514,AllocLarge,2B,0.242,14.3,0.000,0.00,14.712,14.712,2,7.785,0.010,0,71.58,0.000,0,24.07,0.293,100,0.55,14.401,49,50.00,0.00,0,4.3,0.077
1643,11588.096,AllocLarge,2B,0.276,16.7,0.000,0.00,15.512,11.512,2,7.785,0.010,0,64.45,0.000,0,24.07,0.293,100,0.55,11.201,56,35.72,0.00,0,5.6,0.078
1644,11593.864,AllocLarge,2B,0.279,16.7,0.000,0.00,14.712,14.712,2,7.785,0.010,0,71.58,0.000,0,24.07,0.293,100,0.55,14.401,49,50.00,0.00,0,5.1,0.094
1645,11598.252,AllocLarge,2B,0.246,0.0,0.000,0.00,15.512,11.512,2,7.785,0.010,0,71.58,0.000,0,24.07,0.293,100,0.55,11.201,56,35.72,0.00,0,5.4,0.103
1646,11604.038,AllocLarge,2B,0.292,16.7,0.000,0.00,14.712,14.712,2,7.785,0.010,0,76.19,0.000,0,24.07,0.293,100,0.55,14.401,49,50.00,0.00,0,5.2,0.089
1647,11608.616,AllocLarge,2B,0.312,16.7,0.000,0.00,15.512,11.512,2,7.785,0.010,0,64.45,0.000,0,24.07,0.293,100,0.55,11.201,56,35.72,0.00,0,6.4,0.091
1648,11614.348,AllocLarge,2B,0.222,0.0,0.000,0.00,14.712,14.712,2,7.785,0.010,0,71.58,0.000,0,24.07,0.293,100,0.55,14.401,49,50.00,0.00,0,4.2,0.074
1649,11618.546,AllocLarge,2B,0.204,20.0,0.000,0.00,15.512,11.512,2,7.785,0.010,0,64.45,0.000,0,24.07,0.293,100,0.55,11.201,56,35.72,0.00,0,4.5,0.075
1650,11624.108,AllocLarge,2B,0.240,0.0,0.000,0.00,14.712,14.712,2,7.785,0.010,0,71.58,0.000,0,24.07,0.293,100,0.55,14.401,49,50.00,0.00,0,4.6,0.077
1651,11628.393,AllocLarge,2B,0.233,16.7,0.000,0.00,15.512,11.512,2,7.785,0.010,0,64.45,0.000,0,24.07,0.293,100,0.55,11.201,56,35.72,0.00,0,5.1,0.075
1652,11633.921,AllocLarge,2B,0.200,0.0,0.000,0.00,14.712,14.712,2,7.785,0.010,0,71.58,0.000,0,24.07,0.293,100,0.55,14.401,49,50.00,0.00,0,3.8,0.073
1653,11638.171,AllocLarge,2B,0.240,0.0,0.000,0.00,15.512,11.512,2,7.785,0.010,0,64.45,0.000,0,24.07,0.293,100,0.55,11.201,56,35.72,0.00,0,5.2,0.077
1654,11643.775,AllocLarge,2B,0.227,14.3,0.000,0.00,14.712,14.712,2,7.785,0.010,0,71.58,0.000,0,24.07,0.293,100,0.55,14.401,49,50.00,0.00,0,4.3,0.073
1655,11647.987,AllocLarge,2B,0.228,0.0,0.000,0.00,15.512,11.512,2,7.785,0.010,0,71.58,0.000,0,24.07,0.293,100,0.55,11.201,56,35.72,0.00,0,5.1,0.079
1656,11653.896,AllocLarge,2B,0.253,0.0,0.000,0.00,14.712,14.712,2,7.785,0.010,0,71.58,0.000,0,24.07,0.293,100,0.55,14.401,49,50.00,0.00,0,4.4,0.079
1657,11658.417,AllocLarge,2B,0.291,16.7,0.000,0.00,15.512,11.512,2,7.785,0.010,0,64.45,0.000,0,24.07,0.293,100,0.55,11.201,56,35.72,0.00,0,6.0,0.079
1658,11664.077,AllocLarge,2B,0.233,16.7,0.000,0.00,14.712,14.712,2,7.785,0.010,0,71.58,0.000,0,24.07,0.293,100,0.55,14.401,49,50.00,0.00,0,4.4,0.076
1659,11668.359,AllocLarge,2B,0.207,0.0,0.000,0.00,15.512,11.512,2,7.785,0.010,0,64.45,0.000,0,24.07,0.293,100,0.55,11.201,56,35.72,0.00,0,4.6,0.074
1660,11674.113,AllocLarge,2B,0.288,14.3,0.000,0.00,14.712,14.712,2,7.785,0.010,0,76.19,0.000,0,24.07,0.293,100,0.55,14.401,49,50.00,0.00,0,5.1,0.081
1661,11678.434,AllocLarge,2B,0.218,0.0,0.000,0.00,15.512,11.512,2,7.785,0.010,0,64.45,0.000,0,24.07,0.293,100,0.55,11.201,56,35.72,0.00,0,4.9,0.075
1662,11684.087,AllocLarge,2B,0.256,0.0,0.107,19.55,14.712,14.712,2,7.785,0.010,0,71.58,0.000,0,24.07,0.293,100,0.55,14.401,49,50.00,0.00,0,4.7,0.078
1663,11688.474,AllocLarge,2B,0.320,20.0,0.000,0.00,15.512,11.512,2,7.785,0.010,0,64.45,0.000,0,24.07,0.293,100,0.55,11.201,56,35.72,0.00,0,6.7,0.087
1664,11694.147,AllocLarge,2B,0.255,0.0,0.000,0.00,14.712,14.712,2,7.785,0.010,0,71.58,0.000,0,24.07,0.293,100,0.55,14.401,49,50.00,0.00,0,4.9,0.098
1665,11698.399,AllocLarge,2B,0.295,20.0,0.000,0.00,15.512,11.512,2,7.785,0.010,0,64.45,0.000,0,24.07,0.293,100,0.55,11.201,56,35.72,0.00,0,6.5,0.149
1666,11704.283,AllocLarge,2B,0.225,0.0,0.000,0.00,14.712,14.712,2,7.785,0.010,0,71.58,0.000,0,24.07,0.293,100,0.55,14.401,49,50.00,0.00,0,4.0,0.076
1667,11708.513,AllocLarge,2B,0.201,16.7,0.000,0.00,15.512,11.512,2,7.785,0.010,0,64.45,0.000,0,24.07,0.293,100,0.55,11.201,56,35.72,0.00,0,4.5,0.074
1668,11714.050,AllocLarge,2B,0.222,0.0,0.000,0.00,14.712,14.712,2,7.785,0.010,0,71.58,0.000,0,24.07,0.293,100,0.55,14.401,49,50.00,0.00,0,4.2,0.074
1669,11718.450,AllocLarge,2B,0.217,14.3,0.000,0.00,15.512,11.512,2,7.785,0.010,0,64.45,0.000,0,24.07,0.293,100,0.55,11.201,56,35.72,0.00,0,4.6,0.076
1670,11724.056,AllocLarge,2B,0.223,0.0,0.000,0.00,14.712,14.712,2,7.785,0.010,0,76.19,0.000,0,24.07,0.293,100,0.55,14.401,49,50.00,0.00,0,4.2,0.078
1671,11728.273,AllocLarge,2B,0.234,20.0,0.000,0.00,15.512,11.512,2,7.785,0.010,0,64.45,0.000,0,24.07,0.293,100,0.55,11.201,56,35.72,0.00,0,5.1,0.084
1672,11733.958,AllocLarge,2B,0.239,0.0,0.000,0.00,14.712,14.712,2,7.785,0.010,0,71.58,0.000,0,24.07,0.293,100,0.55,14.401,49,50.00,0.00,0,4.4,0.079
1673,11738.233,AllocLarge,2B,0.224,16.7,0.000,0.00,15.512,11.512,2,7.785,0.010,0,64.45,0.000,0,24.07,0.293,100,0.55,11.201,56,35.72,0.00,0,4.9,0.076
1674,11743.771,AllocLarge,2B,0.233,20.0,0.000,0.00,14.712,14.712,2,7.785,0.010,0,71.58,0.000,0,24.07,0.293,100,0.55,14.401,49,50.00,0.00,0,4.4,0.078
1675,11748.053,AllocLarge,2B,0.256,16.7,0.000,0.00,15.512,11.512,2,7.785,0.010,0,64.45,0.000,0,24.07,0.293,100,0.55,11.201,56,35.72,0.00,0,5.5,0.077
1676,11753.748,AllocLarge,2B,0.282,0.0,0.000,0.00,14.712,14.712,2,7.785,0.010,0,71.58,0.000,0,24.07,0.293,100,0.55,14.401,49,50.00,0.00,0,5.2,0.100
1677,11758.174,AllocLarge,2B,0.233,16.7,0.000,0.00,15.512,11.512,2,7.785,0.010,0,64.45,0.000,0,24.07,0.293,100,0.55,11.201,56,35.72,0.00,0,5.0,0.077
1678,11763.864,AllocLarge,2B,0.217,0.0,0.000,0.00,14.712,14.712,2,7.785,0.010,0,71.58,0.000,0,24.07,0.293,100,0.55,14.401,49,50.00,0.00,0,4.0,0.076
1679,11768.060,AllocLarge,2B,0.247,0.0,0.000,0.00,15.512,11.512,2,7.785,0.010,0,71.58,0.000,0,24.07,0.293,100,0.55,11.201,56,35.72,0.00,0,5.5,0.082
1680,11773.679,AllocLarge,2B,0.253,14.3,0.000,0.00,14.712,14.712,2,7.785,0.010,0,71.58,0.000,0,24.07,0.293,100,0.55,14.401,49,50.00,0.00,0,4.7,0.095
1681,11777.959,AllocLarge,2B,0.215,0.0,0.000,0.00,15.512,11.512,2,7.785,0.010,0,64.45,0.000,0,24.07,0.293,100,0.55,11.201,56,35.72,0.00,0,4.8,0.074
1682,11784.007,AllocLarge,2B,0.288,16.7,0.000,0.00,14.712,14.712,2,7.785,0.010,0,71.58,0.000,0,24.07,0.293,100,0.55,14.401,49,50.00,0.00,0,4.9,0.078
1683,11788.504,AllocLarge,2B,0.228,0.0,0.000,0.00,15.512,11.512,2,7.785,0.010,0,64.45,0.000,0,24.07,0.293,100,0.55,11.201,56,35.72,0.00,0,4.9,0.077
1684,11794.148,AllocLarge,2B,0.246,0.0,0.000,0.00,14.712,14.712,2,7.785,0.010,0,71.58,0.000,0,24.07,0.293,100,0.55,14.401,49,50.00,0.00,0,4.6,0.096
1685,11798.801,AllocLarge,2B,0.338,16.7,0.000,0.00,15.512,11.512,2,7.785,0.010,0,64.45,0.000,0,24.07,0.293,100,0.55,11.201,56,35.72,0.00,0,6.6,0.081
1686,11804.845,AllocLarge,2B,0.277,0.0,0.107,18.87,14.712,14.712,2,7.785,0.010,0,76.19,0.000,0,24.07,0.293,100,0.55,14.401,49,50.00,0.00,0,4.9,0.098
1687,11809.190,AllocLarge,2B,0.244,20.0,0.000,0.00,15.512,11.512,2,7.785,0.010,0,64.45,0.000,0,24.07,0.293,100,0.55,11.201,56,35.72,0.00,0,5.3,0.086
1688,11815.379,AllocLarge,2B,0.317,14.3,0.000,0.00,14.712,14.712,2,7.785,0.010,0,71.58,0.000,0,24.07,0.293,100,0.55,14.401,49,50.00,0.00,0,5.3,0.125
1689,11820.318,AllocLarge,2B,0.275,0.0,0.000,0.00,15.512,11.512,2,7.785,0.010,0,71.58,0.000,0,24.07,0.293,100,0.55,11.201,56,35.72,0.00,0,5.3,0.089
1690,11826.153,AllocLarge,2B,0.247,0.0,0.000,0.00,14.712,14.712,2,7.785,0.010,0,71.58,0.000,0,24.07,0.293,100,0.55,14.401,49,50.00,0.00,0,4.5,0.078
1691,11830.821,AllocLarge,2B,0.275,16.7,0.000,0.00,15.512,11.512,2,7.785,0.010,0,64.45,0.000,0,24.07,0.293,100,0.55,11.201,56,35.72,0.00,0,5.4,0.081
1692,11836.707,AllocLarge,2B,0.249,0.0,0.000,0.00,14.712,14.712,2,7.785,0.010,0,76.19,0.000,0,24.07,0.293,100,0.55,14.401,49,50.00,0.00,0,4.5,0.086
1693,11841.271,AllocLarge,2B,0.241,20.0,0.000,0.00,15.512,11.512,2,7.785,0.010,0,64.45,0.000,0,24.07,0.293,100,0.55,11.201,56,35.72,0.00,0,5.0,0.079
1694,11846.830,AllocLarge,2B,0.222,0.0,0.000,0.00,14.712,14.712,2,7.785,0.010,0,71.58,0.000,0,24.07,0.293,100,0.55,14.401,49,50.00,0.00,0,4.3,0.082
1695,11851.122,AllocLarge,2B,0.266,20.0,0.000,0.00,15.512,11.512,2,7.785,0.010,0,71.58,0.000,0,24.07,0.293,100,0.55,11.201,56,35.72,0.00,0,5.8,0.110
1696,11856.796,AllocLarge,2B,0.231,0.0,0.000,0.00,14.712,14.712,2,7.785,0.010,0,71.58,0.000,0,24.07,0.293,100,0.55,14.401,49,50.00,0.00,0,4.3,0.081
1697,11861.169,AllocLarge,2B,0.253,20.0,0.000,0.00,15.512,11.512,2,7.785,0.010,0,64.45,0.000,0,24.07,0.293,100,0.55,11.201,56,35.72,0.00,0,5.4,0.079
1698,11866.982,AllocLarge,2B,0.230,0.0,0.000,0.00,14.712,14.712,2,7.785,0.010,0,71.58,0.000,0,24.07,0.293,100,0.55,14.401,49,50.00,0.00,0,4.2,0.077
1699,11871.717,AllocLarge,2B,0.288,33.3,0.000,0.00,15.512,11.512,2,7.785,0.010,0,64.45,0.000,0,24.07,0.293,100,0.55,11.201,56,35.72,0.00,0,5.6,0.080
1700,11877.447,AllocLarge,2B,0.287,0.0,0.000,0.00,14.712,14.712,2,7.785,0.010,0,71.58,0.000,0,24.07,0.293,100,0.55,14.401,49,50.00,0.00,0,5.3,0.111
1701,11881.831,AllocLarge,2B,0.218,20.0,0.000,0.00,15.512,11.512,2,7.785,0.010,0,64.45,0.000,0,24.07,0.293,100,0.55,11.201,56,35.72,0.00,0,4.8,0.075
1702,11887.365,AllocLarge,2B,0.223,0.0,0.000,0.00,14.712,14.712,2,7.785,0.010,0,71.58,0.000,0,24.07,0.293,100,0.55,14.401,49,50.00,0.00,0,4.2,0.076
1703,11891.670,AllocLarge,2B,0.252,14.3,0.000,0.00,15.512,11.512,2,7.785,0.010,0,71.58,0.000,0,24.07,0.293,100,0.55,11.201,56,35.72,0.00,0,5.4,0.081
1704,11897.406,AllocLarge,2B,0.234,16.7,0.000,0.00,14.712,14.712,2,7.785,0.010,0,71.58,0.000,0,24.07,0.293,100,0.55,14.401,49,50.00,0.00,0,4.3,0.091
1705,11901.615,AllocLarge,2B,0.224,0.0,0.000,0.00,15.512,11.512,2,7.785,0.010,0,64.45,0.000,0,24.07,0.293,100,0.55,11.201,56,35.72,0.00,0,5.0,0.076
1706,11907.215,AllocLarge,2B,0.248,0.0,0.000,0.00,14.712,14.712,2,7.785,0.010,0,71.58,0.000,0,24.07,0.293,100,0.55,14.401,49,50.00,0.00,0,4.6,0.077
1707,11911.482,AllocLarge,2B,0.307,14.3,0.000,0.00,15.512,11.512,2,7.785,0.010,0,64.45,0.000,0,24.07,0.293,100,0.55,11.201,56,35.72,0.00,0,6.6,0.084
1708,11917.323,AllocLarge,2B,0.235,0.0,0.000,0.00,14.712,14.712,2,7.785,0.010,0,71.58,0.000,0,24.07,0.293,100,0.55,14.401,49,50.00,0.00,0,4.3,0.076
1709,11922.010,AllocLarge,2B,0.256,0.0,0.000,0.00,15.512,11.512,2,7.785,0.010,0,64.45,0.000,0,24.07,0.293,100,0.55,11.201,56,35.72,0.00,0,5.1,0.083
1710,11927.736,AllocLarge,2B,0.225,12.5,0.107,19.72,14.712,14.712,2,7.785,0.010,0,71.58,0.000,0,24.07,0.293,100,0.55,14.401,49,50.00,0.00,0,4.1,0.081
1711,11931.996,AllocLarge,2B,0.277,20.0,0.000,0.00,15.512,11.512,2,7.785,0.010,0,71.58,0.000,0,24.07,0.293,100,0.55,11.201,56,35.72,0.00,0,6.1,0.107
1712,11937.855,AllocLarge,2B,0.229,0.0,0.000,0.00,14.712,14.712,2,7.785,0.010,0,71.58,0.000,0,24.07,0.293,100,0.55,14.401,49,50.00,0.00,0,4.1,0.078
1713,11942.196,AllocLarge,2B,0.216,20.0,0.000,0.00,15.512,11.512,2,7.785,0.010,0,64.45,0.000,0,24.07,0.293,100,0.55,11.201,56,35.72,0.00,0,4.7,0.086
1714,11947.716,AllocLarge,2B,0.242,16.7,0.000,0.00,14.712,14.712,2,7.785,0.010,0,71.58,0.000,0,24.07,0.293,100,0.55,14.401,49,50.00,0.00,0,4.6,0.075
1715,11951.906,AllocLarge,2B,0.273,0.0,0.000,0.00,15.512,11.512,2,7.785,0.010,0,71.58,0.000,0,24.07,0.293,100,0.55,11.201,56,35.72,0.00,0,6.1,0.148
1716,11957.680,AllocLarge,2B,0.241,14.3,0.000,0.00,14.712,14.712,2,7.785,0.010,0,71.58,0.000,0,24.07,0.293,100,0.55,14.401,49,50.00,0.00,0,4.4,0.095
1717,11961.900,AllocLarge,2B,0.201,0.0,0.000,0.00,15.512,11.512,2,7.785,0.010,0,64.45,0.000,0,24.07,0.293,100,0.55,11.201,56,35.72,0.00,0,4.6,0.075
1718,11967.387,AllocLarge,2B,0.220,16.7,0.000,0.00,14.712,14.712,2,7.785,0.010,0,71.58,0.000,0,24.07,0.293,100,0.55,14.401,49,50.00,0.00,0,4.2,0.096
1719,11971.838,AllocLarge,2B,0.289,20.0,0.000,0.00,15.512,11.512,2,7.785,0.010,0,64.45,0.000,0,24.07,0.293,100,0.55,11.201,56,35.72,0.00,0,5.9,0.104
1720,11977.497,AllocLarge,2B,0.209,0.0,0.000,0.00,14.712,14.712,2,7.785,0.010,0,71.58,0.000,0,24.07,0.293,100,0.55,14.401,49,50.00,0.00,0,4.0,0.074
1721,11981.683,AllocLarge,2B,0.223,20.0,0.000,0.00,15.512,11.512,2,7.785,0.010,0,71.58,0.000,0,24.07,0.293,100,0.55,11.201,56,35.72,0.00,0,5.0,0.075
1722,11987.479,AllocLarge,2B,0.238,0.0,0.000,0.00,14.712,14.712,2,7.785,0.010,0,71.58,0.000,0,24.07,0.293,100,0.55,14.401,49,50.00,0.00,0,4.2,0.078
1723,11991.745,AllocLarge,2B,0.202,0.0,0.000,0.00,15.512,11.512,2,7.785,0.010,0,71.58,0.000,0,24.07,0.293,100,0.55,11.201,56,35.72,0.00,0,4.5,0.076
1724,11997.261,AllocLarge,2B,0.193,16.7,0.000,0.00,14.712,14.712,2,7.785,0.010,0,71.58,0.000,0,24.07,0.293,100,0.55,14.401,49,50.00,0.00,0,3.7,0.074
1725,12001.473,AllocLarge,2B,0.199,0.0,0.000,0.00,15.512,11.512,2,7.785,0.010,0,71.58,0.000,0,24.07,0.293,100,0.55,11.201,56,35.72,0.00,0,4.5,0.074
1726,12007.155,AllocLarge,2B,0.234,0.0,0.000,0.00,14.712,14.712,2,7.785,0.010,0,71.58,0.000,0,24.07,0.293,100,0.55,14.401,49,50.00,0.00,0,4.2,0.076
1727,12011.404,AllocLarge,2B,0.323,20.0,0.000,0.00,15.512,11.512,2,7.785,0.010,0,71.58,0.000,0,24.07,0.293,100,0.55,11.201,56,35.72,0.00,0,7.0,0.112
1728,12017.132,AllocLarge,2B,0.266,16.7,0.000,0.00,14.712,14.712,2,7.785,0.010,0,71.58,0.000,0,24.07,0.293,100,0.55,14.401,49,50.00,0.00,0,4.9,0.075
1729,12021.962,AllocLarge,2B,0.251,14.3,0.000,0.00,15.512,11.512,2,7.785,0.010,0,64.45,0.000,0,24.07,0.293,100,0.55,11.201,56,35.72,0.00,0,4.9,0.078
1730,12027.600,AllocLarge,2B,0.209,0.0,0.000,0.00,14.712,14.712,2,7.785,0.010,0,71.58,0.000,0,24.07,0.293,100,0.55,14.401,49,50.00,0.00,0,4.0,0.075
1731,12031.810,AllocLarge,2B,0.376,20.0,0.000,0.00,15.512,11.512,2,7.785,0.010,0,71.58,0.000,0,24.07,0.293,100,0.55,11.201,56,35.72,0.00,0,8.0,0.238
1732,12037.852,AllocLarge,2B,0.240,0.0,0.000,0.00,14.712,14.712,2,7.785,0.010,0,71.58,0.000,0,24.07,0.293,100,0.55,14.401,49,50.00,0.00,0,4.3,0.077
1733,12042.143,AllocLarge,2B,0.213,20.0,0.000,0.00,15.512,11.512,2,7.785,0.010,0,64.45,0.000,0,24.07,0.293,100,0.55,11.201,56,35.72,0.00,0,4.7,0.076
1734,12047.950,AllocLarge,2B,0.245,0.0,0.107,19.15,14.712,14.712,2,7.785,0.010,0,76.19,0.000,0,24.07,0.293,100,0.55,14.401,49,50.00,0.00,0,4.4,0.078
1735,12052.826,AllocLarge,2B,0.319,16.7,0.000,0.00,15.512,11.512,2,7.785,0.010,0,64.45,0.000,0,24.07,0.293,100,0.55,11.201,56,35.72,0.00,0,6.0,0.107
1736,12058.834,AllocLarge,2B,0.254,0.0,0.000,0.00,14.712,14.712,2,7.785,0.010,0,76.19,0.000,0,24.07,0.293,100,0.55,14.401,49,50.00,0.00,0,4.5,0.088
1737,12063.212,AllocLarge,2B,0.201,16.7,0.000,0.00,15.512,11.512,2,7.785,0.010,0,71.58,0.000,0,24.07,0.293,100,0.55,11.201,56,35.72,0.00,0,4.4,0.074
1738,12069.220,AllocLarge,2B,0.248,0.0,0.000,0.00,14.712,14.712,2,7.785,0.010,0,71.58,0.000,0,24.07,0.293,100,0.55,14.401,49,50.00,0.00,0,4.3,0.078
1739,12073.544,AllocLarge,2B,0.217,0.0,0.000,0.00,15.512,11.512,2,7.785,0.010,0,71.58,0.000,0,24.07,0.293,100,0.55,11.201,56,35.72,0.00,0,4.8,0.075
1740,12079.234,AllocLarge,2B,0.231,0.0,0.000,0.00,14.712,14.712,2,7.785,0.010,0,71.58,0.000,0,24.07,0.293,100,0.55,14.401,49,50.00,0.00,0,4.3,0.076
1741,12083.496,AllocLarge,2B,0.207,16.7,0.000,0.00,15.512,11.512,2,7.785,0.010,0,64.45,0.000,0,24.07,0.293,100,0.55,11.201,56,35.72,0.00,0,4.6,0.075
1742,12089.241,AllocLarge,2B,0.231,0.0,0.000,0.00,14.712,14.712,2,7.785,0.010,0,71.58,0.000,0,24.07,0.293,100,0.55,14.401,49,50.00,0.00,0,4.2,0.080
1743,12093.572,AllocLarge,2B,0.253,16.7,0.000,0.00,15.512,11.512,2,7.785,0.010,0,71.58,0.000,0,24.07,0.293,100,0.55,11.201,56,35.72,0.00,0,5.5,0.082
1744,12099.193,AllocLarge,2B,0.224,16.7,0.000,0.00,14.712,14.712,2,7.785,0.010,0,71.58,0.000,0,24.07,0.293,100,0.55,14.401,49,50.00,0.00,0,4.2,0.089
1745,12103.492,AllocLarge,2B,0.201,0.0,0.000,0.00,15.512,11.512,2,7.785,0.010,0,64.45,0.000,0,24.07,0.293,100,0.55,11.201,56,35.72,0.00,0,4.5,0.075
1746,12109.161,AllocLarge,2B,0.261,14.3,0.000,0.00,14.712,14.712,2,7.785,0.010,0,71.58,0.000,0,24.07,0.293,100,0.55,14.401,49,50.00,0.00,0,4.8,0.099
1747,12113.502,AllocLarge,2B,0.247,0.0,0.000,0.00,15.512,11.512,2,7.785,0.010,0,64.45,0.000,0,24.07,0.293,100,0.55,11.201,56,35.72,0.00,0,5.3,0.076
1748,12119.304,AllocLarge,2B,0.220,0.0,0.000,0.00,14.712,14.712,2,7.785,0.010,0,71.58,0.000,0,24.07,0.293,100,0.55,14.401,49,50.00,0.00,0,4.0,0.076
1749,12123.669,AllocLarge,2B,0.246,16.7,0.000,0.00,15.512,11.512,2,7.785,0.010,0,71.58,0.000,0,24.07,0.293,100,0.55,11.201,56,35.72,0.00,0,5.3,0.099
1750,12129.310,AllocLarge,2B,0.246,0.0,0.000,0.00,14.712,14.712,2,7.785,0.010,0,71.58,0.000,0,24.07,0.293,100,0.55,14.401,49,50.00,0.00,0,4.6,0.113
1751,12133.554,AllocLarge,2B,0.263,20.0,0.000,0.00,15.512,11.512,2,7.785,0.010,0,71.58,0.000,0,24.07,0.293,100,0.55,11.201,56,35.72,0.00,0,5.8,0.083
1752,12139.329,AllocLarge,2B,0.220,0.0,0.000,0.00,14.712,14.712,2,7.785,0.010,0,71.58,0.000,0,24.07,0.293,100,0.55,14.401,49,50.00,0.00,0,4.0,0.076
1753,12143.717,AllocLarge,2B,0.261,0.0,0.000,0.00,15.512,11.512,2,7.785,0.010,0,64.45,0.000,0,24.07,0.293,100,0.55,11.201,56,35.72,0.00,0,5.5,0.080
1754,12149.536,AllocLarge,2B,0.255,0.0,0.000,0.00,14.712,14.712,2,7.785,0.010,0,76.19,0.000,0,24.07,0.293,100,0.55,14.401,49,50.00,0.00,0,4.6,0.088
1755,12153.948,AllocLarge,2B,0.212,20.0,0.000,0.00,15.512,11.512,2,7.785,0.010,0,71.58,0.000,0,24.07,0.293,100,0.55,11.201,56,35.72,0.00,0,4.6,0.074
1756,12159.710,AllocLarge,2B,0.293,14.3,0.000,0.00,14.712,14.712,2,7.785,0.010,0,76.19,0.000,0,24.07,0.293,100,0.55,14.401,49,50.00,0.00,0,5.3,0.086
1757,12164.137,AllocLarge,2B,0.225,20.0,0.000,0.00,15.512,11.512,2,7.785,0.010,0,64.45,0.000,0,24.07,0.293,100,0.55,11.201,56,35.72,0.00,0,4.9,0.077
1758,12169.943,AllocLarge,2B,0.260,0.0,0.107,19.11,14.712,14.712,2,7.785,0.010,0,76.19,0.000,0,24.07,0.293,100,0.55,14.401,49,50.00,0.00,0,4.7,0.090
1759,12174.683,AllocLarge,2B,0.332,14.3,0.000,0.00,15.512,11.512,2,7.785,0.010,0,64.45,0.000,0,24.07,0.293,100,0.55,11.201,56,35.72,0.00,0,6.5,0.104
1760,12180.416,AllocLarge,2B,0.225,16.7,0.000,0.00,14.712,14.712,2,7.785,0.010,0,71.58,0.000,0,24.07,0.293,100,0.55,14.401,49,50.00,0.00,0,4.3,0.095
1761,12184.713,AllocLarge,2B,0.196,0.0,0.000,0.00,15.512,11.512,2,7.785,0.010,0,71.58,0.000,0,24.07,0.293,100,0.55,11.201,56,35.72,0.00,0,4.4,0.074
1762,12190.428,AllocLarge,2B,0.223,14.3,0.000,0.00,14.712,14.712,2,7.785,0.010,0,71.58,0.000,0,24.07,0.293,100,0.55,14.401,49,50.00,0.00,0,4.0,0.076
1763,12194.649,AllocLarge,2B,0.224,0.0,0.000,0.00,15.512,11.512,2,7.785,0.010,0,71.58,0.000,0,24.07,0.293,100,0.55,11.201,56,35.72,0.00,0,5.0,0.073
1764,12200.260,AllocLarge,2B,0.198,16.7,0.000,0.00,14.712,14.712,2,7.785,0.010,0,71.58,0.000,0,24.07,0.293,100,0.55,14.401,49,50.00,0.00,0,3.7,0.074
1765,12204.558,AllocLarge,2B,0.213,0.0,0.000,0.00,15.512,11.512,2,7.785,0.010,0,71.58,0.000,0,24.07,0.293,100,0.55,11.201,56,35.72,0.00,0,4.7,0.076
1766,12210.298,AllocLarge,2B,0.272,0.0,0.000,0.00,14.712,14.712,2,7.785,0.010,0,76.19,0.000,0,24.07,0.293,100,0.55,14.401,49,50.00,0.00,0,4.9,0.087
1767,12214.725,AllocLarge,2B,0.520,16.7,0.000,0.00,15.512,11.512,2,7.785,0.010,0,64.45,0.000,0,24.07,0.293,100,0.55,11.201,56,35.72,0.00,0,10.5,0.321
1768,12220.599,AllocLarge,2B,0.250,12.5,0.000,0.00,14.712,14.712,2,7.785,0.010,0,71.58,0.000,0,24.07,0.293,100,0.55,14.401,49,50.00,0.00,0,4.6,0.091
1769,12225.136,AllocLarge,2B,0.272,20.0,0.000,0.00,15.512,11.512,2,7.785,0.010,0,64.45,0.000,0,24.07,0.293,100,0.55,11.201,56,35.72,0.00,0,5.8,0.077
1770,12230.860,AllocLarge,2B,0.222,0.0,0.000,0.00,14.712,14.712,2,7.785,0.010,0,71.58,0.000,0,24.07,0.293,100,0.55,14.401,49,50.00,0.00,0,4.1,0.076
1771,12235.047,AllocLarge,2B,0.210,20.0,0.000,0.00,15.512,11.512,2,7.785,0.010,0,64.45,0.000,0,24.07,0.293,100,0.55,11.201,56,35.72,0.00,0,4.7,0.076
1772,12240.745,AllocLarge,2B,0.316,16.7,0.000,0.00,14.712,14.712,2,7.785,0.010,0,76.19,0.000,0,24.07,0.293,100,0.55,14.401,49,50.00,0.00,0,5.7,0.096
1773,12245.261,AllocLarge,2B,0.235,0.0,0.000,0.00,15.512,11.512,2,7.785,0.010,0,64.45,0.000,0,24.07,0.293,100,0.55,11.201,56,35.72,0.00,0,5.0,0.094
1774,12250.806,AllocLarge,2B,0.217,14.3,0.000,0.00,14.712,14.712,2,7.785,0.010,0,71.58,0.000,0,24.07,0.293,100,0.55,14.401,49,50.00,0.00,0,4.1,0.090
1775,12255.314,AllocLarge,2B,0.278,0.0,0.000,0.00,15.512,11.512,2,7.785,0.010,0,64.45,0.000,0,24.07,0.293,100,0.55,11.201,56,35.72,0.00,0,5.7,0.085
1776,12261.298,AllocLarge,2B,0.231,14.3,0.000,0.00,14.712,14.712,2,7.785,0.010,0,71.58,0.000,0,24.07,0.293,100,0.55,14.401,49,50.00,0.00,0,4.1,0.077
1777,12265.520,AllocLarge,2B,0.224,25.0,0.000,0.00,15.512,11.512,2,7.785,0.010,0,71.58,0.000,0,24.07,0.293,100,0.55,11.201,56,35.72,0.00,0,5.1,0.079
1778,12271.707,AllocLarge,2B,0.303,14.3,0.000,0.00,14.712,14.712,2,7.785,0.010,0,71.58,0.000,0,24.07,0.293,100,0.55,14.401,49,50.00,0.00,0,4.9,0.105
1779,12276.156,AllocLarge,2B,0.242,20.0,0.000,0.00,15.512,11.512,2,7.785,0.010,0,64.45,0.000,0,24.07,0.293,100,0.55,11.201,56,35.72,0.00,0,5.3,0.098
1780,12281.693,AllocLarge,2B,0.219,16.7,0.000,0.00,14.712,14.712,2,7.785,0.010,0,71.58,0.000,0,24.07,0.293,100,0.55,14.401,49,50.00,0.00,0,4.2,0.075
1781,12286.051,AllocLarge,2B,0.213,0.0,0.000,0.00,15.512,11.512,2,7.785,0.010,0,64.45,0.000,0,24.07,0.293,100,0.55,11.201,56,35.72,0.00,0,4.7,0.077
1782,12292.089,AllocLarge,2B,0.262,0.0,0.107,18.18,14.712,14.712,2,7.785,0.010,0,76.19,0.000,0,24.07,0.293,100,0.55,14.401,49,50.00,0.00,0,4.5,0.088
1783,12296.414,AllocLarge,2B,0.259,20.0,0.000,0.00,15.512,11.512,2,7.785,0.010,0,64.45,0.000,0,24.07,0.293,100,0.55,11.201,56,35.72,0.00,0,5.6,0.087
1784,12302.151,AllocLarge,2B,0.270,0.0,0.000,0.00,14.712,14.712,2,7.785,0.010,0,76.19,0.000,0,24.07,0.293,100,0.55,14.401,49,50.00,0.00,0,5.0,0.088
1785,12306.502,AllocLarge,2B,0.249,16.7,0.000,0.00,15.512,11.512,2,7.785,0.010,0,64.45,0.000,0,24.07,0.293,100,0.55,11.201,56,35.72,0.00,0,5.4,0.078
1786,12312.096,AllocLarge,2B,0.221,0.0,0.000,0.00,14.712,14.712,2,7.785,0.010,0,71.58,0.000,0,24.07,0.293,100,0.55,14.401,49,50.00,0.00,0,4.2,0.074
1787,12316.346,AllocLarge,2B,0.235,0.0,0.000,0.00,15.512,11.512,2,7.785,0.010,0,71.58,0.000,0,24.07,0.293,100,0.55,11.201,56,35.72,0.00,0,5.2,0.077
1788,12321.982,AllocLarge,2B,0.239,0.0,0.000,0.00,14.712,14.712,2,7.785,0.010,0,71.58,0.000,0,24.07,0.293,100,0.55,14.401,49,50.00,0.00,0,4.4,0.078
1789,12326.253,AllocLarge,2B,0.244,14.3,0.000,0.00,15.512,11.512,2,7.785,0.010,0,64.45,0.000,0,24.07,0.293,100,0.55,11.201,56,35.72,0.00,0,5.4,0.094
1790,12332.234,AllocLarge,2B,0.267,16.7,0.000,0.00,14.712,14.712,2,7.785,0.010,0,76.19,0.000,0,24.07,0.293,100,0.55,14.401,49,50.00,0.00,0,4.6,0.082
1791,12336.590,AllocLarge,2B,0.257,0.0,0.000,0.00,15.512,11.512,2,7.785,0.010,0,64.45,0.000,0,24.07,0.293,100,0.55,11.201,56,35.72,0.00,0,5.6,0.081
1792,12342.283,AllocLarge,2B,0.251,14.3,0.000,0.00,14.712,14.712,2,7.785,0.010,0,71.58,0.000,0,24.07,0.293,100,0.55,14.401,49,50.00,0.00,0,4.6,0.095
1793,12346.667,AllocLarge,2B,0.232,0.0,0.000,0.00,15.512,11.512,2,7.785,0.010,0,64.45,0.000,0,24.07,0.293,100,0.55,11.201,56,35.72,0.00,0,5.0,0.077
1794,12352.394,AllocLarge,2B,0.239,0.0,0.000,0.00,14.712,14.712,2,7.785,0.010,0,71.58,0.000,0,24.07,0.293,100,0.55,14.401,49,50.00,0.00,0,4.4,0.076
1795,12356.704,AllocLarge,2B,0.217,20.0,0.000,0.00,15.512,11.512,2,7.785,0.010,0,64.45,0.000,0,24.07,0.293,100,0.55,11.201,56,35.72,0.00,0,4.7,0.076
1796,12362.387,AllocLarge,2B,0.308,14.3,0.000,0.00,14.712,14.712,2,7.785,0.010,0,76.19,0.000,0,24.07,0.293,100,0.55,14.401,49,50.00,0.00,0,5.6,0.099
1797,12366.843,AllocLarge,2B,0.203,0.0,0.000,0.00,15.512,11.512,2,7.785,0.010,0,71.58,0.000,0,24.07,0.293,100,0.55,11.201,56,35.72,0.00,0,4.5,0.074
1798,12372.752,AllocLarge,2B,0.298,14.3,0.000,0.00,14.712,14.712,2,7.785,0.010,0,76.19,0.000,0,24.07,0.293,100,0.55,14.401,49,50.00,0.00,0,5.1,0.109
1799,12377.337,AllocLarge,2B,0.295,16.7,0.000,0.00,15.512,11.512,2,7.785,0.010,0,64.45,0.000,0,24.07,0.293,100,0.55,11.201,56,35.72,0.00,0,6.0,0.104
1800,12383.004,AllocLarge,2B,0.205,0.0,0.000,0.00,14.712,14.712,2,7.785,0.010,0,71.58,0.000,0,24.07,0.293,100,0.55,14.401,49,50.00,0.00,0,3.9,0.074
1801,12387.416,AllocLarge,2B,0.292,0.0,0.000,0.00,15.512,11.512,2,7.785,0.010,0,64.45,0.000,0,24.07,0.293,100,0.55,11.201,56,35.72,0.00,0,6.1,0.081
1802,12393.156,AllocLarge,2B,0.257,0.0,0.000,0.00,14.712,14.712,2,7.785,0.010,0,71.58,0.000,0,24.07,0.293,100,0.55,14.401,49,50.00,0.00,0,4.8,0.079
1803,12397.542,AllocLarge,2B,0.236,0.0,0.000,0.00,15.512,11.512,2,7.785,0.010,0,64.45,0.000,0,24.07,0.293,100,0.55,11.201,56,35.72,0.00,0,5.1,0.076
1804,12403.207,AllocLarge,2B,0.213,0.0,0.000,0.00,14.712,14.712,2,7.785,0.010,0,71.58,0.000,0,24.07,0.293,100,0.55,14.401,49,50.00,0.00,0,4.0,0.074
1805,12407.834,AllocLarge,2B,0.272,33.3,0.000,0.00,15.512,11.512,2,7.785,0.010,0,64.45,0.000,0,24.07,0.293,100,0.55,11.201,56,35.72,0.00,0,5.4,0.080
1806,12413.450,AllocLarge,2B,0.216,0.0,0.107,20.45,14.712,14.712,2,7.785,0.010,0,71.58,0.000,0,24.07,0.293,100,0.55,14.401,49,50.00,0.00,0,4.1,0.073
1807,12417.653,AllocLarge,2B,0.267,16.7,0.000,0.00,15.512,11.512,2,7.785,0.010,0,71.58,0.000,0,24.07,0.293,100,0.55,11.201,56,35.72,0.00,0,5.9,0.078
1808,12423.460,AllocLarge,2B,0.217,0.0,0.000,0.00,14.712,14.712,2,7.785,0.010,0,71.58,0.000,0,24.07,0.293,100,0.55,14.401,49,50.00,0.00,0,3.9,0.076
1809,12427.778,AllocLarge,2B,0.246,0.0,0.000,0.00,15.512,11.512,2,7.785,0.010,0,71.58,0.000,0,24.07,0.293,100,0.55,11.201,56,35.72,0.00,0,5.3,0.079
1810,12433.423,AllocLarge,2B,0.205,16.7,0.000,0.00,14.712,14.712,2,7.785,0.010,0,71.58,0.000,0,24.07,0.293,100,0.55,14.401,49,50.00,0.00,0,3.8,0.073
1811,12437.916,AllocLarge,2B,0.253,20.0,0.000,0.00,15.512,11.512,2,7.785,0.010,0,71.58,0.000,0,24.07,0.293,100,0.55,11.201,56,35.72,0.00,0,5.2,0.078
1812,12443.635,AllocLarge,2B,0.350,12.5,0.000,0.00,14.712,14.712,2,7.785,0.010,0,76.19,0.000,0,24.07,0.293,100,0.55,14.401,49,50.00,0.00,0,6.3,0.152
1813,12447.976,AllocLarge,2B,0.204,0.0,0.000,0.00,15.512,11.512,2,7.785,0.010,0,71.58,0.000,0,24.07,0.293,100,0.55,11.201,56,35.72,0.00,0,4.6,0.076
1814,12453.762,AllocLarge,2B,0.238,0.0,0.000,0.00,14.712,14.712,2,7.785,0.010,0,71.58,0.000,0,24.07,0.293,100,0.55,14.401,49,50.00,0.00,0,4.2,0.076
1815,12458.481,AllocLarge,2B,0.281,0.0,0.000,0.00,15.512,11.512,2,7.785,0.010,0,64.45,0.000,0,24.07,0.293,100,0.55,11.201,56,35.72,0.00,0,5.6,0.087
1816,12464.137,AllocLarge,2B,0.188,0.0,0.000,0.00,14.712,14.712,2,7.785,0.010,0,71.58,0.000,0,24.07,0.293,100,0.55,14.401,49,50.00,0.00,0,3.6,0.041
1817,12468.491,AllocLarge,2B,0.208,16.7,0.000,0.00,15.512,11.512,2,7.785,0.010,0,71.58,0.000,0,24.07,0.293,100,0.55,11.201,56,35.72,0.00,0,4.5,0.071
1818,12474.382,AllocLarge,2B,0.289,14.3,0.000,0.00,14.712,14.712,2,7.785,0.010,0,76.19,0.000,0,24.07,0.293,100,0.55,14.401,49,50.00,0.00,0,5.0,0.079
1819,12478.915,AllocLarge,2B,0.273,16.7,0.000,0.00,15.512,11.512,2,7.785,0.010,0,64.45,0.000,0,24.07,0.293,100,0.55,11.201,56,35.72,0.00,0,5.7,0.078
1820,12484.531,AllocLarge,2B,0.211,0.0,0.000,0.00,14.712,14.712,2,7.785,0.010,0,71.58,0.000,0,24.07,0.293,100,0.55,14.401,49,50.00,0.00,0,4.0,0.075
1821,12488.893,AllocLarge,2B,0.301,20.0,0.000,0.00,15.512,11.512,2,7.785,0.010,0,64.45,0.000,0,24.07,0.293,100,0.55,11.201,56,35.72,0.00,0,6.3,0.090
1822,12494.538,AllocLarge,2B,0.211,0.0,0.000,0.00,14.712,14.712,2,7.785,0.010,0,71.58,0.000,0,24.07,0.293,100,0.55,14.401,49,50.00,0.00,0,4.0,0.074
1823,12498.789,AllocLarge,2B,0.260,16.7,0.000,0.00,15.512,11.512,2,7.785,0.010,0,71.58,0.000,0,24.07,0.293,100,0.55,11.201,56,35.72,0.00,0,5.7,0.092
1824,12504.435,AllocLarge,2B,0.287,14.3,0.000,0.00,14.712,14.712,2,7.785,0.010,0,76.19,0.000,0,24.07,0.293,100,0.55,14.401,49,50.00,0.00,0,5.3,0.096
1825,12508.745,AllocLarge,2B,0.201,0.0,0.000,0.00,15.512,11.512,2,7.785,0.010,0,71.58,0.000,0,24.07,0.293,100,0.55,11.201,56,35.72,0.00,0,4.5,0.074
1826,12514.377,AllocLarge,2B,0.261,16.7,0.000,0.00,14.712,14.712,2,7.785,0.010,0,71.58,0.000,0,24.07,0.293,100,0.55,14.401,49,50.00,0.00,0,4.8,0.076
1827,12518.922,AllocLarge,2B,0.223,0.0,0.000,0.00,15.512,11.512,2,7.785,0.010,0,71.58,0.000,0,24.07,0.293,100,0.55,11.201,56,35.72,0.00,0,4.7,0.073
1828,12524.842,AllocLarge,2B,0.253,14.3,0.000,0.00,14.712,14.712,2,7.785,0.010,0,71.58,0.000,0,24.07,0.293,100,0.55,14.401,49,50.00,0.00,0,4.4,0.079
1829,12529.209,AllocLarge,2B,0.200,0.0,0.000,0.00,15.512,11.512,2,7.785,0.010,0,71.58,0.000,0,24.07,0.293,100,0.55,11.201,56,35.72,0.00,0,4.4,0.074
1830,12534.742,AllocLarge,2B,0.254,0.0,0.107,19.92,14.712,14.712,2,7.785,0.010,0,76.19,0.000,0,24.07,0.293,100,0.55,14.401,49,50.00,0.00,0,4.7,0.110
1831,12539.239,AllocLarge,2B,0.278,16.7,0.000,0.00,15.512,11.512,2,7.785,0.010,0,64.45,0.000,0,24.07,0.293,100,0.55,11.201,56,35.72,0.00,0,5.7,0.086
1832,12545.027,AllocLarge,2B,0.243,0.0,0.000,0.00,14.712,14.712,2,7.785,0.010,0,71.58,0.000,0,24.07,0.293,100,0.55,14.401,49,50.00,0.00,0,4.5,0.079
1833,12549.369,AllocLarge,2B,0.236,0.0,0.000,0.00,15.512,11.512,2,7.785,0.010,0,71.58,0.000,0,24.07,0.293,100,0.55,11.201,56,35.72,0.00,0,5.2,0.075
1834,12555.124,AllocLarge,2B,0.221,0.0,0.000,0.00,14.712,14.712,2,7.785,0.010,0,76.19,0.000,0,24.07,0.293,100,0.55,14.401,49,50.00,0.00,0,4.0,0.077
1835,12559.409,AllocLarge,2B,0.198,16.7,0.000,0.00,15.512,11.512,2,7.785,0.010,0,71.58,0.000,0,24.07,0.293,100,0.55,11.201,56,35.72,0.00,0,4.4,0.075
1836,12564.907,AllocLarge,2B,0.201,0.0,0.000,0.00,14.712,14.712,2,7.785,0.010,0,71.58,0.000,0,24.07,0.293,100,0.55,14.401,49,50.00,0.00,0,3.9,0.074
1837,12569.565,AllocLarge,2B,0.273,0.0,0.000,0.00,15.512,11.512,2,7.785,0.010,0,71.58,0.000,0,24.07,0.293,100,0.55,11.201,56,35.72,0.00,0,5.4,0.096
1838,12575.464,AllocLarge,2B,0.227,0.0,0.000,0.00,14.712,14.712,2,7.785,0.010,0,71.58,0.000,0,24.07,0.293,100,0.55,14.401,49,50.00,0.00,0,4.1,0.078
1839,12579.676,AllocLarge,2B,0.288,16.7,0.000,0.00,15.512,11.512,2,7.785,0.010,0,71.58,0.000,0,24.07,0.293,100,0.55,11.201,56,35.72,0.00,0,6.4,0.139
1840,12585.393,AllocLarge,2B,0.233,0.0,0.000,0.00,14.712,14.712,2,7.785,0.010,0,71.58,0.000,0,24.07,0.293,100,0.55,14.401,49,50.00,0.00,0,4.3,0.076
1841,12589.839,AllocLarge,2B,0.237,16.7,0.000,0.00,15.512,11.512,2,7.785,0.010,0,64.45,0.000,0,24.07,0.293,100,0.55,11.201,56,35.72,0.00,0,5.0,0.086
1842,12595.387,AllocLarge,2B,0.233,0.0,0.000,0.00,14.712,14.712,2,7.785,0.010,0,76.19,0.000,0,24.07,0.293,100,0.55,14.401,49,50.00,0.00,0,4.4,0.094
1843,12599.704,AllocLarge,2B,0.230,20.0,0.000,0.00,15.512,11.512,2,7.785,0.010,0,64.45,0.000,0,24.07,0.293,100,0.55,11.201,56,35.72,0.00,0,5.0,0.076
1844,12605.557,AllocLarge,2B,0.261,0.0,0.000,0.00,14.712,14.712,2,7.785,0.010,0,76.19,0.000,0,24.07,0.293,100,0.55,14.401,49,50.00,0.00,0,4.6,0.089
1845,12609.875,AllocLarge,2B,0.212,20.0,0.000,0.00,15.512,11.512,2,7.785,0.010,0,64.45,0.000,0,24.07,0.293,100,0.55,11.201,56,35.72,0.00,0,4.7,0.079
1846,12615.494,AllocLarge,2B,0.251,16.7,0.000,0.00,14.712,14.712,2,7.785,0.010,0,71.58,0.000,0,24.07,0.293,100,0.55,14.401,49,50.00,0.00,0,4.7,0.098
1847,12620.145,AllocLarge,2B,0.314,0.0,0.000,0.00,15.512,11.512,2,7.785,0.010,0,71.58,0.000,0,24.07,0.293,100,0.55,11.201,56,35.72,0.00,0,6.2,0.102
1848,12625.896,AllocLarge,2B,0.247,20.0,0.000,0.00,14.712,14.712,2,7.785,0.010,0,71.58,0.000,0,24.07,0.293,100,0.55,14.401,49,50.00,0.00,0,4.6,0.076
1849,12630.226,AllocLarge,2B,0.232,0.0,0.000,0.00,15.512,11.512,2,7.785,0.010,0,71.58,0.000,0,24.07,0.293,100,0.55,11.201,56,35.72,0.00,0,5.1,0.077
1850,12636.054,AllocLarge,2B,0.265,14.3,0.000,0.00,14.712,14.712,2,7.785,0.010,0,71.58,0.000,0,24.07,0.293,100,0.55,14.401,49,50.00,0.00,0,4.7,0.074
1851,12640.356,AllocLarge,2B,0.225,16.7,0.000,0.00,15.512,11.512,2,7.785,0.010,0,64.45,0.000,0,24.07,0.293,100,0.55,11.201,56,35.72,0.00,0,4.9,0.077
1852,12645.911,AllocLarge,2B,0.258,0.0,0.000,0.00,14.712,14.712,2,7.785,0.010,0,71.58,0.000,0,24.07,0.293,100,0.55,14.401,49,50.00,0.00,0,4.8,0.081
1853,12650.382,AllocLarge,2B,0.249,0.0,0.000,0.00,15.512,11.512,2,7.785,0.010,0,64.45,0.000,0,24.07,0.293,100,0.55,11.201,56,35.72,0.00,0,5.3,0.079
1854,12656.047,AllocLarge,2B,0.249,0.0,0.107,19.76,14.712,14.712,2,7.785,0.010,0,71.58,0.000,0,24.07,0.293,100,0.55,14.401,49,50.00,0.00,0,4.6,0.079
1855,12660.295,AllocLarge,2B,0.236,16.7,0.000,0.00,15.512,11.512,2,7.785,0.010,0,71.58,0.000,0,24.07,0.293,100,0.55,11.201,56,35.72,0.00,0,5.2,0.082
1856,12666.073,AllocLarge,2B,0.240,16.7,0.000,0.00,14.712,14.712,2,7.785,0.010,0,71.58,0.000,0,24.07,0.293,100,0.55,14.401,49,50.00,0.00,0,4.4,0.074
1857,12670.660,AllocLarge,2B,0.228,0.0,0.000,0.00,15.512,11.512,2,7.785,0.010,0,64.45,0.000,0,24.07,0.293,100,0.55,11.201,56,35.72,0.00,0,4.7,0.072
1858,12676.205,AllocLarge,2B,0.441,25.0,0.000,0.00,14.712,14.712,2,7.785,0.010,0,71.58,0.000,0,24.07,0.293,100,0.55,14.401,49,50.00,0.00,0,8.1,0.099
1859,12680.720,AllocLarge,2B,0.234,20.0,0.000,0.00,15.512,11.512,2,7.785,0.010,0,64.45,0.000,0,24.07,0.293,100,0.55,11.201,56,35.72,0.00,0,5.0,0.077
1860,12686.358,AllocLarge,2B,0.219,0.0,0.000,0.00,14.712,14.712,2,7.785,0.010,0,71.58,0.000,0,24.07,0.293,100,0.55,14.401,49,50.00,0.00,0,4.1,0.077
1861,12690.623,AllocLarge,2B,0.215,0.0,0.000,0.00,15.512,11.512,2,7.785,0.010,0,64.45,0.000,0,24.07,0.293,100,0.55,11.201,56,35.72,0.00,0,4.8,0.076
1862,12696.286,AllocLarge,2B,0.237,16.7,0.000,0.00,14.712,14.712,2,7.785,0.010,0,71.58,0.000,0,24.07,0.293,100,0.55,14.401,49,50.00,0.00,0,4.4,0.077
1863,12700.526,AllocLarge,2B,0.236,0.0,0.000,0.00,15.512,11.512,2,7.785,0.010,0,71.58,0.000,0,24.07,0.293,100,0.55,11.201,56,35.72,0.00,0,5.2,0.082
1864,12706.492,AllocLarge,2B,0.267,14.3,0.000,0.00,14.712,14.712,2,7.785,0.010,0,76.19,0.000,0,24.07,0.293,100,0.55,14.401,49,50.00,0.00,0,4.6,0.088
1865,12710.900,AllocLarge,2B,0.223,0.0,0.000,0.00,15.512,11.512,2,7.785,0.010,0,71.58,0.000,0,24.07,0.293,100,0.55,11.201,56,35.72,0.00,0,4.9,0.077
1866,12716.447,AllocLarge,2B,0.212,0.0,0.000,0.00,14.712,14.712,2,7.785,0.010,0,71.58,0.000,0,24.07,0.293,100,0.55,14.401,49,50.00,0.00,0,4.0,0.075
1867,12721.106,AllocLarge,2B,0.265,0.0,0.000,0.00,15.512,11.512,2,7.785,0.010,0,64.45,0.000,0,24.07,0.293,100,0.55,11.201,56,35.72,0.00,0,5.2,0.078
1868,12727.125,AllocLarge,2B,0.262,0.0,0.000,0.00,14.712,14.712,2,7.785,0.010,0,76.19,0.000,0,24.07,0.293,100,0.55,14.401,49,50.00,0.00,0,4.6,0.088
1869,12731.379,AllocLarge,2B,0.202,20.0,0.000,0.00,15.512,11.512,2,7.785,0.010,0,64.45,0.000,0,24.07,0.293,100,0.55,11.201,56,35.72,0.00,0,4.6,0.080
1870,12737.044,AllocLarge,2B,0.285,16.7,0.000,0.00,14.712,14.712,2,7.785,0.010,0,76.19,0.000,0,24.07,0.293,100,0.55,14.401,49,50.00,0.00,0,5.2,0.081
1871,12741.830,AllocLarge,2B,0.317,20.0,0.000,0.00,15.512,11.512,2,7.785,0.010,0,64.45,0.000,0,24.07,0.293,100,0.55,11.201,56,35.72,0.00,0,6.1,0.104
1872,12747.519,AllocLarge,2B,0.214,0.0,0.000,0.00,14.712,14.712,2,7.785,0.010,0,71.58,0.000,0,24.07,0.293,100,0.55,14.401,49,50.00,0.00,0,4.1,0.075
1873,12751.801,AllocLarge,2B,0.197,16.7,0.000,0.00,15.512,11.512,2,7.785,0.010,0,71.58,0.000,0,24.07,0.293,100,0.55,11.201,56,35.72,0.00,0,4.4,0.074
1874,12757.750,AllocLarge,2B,0.282,0.0,0.000,0.00,14.712,14.712,2,7.785,0.010,0,76.19,0.000,0,24.07,0.293,100,0.55,14.401,49,50.00,0.00,0,4.8,0.103
1875,12762.136,AllocLarge,2B,0.266,40.0,0.000,0.00,15.512,11.512,2,7.785,0.010,0,64.45,0.000,0,24.07,0.293,100,0.55,11.201,56,35.72,0.00,0,5.7,0.079
1876,12767.770,AllocLarge,2B,0.202,0.0,0.000,0.00,14.712,14.712,2,7.785,0.010,0,71.58,0.000,0,24.07,0.293,100,0.55,14.401,49,50.00,0.00,0,3.9,0.075
1877,12772.803,AllocLarge,2B,0.289,33.3,0.000,0.00,15.512,11.512,2,7.785,0.010,0,64.45,0.000,0,24.07,0.293,100,0.55,11.201,56,35.72,0.00,0,5.3,0.085
1878,12778.398,AllocLarge,2B,0.202,0.0,0.107,20.63,14.712,14.712,2,7.785,0.010,0,71.58,0.000,0,24.07,0.293,100,0.55,14.401,49,50.00,0.00,0,3.9,0.075
1879,12782.578,AllocLarge,2B,0.251,20.0,0.000,0.00,15.512,11.512,2,7.785,0.010,0,64.45,0.000,0,24.07,0.293,100,0.55,11.201,56,35.72,0.00,0,5.5,0.082
1880,12788.530,AllocLarge,2B,0.264,14.3,0.000,0.00,14.712,14.721,2,7.785,0.018,0,41.58,0.000,0,24.07,0.293,100,0.55,14.401,49,50.00,0.00,0,4.7,0.076
1881,12792.834,AllocLarge,2B,0.208,0.0,0.000,0.00,15.513,11.513,2,7.785,0.010,0,69.22,0.000,0,24.07,0.293,100,0.55,11.201,56,35.72,0.00,0,4.6,0.076
1882,12798.465,AllocLarge,2B,0.228,14.3,0.000,0.00,14.713,14.713,2,7.785,0.010,0,69.22,0.000,0,24.07,0.293,100,0.55,14.401,49,50.00,0.00,0,4.2,0.075
1883,12802.838,AllocLarge,2B,0.210,0.0,0.000,0.00,15.513,11.513,2,7.785,0.010,0,69.22,0.000,0,24.07,0.293,100,0.55,11.201,56,35.72,0.00,0,4.5,0.075
1884,12808.545,AllocLarge,2B,0.232,0.0,0.000,0.00,14.713,14.713,2,7.785,0.010,0,69.22,0.000,0,24.07,0.293,100,0.55,14.401,49,50.00,0.00,0,4.2,0.077
1885,12812.866,AllocLarge,2B,0.203,16.7,0.000,0.00,15.513,11.513,2,7.785,0.010,0,62.33,0.000,0,24.07,0.293,100,0.55,11.201,56,35.72,0.00,0,4.5,0.078
1886,12819.046,AllocLarge,2B,0.294,16.7,0.000,0.00,14.713,14.713,2,7.785,0.010,0,69.22,0.000,0,24.07,0.293,100,0.55,14.401,49,50.00,0.00,0,4.8,0.080
1887,12823.871,AllocLarge,2B,0.323,20.0,0.000,0.00,15.513,11.513,2,7.785,0.010,0,62.33,0.000,0,24.07,0.293,100,0.55,11.201,56,35.72,0.00,0,6.3,0.105
1888,12829.665,AllocLarge,2B,0.205,0.0,0.000,0.00,14.713,14.713,2,7.785,0.010,0,69.22,0.000,0,24.07,0.293,100,0.55,14.401,49,50.00,0.00,0,3.9,0.075
1889,12833.853,AllocLarge,2B,0.231,20.0,0.000,0.00,15.513,11.513,2,7.785,0.010,0,69.22,0.000,0,24.07,0.293,100,0.55,11.201,56,35.72,0.00,0,5.2,0.100
1890,12839.821,AllocLarge,2B,0.265,0.0,0.000,0.00,14.713,14.713,2,7.785,0.010,0,69.22,0.000,0,24.07,0.293,100,0.55,14.401,49,50.00,0.00,0,4.5,0.080
1891,12844.215,AllocLarge,2B,0.222,20.0,0.000,0.00,15.513,11.513,2,7.785,0.010,0,62.33,0.000,0,24.07,0.293,100,0.55,11.201,56,35.72,0.00,0,4.8,0.078
1892,12849.719,AllocLarge,2B,0.219,0.0,0.000,0.00,14.713,14.713,2,7.785,0.010,0,69.22,0.000,0,24.07,0.293,100,0.55,14.401,49,50.00,0.00,0,4.2,0.093
1893,12854.076,AllocLarge,2B,0.212,20.0,0.000,0.00,15.513,11.513,2,7.785,0.010,0,62.33,0.000,0,24.07,0.293,100,0.55,11.201,56,35.72,0.00,0,4.6,0.076
1894,12859.714,AllocLarge,2B,0.208,0.0,0.000,0.00,14.713,14.713,2,7.785,0.010,0,69.22,0.000,0,24.07,0.293,100,0.55,14.401,49,50.00,0.00,0,3.9,0.076
1895,12863.913,AllocLarge,2B,0.220,0.0,0.000,0.00,15.513,11.513,2,7.785,0.010,0,69.22,0.000,0,24.07,0.293,100,0.55,11.201,56,35.72,0.00,0,4.9,0.077
1896,12869.691,AllocLarge,2B,0.220,0.0,0.000,0.00,14.713,14.713,2,7.785,0.010,0,69.22,0.000,0,24.07,0.293,100,0.55,14.401,49,50.00,0.00,0,4.0,0.076
1897,12874.072,AllocLarge,2B,0.218,0.0,0.000,0.00,15.513,11.513,2,7.785,0.010,0,69.22,0.000,0,24.07,0.293,100,0.55,11.201,56,35.72,0.00,0,4.7,0.078
1898,12879.579,AllocLarge,2B,0.223,16.7,0.000,0.00,14.713,14.713,2,7.785,0.010,0,69.22,0.000,0,24.07,0.293,100,0.55,14.401,49,50.00,0.00,0,4.2,0.074
1899,12883.835,AllocLarge,2B,0.216,0.0,0.000,0.00,15.513,11.513,2,7.785,0.010,0,69.22,0.000,0,24.07,0.293,100,0.55,11.201,56,35.72,0.00,0,4.8,0.075
1900,12889.652,AllocLarge,2B,0.223,0.0,0.106,19.07,14.713,14.713,2,7.785,0.010,0,69.22,0.000,0,24.07,0.293,100,0.55,14.401,49,50.00,0.00,0,4.0,0.077
1901,12893.866,AllocLarge,2B,0.195,20.0,0.000,0.00,15.513,11.513,2,7.785,0.010,0,62.33,0.000,0,24.07,0.293,100,0.55,11.201,56,35.72,0.00,0,4.4,0.074
1902,12899.399,AllocLarge,2B,0.214,0.0,0.000,0.00,14.713,14.713,2,7.785,0.010,0,69.22,0.000,0,24.07,0.293,100,0.55,14.401,49,50.00,0.00,0,4.0,0.076
1903,12903.762,AllocLarge,2B,0.262,16.7,0.000,0.00,15.513,11.513,2,7.785,0.010,0,69.22,0.000,0,24.07,0.293,100,0.55,11.201,56,35.72,0.00,0,5.6,0.079
1904,12909.421,AllocLarge,2B,0.217,0.0,0.000,0.00,14.713,14.713,2,7.785,0.010,0,69.22,0.000,0,24.07,0.293,100,0.55,14.401,49,50.00,0.00,0,4.1,0.076
1905,12913.728,AllocLarge,2B,0.228,20.0,0.000,0.00,15.513,11.513,2,7.785,0.010,0,62.33,0.000,0,24.07,0.293,100,0.55,11.201,56,35.72,0.00,0,4.9,0.078
1906,12919.396,AllocLarge,2B,0.214,0.0,0.000,0.00,14.713,14.713,2,7.785,0.010,0,69.22,0.000,0,24.07,0.293,100,0.55,14.401,49,50.00,0.00,0,4.0,0.074
1907,12923.719,AllocLarge,2B,0.233,16.7,0.000,0.00,15.513,11.513,2,7.785,0.010,0,62.33,0.000,0,24.07,0.293,100,0.55,11.201,56,35.72,0.00,0,5.0,0.076
1908,12929.407,AllocLarge,2B,0.231,16.7,0.000,0.00,14.713,14.713,2,7.785,0.010,0,69.22,0.000,0,24.07,0.293,100,0.55,14.401,49,50.00,0.00,0,4.3,0.077
1909,12933.832,AllocLarge,2B,0.253,0.0,0.000,0.00,15.513,11.513,2,7.785,0.010,0,62.33,0.000,0,24.07,0.293,100,0.55,11.201,56,35.72,0.00,0,5.3,0.078
1910,12939.649,AllocLarge,2B,0.240,0.0,0.000,0.00,14.713,14.713,2,7.785,0.010,0,69.22,0.000,0,24.07,0.293,100,0.55,14.401,49,50.00,0.00,0,4.4,0.077
1911,12943.909,AllocLarge,2B,0.261,16.7,0.000,0.00,15.513,11.513,2,7.785,0.010,0,69.22,0.000,0,24.07,0.293,100,0.55,11.201,56,35.72,0.00,0,5.6,0.104
1912,12949.776,AllocLarge,2B,0.205,0.0,0.000,0.00,14.713,14.713,2,7.785,0.010,0,69.22,0.000,0,24.07,0.293,100,0.55,14.401,49,50.00,0.00,0,3.8,0.076
1913,12954.080,AllocLarge,2B,0.275,20.0,0.000,0.00,15.513,11.513,2,7.785,0.010,0,62.33,0.000,0,24.07,0.293,100,0.55,11.201,56,35.72,0.00,0,5.8,0.111
1914,12960.000,AllocLarge,2B,0.263,14.3,0.000,0.00,14.713,14.713,2,7.785,0.010,0,69.22,0.000,0,24.07,0.293,100,0.55,14.401,49,50.00,0.00,0,4.7,0.095
1915,12964.432,AllocLarge,2B,0.227,0.0,0.000,0.00,15.513,11.513,2,7.785,0.010,0,62.33,0.000,0,24.07,0.293,100,0.55,11.201,56,35.72,0.00,0,4.9,0.075
1916,12970.085,AllocLarge,2B,0.261,0.0,0.000,0.00,14.713,14.713,2,7.785,0.010,0,73.69,0.000,0,24.07,0.293,100,0.55,14.401,49,50.00,0.00,0,4.8,0.104
1917,12974.716,AllocLarge,2B,0.307,16.7,0.000,0.00,15.513,11.513,2,7.785,0.010,0,62.33,0.000,0,24.07,0.293,100,0.55,11.201,56,35.72,0.00,0,6.2,0.080
1918,12980.474,AllocLarge,2B,0.207,0.0,0.000,0.00,14.713,14.713,2,7.785,0.010,0,69.22,0.000,0,24.07,0.293,100,0.55,14.401,49,50.00,0.00,0,3.8,0.074
1919,12984.675,AllocLarge,2B,0.235,0.0,0.000,0.00,15.513,11.513,2,7.785,0.010,0,69.22,0.000,0,24.07,0.293,100,0.55,11.201,56,35.72,0.00,0,5.2,0.078
1920,12990.609,AllocLarge,2B,0.271,14.3,0.000,0.00,14.713,14.713,2,7.785,0.010,0,73.69,0.000,0,24.07,0.293,100,0.55,14.401,49,50.00,0.00,0,4.7,0.103
1921,12995.041,AllocLarge,2B,0.221,16.7,0.000,0.00,15.513,11.513,2,7.785,0.010,0,62.33,0.000,0,24.07,0.293,100,0.55,11.201,56,35.72,0.00,0,4.8,0.078
1922,13000.643,AllocLarge,2B,0.213,16.7,0.000,0.00,14.713,14.713,2,7.785,0.010,0,69.22,0.000,0,24.07,0.293,100,0.55,14.401,49,50.00,0.00,0,4.0,0.075
1923,13005.016,AllocLarge,2B,0.222,0.0,0.000,0.00,15.513,11.513,2,7.785,0.010,0,62.33,0.000,0,24.07,0.293,100,0.55,11.201,56,35.72,0.00,0,4.8,0.076
1924,13010.723,AllocLarge,2B,0.298,0.0,0.107,19.41,14.713,14.713,2,7.785,0.010,0,69.22,0.000,0,24.07,0.293,100,0.55,14.401,49,50.00,0.00,0,5.4,0.095
1925,13014.999,AllocLarge,2B,0.232,16.7,0.000,0.00,15.513,11.513,2,7.785,0.010,0,69.22,0.000,0,24.07,0.293,100,0.55,11.201,56,35.72,0.00,0,5.2,0.075
1926,13020.860,AllocLarge,2B,0.267,0.0,0.000,0.00,14.713,14.713,2,7.785,0.010,0,69.22,0.000,0,24.07,0.293,100,0.55,14.401,49,50.00,0.00,0,4.7,0.097
1927,13025.255,AllocLarge,2B,0.285,16.7,0.000,0.00,15.513,11.513,2,7.785,0.010,0,62.33,0.000,0,24.07,0.293,100,0.55,11.201,56,35.72,0.00,0,6.0,0.102
1928,13030.977,AllocLarge,2B,0.250,16.7,0.000,0.00,14.713,14.713,2,7.785,0.010,0,69.22,0.000,0,24.07,0.293,100,0.55,14.401,49,50.00,0.00,0,4.7,0.076
1929,13035.383,AllocLarge,2B,0.232,0.0,0.000,0.00,15.513,11.513,2,7.785,0.010,0,69.22,0.000,0,24.07,0.293,100,0.55,11.201,56,35.72,0.00,0,5.0,0.077
1930,13041.227,AllocLarge,2B,0.262,0.0,0.000,0.00,14.713,14.713,2,7.785,0.010,0,73.69,0.000,0,24.07,0.293,100,0.55,14.401,49,50.00,0.00,0,4.7,0.079
1931,13045.578,AllocLarge,2B,0.283,16.7,0.000,0.00,15.513,11.513,2,7.785,0.010,0,62.33,0.000,0,24.07,0.293,100,0.55,11.201,56,35.72,0.00,0,6.1,0.077
1932,13051.200,AllocLarge,2B,0.227,0.0,0.000,0.00,14.713,14.713,2,7.785,0.010,0,69.22,0.000,0,24.07,0.293,100,0.55,14.401,49,50.00,0.00,0,4.3,0.093
1933,13055.599,AllocLarge,2B,0.266,20.0,0.000,0.00,15.513,11.513,2,7.785,0.010,0,62.33,0.000,0,24.07,0.293,100,0.55,11.201,56,35.72,0.00,0,5.6,0.080
1934,13061.235,AllocLarge,2B,0.228,0.0,0.000,0.00,14.713,14.713,2,7.785,0.010,0,69.22,0.000,0,24.07,0.293,100,0.55,14.401,49,50.00,0.00,0,4.3,0.076
1935,13065.470,AllocLarge,2B,0.283,16.7,0.000,0.00,15.513,11.513,2,7.785,0.010,0,62.33,0.000,0,24.07,0.293,100,0.55,11.201,56,35.72,0.00,0,6.2,0.125
1936,13071.344,AllocLarge,2B,0.282,0.0,0.000,0.00,14.713,14.713,2,7.785,0.010,0,69.22,0.000,0,24.07,0.293,100,0.55,14.401,49,50.00,0.00,0,5.0,0.081
1937,13076.169,AllocLarge,2B,0.246,0.0,0.000,0.00,15.513,11.513,2,7.785,0.010,0,62.33,0.000,0,24.07,0.293,100,0.55,11.201,56,35.72,0.00,0,4.9,0.078
1938,13081.712,AllocLarge,2B,0.203,0.0,0.000,0.00,14.713,14.713,2,7.785,0.010,0,69.22,0.000,0,24.07,0.293,100,0.55,14.401,49,50.00,0.00,0,3.9,0.073
1939,13085.912,AllocLarge,2B,0.212,20.0,0.000,0.00,15.513,11.513,2,7.785,0.010,0,62.33,0.000,0,24.07,0.293,100,0.55,11.201,56,35.72,0.00,0,4.7,0.076
1940,13091.444,AllocLarge,2B,0.251,14.3,0.000,0.00,14.713,14.713,2,7.785,0.010,0,69.22,0.000,0,24.07,0.293,100,0.55,14.401,49,50.00,0.00,0,4.7,0.098
1941,13095.725,AllocLarge,2B,0.216,0.0,0.000,0.00,15.513,11.513,2,7.785,0.010,0,62.33,0.000,0,24.07,0.293,100,0.55,11.201,56,35.72,0.00,0,4.8,0.076
1942,13101.291,AllocLarge,2B,0.215,0.0,0.000,0.00,14.713,14.713,2,7.785,0.010,0,69.22,0.000,0,24.07,0.293,100,0.55,14.401,49,50.00,0.00,0,4.0,0.074
1943,13105.748,AllocLarge,2B,0.292,20.0,0.000,0.00,15.513,11.513,2,7.785,0.010,0,62.33,0.000,0,24.07,0.293,100,0.55,11.201,56,35.72,0.00,0,6.0,0.104
1944,13111.416,AllocLarge,2B,0.204,0.0,0.000,0.00,14.713,14.713,2,7.785,0.010,0,69.22,0.000,0,24.07,0.293,100,0.55,14.401,49,50.00,0.00,0,3.9,0.073
1945,13115.704,AllocLarge,2B,0.195,20.0,0.000,0.00,15.513,11.513,2,7.785,0.010,0,62.33,0.000,0,24.07,0.293,100,0.55,11.201,56,35.72,0.00,0,4.3,0.074
1946,13121.374,AllocLarge,2B,0.274,0.0,0.000,0.00,14.713,14.713,2,7.785,0.010,0,69.22,0.000,0,24.07,0.293,100,0.55,14.401,49,50.00,0.00,0,5.0,0.081
1947,13125.695,AllocLarge,2B,0.218,0.0,0.000,0.00,15.513,11.513,2,7.785,0.010,0,69.22,0.000,0,24.07,0.293,100,0.55,11.201,56,35.72,0.00,0,4.8,0.074
1948,13131.304,AllocLarge,2B,0.228,14.3,0.107,19.95,14.713,14.713,2,7.785,0.010,0,69.22,0.000,0,24.07,0.293,100,0.55,14.401,49,50.00,0.00,0,4.3,0.094
1949,13135.519,AllocLarge,2B,0.207,25.0,0.000,0.00,15.513,11.513,2,7.785,0.010,0,69.22,0.000,0,24.07,0.293,100,0.55,11.201,56,35.72,0.00,0,4.7,0.070
1950,13141.104,AllocLarge,2B,0.222,0.0,0.000,0.00,14.713,14.713,2,7.785,0.010,0,69.22,0.000,0,24.07,0.293,100,0.55,14.401,49,50.00,0.00,0,4.1,0.077
1951,13145.319,AllocLarge,2B,0.259,20.0,0.000,0.00,15.513,11.513,2,7.785,0.010,0,69.22,0.000,0,24.07,0.293,100,0.55,11.201,56,35.72,0.00,0,5.7,0.077
1952,13151.080,AllocLarge,2B,0.262,0.0,0.000,0.00,14.713,14.713,2,7.785,0.010,0,69.22,0.000,0,24.07,0.293,100,0.55,14.401,49,50.00,0.00,0,4.8,0.099
1953,13155.481,AllocLarge,2B,0.219,20.0,0.000,0.00,15.513,11.513,2,7.785,0.010,0,62.33,0.000,0,24.07,0.293,100,0.55,11.201,56,35.72,0.00,0,4.7,0.077
1954,13161.178,AllocLarge,2B,0.213,0.0,0.000,0.00,14.713,14.713,2,7.785,0.010,0,69.22,0.000,0,24.07,0.293,100,0.55,14.401,49,50.00,0.00,0,3.9,0.074
1955,13165.505,AllocLarge,2B,0.274,0.0,0.000,0.00,15.513,11.513,2,7.785,0.010,0,62.33,0.000,0,24.07,0.293,100,0.55,11.201,56,35.72,0.00,0,5.7,0.079
1956,13171.240,AllocLarge,2B,0.251,0.0,0.000,0.00,14.713,14.713,2,7.785,0.010,0,73.69,0.000,0,24.07,0.293,100,0.55,14.401,49,50.00,0.00,0,4.7,0.086
1957,13175.526,AllocLarge,2B,0.213,0.0,0.000,0.00,15.513,11.513,2,7.785,0.010,0,62.33,0.000,0,24.07,0.293,100,0.55,11.201,56,35.72,0.00,0,4.8,0.076
1958,13181.141,AllocLarge,2B,0.212,0.0,0.000,0.00,14.713,14.713,2,7.785,0.010,0,69.22,0.000,0,24.07,0.293,100,0.55,14.401,49,50.00,0.00,0,4.0,0.074
1959,13185.357,AllocLarge,2B,0.330,20.0,0.000,0.00,15.513,11.513,2,7.785,0.010,0,69.22,0.000,0,24.07,0.293,100,0.55,11.201,56,35.72,0.00,0,7.2,0.148
1960,13191.197,AllocLarge,2B,0.256,0.0,0.000,0.00,14.713,14.713,2,7.785,0.010,0,73.69,0.000,0,24.07,0.293,100,0.55,14.401,49,50.00,0.00,0,4.6,0.080
1961,13195.505,AllocLarge,2B,0.234,20.0,0.000,0.00,15.513,11.513,2,7.785,0.010,0,62.33,0.000,0,24.07,0.293,100,0.55,11.201,56,35.72,0.00,0,5.2,0.077
1962,13201.113,AllocLarge,2B,0.250,0.0,0.000,0.00,14.713,14.713,2,7.785,0.010,0,69.22,0.000,0,24.07,0.293,100,0.55,14.401,49,50.00,0.00,0,4.7,0.095
1963,13205.396,AllocLarge,2B,0.232,0.0,0.000,0.00,15.513,11.513,2,7.785,0.010,0,62.33,0.000,0,24.07,0.293,100,0.55,11.201,56,35.72,0.00,0,5.1,0.079
1964,13210.960,AllocLarge,2B,0.245,16.7,0.000,0.00,14.713,14.713,2,7.785,0.010,0,69.22,0.000,0,24.07,0.293,100,0.55,14.401,49,50.00,0.00,0,4.6,0.075
1965,13215.349,AllocLarge,2B,0.240,20.0,0.000,0.00,15.513,11.513,2,7.785,0.010,0,62.33,0.000,0,24.07,0.293,100,0.55,11.201,56,35.72,0.00,0,5.2,0.076
1966,13221.085,AllocLarge,2B,0.211,0.0,0.000,0.00,14.713,14.713,2,7.785,0.010,0,69.22,0.000,0,24.07,0.293,100,0.55,14.401,49,50.00,0.00,0,3.9,0.076
1967,13225.402,AllocLarge,2B,0.316,20.0,0.000,0.00,15.513,11.513,2,7.785,0.010,0,69.22,0.000,0,24.07,0.293,100,0.55,11.201,56,35.72,0.00,0,6.7,0.113
1968,13231.115,AllocLarge,2B,0.285,0.0,0.000,0.00,14.713,14.713,2,7.785,0.010,0,69.22,0.000,0,24.07,0.293,100,0.55,14.401,49,50.00,0.00,0,5.3,0.125
1969,13235.409,AllocLarge,2B,0.262,20.0,0.000,0.00,15.513,11.513,2,7.785,0.010,0,69.22,0.000,0,24.07,0.293,100,0.55,11.201,56,35.72,0.00,0,5.8,0.139
1970,13241.113,AllocLarge,2B,0.218,0.0,0.000,0.00,14.713,14.713,2,7.785,0.010,0,69.22,0.000,0,24.07,0.293,100,0.55,14.401,49,50.00,0.00,0,4.0,0.075
1971,13245.522,AllocLarge,2B,0.299,16.7,0.000,0.00,15.513,11.513,2,7.785,0.010,0,62.33,0.000,0,24.07,0.293,100,0.55,11.201,56,35.72,0.00,0,6.2,0.098
1972,13251.339,AllocLarge,2B,0.214,0.0,0.107,19.75,14.713,14.713,2,7.785,0.010,0,69.22,0.000,0,24.07,0.293,100,0.55,14.401,49,50.00,0.00,0,4.0,0.077
1973,13255.950,AllocLarge,2B,0.253,16.7,0.000,0.00,15.513,11.513,2,7.785,0.010,0,62.33,0.000,0,24.07,0.293,100,0.55,11.201,56,35.72,0.00,0,5.1,0.081
1974,13261.631,AllocLarge,2B,0.235,16.7,0.000,0.00,14.713,14.713,2,7.785,0.010,0,69.22,0.000,0,24.07,0.293,100,0.55,14.401,49,50.00,0.00,0,4.4,0.078
1975,13266.077,AllocLarge,2B,0.264,16.7,0.000,0.00,15.513,11.513,2,7.785,0.010,0,62.33,0.000,0,24.07,0.293,100,0.55,11.201,56,35.72,0.00,0,5.5,0.084
1976,13272.092,AllocLarge,2B,0.239,0.0,0.000,0.00,14.713,14.713,2,7.785,0.010,0,69.22,0.000,0,24.07,0.293,100,0.55,14.401,49,50.00,0.00,0,4.2,0.078
1977,13276.441,AllocLarge,2B,0.317,0.0,0.000,0.00,15.513,11.513,2,7.785,0.010,0,62.33,0.000,0,24.07,0.293,100,0.55,11.201,56,35.72,0.00,0,6.8,0.149
1978,13282.231,AllocLarge,2B,0.261,16.7,0.000,0.00,14.713,14.713,2,7.785,0.010,0,69.22,0.000,0,24.07,0.293,100,0.55,14.401,49,50.00,0.00,0,4.8,0.096
1979,13286.603,AllocLarge,2B,0.296,16.7,0.000,0.00,15.513,11.513,2,7.785,0.010,0,62.33,0.000,0,24.07,0.293,100,0.55,11.201,56,35.72,0.00,0,6.3,0.102
1980,13292.661,AllocLarge,2B,0.274,16.7,0.000,0.00,14.713,14.713,2,7.785,0.010,0,69.22,0.000,0,24.07,0.293,100,0.55,14.401,49,50.00,0.00,0,4.8,0.102
1981,13296.926,AllocLarge,2B,0.238,0.0,0.000,0.00,15.513,11.513,2,7.785,0.010,0,69.22,0.000,0,24.07,0.293,100,0.55,11.201,56,35.72,0.00,0,5.4,0.104
1982,13302.615,AllocLarge,2B,0.241,16.7,0.000,0.00,14.713,14.713,2,7.785,0.010,0,69.22,0.000,0,24.07,0.293,100,0.55,14.401,49,50.00,0.00,0,4.4,0.075
1983,13307.040,AllocLarge,2B,0.284,16.7,0.000,0.00,15.513,11.513,2,7.785,0.010,0,62.33,0.000,0,24.07,0.293,100,0.55,11.201,56,35.72,0.00,0,5.9,0.101
1984,13312.854,AllocLarge,2B,0.261,0.0,0.000,0.00,14.713,14.713,2,7.785,0.010,0,73.69,0.000,0,24.07,0.293,100,0.55,14.401,49,50.00,0.00,0,4.8,0.088
1985,13317.119,AllocLarge,2B,0.203,20.0,0.000,0.00,15.513,11.513,2,7.785,0.010,0,62.33,0.000,0,24.07,0.293,100,0.55,11.201,56,35.72,0.00,0,4.6,0.075
1986,13322.672,AllocLarge,2B,0.243,0.0,0.000,0.00,14.713,14.713,2,7.785,0.010,0,69.22,0.000,0,24.07,0.293,100,0.55,14.401,49,50.00,0.00,0,4.5,0.094
1987,13326.925,AllocLarge,2B,0.231,20.0,0.000,0.00,15.513,11.513,2,7.785,0.010,0,62.33,0.000,0,24.07,0.293,100,0.55,11.201,56,35.72,0.00,0,5.1,0.075
1988,13332.800,AllocLarge,2B,0.335,0.0,0.000,0.00,14.713,14.713,2,7.785,0.010,0,69.22,0.000,0,24.07,0.293,100,0.55,14.401,49,50.00,0.00,0,5.8,0.079
1989,13337.217,AllocLarge,2B,0.218,0.0,0.000,0.00,15.513,11.513,2,7.785,0.010,0,69.22,0.000,0,24.07,0.293,100,0.55,11.201,56,35.72,0.00,0,4.8,0.075
1990,13342.845,AllocLarge,2B,0.230,0.0,0.000,0.00,14.713,14.713,2,7.785,0.010,0,69.22,0.000,0,24.07,0.293,100,0.55,14.401,49,50.00,0.00,0,4.3,0.076
1991,13347.054,AllocLarge,2B,0.268,20.0,0.000,0.00,15.513,11.513,2,7.785,0.010,0,69.22,0.000,0,24.07,0.293,100,0.55,11.201,56,35.72,0.00,0,6.0,0.118
1992,13352.813,AllocLarge,2B,0.233,14.3,0.000,0.00,14.713,14.713,2,7.785,0.010,0,69.22,0.000,0,24.07,0.293,100,0.55,14.401,49,50.00,0.00,0,4.3,0.092
1993,13357.295,AllocLarge,2B,0.265,20.0,0.000,0.00,15.513,11.513,2,7.785,0.010,0,62.33,0.000,0,24.07,0.293,100,0.55,11.201,56,35.72,0.00,0,5.5,0.094
1994,13363.061,AllocLarge,2B,0.273,16.7,0.000,0.00,14.713,14.713,2,7.785,0.010,0,69.22,0.000,0,24.07,0.293,100,0.55,14.401,49,50.00,0.00,0,5.0,0.100
1995,13367.417,AllocLarge,2B,0.200,0.0,0.000,0.00,15.513,11.513,2,7.785,0.010,0,69.22,0.000,0,24.07,0.293,100,0.55,11.201,56,35.72,0.00,0,4.4,0.075
1996,13373.148,AllocLarge,2B,0.242,16.7,0.107,19.39,14.713,14.713,2,7.785,0.010,0,69.22,0.000,0,24.07,0.293,100,0.55,14.401,49,50.00,0.00,0,4.4,0.097
1997,13377.345,AllocLarge,2B,0.194,0.0,0.000,0.00,15.513,11.513,2,7.785,0.010,0,62.33,0.000,0,24.07,0.293,100,0.55,11.201,56,35.72,0.00,0,4.4,0.074
1998,13382.950,AllocLarge,2B,0.196,0.0,0.000,0.00,14.713,14.713,2,7.785,0.010,0,69.22,0.000,0,24.07,0.293,100,0.55,14.401,49,50.00,0.00,0,3.6,0.073
1999,13387.349,AllocLarge,2B,0.315,20.0,0.000,0.00,15.513,11.513,2,7.785,0.010,0,62.33,0.000,0,24.07,0.293,100,0.55,11.201,56,35.72,0.00,0,6.5,0.092
2000,13393.082,AllocLarge,2B,0.250,16.7,0.000,0.00,14.713,14.713,2,7.785,0.010,0,69.22,0.000,0,24.07,0.293,100,0.55,14.401,49,50.00,0.00,0,4.7,0.099
2001,13397.417,AllocLarge,2B,0.207,0.0,0.000,0.00,15.513,11.513,2,7.785,0.010,0,69.22,0.000,0,24.07,0.293,100,0.55,11.201,56,35.72,0.00,0,4.6,0.082
2002,13403.102,AllocLarge,2B,0.238,16.7,0.000,0.00,14.713,14.713,2,7.785,0.010,0,69.22,0.000,0,24.07,0.293,100,0.55,14.401,49,50.00,0.00,0,4.3,0.074
2003,13407.411,AllocLarge,2B,0.216,0.0,0.000,0.00,15.513,11.513,2,7.785,0.010,0,69.22,0.000,0,24.07,0.293,100,0.55,11.201,56,35.72,0.00,0,4.7,0.075
2004,13413.042,AllocLarge,2B,0.198,0.0,0.000,0.00,14.713,14.713,2,7.785,0.010,0,69.22,0.000,0,24.07,0.293,100,0.55,14.401,49,50.00,0.00,0,3.7,0.073
2005,13417.262,AllocLarge,2B,0.248,20.0,0.000,0.00,15.513,11.513,2,7.785,0.010,0,69.22,0.000,0,24.07,0.293,100,0.55,11.201,56,35.72,0.00,0,5.4,0.098
2006,13423.449,AllocLarge,2B,0.282,14.3,0.000,0.00,14.713,14.713,2,7.785,0.010,0,69.22,0.000,0,24.07,0.293,100,0.55,14.401,49,50.00,0.00,0,4.8,0.115
2007,13427.809,AllocLarge,2B,0.262,0.0,0.000,0.00,15.513,11.513,2,7.785,0.010,0,69.22,0.000,0,24.07,0.293,100,0.55,11.201,56,35.72,0.00,0,5.7,0.081
2008,13434.108,AllocLarge,2B,0.247,0.0,0.000,0.00,14.713,14.713,2,7.785,0.010,0,69.22,0.000,0,24.07,0.293,100,0.55,14.401,49,50.00,0.00,0,4.1,0.075
2009,13438.551,AllocLarge,2B,0.250,0.0,0.000,0.00,15.513,11.513,2,7.785,0.010,0,69.22,0.000,0,24.07,0.293,100,0.55,11.201,56,35.72,0.00,0,5.3,0.078
2010,13444.319,AllocLarge,2B,0.228,16.7,0.000,0.00,14.713,14.713,2,7.785,0.010,0,69.22,0.000,0,24.07,0.293,100,0.55,14.401,49,50.00,0.00,0,4.2,0.093
2011,13448.644,AllocLarge,2B,0.239,0.0,0.000,0.00,15.513,11.513,2,7.785,0.010,0,62.33,0.000,0,24.07,0.293,100,0.55,11.201,56,35.72,0.00,0,5.2,0.079
2012,13454.568,AllocLarge,2B,0.333,0.0,0.000,0.00,14.713,14.713,2,7.785,0.010,0,73.69,0.000,0,24.07,0.293,100,0.55,14.401,49,50.00,0.00,0,5.8,0.081
2013,13459.327,AllocLarge,2B,0.246,20.0,0.000,0.00,15.513,11.513,2,7.785,0.010,0,62.33,0.000,0,24.07,0.293,100,0.55,11.201,56,35.72,0.00,0,5.0,0.081
2014,13464.979,AllocLarge,2B,0.218,0.0,0.000,0.00,14.713,14.713,2,7.785,0.010,0,69.22,0.000,0,24.07,0.293,100,0.55,14.401,49,50.00,0.00,0,4.1,0.075
2015,13469.283,AllocLarge,2B,0.244,20.0,0.000,0.00,15.513,11.513,2,7.785,0.010,0,62.33,0.000,0,24.07,0.293,100,0.55,11.201,56,35.72,0.00,0,5.3,0.085
2016,13475.065,AllocLarge,2B,0.225,0.0,0.000,0.00,14.713,14.713,2,7.785,0.010,0,69.22,0.000,0,24.07,0.293,100,0.55,14.401,49,50.00,0.00,0,4.1,0.076
2017,13479.273,AllocLarge,2B,0.195,20.0,0.000,0.00,15.513,11.513,2,7.785,0.010,0,62.33,0.000,0,24.07,0.293,100,0.55,11.201,56,35.72,0.00,0,4.4,0.075
2018,13484.929,AllocLarge,2B,0.287,14.3,0.000,0.00,14.713,14.713,2,7.785,0.010,0,69.22,0.000,0,24.07,0.293,100,0.55,14.401,49,50.00,0.00,0,5.2,0.105
2019,13489.477,AllocLarge,2B,0.230,0.0,0.000,0.00,15.513,11.513,2,7.785,0.010,0,62.33,0.000,0,24.07,0.293,100,0.55,11.201,56,35.72,0.00,0,4.8,0.079
2020,13495.173,AllocLarge,2B,0.256,0.0,0.107,19.56,14.713,14.713,2,7.785,0.010,0,73.69,0.000,0,24.07,0.293,100,0.55,14.401,49,50.00,0.00,0,4.7,0.086
2021,13499.427,AllocLarge,2B,0.234,16.7,0.000,0.00,15.513,11.513,2,7.785,0.010,0,62.33,0.000,0,24.07,0.293,100,0.55,11.201,56,35.72,0.00,0,5.2,0.094
2022,13505.070,AllocLarge,2B,0.228,0.0,0.000,0.00,14.713,14.713,2,7.785,0.010,0,69.22,0.000,0,24.07,0.293,100,0.55,14.401,49,50.00,0.00,0,4.2,0.076
2023,13509.371,AllocLarge,2B,0.251,0.0,0.000,0.00,15.513,11.513,2,7.785,0.010,0,62.33,0.000,0,24.07,0.293,100,0.55,11.201,56,35.72,0.00,0,5.4,0.085
2024,13515.039,AllocLarge,2B,0.212,0.0,0.000,0.00,14.713,14.713,2,7.785,0.010,0,69.22,0.000,0,24.07,0.293,100,0.55,14.401,49,50.00,0.00,0,4.0,0.073
2025,13519.438,AllocLarge,2B,0.215,20.0,0.000,0.00,15.513,11.513,2,7.785,0.010,0,62.33,0.000,0,24.07,0.293,100,0.55,11.201,56,35.72,0.00,0,4.6,0.074
2026,13525.102,AllocLarge,2B,0.229,0.0,0.000,0.00,14.713,14.713,2,7.785,0.010,0,69.22,0.000,0,24.07,0.293,100,0.55,14.401,49,50.00,0.00,0,4.2,0.081
2027,13529.486,AllocLarge,2B,0.315,20.0,0.000,0.00,15.513,11.513,2,7.785,0.010,0,62.33,0.000,0,24.07,0.293,100,0.55,11.201,56,35.72,0.00,0,6.6,0.113
2028,13535.253,AllocLarge,2B,0.213,0.0,0.000,0.00,14.713,14.713,2,7.785,0.010,0,69.22,0.000,0,24.07,0.293,100,0.55,14.401,49,50.00,0.00,0,4.0,0.074
2029,13539.768,AllocLarge,2B,0.259,20.0,0.000,0.00,15.513,11.513,2,7.785,0.010,0,62.33,0.000,0,24.07,0.293,100,0.55,11.201,56,35.72,0.00,0,5.3,0.081
2030,13545.565,AllocLarge,2B,0.247,0.0,0.000,0.00,14.713,14.713,2,7.785,0.010,0,69.22,0.000,0,24.07,0.293,100,0.55,14.401,49,50.00,0.00,0,4.5,0.077
2031,13549.936,AllocLarge,2B,0.233,16.7,0.000,0.00,15.513,11.513,2,7.785,0.010,0,62.33,0.000,0,24.07,0.293,100,0.55,11.201,56,35.72,0.00,0,5.0,0.077
2032,13555.853,AllocLarge,2B,0.277,16.7,0.000,0.00,14.713,14.713,2,7.785,0.010,0,69.22,0.000,0,24.07,0.293,100,0.55,14.401,49,50.00,0.00,0,4.9,0.083
2033,13560.258,AllocLarge,2B,0.361,0.0,0.000,0.00,15.513,11.513,2,7.785,0.010,0,62.33,0.000,0,24.07,0.293,100,0.55,11.201,56,35.72,0.00,0,7.6,0.074
2034,13566.131,AllocLarge,2B,0.241,0.0,0.000,0.00,14.713,14.713,2,7.785,0.010,0,69.22,0.000,0,24.07,0.293,100,0.55,14.401,49,50.00,0.00,0,4.4,0.077
2035,13570.435,AllocLarge,2B,0.203,16.7,0.000,0.00,15.513,11.513,2,7.785,0.010,0,62.33,0.000,0,24.07,0.293,100,0.55,11.201,56,35.72,0.00,0,4.5,0.074
2036,13576.722,AllocLarge,2B,0.365,14.3,0.000,0.00,14.713,14.713,2,7.785,0.010,0,73.69,0.000,0,24.07,0.293,100,0.55,14.401,49,50.00,0.00,0,5.9,0.166
2037,13581.122,AllocLarge,2B,0.240,0.0,0.000,0.00,15.513,11.513,2,7.785,0.010,0,62.33,0.000,0,24.07,0.293,100,0.55,11.201,56,35.72,0.00,0,5.3,0.085
2038,13586.870,AllocLarge,2B,0.206,0.0,0.000,0.00,14.713,14.713,2,7.785,0.010,0,73.69,0.000,0,24.07,0.293,100,0.55,14.401,49,50.00,0.00,0,3.8,0.074
2039,13591.427,AllocLarge,2B,0.301,20.0,0.000,0.00,15.513,11.513,2,7.785,0.010,0,62.33,0.000,0,24.07,0.293,100,0.55,11.201,56,35.72,0.00,0,6.1,0.105
2040,13597.253,AllocLarge,2B,0.239,0.0,0.000,0.00,14.713,14.713,2,7.785,0.010,0,69.22,0.000,0,24.07,0.293,100,0.55,14.401,49,50.00,0.00,0,4.4,0.078
2041,13601.498,AllocLarge,2B,0.224,20.0,0.000,0.00,15.513,11.513,2,7.785,0.010,0,62.33,0.000,0,24.07,0.293,100,0.55,11.201,56,35.72,0.00,0,5.0,0.077
2042,13607.765,AllocLarge,2B,0.268,0.0,0.000,0.00,14.713,14.713,2,7.785,0.010,0,69.22,0.000,0,24.07,0.293,100,0.55,14.401,49,50.00,0.00,0,4.4,0.097
2043,13612.038,AllocLarge,2B,0.250,16.7,0.000,0.00,15.513,11.513,2,7.785,0.010,0,69.22,0.000,0,24.07,0.293,100,0.55,11.201,56,35.72,0.00,0,5.6,0.104
2044,13617.614,AllocLarge,2B,0.198,0.0,0.107,20.25,14.713,14.713,2,7.785,0.010,0,69.22,0.000,0,24.07,0.293,100,0.55,14.401,49,50.00,0.00,0,3.8,0.074
2045,13622.037,AllocLarge,2B,0.414,20.0,0.000,0.00,15.513,11.513,2,7.785,0.010,0,62.33,0.000,0,24.07,0.293,100,0.55,11.201,56,35.72,0.00,0,8.2,0.088
2046,13627.953,AllocLarge,2B,0.226,16.7,0.000,0.00,14.713,14.713,2,7.785,0.010,0,69.22,0.000,0,24.07,0.293,100,0.55,14.401,49,50.00,0.00,0,4.2,0.076
2047,13632.194,AllocLarge,2B,0.230,0.0,0.000,0.00,15.513,11.513,2,7.785,0.010,0,69.22,0.000,0,24.07,0.293,100,0.55,11.201,56,35.72,0.00,0,5.2,0.092
2048,13638.031,AllocLarge,2B,0.286,0.0,0.000,0.00,14.713,14.713,2,7.785,0.010,0,69.22,0.000,0,24.07,0.293,100,0.55,14.401,49,50.00,0.00,0,5.0,0.077
2049,13642.384,AllocLarge,2B,0.211,0.0,0.000,0.00,15.513,11.513,2,7.785,0.010,0,62.33,0.000,0,24.07,0.293,100,0.55,11.201,56,35.72,0.00,0,4.7,0.076
2050,13647.891,AllocLarge,2B,0.229,16.7,0.000,0.00,14.713,14.713,2,7.785,0.010,0,69.22,0.000,0,24.07,0.293,100,0.55,14.401,49,50.00,0.00,0,4.4,0.092
2051,13652.160,AllocLarge,2B,0.272,0.0,0.000,0.00,15.513,11.513,2,7.785,0.010,0,69.22,0.000,0,24.07,0.293,100,0.55,11.201,56,35.72,0.00,0,6.0,0.074
2052,13657.921,AllocLarge,2B,0.217,14.3,0.000,0.00,14.713,14.713,2,7.785,0.010,0,69.22,0.000,0,24.07,0.293,100,0.55,14.401,49,50.00,0.00,0,3.9,0.077
2053,13662.134,AllocLarge,2B,0.222,0.0,0.000,0.00,15.513,11.513,2,7.785,0.010,0,69.22,0.000,0,24.07,0.293,100,0.55,11.201,56,35.72,0.00,0,5.0,0.081
2054,13667.786,AllocLarge,2B,0.227,16.7,0.000,0.00,14.713,14.713,2,7.785,0.010,0,69.22,0.000,0,24.07,0.293,100,0.55,14.401,49,50.00,0.00,0,4.2,0.103
2055,13672.257,AllocLarge,2B,0.232,0.0,0.000,0.00,15.513,11.513,2,7.785,0.010,0,62.33,0.000,0,24.07,0.293,100,0.55,11.201,56,35.72,0.00,0,4.9,0.075
2056,13677.847,AllocLarge,2B,0.208,16.7,0.000,0.00,14.713,14.713,2,7.785,0.010,0,69.22,0.000,0,24.07,0.293,100,0.55,14.401,49,50.00,0.00,0,3.9,0.076
2057,13682.121,AllocLarge,2B,0.200,0.0,0.000,0.00,15.513,11.513,2,7.785,0.010,0,62.33,0.000,0,24.07,0.293,100,0.55,11.201,56,35.72,0.00,0,4.5,0.074
2058,13687.761,AllocLarge,2B,0.276,16.7,0.000,0.00,14.713,14.713,2,7.785,0.010,0,69.22,0.000,0,24.07,0.293,100,0.55,14.401,49,50.00,0.00,0,5.0,0.124
2059,13692.073,AllocLarge,2B,0.210,0.0,0.000,0.00,15.513,11.513,2,7.785,0.010,0,62.33,0.000,0,24.07,0.293,100,0.55,11.201,56,35.72,0.00,0,4.7,0.077
2060,13697.745,AllocLarge,2B,0.197,14.3,0.000,0.00,14.713,14.713,2,7.785,0.010,0,69.22,0.000,0,24.07,0.293,100,0.55,14.401,49,50.00,0.00,0,3.6,0.074
2061,13701.983,AllocLarge,2B,0.232,0.0,0.000,0.00,15.513,11.513,2,7.785,0.010,0,69.22,0.000,0,24.07,0.293,100,0.55,11.201,56,35.72,0.00,0,5.1,0.082
2062,13707.685,AllocLarge,2B,0.217,0.0,0.000,0.00,14.713,14.713,2,7.785,0.010,0,69.22,0.000,0,24.07,0.293,100,0.55,14.401,49,50.00,0.00,0,4.0,0.077
2063,13711.966,AllocLarge,2B,0.195,0.0,0.000,0.00,15.513,11.513,2,7.785,0.010,0,69.22,0.000,0,24.07,0.293,100,0.55,11.201,56,35.72,0.00,0,4.3,0.074
2064,13717.637,AllocLarge,2B,0.229,0.0,0.000,0.00,14.713,14.713,2,7.785,0.010,0,69.22,0.000,0,24.07,0.293,100,0.55,14.401,49,50.00,0.00,0,4.1,0.077
2065,13722.084,AllocLarge,2B,0.252,0.0,0.000,0.00,15.513,11.513,2,7.785,0.010,0,62.33,0.000,0,24.07,0.293,100,0.55,11.201,56,35.72,0.00,0,5.3,0.077
