Num,PauseStart,Reason,Gen,PauseMSec,Time In GC,AllocMB,Alloc MB/sec,PeakMB,AfterMB,Peak/After Ratio,PromotedMB,Gen0 Size,Gen0 Surv%,Gen0 Frag%,Gen1 Size,Gen1 Surv%,Gen1 Frag%,Gen2 Size,Gen2 Surv%,Gen2 Frag%,LOH Size,LOH Surv%,LOH Frag%,FinalizeSurviveMB,Pinned Object,% Pause Time,Suspend Msec
1,510.818,AllocLarge,2B,0.682,1.0,0.652,1.27,7.082,7.091,2,6.400,0.682,0,54.69,0.000,0,NaN,0.000,0,NaN,6.400,99,0.00,0.00,0,76.4,0.019
2,588.563,AllocSmall,0N,0.813,1.3,7.693,100.20,23.240,15.502,2,0.290,0.001,3,81.43,0.293,NaN,1.11,0.000,NaN,NaN,15.201,NaN,0.00,0.00,1,1.0,0.006
3,599.069,AllocSmall,1N,0.682,0.0,8.381,864.09,23.890,15.499,2,0.290,0.001,0,81.43,0.000,99,9.68,0.289,NaN,0.00,15.201,NaN,0.00,0.00,1,6.6,0.006
4,609.345,AllocSmall,0N,0.232,0.0,8.381,873.23,23.887,15.499,2,0.000,0.001,0,81.43,0.000,NaN,9.68,0.289,NaN,0.00,15.201,NaN,0.00,0.00,1,2.4,0.005
5,619.151,AllocSmall,0N,0.171,0.0,8.388,875.86,23.887,15.499,2,0.000,0.001,0,81.43,0.001,NaN,9.68,0.289,NaN,0.00,15.201,NaN,0.00,0.00,1,1.8,0.006
6,628.885,AllocSmall,0N,0.192,0.0,8.388,876.89,23.888,15.500,2,0.000,0.001,0,81.43,0.001,NaN,10.71,0.289,NaN,0.00,15.201,NaN,0.00,0.00,1,2.0,0.005
7,640.603,AllocSmall,0N,0.165,0.0,8.389,727.60,30.288,21.900,2,0.000,0.001,0,81.43,0.001,NaN,10.34,0.289,NaN,0.00,21.601,NaN,0.00,0.00,1,1.4,0.005
8,650.317,AllocSmall,0N,0.141,0.0,8.389,878.20,30.288,21.900,2,0.000,0.001,0,81.43,0.001,NaN,11.54,0.289,NaN,0.00,21.601,NaN,0.00,0.00,1,1.4,0.005
9,659.886,AllocSmall,0N,0.174,10.0,8.389,889.40,30.288,21.900,2,0.000,0.001,0,81.43,0.001,NaN,11.41,0.289,NaN,0.00,21.601,NaN,0.00,0.00,1,1.8,0.006
10,669.766,AllocSmall,0N,0.173,0.0,8.389,864.00,30.288,21.900,2,0.000,0.001,0,81.43,0.002,NaN,12.31,0.289,NaN,0.00,21.601,NaN,0.00,0.00,1,1.8,0.006
11,679.547,AllocSmall,0N,0.165,0.0,8.389,872.77,30.289,21.901,2,0.000,0.001,0,81.43,0.002,NaN,12.11,0.289,NaN,0.00,21.601,NaN,0.00,0.00,1,1.7,0.005
12,689.110,AllocSmall,0N,0.145,0.0,8.389,892.25,30.289,21.901,2,0.000,0.001,0,81.43,0.002,NaN,12.82,0.289,NaN,0.00,21.601,NaN,0.00,0.00,1,1.5,0.005
13,709.921,AllocLarge,2B,0.328,12.5,6.290,281.10,37.049,37.066,2,8.578,6.365,0,33.84,0.002,0,100.00,0.289,99,0.56,30.401,26,73.68,0.00,0,1.5,0.085
14,714.667,AllocLarge,2B,0.273,33.3,0.000,0.00,37.858,16.257,2,7.778,6.357,0,33.89,0.002,0,100.00,0.289,100,0.56,9.600,59,25.00,0.00,0,5.1,0.081
15,723.554,AllocLarge,2B,0.374,12.5,0.000,0.00,22.658,21.857,2,7.778,6.357,0,33.87,0.002,0,100.00,0.289,100,0.56,15.201,44,52.63,0.00,0,5.2,0.109
16,728.481,AllocLarge,2B,0.268,0.0,0.000,0.00,22.658,17.857,2,7.778,6.357,0,33.86,0.002,0,100.00,0.289,100,0.56,11.201,56,35.72,0.00,0,5.1,0.070
17,734.420,AllocLarge,2B,0.251,16.7,0.110,20.10,21.857,21.057,2,7.778,6.357,0,33.87,0.002,0,100.00,0.289,100,0.56,14.401,47,50.00,0.00,0,4.6,0.093
18,738.874,AllocLarge,2B,0.269,0.0,0.000,0.00,21.857,17.857,2,7.778,6.357,0,33.86,0.002,0,100.00,0.289,100,0.56,11.201,56,35.72,0.00,0,5.6,0.082
19,744.836,AllocLarge,2B,0.271,0.0,0.000,0.00,21.057,21.057,2,7.778,6.357,0,33.87,0.002,0,100.00,0.289,100,0.56,14.401,49,50.00,0.00,0,4.8,0.080
20,749.261,AllocLarge,2B,0.233,20.0,0.000,0.00,21.857,17.857,2,7.778,6.357,0,33.86,0.002,0,100.00,0.289,100,0.56,11.201,56,35.72,0.00,0,5.0,0.072
21,755.011,AllocLarge,2B,0.242,0.0,0.000,0.00,21.057,21.057,2,7.778,6.357,0,33.87,0.002,0,100.00,0.289,100,0.56,14.401,49,50.00,0.00,0,4.4,0.078
22,759.484,AllocLarge,2B,0.303,20.0,0.000,0.00,21.857,17.857,2,7.778,6.357,0,33.86,0.002,0,100.00,0.289,100,0.56,11.201,56,35.72,0.00,0,6.2,0.081
23,765.426,AllocLarge,2B,0.258,0.0,0.000,0.00,21.057,21.057,2,7.778,6.357,0,33.87,0.002,0,100.00,0.289,100,0.56,14.401,49,50.00,0.00,0,4.6,0.084
24,769.817,AllocLarge,2B,0.283,16.7,0.000,0.00,21.857,17.857,2,7.778,6.357,0,33.86,0.002,0,100.00,0.289,100,0.56,11.201,56,35.72,0.00,0,6.1,0.109
25,775.975,AllocLarge,2B,0.270,14.3,0.000,0.00,21.057,21.057,2,7.778,6.357,0,33.87,0.002,0,100.00,0.289,100,0.56,14.401,49,50.00,0.00,0,4.6,0.082
26,780.414,AllocLarge,2B,0.319,16.7,0.000,0.00,21.857,17.857,2,7.778,6.357,0,33.86,0.002,0,100.00,0.289,100,0.56,11.201,56,35.72,0.00,0,6.7,0.130
27,786.471,AllocLarge,2B,0.266,0.0,0.000,0.00,21.057,21.057,2,7.778,6.357,0,33.87,0.002,0,100.00,0.289,100,0.56,14.401,49,50.00,0.00,0,4.7,0.087
28,791.006,AllocLarge,2B,0.483,16.7,0.000,0.00,21.857,17.857,2,7.778,6.357,0,33.87,0.002,0,100.00,0.289,100,0.56,11.201,56,35.72,0.00,0,9.5,0.243
29,797.144,AllocLarge,2B,0.271,16.7,0.000,0.00,21.057,21.057,2,7.778,6.357,0,33.87,0.002,0,100.00,0.289,100,0.56,14.401,49,50.00,0.00,0,4.8,0.079
30,801.527,AllocLarge,2B,0.233,0.0,0.000,0.00,21.857,17.857,2,7.778,6.357,0,33.86,0.002,0,100.00,0.289,100,0.56,11.201,56,35.72,0.00,0,5.0,0.077
31,807.428,AllocLarge,2B,0.269,0.0,0.000,0.00,21.057,21.057,2,7.778,6.357,0,33.87,0.002,0,100.00,0.289,100,0.56,14.401,49,50.00,0.00,0,4.8,0.080
32,811.924,AllocLarge,2B,0.263,20.0,0.000,0.00,21.857,17.857,2,7.778,6.357,0,33.86,0.002,0,100.00,0.289,100,0.56,11.201,56,35.72,0.00,0,5.5,0.077
33,818.051,AllocLarge,2B,0.243,0.0,0.000,0.00,21.057,21.057,2,7.778,6.357,0,33.87,0.002,0,100.00,0.289,100,0.56,14.401,49,50.00,0.00,0,4.2,0.076
34,822.429,AllocLarge,2B,0.275,16.7,0.000,0.00,21.857,17.857,2,7.778,6.357,0,33.86,0.002,0,100.00,0.289,100,0.56,11.201,56,35.72,0.00,0,5.7,0.083
35,828.418,AllocLarge,2B,0.266,0.0,0.000,0.00,21.057,21.057,2,7.778,6.357,0,33.87,0.002,0,100.00,0.289,100,0.56,14.401,49,50.00,0.00,0,4.7,0.077
36,832.790,AllocLarge,2B,0.245,16.7,0.000,0.00,21.857,17.857,2,7.778,6.357,0,33.86,0.002,0,100.00,0.289,100,0.56,11.201,56,35.72,0.00,0,5.3,0.076
37,838.574,AllocLarge,2B,0.252,0.0,0.108,19.51,21.057,21.057,2,7.778,6.357,0,33.87,0.002,0,100.00,0.289,100,0.56,14.401,49,50.00,0.00,0,4.6,0.081
38,842.980,AllocLarge,2B,0.276,16.7,0.000,0.00,21.857,17.857,2,7.778,6.357,0,33.86,0.002,0,100.00,0.289,100,0.56,11.201,56,35.72,0.00,0,5.8,0.097
39,848.800,AllocLarge,2B,0.268,16.7,0.000,0.00,21.057,21.057,2,7.778,6.357,0,33.87,0.002,0,100.00,0.289,100,0.56,14.401,49,50.00,0.00,0,4.9,0.104
40,853.174,AllocLarge,2B,0.248,20.0,0.000,0.00,21.857,17.857,2,7.778,6.357,0,33.86,0.002,0,100.00,0.289,100,0.56,11.201,56,35.72,0.00,0,5.3,0.076
41,859.224,AllocLarge,2B,0.259,14.3,0.000,0.00,21.057,21.057,2,7.778,6.357,0,33.87,0.002,0,100.00,0.289,100,0.56,14.401,49,50.00,0.00,0,4.5,0.079
42,863.856,AllocLarge,2B,0.282,0.0,0.000,0.00,21.857,17.857,2,7.778,6.357,0,33.86,0.002,0,100.00,0.289,100,0.56,11.201,56,35.72,0.00,0,5.7,0.083
43,869.829,AllocLarge,2B,0.289,0.0,0.000,0.00,21.057,21.057,2,7.778,6.357,0,33.87,0.002,0,100.00,0.289,100,0.56,14.401,49,50.00,0.00,0,5.1,0.083
44,874.386,AllocLarge,2B,0.257,0.0,0.000,0.00,21.857,17.857,2,7.778,6.357,0,33.86,0.002,0,100.00,0.289,100,0.56,11.201,56,35.72,0.00,0,5.4,0.082
45,880.189,AllocLarge,2B,0.263,0.0,0.000,0.00,21.057,21.057,2,7.778,6.357,0,33.87,0.002,0,100.00,0.289,100,0.56,14.401,49,50.00,0.00,0,4.8,0.082
46,884.563,AllocLarge,2B,0.256,16.7,0.000,0.00,21.857,17.857,2,7.778,6.357,0,33.87,0.002,0,100.00,0.289,100,0.56,11.201,56,35.72,0.00,0,5.5,0.080
47,890.437,AllocLarge,2B,0.298,16.7,0.000,0.00,21.057,21.057,2,7.778,6.357,0,33.87,0.002,0,100.00,0.289,100,0.56,14.401,49,50.00,0.00,0,5.3,0.115
48,895.001,AllocLarge,2B,0.258,0.0,0.000,0.00,21.857,17.857,2,7.778,6.357,0,33.87,0.002,0,100.00,0.289,100,0.56,11.201,56,35.72,0.00,0,5.4,0.096
49,901.028,AllocLarge,2B,0.279,0.0,0.000,0.00,21.057,21.057,2,7.778,6.357,0,33.87,0.002,0,100.00,0.289,100,0.56,14.401,49,50.00,0.00,0,4.8,0.098
50,905.656,AllocLarge,2B,0.321,16.7,0.000,0.00,21.857,17.857,2,7.778,6.357,0,33.87,0.002,0,100.00,0.289,100,0.56,11.201,56,35.72,0.00,0,6.4,0.085
51,911.971,AllocLarge,2B,0.273,16.7,0.000,0.00,21.057,21.057,2,7.778,6.357,0,33.87,0.002,0,100.00,0.289,100,0.56,14.401,49,50.00,0.00,0,4.6,0.082
52,916.416,AllocLarge,2B,0.269,20.0,0.000,0.00,21.857,17.857,2,7.778,6.357,0,33.86,0.002,0,100.00,0.289,100,0.56,11.201,56,35.72,0.00,0,5.7,0.080
53,922.295,AllocLarge,2B,0.287,0.0,0.000,0.00,21.057,21.057,2,7.778,6.357,0,33.87,0.002,0,100.00,0.289,100,0.56,14.401,49,50.00,0.00,0,5.1,0.103
54,926.895,AllocLarge,2B,0.268,20.0,0.000,0.00,21.857,17.857,2,7.778,6.357,0,33.86,0.002,0,100.00,0.289,100,0.56,11.201,56,35.72,0.00,0,5.5,0.078
55,932.709,AllocLarge,2B,0.302,16.7,0.000,0.00,21.057,21.057,2,7.778,6.357,0,33.87,0.002,0,100.00,0.289,100,0.56,14.401,49,50.00,0.00,0,5.5,0.080
56,937.193,AllocLarge,2B,0.267,16.7,0.000,0.00,21.857,17.857,2,7.778,6.357,0,33.86,0.002,0,100.00,0.289,100,0.56,11.201,56,35.72,0.00,0,5.6,0.078
57,943.227,AllocLarge,2B,0.253,16.7,0.108,18.72,21.057,21.057,2,7.778,6.357,0,33.87,0.002,0,100.00,0.289,100,0.56,14.401,49,50.00,0.00,0,4.4,0.079
58,947.670,AllocLarge,2B,0.333,16.7,0.000,0.00,21.857,17.857,2,7.778,6.357,0,33.86,0.002,0,100.00,0.289,100,0.56,11.201,56,35.72,0.00,0,6.6,0.076
59,953.902,AllocLarge,2B,0.273,16.7,0.000,0.00,21.857,21.057,2,7.778,6.357,0,33.87,0.002,0,100.00,0.289,100,0.56,14.401,47,50.00,0.00,0,4.8,0.090
60,958.363,AllocLarge,2B,0.259,0.0,0.000,0.00,21.857,17.857,2,7.778,6.357,0,33.86,0.002,0,100.00,0.289,100,0.56,11.201,56,35.72,0.00,0,5.5,0.076
61,964.176,AllocLarge,2B,0.307,0.0,0.000,0.00,21.057,21.057,2,7.778,6.357,0,33.87,0.002,0,100.00,0.289,100,0.56,14.401,49,50.00,0.00,0,5.5,0.125
62,968.856,AllocLarge,2B,0.253,16.7,0.000,0.00,21.857,17.857,2,7.778,6.357,0,33.86,0.002,0,100.00,0.289,100,0.56,11.201,56,35.72,0.00,0,5.1,0.074
63,974.672,AllocLarge,2B,0.259,0.0,0.000,0.00,21.057,21.057,2,7.778,6.357,0,33.87,0.002,0,100.00,0.289,100,0.56,14.401,49,50.00,0.00,0,4.7,0.078
64,979.096,AllocLarge,2B,0.268,0.0,0.000,0.00,21.857,17.857,2,7.778,6.357,0,33.86,0.002,0,100.00,0.289,100,0.56,11.201,56,35.72,0.00,0,5.7,0.100
65,984.883,AllocLarge,2B,0.277,14.3,0.000,0.00,21.057,21.057,2,7.778,6.357,0,33.87,0.002,0,100.00,0.289,100,0.56,14.401,49,50.00,0.00,0,5.0,0.087
66,989.267,AllocLarge,2B,0.272,0.0,0.000,0.00,21.857,17.857,2,7.778,6.357,0,33.86,0.002,0,100.00,0.289,100,0.56,11.201,56,35.72,0.00,0,5.8,0.082
67,995.279,AllocLarge,2B,0.332,0.0,0.000,0.00,21.057,21.057,2,7.778,6.357,0,33.87,0.002,0,100.00,0.289,100,0.56,14.401,49,50.00,0.00,0,5.7,0.124
68,999.960,AllocLarge,2B,0.244,16.7,0.000,0.00,21.857,17.857,2,7.778,6.357,0,33.86,0.002,0,100.00,0.289,100,0.56,11.201,56,35.72,0.00,0,5.0,0.079
69,1005.825,AllocLarge,2B,0.241,0.0,0.000,0.00,21.057,21.057,2,7.778,6.357,0,33.87,0.002,0,100.00,0.289,100,0.56,14.401,49,50.00,0.00,0,4.3,0.074
70,1010.261,AllocLarge,2B,0.308,0.0,0.000,0.00,21.857,17.857,2,7.778,6.357,0,33.86,0.002,0,100.00,0.289,100,0.56,11.201,56,35.72,0.00,0,6.3,0.090
71,1017.390,AllocLarge,2B,0.250,0.0,0.000,0.00,21.057,21.057,2,7.778,6.357,0,33.87,0.002,0,100.00,0.289,100,0.56,14.401,49,50.00,0.00,0,3.7,0.082
72,1024.970,AllocLarge,2B,0.299,9.1,0.000,0.00,21.857,17.857,2,7.778,6.357,0,33.86,0.002,0,100.00,0.289,100,0.56,11.201,56,35.72,0.00,0,3.7,0.084
73,1030.979,AllocLarge,2B,0.273,16.7,0.000,0.00,21.057,21.057,2,7.778,6.357,0,33.87,0.002,0,100.00,0.289,100,0.56,14.401,49,50.00,0.00,0,4.9,0.081
74,1035.395,AllocLarge,2B,0.348,20.0,0.000,0.00,21.857,17.857,2,7.778,6.357,0,33.86,0.002,0,100.00,0.289,100,0.56,11.201,56,35.72,0.00,0,7.3,0.088
75,1041.552,AllocLarge,2B,0.365,9.1,0.000,0.00,21.057,21.057,2,7.778,6.357,0,33.87,0.002,0,100.00,0.289,100,0.56,14.401,49,50.00,0.00,0,6.2,0.145
76,1046.248,AllocLarge,2B,0.272,10.0,0.000,0.00,21.857,17.857,2,7.778,6.357,0,33.86,0.002,0,100.00,0.289,100,0.56,11.201,56,35.72,0.00,0,5.6,0.087
77,1051.794,AllocLarge,2B,0.258,0.0,0.108,20.72,21.057,21.057,2,7.778,6.357,0,33.87,0.002,0,100.00,0.289,100,0.56,14.401,49,50.00,0.00,0,5.0,0.085
78,1056.036,AllocLarge,2B,0.279,20.0,0.000,0.00,21.857,17.857,2,7.778,6.357,0,33.86,0.002,0,100.00,0.289,100,0.56,11.201,56,35.72,0.00,0,6.1,0.080
79,1061.502,AllocLarge,2B,0.281,14.3,0.000,0.00,21.057,21.057,2,7.778,6.357,0,33.87,0.002,0,100.00,0.289,100,0.56,14.401,49,50.00,0.00,0,5.4,0.099
80,1065.627,AllocLarge,2B,0.251,20.0,0.000,0.00,21.857,17.857,2,7.778,6.357,0,33.86,0.002,0,100.00,0.289,100,0.56,11.201,56,35.72,0.00,0,5.7,0.079
81,1071.070,AllocLarge,2B,0.256,0.0,0.000,0.00,21.057,21.057,2,7.778,6.357,0,33.87,0.002,0,100.00,0.289,100,0.56,14.401,49,50.00,0.00,0,5.0,0.095
82,1075.381,AllocLarge,2B,0.323,14.3,0.000,0.00,21.857,17.857,2,7.778,6.357,0,33.86,0.002,0,100.00,0.289,100,0.56,11.201,56,35.72,0.00,0,6.8,0.105
83,1081.261,AllocLarge,2B,0.281,16.7,0.000,0.00,21.057,21.057,2,7.778,6.357,0,33.87,0.002,0,100.00,0.289,100,0.56,14.401,49,50.00,0.00,0,5.2,0.084
84,1085.413,AllocLarge,2B,0.259,0.0,0.000,0.00,21.857,17.857,2,7.778,6.357,0,33.86,0.002,0,100.00,0.289,100,0.56,11.201,56,35.72,0.00,0,5.9,0.080
85,1090.869,AllocLarge,2B,0.281,16.7,0.000,0.00,21.057,21.057,2,7.778,6.357,0,33.87,0.002,0,100.00,0.289,100,0.56,14.401,49,50.00,0.00,0,5.4,0.090
86,1095.064,AllocLarge,2B,0.241,0.0,0.000,0.00,21.857,17.857,2,7.778,6.357,0,33.86,0.002,0,100.00,0.289,100,0.56,11.201,56,35.72,0.00,0,5.5,0.078
87,1100.444,AllocLarge,2B,0.261,16.7,0.000,0.00,21.057,21.057,2,7.778,6.357,0,33.87,0.002,0,100.00,0.289,100,0.56,14.401,49,50.00,0.00,0,5.1,0.086
88,1104.544,AllocLarge,2B,0.336,16.7,0.000,0.00,21.857,17.857,2,7.778,6.357,0,33.86,0.002,0,100.00,0.289,100,0.56,11.201,56,35.72,0.00,0,7.6,0.143
89,1110.297,AllocLarge,2B,0.272,16.7,0.000,0.00,21.057,21.057,2,7.778,6.357,0,33.87,0.002,0,100.00,0.289,100,0.56,14.401,49,50.00,0.00,0,5.0,0.090
90,1114.413,AllocLarge,2B,0.298,0.0,0.000,0.00,21.857,17.857,2,7.778,6.357,0,33.86,0.002,0,100.00,0.289,100,0.56,11.201,56,35.72,0.00,0,6.7,0.099
91,1119.996,AllocLarge,2B,0.277,0.0,0.000,0.00,21.057,21.057,2,7.778,6.357,0,33.87,0.002,0,100.00,0.289,100,0.56,14.401,49,50.00,0.00,0,5.3,0.089
92,1124.257,AllocLarge,2B,0.299,16.7,0.000,0.00,21.857,17.857,2,7.778,6.357,0,33.86,0.002,0,100.00,0.289,100,0.56,11.201,56,35.72,0.00,0,6.5,0.108
93,1129.734,AllocLarge,2B,0.280,0.0,0.000,0.00,21.057,21.057,2,7.778,6.357,0,33.87,0.002,0,100.00,0.289,100,0.56,14.401,49,50.00,0.00,0,5.5,0.091
94,1133.914,AllocLarge,2B,0.266,20.0,0.000,0.00,21.857,17.857,2,7.778,6.357,0,33.86,0.002,0,100.00,0.289,100,0.56,11.201,56,35.72,0.00,0,5.9,0.080
95,1139.421,AllocLarge,2B,0.288,0.0,0.000,0.00,21.057,21.057,2,7.778,6.357,0,33.87,0.002,0,100.00,0.289,100,0.56,14.401,49,50.00,0.00,0,5.5,0.083
96,1143.574,AllocLarge,2B,0.279,0.0,0.000,0.00,21.857,17.857,2,7.778,6.357,0,33.86,0.002,0,100.00,0.289,100,0.56,11.201,56,35.72,0.00,0,6.3,0.083
97,1149.169,AllocLarge,2B,0.294,9.1,0.108,20.15,21.057,21.057,2,7.778,6.357,0,33.87,0.002,0,100.00,0.289,100,0.56,14.401,49,50.00,0.00,0,5.5,0.107
98,1153.620,AllocLarge,2B,0.313,0.0,0.000,0.00,21.857,17.857,2,7.778,6.357,0,33.86,0.002,0,100.00,0.289,100,0.56,11.201,56,35.72,0.00,0,6.5,0.087
99,1159.669,AllocLarge,2B,0.339,14.3,0.000,0.00,21.057,21.057,2,7.778,6.357,0,33.87,0.002,0,100.00,0.289,100,0.56,14.401,49,50.00,0.00,0,5.9,0.116
100,1164.111,AllocLarge,2B,0.305,0.0,0.000,0.00,21.857,17.857,2,7.778,6.357,0,33.86,0.002,0,100.00,0.289,100,0.56,11.201,56,35.72,0.00,0,6.5,0.099
101,1169.558,AllocLarge,2B,0.253,20.0,0.000,0.00,21.057,21.057,2,7.778,6.357,0,33.87,0.002,0,100.00,0.289,100,0.56,14.401,49,50.00,0.00,0,4.9,0.087
102,1173.685,AllocLarge,2B,0.285,0.0,0.000,0.00,21.857,17.857,2,7.778,6.357,0,33.86,0.002,0,100.00,0.289,100,0.56,11.201,56,35.72,0.00,0,6.3,0.082
103,1179.206,AllocLarge,2B,0.236,0.0,0.000,0.00,21.057,21.057,2,7.778,6.357,0,33.87,0.002,0,100.00,0.289,100,0.56,14.401,49,50.00,0.00,0,4.6,0.077
104,1183.269,AllocLarge,2B,0.284,16.7,0.000,0.00,21.857,17.857,2,7.778,6.357,0,33.86,0.002,0,100.00,0.289,100,0.56,11.201,56,35.72,0.00,0,6.4,0.112
105,1189.131,AllocLarge,2B,0.285,0.0,0.000,0.00,21.057,21.057,2,7.778,6.357,0,33.87,0.002,0,100.00,0.289,100,0.56,14.401,49,50.00,0.00,0,5.1,0.093
106,1193.431,AllocLarge,2B,0.320,0.0,0.000,0.00,21.857,17.857,2,7.778,6.357,0,33.86,0.002,0,100.00,0.289,100,0.56,11.201,56,35.72,0.00,0,6.9,0.089
107,1198.968,AllocLarge,2B,0.240,14.3,0.000,0.00,21.057,21.057,2,7.778,6.357,0,33.87,0.002,0,100.00,0.289,100,0.56,14.401,49,50.00,0.00,0,4.7,0.077
108,1203.097,AllocLarge,2B,0.323,14.3,0.000,0.00,21.857,17.857,2,7.778,6.357,0,33.86,0.002,0,100.00,0.289,100,0.56,11.201,56,35.72,0.00,0,7.1,0.113
109,1209.133,AllocLarge,2B,0.271,0.0,0.000,0.00,21.057,21.057,2,7.778,6.357,0,33.87,0.002,0,100.00,0.289,100,0.56,14.401,49,50.00,0.00,0,4.8,0.092
110,1213.241,AllocLarge,2B,0.252,40.0,0.000,0.00,21.857,17.857,2,7.778,6.357,0,33.86,0.002,0,100.00,0.289,100,0.56,11.201,56,35.72,0.00,0,5.7,0.082
111,1218.649,AllocLarge,2B,0.256,20.0,0.000,0.00,21.057,21.057,2,7.778,6.357,0,33.87,0.002,0,100.00,0.289,100,0.56,14.401,49,50.00,0.00,0,5.0,0.077
112,1222.760,AllocLarge,2B,0.291,16.7,0.000,0.00,21.857,17.857,2,7.778,6.357,0,33.86,0.002,0,100.00,0.289,100,0.56,11.201,56,35.72,0.00,0,6.6,0.114
113,1228.270,AllocLarge,2B,0.291,20.0,0.000,0.00,21.057,21.057,2,7.778,6.357,0,33.87,0.002,0,100.00,0.289,100,0.56,14.401,49,50.00,0.00,0,5.5,0.082
114,1232.469,AllocLarge,2B,0.278,20.0,0.000,0.00,21.857,17.857,2,7.778,6.357,0,33.86,0.002,0,100.00,0.289,100,0.56,11.201,56,35.72,0.00,0,6.1,0.085
115,1237.938,AllocLarge,2B,0.267,20.0,0.000,0.00,21.857,21.057,2,7.778,6.357,0,33.87,0.002,0,100.00,0.289,100,0.56,14.401,47,50.00,0.00,0,5.2,0.078
116,1242.095,AllocLarge,2B,0.291,20.0,0.000,0.00,21.857,17.857,2,7.778,6.357,0,33.86,0.002,0,100.00,0.289,100,0.56,11.201,56,35.72,0.00,0,6.5,0.096
117,1247.514,AllocLarge,2B,0.248,0.0,0.108,20.99,21.057,21.057,2,7.778,6.357,0,33.87,0.002,0,100.00,0.289,100,0.56,14.401,49,50.00,0.00,0,4.8,0.075
118,1251.770,AllocLarge,2B,0.292,16.7,0.000,0.00,21.857,17.857,2,7.778,6.357,0,33.86,0.002,0,100.00,0.289,100,0.56,11.201,56,35.72,0.00,0,6.3,0.080
119,1257.313,AllocLarge,2B,0.270,0.0,0.000,0.00,21.057,21.057,2,7.778,6.357,0,33.87,0.002,0,100.00,0.289,100,0.56,14.401,49,50.00,0.00,0,5.2,0.089
120,1261.473,AllocLarge,2B,0.248,25.0,0.000,0.00,21.857,17.857,2,7.778,6.357,0,33.86,0.002,0,100.00,0.289,100,0.56,11.201,56,35.72,0.00,0,5.6,0.080
121,1267.006,AllocLarge,2B,0.244,0.0,0.000,0.00,21.057,21.057,2,7.778,6.357,0,33.87,0.002,0,100.00,0.289,100,0.56,14.401,49,50.00,0.00,0,4.7,0.079
122,1271.104,AllocLarge,2B,0.257,14.3,0.000,0.00,21.857,17.857,2,7.778,6.357,0,33.86,0.002,0,100.00,0.289,100,0.56,11.201,56,35.72,0.00,0,5.8,0.082
123,1276.574,AllocLarge,2B,0.250,0.0,0.000,0.00,21.057,21.057,2,7.778,6.357,0,33.87,0.002,0,100.00,0.289,100,0.56,14.401,49,50.00,0.00,0,4.9,0.080
124,1280.759,AllocLarge,2B,0.263,0.0,0.000,0.00,21.857,17.857,2,7.778,6.357,0,33.87,0.002,0,100.00,0.289,100,0.56,11.201,56,35.72,0.00,0,5.9,0.080
125,1286.204,AllocLarge,2B,0.261,0.0,0.000,0.00,21.057,21.057,2,7.778,6.357,0,33.87,0.002,0,100.00,0.289,100,0.56,14.401,49,50.00,0.00,0,5.0,0.087
126,1290.299,AllocLarge,2B,0.271,16.7,0.000,0.00,21.857,17.857,2,7.778,6.357,0,33.86,0.002,0,100.00,0.289,100,0.56,11.201,56,35.72,0.00,0,6.0,0.069
127,1295.774,AllocLarge,2B,0.296,10.0,0.000,0.00,21.857,21.057,2,7.778,6.357,0,33.87,0.002,0,100.00,0.289,100,0.56,14.401,47,50.00,0.00,0,5.8,0.087
128,1300.035,AllocLarge,2B,0.245,16.7,0.000,0.00,21.857,17.857,2,7.778,6.357,0,33.86,0.002,0,100.00,0.289,100,0.56,11.201,56,35.72,0.00,0,5.4,0.078
129,1305.391,AllocLarge,2B,0.241,0.0,0.000,0.00,21.057,21.057,2,7.778,6.357,0,33.87,0.002,0,100.00,0.289,100,0.56,14.401,49,50.00,0.00,0,4.8,0.079
130,1309.561,AllocLarge,2B,0.346,28.6,0.000,0.00,21.857,17.857,2,7.778,6.357,0,33.86,0.002,0,100.00,0.289,100,0.56,11.201,56,35.72,0.00,0,7.5,0.085
131,1315.222,AllocLarge,2B,0.250,0.0,0.000,0.00,21.057,21.057,2,7.778,6.357,0,33.87,0.002,0,100.00,0.289,100,0.56,14.401,49,50.00,0.00,0,4.8,0.087
132,1319.297,AllocLarge,2B,0.246,20.0,0.000,0.00,21.857,17.857,2,7.778,6.357,0,33.86,0.002,0,100.00,0.289,100,0.56,11.201,56,35.72,0.00,0,5.7,0.077
133,1324.663,AllocLarge,2B,0.278,0.0,0.000,0.00,21.057,21.057,2,7.778,6.357,0,33.87,0.002,0,100.00,0.289,100,0.56,14.401,49,50.00,0.00,0,5.4,0.080
134,1328.941,AllocLarge,2B,0.251,20.0,0.000,0.00,21.857,17.857,2,7.778,6.357,0,33.86,0.002,0,100.00,0.289,100,0.56,11.201,56,35.72,0.00,0,5.5,0.079
135,1334.323,AllocLarge,2B,0.224,0.0,0.000,0.00,21.057,21.057,2,7.778,6.357,0,33.87,0.002,0,100.00,0.289,100,0.56,14.401,49,50.00,0.00,0,4.5,0.075
136,1338.365,AllocLarge,2B,0.223,16.7,0.000,0.00,21.857,17.857,2,7.778,6.357,0,33.86,0.002,0,100.00,0.289,100,0.56,11.201,56,35.72,0.00,0,5.2,0.088
137,1343.733,AllocLarge,2B,0.312,28.6,0.108,20.58,21.057,21.057,2,7.778,6.357,0,33.87,0.002,0,100.00,0.289,100,0.56,14.401,49,50.00,0.00,0,6.0,0.097
138,1347.967,AllocLarge,2B,0.342,25.0,0.000,0.00,21.857,17.857,2,7.778,6.357,0,33.86,0.002,0,100.00,0.289,100,0.56,11.201,56,35.72,0.00,0,7.4,0.088
139,1353.521,AllocLarge,2B,0.239,0.0,0.000,0.00,21.057,21.057,2,7.778,6.357,0,33.87,0.002,0,100.00,0.289,100,0.56,14.401,49,50.00,0.00,0,4.7,0.077
140,1357.618,AllocLarge,2B,0.247,20.0,0.000,0.00,21.857,17.857,2,7.778,6.357,0,33.86,0.002,0,100.00,0.289,100,0.56,11.201,56,35.72,0.00,0,5.6,0.078
141,1362.994,AllocLarge,2B,0.231,0.0,0.000,0.00,21.057,21.057,2,7.778,6.357,0,33.87,0.002,0,100.00,0.289,100,0.56,14.401,49,50.00,0.00,0,4.6,0.075
142,1367.041,AllocLarge,2B,0.211,20.0,0.000,0.00,21.857,17.857,2,7.778,6.357,0,33.86,0.002,0,100.00,0.289,100,0.56,11.201,56,35.72,0.00,0,4.9,0.074
143,1372.416,AllocLarge,2B,0.263,0.0,0.000,0.00,21.057,21.057,2,7.778,6.357,0,33.87,0.002,0,100.00,0.289,100,0.56,14.401,49,50.00,0.00,0,5.1,0.080
144,1376.645,AllocLarge,2B,0.249,25.0,0.000,0.00,21.857,17.857,2,7.778,6.357,0,33.86,0.002,0,100.00,0.289,100,0.56,11.201,56,35.72,0.00,0,5.5,0.080
145,1382.089,AllocLarge,2B,0.266,0.0,0.000,0.00,21.057,21.057,2,7.778,6.357,0,33.87,0.002,0,100.00,0.289,100,0.56,14.401,49,50.00,0.00,0,5.2,0.114
146,1386.189,AllocLarge,2B,0.301,16.7,0.000,0.00,21.857,17.857,2,7.778,6.357,0,33.86,0.002,0,100.00,0.289,100,0.56,11.201,56,35.72,0.00,0,6.7,0.084
147,1391.940,AllocLarge,2B,0.284,0.0,0.000,0.00,21.057,21.057,2,7.778,6.357,0,33.87,0.002,0,100.00,0.289,100,0.56,14.401,49,50.00,0.00,0,5.3,0.092
148,1396.151,AllocLarge,2B,0.274,16.7,0.000,0.00,21.857,17.857,2,7.778,6.357,0,33.86,0.002,0,100.00,0.289,100,0.56,11.201,56,35.72,0.00,0,6.1,0.106
149,1401.616,AllocLarge,2B,0.283,16.7,0.000,0.00,21.057,21.057,2,7.778,6.357,0,33.87,0.002,0,100.00,0.289,100,0.56,14.401,49,50.00,0.00,0,5.5,0.097
150,1405.797,AllocLarge,2B,0.296,0.0,0.000,0.00,21.857,17.857,2,7.778,6.357,0,33.86,0.002,0,100.00,0.289,100,0.56,11.201,56,35.72,0.00,0,6.5,0.080
151,1411.454,AllocLarge,2B,0.249,16.7,0.000,0.00,21.057,21.057,2,7.778,6.357,0,33.87,0.002,0,100.00,0.289,100,0.56,14.401,49,50.00,0.00,0,4.7,0.079
152,1415.607,AllocLarge,2B,0.278,20.0,0.000,0.00,21.857,17.857,2,7.778,6.357,0,33.86,0.002,0,100.00,0.289,100,0.56,11.201,56,35.72,0.00,0,6.2,0.079
153,1421.140,AllocLarge,2B,0.289,0.0,0.000,0.00,21.057,21.057,2,7.778,6.357,0,33.87,0.002,0,100.00,0.289,100,0.56,14.401,49,50.00,0.00,0,5.5,0.082
154,1425.431,AllocLarge,2B,0.278,0.0,0.000,0.00,21.857,17.857,2,7.778,6.357,0,33.86,0.002,0,100.00,0.289,100,0.56,11.201,56,35.72,0.00,0,6.0,0.083
155,1430.957,AllocLarge,2B,0.284,16.7,0.000,0.00,21.057,21.057,2,7.778,6.357,0,33.87,0.002,0,100.00,0.289,100,0.56,14.401,49,50.00,0.00,0,5.5,0.088
156,1435.268,AllocLarge,2B,0.277,16.7,0.000,0.00,21.857,17.857,2,7.778,6.357,0,33.86,0.002,0,100.00,0.289,100,0.56,11.201,56,35.72,0.00,0,6.0,0.074
157,1440.919,AllocLarge,2B,0.294,14.3,0.108,20.00,21.057,21.057,2,7.778,6.357,0,33.87,0.002,0,100.00,0.289,100,0.56,14.401,49,50.00,0.00,0,5.5,0.080
158,1445.162,AllocLarge,2B,0.315,20.0,0.000,0.00,21.857,17.857,2,7.778,6.357,0,33.86,0.002,0,100.00,0.289,100,0.56,11.201,56,35.72,0.00,0,6.8,0.106
159,1450.756,AllocLarge,2B,0.294,0.0,0.000,0.00,21.057,21.057,2,7.778,6.357,0,33.87,0.002,0,100.00,0.289,100,0.56,14.401,49,50.00,0.00,0,5.6,0.079
160,1455.717,AllocLarge,2B,0.278,20.0,0.000,0.00,21.857,17.857,2,7.778,6.357,0,33.87,0.002,0,100.00,0.289,100,0.56,11.201,56,35.72,0.00,0,5.4,0.082
161,1461.453,AllocLarge,2B,0.246,0.0,0.000,0.00,21.057,21.057,2,7.778,6.357,0,33.87,0.002,0,100.00,0.289,100,0.56,14.401,49,50.00,0.00,0,4.5,0.076
162,1465.611,AllocLarge,2B,0.278,16.7,0.000,0.00,21.857,17.857,2,7.778,6.357,0,33.86,0.002,0,100.00,0.289,100,0.56,11.201,56,35.72,0.00,0,6.3,0.082
163,1472.299,AllocLarge,2B,0.329,14.3,0.000,0.00,21.057,21.057,2,7.778,6.357,0,33.87,0.002,0,100.00,0.289,100,0.56,14.401,49,50.00,0.00,0,5.0,0.090
164,1477.665,AllocLarge,2B,0.311,16.7,0.000,0.00,21.857,17.857,2,7.778,6.357,0,33.87,0.002,0,100.00,0.289,100,0.56,11.201,56,35.72,0.00,0,5.6,0.094
165,1483.536,AllocLarge,2B,0.311,14.3,0.000,0.00,21.057,21.057,2,7.778,6.357,0,33.87,0.002,0,100.00,0.289,100,0.56,14.401,49,50.00,0.00,0,5.4,0.087
166,1487.904,AllocLarge,2B,0.275,16.7,0.000,0.00,21.857,17.857,2,7.778,6.357,0,33.87,0.002,0,100.00,0.289,100,0.56,11.201,56,35.72,0.00,0,6.2,0.086
167,1493.498,AllocLarge,2B,0.284,0.0,0.000,0.00,21.057,21.057,2,7.778,6.357,0,33.87,0.002,0,100.00,0.289,100,0.56,14.401,49,50.00,0.00,0,5.3,0.092
168,1497.870,AllocLarge,2B,0.268,20.0,0.000,0.00,21.857,17.857,2,7.778,6.357,0,33.87,0.002,0,100.00,0.289,100,0.56,11.201,56,35.72,0.00,0,5.8,0.083
169,1503.465,AllocLarge,2B,0.360,16.7,0.000,0.00,21.057,21.057,2,7.778,6.357,0,33.87,0.002,0,100.00,0.289,100,0.56,14.401,49,50.00,0.00,0,6.5,0.088
170,1508.801,AllocLarge,2B,0.314,14.3,0.000,0.00,21.857,17.857,2,7.778,6.357,0,33.86,0.002,0,100.00,0.289,100,0.56,11.201,56,35.72,0.00,0,5.5,0.081
171,1514.925,AllocLarge,2B,0.300,0.0,0.000,0.00,21.057,21.057,2,7.778,6.357,0,33.87,0.002,0,100.00,0.289,100,0.56,14.401,49,50.00,0.00,0,5.3,0.088
172,1520.049,AllocLarge,2B,0.281,16.7,0.000,0.00,21.857,17.857,2,7.778,6.357,0,33.86,0.002,0,100.00,0.289,100,0.56,11.201,56,35.72,0.00,0,5.3,0.080
173,1525.681,AllocLarge,2B,0.321,16.7,0.000,0.00,21.057,21.057,2,7.778,6.357,0,33.87,0.002,0,100.00,0.289,100,0.56,14.401,49,50.00,0.00,0,5.9,0.083
174,1529.925,AllocLarge,2B,0.253,0.0,0.000,0.00,21.857,17.857,2,7.778,6.357,0,33.87,0.002,0,100.00,0.289,100,0.56,11.201,56,35.72,0.00,0,5.8,0.078
175,1535.577,AllocLarge,2B,0.260,16.7,0.000,0.00,21.057,21.057,2,7.778,6.357,0,33.87,0.002,0,100.00,0.289,100,0.56,14.401,49,50.00,0.00,0,4.8,0.095
176,1539.791,AllocLarge,2B,0.411,20.0,0.000,0.00,21.857,17.857,2,7.778,6.357,0,33.86,0.002,0,100.00,0.289,100,0.56,11.201,56,35.72,0.00,0,8.3,0.111
177,1545.802,AllocLarge,2B,0.268,0.0,0.108,20.37,21.857,21.057,2,7.778,6.357,0,33.87,0.002,0,100.00,0.289,100,0.56,14.401,47,50.00,0.00,0,5.1,0.076
178,1550.270,AllocLarge,2B,0.301,0.0,0.000,0.00,21.857,17.857,2,7.778,6.357,0,33.86,0.002,0,100.00,0.289,100,0.56,11.201,56,35.72,0.00,0,6.1,0.084
179,1555.916,AllocLarge,2B,0.261,16.7,0.000,0.00,21.057,21.057,2,7.778,6.357,0,33.87,0.002,0,100.00,0.289,100,0.56,14.401,49,50.00,0.00,0,5.1,0.078
180,1560.042,AllocLarge,2B,0.249,20.0,0.000,0.00,21.857,17.857,2,7.778,6.357,0,33.87,0.002,0,100.00,0.289,100,0.56,11.201,56,35.72,0.00,0,5.6,0.095
181,1567.091,AllocLarge,2B,0.286,0.0,0.000,0.00,21.057,21.057,2,7.778,6.357,0,33.87,0.002,0,100.00,0.289,100,0.56,14.401,49,50.00,0.00,0,4.2,0.101
182,1572.246,AllocLarge,2B,0.236,16.7,0.000,0.00,21.857,17.857,2,7.778,6.357,0,33.87,0.002,0,100.00,0.289,100,0.56,11.201,56,35.72,0.00,0,4.4,0.080
183,1578.947,AllocLarge,2B,0.320,0.0,0.000,0.00,21.057,21.057,2,7.778,6.357,0,33.87,0.002,0,100.00,0.289,100,0.56,14.401,49,50.00,0.00,0,4.9,0.103
184,1583.491,AllocLarge,2B,0.367,20.0,0.000,0.00,21.857,17.857,2,7.778,6.357,0,33.87,0.002,0,100.00,0.289,100,0.56,11.201,56,35.72,0.00,0,7.5,0.112
185,1591.726,AllocLarge,2B,0.309,12.5,0.000,0.00,21.057,21.057,2,7.778,6.357,0,33.87,0.002,0,100.00,0.289,100,0.56,14.401,49,50.00,0.00,0,3.9,0.084
186,1598.132,AllocLarge,2B,0.353,12.5,0.000,0.00,21.857,17.857,2,7.778,6.357,0,33.86,0.002,0,100.00,0.289,100,0.56,11.201,56,35.72,0.00,0,5.1,0.088
187,1605.068,AllocLarge,2B,0.244,16.7,0.000,0.00,21.857,21.057,2,7.778,6.357,0,33.87,0.002,0,100.00,0.289,100,0.56,14.401,47,50.00,0.00,0,3.9,0.084
188,1609.304,AllocLarge,2B,0.225,0.0,0.000,0.00,21.857,17.857,2,7.778,6.357,0,33.87,0.002,0,100.00,0.289,100,0.56,11.201,56,35.72,0.00,0,5.0,0.079
189,1614.820,AllocLarge,2B,0.322,14.3,0.000,0.00,21.057,21.057,2,7.778,6.357,0,33.87,0.002,0,100.00,0.289,100,0.56,14.401,49,50.00,0.00,0,5.9,0.110
190,1618.993,AllocLarge,2B,0.249,25.0,0.000,0.00,21.857,17.857,2,7.778,6.357,0,33.87,0.002,0,100.00,0.289,100,0.56,11.201,56,35.72,0.00,0,5.8,0.081
191,1624.496,AllocLarge,2B,0.238,0.0,0.000,0.00,21.057,21.057,2,7.778,6.357,0,33.87,0.002,0,100.00,0.289,100,0.56,14.401,49,50.00,0.00,0,4.6,0.081
192,1628.666,AllocLarge,2B,0.256,0.0,0.000,0.00,21.857,17.857,2,7.778,6.357,0,33.87,0.002,0,100.00,0.289,100,0.56,11.201,56,35.72,0.00,0,5.7,0.082
193,1635.039,AllocLarge,2B,0.256,0.0,0.000,0.00,21.057,21.057,2,7.778,6.357,0,33.87,0.002,0,100.00,0.289,100,0.56,14.401,49,50.00,0.00,0,4.2,0.082
194,1639.170,AllocLarge,2B,0.253,16.7,0.000,0.00,21.857,17.857,2,7.778,6.357,0,33.87,0.002,0,100.00,0.289,100,0.56,11.201,56,35.72,0.00,0,5.8,0.103
195,1645.018,AllocLarge,2B,0.292,0.0,0.000,0.00,21.057,21.057,2,7.778,6.357,0,33.87,0.002,0,100.00,0.289,100,0.56,14.401,49,50.00,0.00,0,5.1,0.072
196,1650.296,AllocLarge,2B,0.324,20.0,0.000,0.00,21.857,17.857,2,7.778,6.357,0,33.87,0.002,0,100.00,0.289,100,0.56,11.201,56,35.72,0.00,0,5.8,0.088
197,1655.942,AllocLarge,2B,0.276,0.0,0.108,20.41,21.057,21.057,2,7.778,6.357,0,33.87,0.002,0,100.00,0.289,100,0.56,14.401,49,50.00,0.00,0,5.2,0.090
198,1660.266,AllocLarge,2B,0.304,20.0,0.000,0.00,21.857,17.857,2,7.778,6.357,0,33.86,0.002,0,100.00,0.289,100,0.56,11.201,56,35.72,0.00,0,6.5,0.098
199,1667.041,AllocLarge,2B,0.244,0.0,0.000,0.00,21.057,21.057,2,7.778,6.357,0,33.87,0.002,0,100.00,0.289,100,0.56,14.401,49,50.00,0.00,0,3.8,0.078
200,1671.331,AllocLarge,2B,0.283,16.7,0.000,0.00,21.857,17.857,2,7.778,6.357,0,33.86,0.002,0,100.00,0.289,100,0.56,11.201,56,35.72,0.00,0,6.0,0.083
201,1676.973,AllocLarge,2B,0.301,16.7,0.000,0.00,21.057,21.057,2,7.778,6.357,0,33.87,0.002,0,100.00,0.289,100,0.56,14.401,49,50.00,0.00,0,5.6,0.121
202,1681.159,AllocLarge,2B,0.340,20.0,0.000,0.00,21.857,17.857,2,7.778,6.357,0,33.87,0.002,0,100.00,0.289,100,0.56,11.201,56,35.72,0.00,0,7.6,0.153
203,1688.128,AllocLarge,2B,0.295,14.3,0.000,0.00,21.057,21.057,2,7.778,6.357,0,33.87,0.002,0,100.00,0.289,100,0.56,14.401,49,50.00,0.00,0,4.4,0.083
204,1692.522,AllocLarge,2B,0.293,14.3,0.000,0.00,21.857,17.857,2,7.778,6.357,0,33.87,0.002,0,100.00,0.289,100,0.56,11.201,56,35.72,0.00,0,6.4,0.111
205,1698.190,AllocLarge,2B,0.236,0.0,0.000,0.00,21.057,21.057,2,7.778,6.357,0,33.87,0.002,0,100.00,0.289,100,0.56,14.401,49,50.00,0.00,0,4.4,0.080
206,1702.284,AllocLarge,2B,0.246,16.7,0.000,0.00,21.857,17.857,2,7.778,6.357,0,33.86,0.002,0,100.00,0.289,100,0.56,11.201,56,35.72,0.00,0,5.5,0.085
207,1707.845,AllocLarge,2B,0.299,16.7,0.000,0.00,21.057,21.057,2,7.778,6.357,0,33.87,0.002,0,100.00,0.289,100,0.56,14.401,49,50.00,0.00,0,5.6,0.104
208,1712.002,AllocLarge,2B,0.234,20.0,0.000,0.00,21.857,17.857,2,7.778,6.357,0,33.87,0.002,0,100.00,0.289,100,0.56,11.201,56,35.72,0.00,0,5.4,0.082
209,1717.538,AllocLarge,2B,0.233,0.0,0.000,0.00,21.057,21.057,2,7.778,6.357,0,33.87,0.002,0,100.00,0.289,100,0.56,14.401,49,50.00,0.00,0,4.5,0.080
210,1721.624,AllocLarge,2B,0.260,20.0,0.000,0.00,21.857,17.857,2,7.778,6.357,0,33.87,0.002,0,100.00,0.289,100,0.56,11.201,56,35.72,0.00,0,5.8,0.104
211,1727.162,AllocLarge,2B,0.235,0.0,0.000,0.00,21.057,21.057,2,7.778,6.357,0,33.87,0.002,0,100.00,0.289,100,0.56,14.401,49,50.00,0.00,0,4.6,0.080
212,1731.238,AllocLarge,2B,0.273,33.3,0.000,0.00,21.857,17.857,2,7.778,6.357,0,33.87,0.002,0,100.00,0.289,100,0.56,11.201,56,35.72,0.00,0,6.2,0.080
213,1737.053,AllocLarge,2B,0.256,16.7,0.000,0.00,21.057,21.057,2,7.778,6.357,0,33.87,0.002,0,100.00,0.289,100,0.56,14.401,49,50.00,0.00,0,4.6,0.078
214,1742.256,AllocLarge,2B,0.259,12.5,0.000,0.00,21.857,17.857,2,7.778,6.357,0,33.86,0.002,0,100.00,0.289,100,0.56,11.201,56,35.72,0.00,0,4.6,0.080
215,1747.914,AllocLarge,2B,0.279,16.7,0.000,0.00,21.057,21.057,2,7.778,6.357,0,33.87,0.002,0,100.00,0.289,100,0.56,14.401,49,50.00,0.00,0,5.3,0.078
216,1752.047,AllocLarge,2B,0.356,20.0,0.000,0.00,21.857,17.857,2,7.778,6.357,0,33.86,0.002,0,100.00,0.289,100,0.56,11.201,56,35.72,0.00,0,7.7,0.081
217,1757.842,AllocLarge,2B,0.298,33.3,0.108,20.08,21.057,21.057,2,7.778,6.357,0,33.87,0.002,0,100.00,0.289,100,0.56,14.401,49,50.00,0.00,0,5.6,0.082
218,1761.984,AllocLarge,2B,0.228,25.0,0.000,0.00,21.857,17.857,2,7.778,6.357,0,33.86,0.002,0,100.00,0.289,100,0.56,11.201,56,35.72,0.00,0,5.4,0.077
219,1767.326,AllocLarge,2B,0.229,16.7,0.000,0.00,21.057,21.057,2,7.778,6.357,0,33.87,0.002,0,100.00,0.289,100,0.56,14.401,49,50.00,0.00,0,4.5,0.097
220,1771.432,AllocLarge,2B,0.220,0.0,0.000,0.00,21.857,17.857,2,7.778,6.357,0,33.87,0.002,0,100.00,0.289,100,0.56,11.201,56,35.72,0.00,0,5.0,0.081
221,1776.936,AllocLarge,2B,0.256,0.0,0.000,0.00,21.057,21.057,2,7.778,6.357,0,33.87,0.002,0,100.00,0.289,100,0.56,14.401,49,50.00,0.00,0,4.8,0.080
222,1781.051,AllocLarge,2B,0.248,0.0,0.000,0.00,21.857,17.857,2,7.778,6.357,0,33.87,0.002,0,100.00,0.289,100,0.56,11.201,56,35.72,0.00,0,5.7,0.099
223,1786.528,AllocLarge,2B,0.274,16.7,0.000,0.00,21.057,21.057,2,7.778,6.357,0,33.87,0.002,0,100.00,0.289,100,0.56,14.401,49,50.00,0.00,0,5.2,0.087
224,1790.678,AllocLarge,2B,0.374,20.0,0.000,0.00,21.857,17.857,2,7.778,6.357,0,33.86,0.002,0,100.00,0.289,100,0.56,11.201,56,35.72,0.00,0,8.1,0.169
225,1796.297,AllocLarge,2B,0.217,0.0,0.000,0.00,21.057,21.057,2,7.778,6.357,0,33.87,0.002,0,100.00,0.289,100,0.56,14.401,49,50.00,0.00,0,4.3,0.075
226,1800.337,AllocLarge,2B,0.253,16.7,0.000,0.00,21.857,17.857,2,7.778,6.357,0,33.87,0.002,0,100.00,0.289,100,0.56,11.201,56,35.72,0.00,0,5.8,0.104
227,1805.928,AllocLarge,2B,0.226,0.0,0.000,0.00,21.057,21.057,2,7.778,6.357,0,33.87,0.002,0,100.00,0.289,100,0.56,14.401,49,50.00,0.00,0,4.3,0.077
228,1810.010,AllocLarge,2B,0.222,20.0,0.000,0.00,21.857,17.857,2,7.778,6.357,0,33.87,0.002,0,100.00,0.289,100,0.56,11.201,56,35.72,0.00,0,5.0,0.078
229,1815.481,AllocLarge,2B,0.289,16.7,0.000,0.00,21.057,21.057,2,7.778,6.357,0,33.87,0.002,0,100.00,0.289,100,0.56,14.401,49,50.00,0.00,0,5.5,0.094
230,1819.711,AllocLarge,2B,0.231,0.0,0.000,0.00,21.857,17.857,2,7.778,6.357,0,33.87,0.002,0,100.00,0.289,100,0.56,11.201,56,35.72,0.00,0,5.3,0.083
231,1825.997,AllocLarge,2B,0.250,0.0,0.000,0.00,21.057,21.057,2,7.778,6.357,0,33.87,0.002,0,100.00,0.289,100,0.56,14.401,49,50.00,0.00,0,4.1,0.083
232,1830.209,AllocLarge,2B,0.258,20.0,0.000,0.00,21.857,17.857,2,7.778,6.357,0,33.86,0.002,0,100.00,0.289,100,0.56,11.201,56,35.72,0.00,0,5.7,0.086
233,1835.805,AllocLarge,2B,0.320,16.7,0.000,0.00,21.057,21.057,2,7.778,6.357,0,33.87,0.002,0,100.00,0.289,100,0.56,14.401,49,50.00,0.00,0,5.9,0.086
234,1840.178,AllocLarge,2B,0.288,0.0,0.000,0.00,21.857,17.857,2,7.778,6.357,0,33.87,0.002,0,100.00,0.289,100,0.56,11.201,56,35.72,0.00,0,6.3,0.085
235,1845.875,AllocLarge,2B,0.241,0.0,0.000,0.00,21.057,21.057,2,7.778,6.357,0,33.87,0.002,0,100.00,0.289,100,0.56,14.401,49,50.00,0.00,0,4.5,0.079
236,1850.154,AllocLarge,2B,0.279,20.0,0.000,0.00,21.857,17.857,2,7.778,6.357,0,33.86,0.002,0,100.00,0.289,100,0.56,11.201,56,35.72,0.00,0,5.9,0.063
237,1855.939,AllocLarge,2B,0.340,0.0,0.108,19.47,21.857,21.057,2,7.778,6.357,0,33.87,0.002,0,100.00,0.289,100,0.56,14.401,47,50.00,0.00,0,6.1,0.080
238,1860.402,AllocLarge,2B,0.360,20.0,0.000,0.00,21.857,17.857,2,7.778,6.357,0,33.86,0.002,0,100.00,0.289,100,0.56,11.201,56,35.72,0.00,0,7.6,0.077
239,1866.347,AllocLarge,2B,0.271,0.0,0.000,0.00,21.057,21.057,2,7.778,6.357,0,33.87,0.002,0,100.00,0.289,100,0.56,14.401,49,50.00,0.00,0,4.9,0.079
240,1870.603,AllocLarge,2B,0.248,20.0,0.000,0.00,21.857,17.857,2,7.778,6.357,0,33.86,0.002,0,100.00,0.289,100,0.56,11.201,56,35.72,0.00,0,5.4,0.060
241,1876.242,AllocLarge,2B,0.293,0.0,0.000,0.00,21.857,21.057,2,7.778,6.357,0,33.87,0.002,0,100.00,0.289,100,0.56,14.401,47,50.00,0.00,0,5.5,0.109
242,1880.494,AllocLarge,2B,0.253,0.0,0.000,0.00,21.857,17.857,2,7.778,6.357,0,33.86,0.002,0,100.00,0.289,100,0.56,11.201,56,35.72,0.00,0,5.6,0.081
243,1885.974,AllocLarge,2B,0.237,0.0,0.000,0.00,21.057,21.057,2,7.778,6.357,0,33.87,0.002,0,100.00,0.289,100,0.56,14.401,49,50.00,0.00,0,4.6,0.074
244,1890.177,AllocLarge,2B,0.439,0.0,0.000,0.00,21.857,17.857,2,7.778,6.357,0,33.86,0.002,0,100.00,0.289,100,0.56,11.201,56,35.72,0.00,0,9.2,0.242
245,1896.118,AllocLarge,2B,0.311,16.7,0.000,0.00,21.057,21.057,2,7.778,6.357,0,33.87,0.002,0,100.00,0.289,100,0.56,14.401,49,50.00,0.00,0,5.6,0.103
246,1900.395,AllocLarge,2B,0.249,20.0,0.000,0.00,21.857,17.857,2,7.778,6.357,0,33.86,0.002,0,100.00,0.289,100,0.56,11.201,56,35.72,0.00,0,5.6,0.078
247,1905.910,AllocLarge,2B,0.257,20.0,0.000,0.00,21.057,21.057,2,7.778,6.357,0,33.87,0.002,0,100.00,0.289,100,0.56,14.401,49,50.00,0.00,0,4.9,0.080
248,1910.247,AllocLarge,2B,0.322,0.0,0.000,0.00,21.857,17.857,2,7.778,6.357,0,33.86,0.002,0,100.00,0.289,100,0.56,11.201,56,35.72,0.00,0,6.6,0.098
249,1916.315,AllocLarge,2B,0.282,0.0,0.000,0.00,21.857,21.057,2,7.778,6.357,0,33.87,0.002,0,100.00,0.289,100,0.56,14.401,47,50.00,0.00,0,5.1,0.098
250,1920.489,AllocLarge,2B,0.268,25.0,0.000,0.00,21.857,17.857,2,7.778,6.357,0,33.86,0.002,0,100.00,0.289,100,0.56,11.201,56,35.72,0.00,0,6.0,0.098
251,1926.352,AllocLarge,2B,0.398,0.0,0.000,0.00,21.057,21.057,2,7.778,6.357,0,33.87,0.002,0,100.00,0.289,100,0.56,14.401,49,50.00,0.00,0,7.0,0.213
252,1930.743,AllocLarge,2B,0.281,16.7,0.000,0.00,21.857,17.857,2,7.778,6.357,0,33.86,0.002,0,100.00,0.289,100,0.56,11.201,56,35.72,0.00,0,6.1,0.085
253,1936.276,AllocLarge,2B,0.261,16.7,0.000,0.00,21.057,21.057,2,7.778,6.357,0,33.87,0.002,0,100.00,0.289,100,0.56,14.401,49,50.00,0.00,0,5.0,0.087
254,1940.858,AllocLarge,2B,0.265,16.7,0.000,0.00,21.857,17.857,2,7.778,6.357,0,33.86,0.002,0,100.00,0.289,100,0.56,11.201,56,35.72,0.00,0,5.4,0.081
255,1946.651,AllocLarge,2B,0.264,0.0,0.000,0.00,21.057,21.057,2,7.778,6.357,0,33.87,0.002,0,100.00,0.289,100,0.56,14.401,49,50.00,0.00,0,4.8,0.080
256,1950.865,AllocLarge,2B,0.239,16.7,0.000,0.00,21.857,17.857,2,7.778,6.357,0,33.86,0.002,0,100.00,0.289,100,0.56,11.201,56,35.72,0.00,0,5.2,0.059
257,1956.465,AllocLarge,2B,0.283,16.7,0.108,20.31,21.857,21.057,2,7.778,6.357,0,33.87,0.002,0,100.00,0.289,100,0.56,14.401,47,50.00,0.00,0,5.4,0.093
258,1960.974,AllocLarge,2B,0.318,20.0,0.000,0.00,21.857,17.857,2,7.778,6.357,0,33.86,0.002,0,100.00,0.289,100,0.56,11.201,56,35.72,0.00,0,6.6,0.085
259,1966.543,AllocLarge,2B,0.266,0.0,0.000,0.00,21.057,21.057,2,7.778,6.357,0,33.87,0.002,0,100.00,0.289,100,0.56,14.401,49,50.00,0.00,0,5.1,0.096
260,1970.749,AllocLarge,2B,0.285,16.7,0.000,0.00,21.857,17.857,2,7.778,6.357,0,33.86,0.002,0,100.00,0.289,100,0.56,11.201,56,35.72,0.00,0,6.2,0.087
261,1976.650,AllocLarge,2B,0.259,14.3,0.000,0.00,21.057,21.057,2,7.778,6.357,0,33.87,0.002,0,100.00,0.289,100,0.56,14.401,49,50.00,0.00,0,4.7,0.080
262,1980.821,AllocLarge,2B,0.248,20.0,0.000,0.00,21.857,17.857,2,7.778,6.357,0,33.86,0.002,0,100.00,0.289,100,0.56,11.201,56,35.72,0.00,0,5.6,0.078
263,1986.400,AllocLarge,2B,0.274,0.0,0.000,0.00,21.057,21.057,2,7.778,6.357,0,33.87,0.002,0,100.00,0.289,100,0.56,14.401,49,50.00,0.00,0,5.1,0.092
264,1990.933,AllocLarge,2B,0.347,0.0,0.000,0.00,21.857,17.857,2,7.778,6.357,0,33.86,0.002,0,100.00,0.289,100,0.56,11.201,56,35.72,0.00,0,7.0,0.087
265,1996.970,AllocLarge,2B,0.256,0.0,0.000,0.00,21.057,21.057,2,7.778,6.357,0,33.87,0.002,0,100.00,0.289,100,0.56,14.401,49,50.00,0.00,0,4.6,0.080
266,2001.108,AllocLarge,2B,0.238,16.7,0.000,0.00,21.857,17.857,2,7.778,6.357,0,33.86,0.002,0,100.00,0.289,100,0.56,11.201,56,35.72,0.00,0,5.4,0.077
267,2006.692,AllocLarge,2B,0.305,16.7,0.000,0.00,21.057,21.057,2,7.778,6.357,0,33.87,0.002,0,100.00,0.289,100,0.56,14.401,49,50.00,0.00,0,5.7,0.107
268,2011.379,AllocLarge,2B,0.303,16.7,0.000,0.00,21.857,17.857,2,7.778,6.357,0,33.86,0.002,0,100.00,0.289,100,0.56,11.201,56,35.72,0.00,0,6.0,0.104
269,2017.149,AllocLarge,2B,0.242,16.7,0.000,0.00,21.057,21.057,2,7.778,6.357,0,33.87,0.002,0,100.00,0.289,100,0.56,14.401,49,50.00,0.00,0,4.5,0.080
270,2021.710,AllocLarge,2B,0.276,0.0,0.000,0.00,21.857,17.857,2,7.778,6.357,0,33.86,0.002,0,100.00,0.289,100,0.56,11.201,56,35.72,0.00,0,5.6,0.083
271,2027.708,AllocLarge,2B,0.269,0.0,0.000,0.00,21.057,21.057,2,7.778,6.357,0,33.87,0.002,0,100.00,0.289,100,0.56,14.401,49,50.00,0.00,0,4.7,0.081
272,2032.048,AllocLarge,2B,0.318,16.7,0.000,0.00,21.857,17.857,2,7.778,6.357,0,33.86,0.002,0,100.00,0.289,100,0.56,11.201,56,35.72,0.00,0,6.7,0.118
273,2037.754,AllocLarge,2B,0.315,20.0,0.000,0.00,21.057,21.057,2,7.778,6.357,0,33.87,0.002,0,100.00,0.289,100,0.56,14.401,49,50.00,0.00,0,5.9,0.109
274,2042.178,AllocLarge,2B,0.291,20.0,0.000,0.00,21.857,17.857,2,7.778,6.357,0,33.86,0.002,0,100.00,0.289,100,0.56,11.201,56,35.72,0.00,0,6.2,0.082
275,2048.249,AllocLarge,2B,0.277,16.7,0.000,0.00,21.057,21.057,2,7.778,6.357,0,33.87,0.002,0,100.00,0.289,100,0.56,14.401,49,50.00,0.00,0,4.8,0.093
276,2052.417,AllocLarge,2B,0.308,20.0,0.000,0.00,21.857,17.857,2,7.778,6.357,0,33.86,0.002,0,100.00,0.289,100,0.56,11.201,56,35.72,0.00,0,6.8,0.079
277,2058.320,AllocLarge,2B,0.306,14.3,0.108,19.28,21.057,21.057,2,7.778,6.357,0,33.87,0.002,0,100.00,0.289,100,0.56,14.401,49,50.00,0.00,0,5.5,0.080
278,2062.926,AllocLarge,2B,0.340,16.7,0.000,0.00,21.857,17.857,2,7.778,6.357,0,33.86,0.002,0,100.00,0.289,100,0.56,11.201,56,35.72,0.00,0,6.9,0.081
279,2068.511,AllocLarge,2B,0.294,20.0,0.000,0.00,21.057,21.057,2,7.778,6.357,0,33.87,0.002,0,100.00,0.289,100,0.56,14.401,49,50.00,0.00,0,5.6,0.090
280,2072.944,AllocLarge,2B,0.259,14.3,0.000,0.00,21.857,17.857,2,7.778,6.357,0,33.86,0.002,0,100.00,0.289,100,0.56,11.201,56,35.72,0.00,0,5.5,0.080
281,2078.709,AllocLarge,2B,0.264,0.0,0.000,0.00,21.057,21.057,2,7.778,6.357,0,33.87,0.002,0,100.00,0.289,100,0.56,14.401,49,50.00,0.00,0,4.8,0.090
282,2082.799,AllocLarge,2B,0.302,20.0,0.000,0.00,21.857,17.857,2,7.778,6.357,0,33.86,0.002,0,100.00,0.289,100,0.56,11.201,56,35.72,0.00,0,6.8,0.131
283,2088.728,AllocLarge,2B,0.256,14.3,0.000,0.00,21.057,21.057,2,7.778,6.357,0,33.87,0.002,0,100.00,0.289,100,0.56,14.401,49,50.00,0.00,0,4.5,0.080
284,2093.078,AllocLarge,2B,0.251,20.0,0.000,0.00,21.857,17.857,2,7.778,6.357,0,33.86,0.002,0,100.00,0.289,100,0.56,11.201,56,35.72,0.00,0,5.4,0.079
285,2098.525,AllocLarge,2B,0.252,0.0,0.000,0.00,21.057,21.057,2,7.778,6.357,0,33.87,0.002,0,100.00,0.289,100,0.56,14.401,49,50.00,0.00,0,4.9,0.078
286,2102.733,AllocLarge,2B,0.254,0.0,0.000,0.00,21.857,17.857,2,7.778,6.357,0,33.86,0.002,0,100.00,0.289,100,0.56,11.201,56,35.72,0.00,0,5.6,0.076
287,2108.608,AllocLarge,2B,0.281,0.0,0.000,0.00,21.057,21.057,2,7.778,6.357,0,33.87,0.002,0,100.00,0.289,100,0.56,14.401,49,50.00,0.00,0,5.0,0.080
288,2112.753,AllocLarge,2B,0.267,40.0,0.000,0.00,21.857,17.857,2,7.778,6.357,0,33.86,0.002,0,100.00,0.289,100,0.56,11.201,56,35.72,0.00,0,6.1,0.077
289,2118.210,AllocLarge,2B,0.263,16.7,0.000,0.00,21.057,21.057,2,7.778,6.357,0,33.87,0.002,0,100.00,0.289,100,0.56,14.401,49,50.00,0.00,0,5.1,0.076
290,2122.543,AllocLarge,2B,0.321,0.0,0.000,0.00,21.857,17.857,2,7.778,6.357,0,33.86,0.002,0,100.00,0.289,100,0.56,11.201,56,35.72,0.00,0,6.8,0.104
291,2128.189,AllocLarge,2B,0.265,16.7,0.000,0.00,21.057,21.057,2,7.778,6.357,0,33.87,0.002,0,100.00,0.289,100,0.56,14.401,49,50.00,0.00,0,5.0,0.089
292,2132.361,AllocLarge,2B,0.242,20.0,0.000,0.00,21.857,17.857,2,7.778,6.357,0,33.86,0.002,0,100.00,0.289,100,0.56,11.201,56,35.72,0.00,0,5.5,0.079
293,2137.983,AllocLarge,2B,0.374,16.7,0.000,0.00,21.057,21.057,2,7.778,6.357,0,33.87,0.002,0,100.00,0.289,100,0.56,14.401,49,50.00,0.00,0,6.7,0.116
294,2143.009,AllocLarge,2B,0.304,20.0,0.000,0.00,21.857,17.857,2,7.778,6.357,0,33.86,0.002,0,100.00,0.289,100,0.56,11.201,56,35.72,0.00,0,5.9,0.084
295,2149.125,AllocLarge,2B,0.265,0.0,0.000,0.00,21.057,21.057,2,7.778,6.357,0,33.87,0.002,0,100.00,0.289,100,0.56,14.401,49,50.00,0.00,0,4.6,0.082
296,2153.483,AllocLarge,2B,0.336,0.0,0.000,0.00,21.857,17.857,2,7.778,6.357,0,33.86,0.002,0,100.00,0.289,100,0.56,11.201,56,35.72,0.00,0,7.2,0.096
297,2159.542,AllocLarge,2B,0.285,0.0,0.108,18.72,21.057,21.057,2,7.778,6.357,0,33.87,0.002,0,100.00,0.289,100,0.56,14.401,49,50.00,0.00,0,5.0,0.079
298,2163.691,AllocLarge,2B,0.320,16.7,0.000,0.00,21.857,17.857,2,7.778,6.357,0,33.86,0.002,0,100.00,0.289,100,0.56,11.201,56,35.72,0.00,0,6.8,0.101
299,2169.496,AllocLarge,2B,0.269,16.7,0.000,0.00,21.857,21.057,2,7.778,6.357,0,33.87,0.002,0,100.00,0.289,100,0.56,14.401,47,50.00,0.00,0,5.2,0.086
300,2173.803,AllocLarge,2B,0.337,16.7,0.000,0.00,21.857,17.857,2,7.778,6.357,0,33.86,0.002,0,100.00,0.289,100,0.56,11.201,56,35.72,0.00,0,7.3,0.096
301,2179.399,AllocLarge,2B,0.258,0.0,0.000,0.00,21.057,21.057,2,7.778,6.357,0,33.87,0.002,0,100.00,0.289,100,0.56,14.401,49,50.00,0.00,0,4.9,0.079
302,2183.641,AllocLarge,2B,0.268,20.0,0.000,0.00,21.857,17.857,2,7.778,6.357,0,33.86,0.002,0,100.00,0.289,100,0.56,11.201,56,35.72,0.00,0,5.9,0.094
303,2189.109,AllocLarge,2B,0.210,0.0,0.000,0.00,21.057,21.057,2,7.778,6.357,0,33.87,0.002,0,100.00,0.289,100,0.56,14.401,49,50.00,0.00,0,4.2,0.074
304,2193.197,AllocLarge,2B,0.272,16.7,0.000,0.00,21.857,17.857,2,7.778,6.357,0,33.86,0.002,0,100.00,0.289,100,0.56,11.201,56,35.72,0.00,0,6.1,0.097
305,2198.900,AllocLarge,2B,0.269,0.0,0.000,0.00,21.057,21.057,2,7.778,6.357,0,33.87,0.002,0,100.00,0.289,100,0.56,14.401,49,50.00,0.00,0,5.0,0.088
306,2203.117,AllocLarge,2B,0.328,16.7,0.000,0.00,21.857,17.857,2,7.778,6.357,0,33.86,0.002,0,100.00,0.289,100,0.56,11.201,56,35.72,0.00,0,7.1,0.121
307,2208.936,AllocLarge,2B,0.278,16.7,0.000,0.00,21.057,21.057,2,7.778,6.357,0,33.87,0.002,0,100.00,0.289,100,0.56,14.401,49,50.00,0.00,0,5.1,0.084
308,2213.422,AllocLarge,2B,0.272,0.0,0.000,0.00,21.857,17.857,2,7.778,6.357,0,33.86,0.002,0,100.00,0.289,100,0.56,11.201,56,35.72,0.00,0,5.8,0.081
309,2218.993,AllocLarge,2B,0.264,0.0,0.000,0.00,21.057,21.057,2,7.778,6.357,0,33.87,0.002,0,100.00,0.289,100,0.56,14.401,49,50.00,0.00,0,5.0,0.080
310,2223.316,AllocLarge,2B,0.230,0.0,0.000,0.00,21.857,17.857,2,7.778,6.357,0,33.86,0.002,0,100.00,0.289,100,0.56,11.201,56,35.72,0.00,0,4.9,0.049
311,2228.970,AllocLarge,2B,0.289,12.5,0.000,0.00,21.857,21.057,2,7.778,6.357,0,33.87,0.002,0,100.00,0.289,100,0.56,14.401,47,50.00,0.00,0,5.4,0.107
312,2233.165,AllocLarge,2B,0.243,0.0,0.000,0.00,21.857,17.857,2,7.778,6.357,0,33.86,0.002,0,100.00,0.289,100,0.56,11.201,56,35.72,0.00,0,5.5,0.078
313,2238.623,AllocLarge,2B,0.231,16.7,0.000,0.00,21.057,21.057,2,7.778,6.357,0,33.87,0.002,0,100.00,0.289,100,0.56,14.401,49,50.00,0.00,0,4.5,0.079
314,2242.845,AllocLarge,2B,0.258,20.0,0.000,0.00,21.857,17.857,2,7.778,6.357,0,33.86,0.002,0,100.00,0.289,100,0.56,11.201,56,35.72,0.00,0,5.6,0.076
315,2248.424,AllocLarge,2B,0.259,0.0,0.000,0.00,21.057,21.057,2,7.778,6.357,0,33.87,0.002,0,100.00,0.289,100,0.56,14.401,49,50.00,0.00,0,5.0,0.079
316,2252.621,AllocLarge,2B,0.248,20.0,0.000,0.00,21.857,17.857,2,7.778,6.357,0,33.86,0.002,0,100.00,0.289,100,0.56,11.201,56,35.72,0.00,0,5.5,0.078
317,2258.541,AllocLarge,2B,0.320,0.0,0.108,18.42,21.057,21.057,2,7.778,6.357,0,33.87,0.002,0,100.00,0.289,100,0.56,14.401,49,50.00,0.00,0,5.5,0.087
318,2262.903,AllocLarge,2B,0.265,25.0,0.000,0.00,21.857,17.857,2,7.778,6.357,0,33.86,0.002,0,100.00,0.289,100,0.56,11.201,56,35.72,0.00,0,5.9,0.078
319,2268.367,AllocLarge,2B,0.307,16.7,0.000,0.00,21.057,21.057,2,7.778,6.357,0,33.87,0.002,0,100.00,0.289,100,0.56,14.401,49,50.00,0.00,0,5.9,0.109
320,2272.694,AllocLarge,2B,0.263,20.0,0.000,0.00,21.857,17.857,2,7.778,6.357,0,33.86,0.002,0,100.00,0.289,100,0.56,11.201,56,35.72,0.00,0,5.8,0.081
321,2278.780,AllocLarge,2B,0.265,16.7,0.000,0.00,21.057,21.057,2,7.778,6.357,0,33.87,0.002,0,100.00,0.289,100,0.56,14.401,49,50.00,0.00,0,4.6,0.090
322,2282.940,AllocLarge,2B,0.364,33.3,0.000,0.00,21.857,17.857,2,7.778,6.357,0,33.86,0.002,0,100.00,0.289,100,0.56,11.201,56,35.72,0.00,0,7.9,0.150
323,2288.663,AllocLarge,2B,0.315,0.0,0.000,0.00,21.057,21.057,2,7.778,6.357,0,33.87,0.002,0,100.00,0.289,100,0.56,14.401,49,50.00,0.00,0,5.9,0.114
324,2293.066,AllocLarge,2B,0.300,25.0,0.000,0.00,21.857,17.857,2,7.778,6.357,0,33.86,0.002,0,100.00,0.289,100,0.56,11.201,56,35.72,0.00,0,6.5,0.082
325,2298.602,AllocLarge,2B,0.314,0.0,0.000,0.00,21.057,21.057,2,7.778,6.357,0,33.87,0.002,0,100.00,0.289,100,0.56,14.401,49,50.00,0.00,0,6.0,0.089
326,2302.861,AllocLarge,2B,0.276,16.7,0.000,0.00,21.857,17.857,2,7.778,6.357,0,33.86,0.002,0,100.00,0.289,100,0.56,11.201,56,35.72,0.00,0,6.1,0.097
327,2308.983,AllocLarge,2B,0.310,14.3,0.000,0.00,21.057,21.057,2,7.778,6.357,0,33.87,0.002,0,100.00,0.289,100,0.56,14.401,49,50.00,0.00,0,5.3,0.094
328,2313.581,AllocLarge,2B,0.302,20.0,0.000,0.00,21.857,17.857,2,7.778,6.357,0,33.86,0.002,0,100.00,0.289,100,0.56,11.201,56,35.72,0.00,0,6.3,0.100
329,2319.393,AllocLarge,2B,0.258,0.0,0.000,0.00,21.057,21.057,2,7.778,6.357,0,33.87,0.002,0,100.00,0.289,100,0.56,14.401,49,50.00,0.00,0,4.7,0.080
330,2324.438,AllocLarge,2B,0.334,16.7,0.000,0.00,21.857,17.857,2,7.778,6.357,0,33.86,0.002,0,100.00,0.289,100,0.56,11.201,56,35.72,0.00,0,6.0,0.105
331,2330.262,AllocLarge,2B,0.284,20.0,0.000,0.00,21.057,21.057,2,7.778,6.357,0,33.87,0.002,0,100.00,0.289,100,0.56,14.401,49,50.00,0.00,0,5.3,0.078
332,2334.484,AllocLarge,2B,0.268,16.7,0.000,0.00,21.857,17.857,2,7.778,6.357,0,33.86,0.002,0,100.00,0.289,100,0.56,11.201,56,35.72,0.00,0,5.9,0.094
333,2340.297,AllocLarge,2B,0.271,16.7,0.000,0.00,21.057,21.057,2,7.778,6.357,0,33.87,0.002,0,100.00,0.289,100,0.56,14.401,49,50.00,0.00,0,4.9,0.084
334,2344.582,AllocLarge,2B,0.236,0.0,0.000,0.00,21.857,17.857,2,7.778,6.357,0,33.86,0.002,0,100.00,0.289,100,0.56,11.201,56,35.72,0.00,0,5.2,0.074
335,2350.063,AllocLarge,2B,0.264,16.7,0.000,0.00,21.057,21.057,2,7.778,6.357,0,33.87,0.002,0,100.00,0.289,100,0.56,14.401,49,50.00,0.00,0,5.1,0.076
336,2354.239,AllocLarge,2B,0.238,16.7,0.000,0.00,21.857,17.857,2,7.778,6.357,0,33.86,0.002,0,100.00,0.289,100,0.56,11.201,56,35.72,0.00,0,5.3,0.077
337,2359.774,AllocLarge,2B,0.241,0.0,0.108,20.58,21.057,21.057,2,7.778,6.357,0,33.87,0.002,0,100.00,0.289,100,0.56,14.401,49,50.00,0.00,0,4.6,0.077
338,2363.960,AllocLarge,2B,0.296,20.0,0.000,0.00,21.857,17.857,2,7.778,6.357,0,33.86,0.002,0,100.00,0.289,100,0.56,11.201,56,35.72,0.00,0,6.4,0.083
339,2369.575,AllocLarge,2B,0.258,0.0,0.000,0.00,21.057,21.057,2,7.778,6.357,0,33.87,0.002,0,100.00,0.289,100,0.56,14.401,49,50.00,0.00,0,4.9,0.078
340,2373.788,AllocLarge,2B,0.269,20.0,0.000,0.00,21.857,17.857,2,7.778,6.357,0,33.86,0.002,0,100.00,0.289,100,0.56,11.201,56,35.72,0.00,0,6.0,0.113
341,2379.434,AllocLarge,2B,0.285,0.0,0.000,0.00,21.057,21.057,2,7.778,6.357,0,33.87,0.002,0,100.00,0.289,100,0.56,14.401,49,50.00,0.00,0,5.3,0.085
342,2383.778,AllocLarge,2B,0.256,20.0,0.000,0.00,21.857,17.857,2,7.778,6.357,0,33.86,0.002,0,100.00,0.289,100,0.56,11.201,56,35.72,0.00,0,5.5,0.082
343,2389.289,AllocLarge,2B,0.354,0.0,0.000,0.00,21.857,21.057,2,7.778,6.357,0,33.87,0.002,0,100.00,0.289,100,0.56,14.401,47,50.00,0.00,0,6.7,0.081
344,2393.635,AllocLarge,2B,0.270,16.7,0.000,0.00,21.857,17.857,2,7.778,6.357,0,33.86,0.002,0,100.00,0.289,100,0.56,11.201,56,35.72,0.00,0,5.9,0.082
345,2399.120,AllocLarge,2B,0.231,0.0,0.000,0.00,21.057,21.057,2,7.778,6.357,0,33.87,0.002,0,100.00,0.289,100,0.56,14.401,49,50.00,0.00,0,4.5,0.076
346,2403.410,AllocLarge,2B,0.300,16.7,0.000,0.00,21.857,17.857,2,7.778,6.357,0,33.86,0.002,0,100.00,0.289,100,0.56,11.201,56,35.72,0.00,0,6.4,0.079
347,2409.208,AllocLarge,2B,0.256,0.0,0.000,0.00,21.057,21.057,2,7.778,6.357,0,33.87,0.002,0,100.00,0.289,100,0.56,14.401,49,50.00,0.00,0,4.7,0.079
348,2413.328,AllocLarge,2B,0.223,16.7,0.000,0.00,21.857,17.857,2,7.778,6.357,0,33.86,0.002,0,100.00,0.289,100,0.56,11.201,56,35.72,0.00,0,5.1,0.082
349,2418.841,AllocLarge,2B,0.254,0.0,0.000,0.00,21.057,21.057,2,7.778,6.357,0,33.87,0.002,0,100.00,0.289,100,0.56,14.401,49,50.00,0.00,0,4.8,0.079
350,2423.104,AllocLarge,2B,0.230,20.0,0.000,0.00,21.857,17.857,2,7.778,6.357,0,33.86,0.002,0,100.00,0.289,100,0.56,11.201,56,35.72,0.00,0,5.1,0.076
351,2428.584,AllocLarge,2B,0.242,0.0,0.000,0.00,21.057,21.057,2,7.778,6.357,0,33.87,0.002,0,100.00,0.289,100,0.56,14.401,49,50.00,0.00,0,4.7,0.078
352,2432.726,AllocLarge,2B,0.329,16.7,0.000,0.00,21.857,17.857,2,7.778,6.357,0,33.86,0.002,0,100.00,0.289,100,0.56,11.201,56,35.72,0.00,0,6.9,0.159
353,2438.628,AllocLarge,2B,0.232,0.0,0.000,0.00,21.857,21.057,2,7.778,6.357,0,33.87,0.002,0,100.00,0.289,100,0.56,14.401,47,50.00,0.00,0,4.4,0.076
354,2442.799,AllocLarge,2B,0.268,14.3,0.000,0.00,21.857,17.857,2,7.778,6.357,0,33.86,0.002,0,100.00,0.289,100,0.56,11.201,56,35.72,0.00,0,6.0,0.106
355,2448.314,AllocLarge,2B,0.273,16.7,0.000,0.00,21.057,21.057,2,7.778,6.357,0,33.87,0.002,0,100.00,0.289,100,0.56,14.401,49,50.00,0.00,0,5.2,0.097
356,2452.529,AllocLarge,2B,0.254,0.0,0.000,0.00,21.857,17.857,2,7.778,6.357,0,33.86,0.002,0,100.00,0.289,100,0.56,11.201,56,35.72,0.00,0,5.7,0.095
357,2458.034,AllocLarge,2B,0.263,16.7,0.108,20.53,21.057,21.057,2,7.778,6.357,0,33.87,0.002,0,100.00,0.289,100,0.56,14.401,49,50.00,0.00,0,5.0,0.101
358,2462.143,AllocLarge,2B,0.217,0.0,0.000,0.00,21.857,17.857,2,7.778,6.357,0,33.86,0.002,0,100.00,0.289,100,0.56,11.201,56,35.72,0.00,0,5.0,0.074
359,2467.730,AllocLarge,2B,0.274,12.5,0.000,0.00,21.057,21.057,2,7.778,6.357,0,33.87,0.002,0,100.00,0.289,100,0.56,14.401,49,50.00,0.00,0,5.0,0.075
360,2471.905,AllocLarge,2B,0.279,0.0,0.000,0.00,21.857,17.857,2,7.778,6.357,0,33.86,0.002,0,100.00,0.289,100,0.56,11.201,56,35.72,0.00,0,6.3,0.084
361,2477.564,AllocLarge,2B,0.266,0.0,0.000,0.00,21.057,21.057,2,7.778,6.357,0,33.87,0.002,0,100.00,0.289,100,0.56,14.401,49,50.00,0.00,0,5.0,0.089
362,2482.073,AllocLarge,2B,0.280,14.3,0.000,0.00,21.857,17.857,2,7.778,6.357,0,33.86,0.002,0,100.00,0.289,100,0.56,11.201,56,35.72,0.00,0,5.8,0.080
363,2487.702,AllocLarge,2B,0.267,0.0,0.000,0.00,21.057,21.057,2,7.778,6.357,0,33.87,0.002,0,100.00,0.289,100,0.56,14.401,49,50.00,0.00,0,5.1,0.101
364,2491.985,AllocLarge,2B,0.255,20.0,0.000,0.00,21.857,17.857,2,7.778,6.357,0,33.86,0.002,0,100.00,0.289,100,0.56,11.201,56,35.72,0.00,0,5.5,0.080
365,2497.592,AllocLarge,2B,0.250,0.0,0.000,0.00,21.057,21.057,2,7.778,6.357,0,33.87,0.002,0,100.00,0.289,100,0.56,14.401,49,50.00,0.00,0,4.7,0.078
366,2501.753,AllocLarge,2B,0.250,0.0,0.000,0.00,21.857,17.857,2,7.778,6.357,0,33.86,0.002,0,100.00,0.289,100,0.56,11.201,56,35.72,0.00,0,5.6,0.091
367,2507.416,AllocLarge,2B,0.263,0.0,0.000,0.00,21.057,21.057,2,7.778,6.357,0,33.87,0.002,0,100.00,0.289,100,0.56,14.401,49,50.00,0.00,0,4.9,0.079
368,2511.998,AllocLarge,2B,0.328,0.0,0.000,0.00,21.857,17.857,2,7.778,6.357,0,33.86,0.002,0,100.00,0.289,100,0.56,11.201,56,35.72,0.00,0,6.6,0.105
369,2517.810,AllocLarge,2B,0.265,0.0,0.000,0.00,21.057,21.057,2,7.778,6.357,0,33.87,0.002,0,100.00,0.289,100,0.56,14.401,49,50.00,0.00,0,4.9,0.076
370,2522.233,AllocLarge,2B,0.261,16.7,0.000,0.00,21.857,17.857,2,7.778,6.357,0,33.86,0.002,0,100.00,0.289,100,0.56,11.201,56,35.72,0.00,0,5.5,0.079
371,2528.035,AllocLarge,2B,0.239,0.0,0.000,0.00,21.057,21.057,2,7.778,6.357,0,33.87,0.002,0,100.00,0.289,100,0.56,14.401,49,50.00,0.00,0,4.4,0.046
372,2532.307,AllocLarge,2B,0.256,20.0,0.000,0.00,21.857,17.857,2,7.778,6.357,0,33.86,0.002,0,100.00,0.289,100,0.56,11.201,56,35.72,0.00,0,5.5,0.080
373,2538.034,AllocLarge,2B,0.245,14.3,0.000,0.00,21.857,21.057,2,7.778,6.357,0,33.87,0.002,0,100.00,0.289,100,0.56,14.401,47,50.00,0.00,0,4.5,0.075
374,2542.469,AllocLarge,2B,0.260,0.0,0.000,0.00,21.857,17.857,2,7.778,6.357,0,33.86,0.002,0,100.00,0.289,100,0.56,11.201,56,35.72,0.00,0,5.5,0.081
375,2547.937,AllocLarge,2B,0.228,14.3,0.000,0.00,21.057,21.057,2,7.778,6.357,0,33.87,0.002,0,100.00,0.289,100,0.56,14.401,49,50.00,0.00,0,4.4,0.076
376,2552.047,AllocLarge,2B,0.246,0.0,0.000,0.00,21.857,17.857,2,7.778,6.357,0,33.86,0.002,0,100.00,0.289,100,0.56,11.201,56,35.72,0.00,0,5.6,0.076
377,2558.051,AllocLarge,2B,0.283,0.0,0.108,18.73,21.057,21.057,2,7.778,6.357,0,33.87,0.002,0,100.00,0.289,100,0.56,14.401,49,50.00,0.00,0,4.9,0.099
378,2562.630,AllocLarge,2B,0.317,16.7,0.000,0.00,21.857,17.857,2,7.778,6.357,0,33.87,0.002,0,100.00,0.289,100,0.56,11.201,56,35.72,0.00,0,6.6,0.102
379,2568.259,AllocLarge,2B,0.329,16.7,0.000,0.00,21.057,21.057,2,7.778,6.357,0,33.87,0.002,0,100.00,0.289,100,0.56,14.401,49,50.00,0.00,0,6.1,0.096
380,2572.676,AllocLarge,2B,0.321,14.3,0.000,0.00,21.857,17.857,2,7.778,6.357,0,33.86,0.002,0,100.00,0.289,100,0.56,11.201,56,35.72,0.00,0,6.7,0.084
381,2578.679,AllocLarge,2B,0.304,16.7,0.000,0.00,21.057,21.057,2,7.778,6.357,0,33.87,0.002,0,100.00,0.289,100,0.56,14.401,49,50.00,0.00,0,5.4,0.084
382,2583.593,AllocLarge,2B,0.266,16.7,0.000,0.00,21.857,17.857,2,7.778,6.357,0,33.86,0.002,0,100.00,0.289,100,0.56,11.201,56,35.72,0.00,0,5.2,0.077
383,2589.512,AllocLarge,2B,0.278,0.0,0.000,0.00,21.057,21.057,2,7.778,6.357,0,33.87,0.002,0,100.00,0.289,100,0.56,14.401,49,50.00,0.00,0,4.9,0.083
384,2594.490,AllocLarge,2B,0.312,16.7,0.000,0.00,21.857,17.857,2,7.778,6.357,0,33.86,0.002,0,100.00,0.289,100,0.56,11.201,56,35.72,0.00,0,5.8,0.088
385,2600.211,AllocLarge,2B,0.255,16.7,0.000,0.00,21.057,21.057,2,7.778,6.357,0,33.87,0.002,0,100.00,0.289,100,0.56,14.401,49,50.00,0.00,0,4.8,0.079
386,2604.396,AllocLarge,2B,0.316,16.7,0.000,0.00,21.857,17.857,2,7.778,6.357,0,33.87,0.002,0,100.00,0.289,100,0.56,11.201,56,35.72,0.00,0,7.0,0.142
387,2605.346,AllocSmall,0N,0.131,NaN,0.000,-0.50,17.857,11.499,2,0.001,0.001,0,81.43,0.000,NaN,5.56,0.289,NaN,0.56,11.201,NaN,35.72,0.00,1,42.6,0.003
388,2610.433,AllocLarge,2B,0.259,0.0,0.000,0.00,14.700,14.700,2,7.778,0.001,0,83.57,0.000,0,24.07,0.289,100,0.56,14.401,49,50.00,0.00,0,4.8,0.081
389,2614.574,AllocLarge,2B,0.228,20.0,0.000,0.00,15.500,11.500,2,7.778,0.001,0,0.00,0.000,0,24.07,0.289,100,0.56,11.201,56,35.72,0.00,0,5.2,0.076
390,2620.024,AllocLarge,2B,0.230,0.0,0.000,0.00,14.700,14.700,2,7.778,0.002,0,61.90,0.000,0,24.07,0.289,100,0.56,14.401,49,50.00,0.00,0,4.5,0.076
391,2624.442,AllocLarge,2B,0.295,16.7,0.000,0.00,15.501,11.500,2,7.778,0.002,0,0.00,0.000,0,24.07,0.289,100,0.56,11.201,56,35.72,0.00,0,6.2,0.080
392,2629.908,AllocLarge,2B,0.221,0.0,0.000,0.00,14.701,14.701,2,7.778,0.002,0,68.25,0.000,0,24.07,0.289,100,0.56,14.401,49,50.00,0.00,0,4.4,0.075
393,2634.031,AllocLarge,2B,0.302,33.3,0.000,0.00,15.501,11.501,2,7.778,0.002,0,0.00,0.000,0,24.07,0.289,100,0.56,11.201,56,35.72,0.00,0,6.5,0.112
394,2640.007,AllocLarge,2B,0.331,16.7,0.000,0.00,15.501,14.701,2,7.778,0.002,0,92.18,0.000,0,24.07,0.289,100,0.56,14.401,47,50.00,0.00,0,5.9,0.100
395,2644.457,AllocLarge,2B,0.277,16.7,0.000,0.00,15.501,11.501,2,7.778,0.002,0,0.00,0.000,0,24.07,0.289,100,0.56,11.201,56,35.72,0.00,0,5.9,0.081
396,2649.973,AllocLarge,2B,0.252,20.0,0.105,20.23,14.702,14.702,2,7.778,0.003,0,76.19,0.000,0,24.07,0.289,100,0.56,14.401,49,50.00,0.00,0,4.8,0.076
397,2654.247,AllocLarge,2B,0.320,0.0,0.000,0.00,15.502,11.501,2,7.778,0.003,0,0.00,0.000,0,24.07,0.289,100,0.56,11.201,56,35.72,0.00,0,6.9,0.098
398,2660.016,AllocLarge,2B,0.282,14.3,0.000,0.00,14.702,14.702,2,7.778,0.003,0,78.84,0.000,0,24.07,0.289,100,0.56,14.401,49,50.00,0.00,0,5.2,0.080
399,2664.234,AllocLarge,2B,0.243,0.0,0.000,0.00,15.502,11.502,2,7.778,0.003,0,0.00,0.000,0,24.07,0.289,100,0.56,11.201,56,35.72,0.00,0,5.5,0.079
400,2669.674,AllocLarge,2B,0.266,0.0,0.000,0.00,14.702,14.702,2,7.778,0.003,0,94.52,0.000,0,24.07,0.289,100,0.56,14.401,49,50.00,0.00,0,5.1,0.087
401,2673.931,AllocLarge,2B,0.376,20.0,0.000,0.00,15.502,11.502,2,7.778,0.003,0,0.00,0.000,0,24.07,0.289,100,0.56,11.201,56,35.72,0.00,0,8.0,0.146
402,2679.813,AllocLarge,2B,0.255,0.0,0.000,0.00,14.703,14.703,2,7.778,0.004,0,95.02,0.000,0,24.07,0.289,100,0.56,14.401,49,50.00,0.00,0,4.7,0.087
403,2684.004,AllocLarge,2B,0.274,20.0,0.000,0.00,15.503,11.502,2,7.778,0.004,0,0.00,0.000,0,24.07,0.289,100,0.56,11.201,56,35.72,0.00,0,6.1,0.081
404,2689.549,AllocLarge,2B,0.261,0.0,0.000,0.00,14.703,14.703,2,7.778,0.004,0,95.44,0.000,0,24.07,0.289,100,0.56,14.401,49,50.00,0.00,0,5.0,0.090
405,2693.964,AllocLarge,2B,0.266,16.7,0.000,0.00,15.503,11.503,2,7.778,0.004,0,0.00,0.000,0,24.07,0.289,100,0.56,11.201,56,35.72,0.00,0,5.6,0.079
406,2699.715,AllocLarge,2B,0.269,0.0,0.000,0.00,14.703,14.703,2,7.778,0.004,0,95.79,0.000,0,24.07,0.289,100,0.56,14.401,49,50.00,0.00,0,5.0,0.091
407,2703.964,AllocLarge,2B,0.327,20.0,0.000,0.00,15.503,11.503,2,7.778,0.004,0,0.00,0.000,0,24.07,0.289,100,0.56,11.201,56,35.72,0.00,0,7.1,0.082
408,2709.802,AllocLarge,2B,0.307,12.5,0.000,0.00,14.704,14.704,2,7.778,0.005,0,86.39,0.000,0,24.07,0.289,100,0.56,14.401,49,50.00,0.00,0,5.5,0.099
409,2714.095,AllocLarge,2B,0.294,25.0,0.000,0.00,15.504,11.503,2,7.778,0.005,0,0.00,0.000,0,24.07,0.289,100,0.56,11.201,56,35.72,0.00,0,6.4,0.097
410,2719.771,AllocLarge,2B,0.242,0.0,0.000,0.00,14.704,14.704,2,7.778,0.005,0,87.30,0.000,0,24.07,0.289,100,0.56,14.401,49,50.00,0.00,0,4.6,0.079
411,2723.975,AllocLarge,2B,0.259,0.0,0.000,0.00,15.504,11.504,2,7.778,0.005,0,0.00,0.000,0,24.07,0.289,100,0.56,11.201,56,35.72,0.00,0,5.7,0.076
412,2729.867,AllocLarge,2B,0.262,14.3,0.104,18.55,14.704,14.704,2,7.778,0.005,0,96.58,0.000,0,24.07,0.289,100,0.56,14.401,49,50.00,0.00,0,4.7,0.089
413,2734.016,AllocLarge,2B,0.241,0.0,0.000,0.00,15.504,11.504,2,7.778,0.005,0,0.00,0.000,0,24.07,0.289,100,0.56,11.201,56,35.72,0.00,0,5.5,0.092
414,2740.005,AllocLarge,2B,0.264,0.0,0.000,0.00,14.705,14.705,2,7.778,0.006,0,96.78,0.000,0,24.07,0.289,100,0.56,14.401,49,50.00,0.00,0,4.6,0.090
415,2744.226,AllocLarge,2B,0.243,16.7,0.000,0.00,15.505,11.504,2,7.778,0.006,0,0.00,0.000,0,24.07,0.289,100,0.56,11.201,56,35.72,0.00,0,5.4,0.077
416,2749.659,AllocLarge,2B,0.227,0.0,0.000,0.00,14.705,14.705,2,7.778,0.006,0,89.42,0.000,0,24.07,0.289,100,0.56,14.401,49,50.00,0.00,0,4.5,0.076
417,2754.132,AllocLarge,2B,0.301,16.7,0.000,0.00,15.505,11.505,2,7.778,0.006,0,0.00,0.000,0,24.07,0.289,100,0.56,11.201,56,35.72,0.00,0,6.1,0.082
418,2759.798,AllocLarge,2B,0.241,0.0,0.000,0.00,14.705,14.705,2,7.778,0.006,0,89.97,0.000,0,24.07,0.289,100,0.56,14.401,49,50.00,0.00,0,4.6,0.078
419,2763.885,AllocLarge,2B,0.220,20.0,0.000,0.00,15.505,11.505,2,7.778,0.006,0,0.00,0.000,0,24.07,0.289,100,0.56,11.201,56,35.72,0.00,0,5.0,0.071
420,2769.525,AllocLarge,2B,0.254,0.0,0.000,0.00,14.706,14.706,2,7.778,0.007,0,90.48,0.000,0,24.07,0.289,100,0.56,14.401,49,50.00,0.00,0,4.7,0.079
421,2774.051,AllocLarge,2B,0.899,28.6,0.000,0.00,15.506,11.505,2,7.778,0.007,0,10.48,0.000,0,24.07,0.289,100,0.56,11.201,56,35.72,0.00,0,16.5,0.087
422,2780.222,AllocLarge,2B,0.282,0.0,0.000,0.00,14.706,14.706,2,7.778,0.007,0,90.93,0.000,0,24.07,0.289,100,0.56,14.401,49,50.00,0.00,0,5.3,0.079
423,2784.468,AllocLarge,2B,0.278,16.7,0.000,0.00,15.506,11.506,2,7.778,0.007,0,0.00,0.000,0,24.07,0.289,100,0.56,11.201,56,35.72,0.00,0,6.2,0.100
424,2790.095,AllocLarge,2B,0.257,0.0,0.000,0.00,14.706,14.706,2,7.778,0.007,0,97.51,0.000,0,24.07,0.289,100,0.56,14.401,49,50.00,0.00,0,4.8,0.084
425,2794.318,AllocLarge,2B,0.323,40.0,0.000,0.00,15.506,11.506,2,7.778,0.007,0,0.00,0.000,0,24.07,0.289,100,0.56,11.201,56,35.72,0.00,0,7.0,0.099
426,2799.941,AllocLarge,2B,0.272,16.7,0.108,20.62,14.707,14.707,2,7.778,0.008,0,91.72,0.000,0,24.07,0.289,100,0.56,14.401,49,50.00,0.00,0,5.2,0.099
427,2804.070,AllocLarge,2B,0.286,20.0,0.000,0.00,15.507,11.506,2,7.778,0.008,0,0.00,0.000,0,24.07,0.289,100,0.56,11.201,56,35.72,0.00,0,6.5,0.097
428,2810.171,AllocLarge,2B,0.281,14.3,0.000,0.00,14.707,14.707,2,7.778,0.008,0,92.06,0.000,0,24.07,0.289,100,0.56,14.401,49,50.00,0.00,0,4.8,0.099
429,2814.385,AllocLarge,2B,0.332,0.0,0.000,0.00,15.507,11.507,2,7.778,0.008,0,0.00,0.000,0,24.07,0.289,100,0.56,11.201,56,35.72,0.00,0,7.2,0.081
430,2820.084,AllocLarge,2B,0.274,20.0,0.000,0.00,14.707,14.707,2,7.778,0.008,0,97.81,0.000,0,24.07,0.289,100,0.56,14.401,49,50.00,0.00,0,5.2,0.085
431,2824.729,AllocLarge,2B,0.254,0.0,0.000,0.00,15.507,11.507,2,7.778,0.008,0,0.00,0.000,0,24.07,0.289,100,0.56,11.201,56,35.72,0.00,0,5.2,0.079
432,2830.171,AllocLarge,2B,0.295,0.0,0.000,0.00,14.708,14.708,2,7.778,0.009,0,97.89,0.000,0,24.07,0.289,100,0.56,14.401,49,50.00,0.00,0,5.7,0.078
433,2834.457,AllocLarge,2B,0.246,16.7,0.000,0.00,15.508,11.507,2,7.778,0.009,0,0.00,0.000,0,24.07,0.289,100,0.56,11.201,56,35.72,0.00,0,5.2,0.059
434,2840.096,AllocLarge,2B,0.322,0.0,0.000,0.00,15.508,14.708,2,7.778,0.009,0,97.97,0.000,0,24.07,0.289,100,0.56,14.401,47,50.00,0.00,0,6.1,0.144
435,2844.487,AllocLarge,2B,0.305,20.0,0.000,0.00,15.508,11.508,2,7.778,0.009,0,0.00,0.000,0,24.07,0.289,100,0.56,11.201,56,35.72,0.00,0,6.5,0.102
436,2850.461,AllocLarge,2B,0.267,0.0,0.000,0.00,14.708,14.708,2,7.778,0.009,0,98.04,0.000,0,24.07,0.289,100,0.56,14.401,49,50.00,0.00,0,4.8,0.091
437,2854.743,AllocLarge,2B,0.291,33.3,0.000,0.00,15.508,11.508,2,7.778,0.009,0,0.00,0.000,0,24.07,0.289,100,0.56,11.201,56,35.72,0.00,0,6.3,0.083
438,2860.714,AllocLarge,2B,0.270,0.0,0.105,18.63,14.709,14.709,2,7.778,0.010,0,98.11,0.000,0,24.07,0.289,100,0.56,14.401,49,50.00,0.00,0,4.8,0.091
439,2865.586,AllocLarge,2B,0.286,16.7,0.000,0.00,15.509,11.508,2,7.778,0.010,0,0.00,0.000,0,24.07,0.289,100,0.56,11.201,56,35.72,0.00,0,5.5,0.099
440,2871.158,AllocLarge,2B,0.361,0.0,0.000,0.00,14.709,14.709,2,7.778,0.010,0,98.17,0.000,0,24.07,0.289,100,0.56,14.401,49,50.00,0.00,0,6.8,0.082
441,2875.599,AllocLarge,2B,0.263,16.7,0.000,0.00,15.509,11.509,2,7.778,0.010,0,0.00,0.000,0,24.07,0.289,100,0.56,11.201,56,35.72,0.00,0,5.7,0.079
442,2881.139,AllocLarge,2B,0.260,0.0,0.000,0.00,14.709,14.709,2,7.778,0.010,0,98.23,0.000,0,24.07,0.289,100,0.56,14.401,49,50.00,0.00,0,5.0,0.080
443,2885.336,AllocLarge,2B,0.313,0.0,0.000,0.00,15.509,11.509,2,7.778,0.010,0,0.00,0.000,0,24.07,0.289,100,0.56,11.201,56,35.72,0.00,0,6.8,0.116
444,2891.185,AllocLarge,2B,0.277,0.0,0.000,0.00,14.710,14.710,2,7.778,0.011,0,94.05,0.000,0,24.07,0.289,100,0.56,14.401,49,50.00,0.00,0,5.0,0.084
445,2895.606,AllocLarge,2B,0.260,0.0,0.000,0.00,15.510,11.509,2,7.778,0.011,0,0.00,0.000,0,24.07,0.289,100,0.56,11.201,56,35.72,0.00,0,5.6,0.080
446,2901.042,AllocLarge,2B,0.285,16.7,0.000,0.00,14.710,14.710,2,7.778,0.011,0,98.34,0.000,0,24.07,0.289,100,0.56,14.401,49,50.00,0.00,0,5.5,0.090
447,2905.385,AllocLarge,2B,0.260,20.0,0.000,0.00,15.510,11.510,2,7.778,0.011,0,0.00,0.000,0,24.07,0.289,100,0.56,11.201,56,35.72,0.00,0,5.5,0.065
448,2911.358,AllocLarge,2B,0.278,0.0,0.000,0.00,15.510,14.710,2,7.778,0.011,0,98.39,0.000,0,24.07,0.289,100,0.56,14.401,47,50.00,0.00,0,4.9,0.082
449,2915.566,AllocLarge,2B,0.271,20.0,0.000,0.00,15.510,11.510,2,7.778,0.011,0,0.00,0.000,0,24.07,0.289,100,0.56,11.201,56,35.72,0.00,0,6.1,0.079
450,2921.195,AllocLarge,2B,0.385,0.0,0.108,19.65,14.711,14.711,2,7.778,0.012,0,98.44,0.000,0,24.07,0.289,100,0.56,14.401,49,50.00,0.00,0,7.0,0.089
451,2925.744,AllocLarge,2B,0.357,20.0,0.000,0.00,15.511,11.510,2,7.778,0.012,0,0.00,0.000,0,24.07,0.289,100,0.56,11.201,56,35.72,0.00,0,7.2,0.075
452,2931.449,AllocLarge,2B,0.268,16.7,0.000,0.00,15.511,14.711,2,7.778,0.012,0,98.48,0.000,0,24.07,0.289,100,0.56,14.401,47,50.00,0.00,0,5.2,0.087
453,2935.592,AllocLarge,2B,0.222,0.0,0.000,0.00,15.511,11.511,2,7.778,0.012,0,0.00,0.000,0,24.07,0.289,100,0.56,11.201,56,35.72,0.00,0,5.1,0.075
454,2941.142,AllocLarge,2B,0.332,16.7,0.000,0.00,14.711,14.711,2,7.778,0.012,0,94.85,0.000,0,24.07,0.289,100,0.56,14.401,49,50.00,0.00,0,6.1,0.147
455,2945.575,AllocLarge,2B,0.224,0.0,0.000,0.00,15.511,11.511,2,7.778,0.012,0,0.00,0.000,0,24.07,0.289,100,0.56,11.201,56,35.72,0.00,0,4.9,0.076
456,2950.940,AllocLarge,2B,0.272,16.7,0.000,0.00,14.712,14.712,2,7.778,0.013,0,98.56,0.000,0,24.07,0.289,100,0.56,14.401,49,50.00,0.00,0,5.2,0.079
457,2955.220,AllocLarge,2B,0.306,0.0,0.000,0.00,15.512,11.511,2,7.778,0.013,0,0.00,0.000,0,24.07,0.289,100,0.56,11.201,56,35.72,0.00,0,6.5,0.086
458,2961.365,AllocLarge,2B,0.260,0.0,0.000,0.00,14.712,14.712,2,7.778,0.013,0,98.60,0.000,0,24.07,0.289,100,0.56,14.401,49,50.00,0.00,0,4.6,0.089
459,2965.539,AllocLarge,2B,0.333,14.3,0.000,0.00,15.512,11.512,2,7.778,0.013,0,0.00,0.000,0,24.07,0.289,100,0.56,11.201,56,35.72,0.00,0,7.3,0.083
460,2971.582,AllocLarge,2B,0.264,0.0,0.000,0.00,14.712,14.712,2,7.778,0.013,0,98.63,0.000,0,24.07,0.289,100,0.56,14.401,49,50.00,0.00,0,4.7,0.082
461,2976.083,AllocLarge,2B,0.276,0.0,0.000,0.00,15.512,11.512,2,7.778,0.013,0,5.24,0.000,0,24.07,0.289,100,0.56,11.201,56,35.72,0.00,0,5.7,0.085
462,2982.128,AllocLarge,2B,0.277,14.3,0.108,18.81,14.713,14.713,2,7.778,0.014,0,98.66,0.000,0,24.07,0.289,100,0.56,14.401,49,50.00,0.00,0,4.8,0.109
463,2986.806,AllocLarge,2B,0.257,0.0,0.000,0.00,15.513,11.512,2,7.778,0.014,0,5.11,0.000,0,24.07,0.289,100,0.56,11.201,56,35.72,0.00,0,5.2,0.090
464,2992.953,AllocLarge,2B,0.310,0.0,0.000,0.00,14.713,14.713,2,7.778,0.014,0,98.70,0.000,0,24.07,0.289,100,0.56,14.401,49,50.00,0.00,0,5.2,0.115
465,2997.282,AllocLarge,2B,0.366,40.0,0.000,0.00,15.513,11.513,2,7.778,0.014,0,4.99,0.000,0,24.07,0.289,100,0.56,11.201,56,35.72,0.00,0,7.6,0.109
466,3003.378,AllocLarge,2B,0.318,14.3,0.000,0.00,14.713,14.713,2,7.778,0.014,0,98.73,0.000,0,24.07,0.289,100,0.56,14.401,49,50.00,0.00,0,5.6,0.126
467,3007.794,AllocLarge,2B,0.328,16.7,0.000,0.00,15.513,11.513,2,7.778,0.014,0,0.00,0.000,0,24.07,0.289,100,0.56,11.201,56,35.72,0.00,0,6.6,0.079
468,3013.518,AllocLarge,2B,0.334,16.7,0.000,0.00,15.514,14.714,2,7.778,0.015,0,98.78,0.000,0,24.07,0.289,100,0.56,14.401,47,50.00,0.00,0,6.4,0.110
469,3017.964,AllocLarge,2B,0.348,0.0,0.000,0.00,15.514,11.514,2,7.778,0.015,0,0.00,0.000,0,24.07,0.289,100,0.56,11.201,56,35.72,0.00,0,7.2,0.085
470,3024.017,AllocLarge,2B,0.311,0.0,0.000,0.00,14.714,14.714,2,7.778,0.015,0,95.85,0.000,0,24.07,0.289,100,0.56,14.401,49,50.00,0.00,0,5.5,0.101
471,3030.056,AllocLarge,2B,0.390,14.3,0.000,0.00,15.514,11.514,2,7.778,0.015,0,0.00,0.000,0,24.07,0.289,100,0.56,11.201,56,35.72,0.00,0,5.9,0.119
472,3036.690,AllocLarge,2B,0.347,0.0,0.000,0.00,14.715,14.715,2,7.778,0.016,0,95.94,0.000,0,24.07,0.289,100,0.56,14.401,49,50.00,0.00,0,5.6,0.126
473,3041.210,AllocLarge,2B,0.289,33.3,0.000,0.00,15.515,11.514,2,7.778,0.016,0,0.00,0.000,0,24.07,0.289,100,0.56,11.201,56,35.72,0.00,0,6.2,0.080
474,3046.681,AllocLarge,2B,0.240,20.0,0.108,21.38,14.715,14.715,2,7.778,0.016,0,96.02,0.000,0,24.07,0.289,100,0.56,14.401,49,50.00,0.00,0,4.8,0.075
475,3050.756,AllocLarge,2B,0.238,20.0,0.000,0.00,15.515,11.515,2,7.778,0.016,0,0.00,0.000,0,24.07,0.289,100,0.56,11.201,56,35.72,0.00,0,5.5,0.107
476,3056.155,AllocLarge,2B,0.282,16.7,0.000,0.00,14.715,14.715,2,7.778,0.016,0,98.88,0.000,0,24.07,0.289,100,0.56,14.401,49,50.00,0.00,0,5.4,0.090
477,3060.302,AllocLarge,2B,0.286,20.0,0.000,0.00,15.515,11.515,2,7.778,0.016,0,0.00,0.000,0,24.07,0.289,100,0.56,11.201,56,35.72,0.00,0,6.3,0.099
478,3065.999,AllocLarge,2B,0.230,16.7,0.000,0.00,14.716,14.716,2,7.778,0.017,0,96.18,0.000,0,24.07,0.289,100,0.56,14.401,49,50.00,0.00,0,4.4,0.076
479,3070.156,AllocLarge,2B,0.241,20.0,0.000,0.00,15.516,11.515,2,7.778,0.017,0,0.00,0.000,0,24.07,0.289,100,0.56,11.201,56,35.72,0.00,0,5.4,0.076
480,3075.622,AllocLarge,2B,0.235,0.0,0.000,0.00,14.716,14.716,2,7.778,0.017,0,96.26,0.000,0,24.07,0.289,100,0.56,14.401,49,50.00,0.00,0,4.6,0.078
481,3079.725,AllocLarge,2B,0.197,20.0,0.000,0.00,15.516,11.516,2,7.778,0.017,0,0.00,0.000,0,24.07,0.289,100,0.56,11.201,56,35.72,0.00,0,4.5,0.074
482,3085.496,AllocLarge,2B,0.368,16.7,0.000,0.00,14.716,14.716,2,7.778,0.017,0,98.94,0.000,0,24.07,0.289,100,0.56,14.401,49,50.00,0.00,0,6.2,0.107
483,3090.077,AllocLarge,2B,0.312,14.3,0.000,0.00,15.516,11.516,2,7.778,0.017,0,0.00,0.000,0,24.07,0.289,100,0.56,11.201,56,35.72,0.00,0,6.4,0.070
484,3095.911,AllocLarge,2B,0.294,16.7,0.000,0.00,15.517,14.717,2,7.778,0.018,0,98.98,0.000,0,24.07,0.289,100,0.56,14.401,47,50.00,0.00,0,5.6,0.111
485,3100.149,AllocLarge,2B,0.278,16.7,0.000,0.00,15.517,11.517,2,7.778,0.018,0,0.00,0.000,0,24.07,0.289,100,0.56,11.201,56,35.72,0.00,0,6.0,0.086
486,3106.104,AllocLarge,2B,0.329,16.7,0.108,19.18,14.717,14.717,2,7.778,0.018,0,99.00,0.000,0,24.07,0.289,100,0.56,14.401,49,50.00,0.00,0,5.9,0.105
487,3110.365,AllocLarge,2B,0.228,0.0,0.000,0.00,15.517,11.517,2,7.778,0.018,0,0.00,0.000,0,24.07,0.289,100,0.56,11.201,56,35.72,0.00,0,5.1,0.076
488,3116.010,AllocLarge,2B,0.300,0.0,0.000,0.00,14.718,14.718,2,7.778,0.019,0,96.59,0.000,0,24.07,0.289,100,0.56,14.401,49,50.00,0.00,0,5.4,0.085
489,3120.324,AllocLarge,2B,0.200,16.7,0.000,0.00,15.518,11.517,2,7.778,0.019,0,0.00,0.000,0,24.07,0.289,100,0.56,11.201,56,35.72,0.00,0,4.4,0.054
490,3126.138,AllocLarge,2B,0.444,14.3,0.000,0.00,15.518,14.718,2,7.778,0.019,0,99.04,0.000,0,24.07,0.289,100,0.56,14.401,47,50.00,0.00,0,7.7,0.144
491,3131.499,AllocLarge,2B,0.464,16.7,0.000,0.00,15.518,11.518,2,7.778,0.019,0,3.69,0.000,0,24.07,0.289,100,0.56,11.201,56,35.72,0.00,0,8.1,0.129
492,3138.755,AllocLarge,2B,0.303,0.0,0.000,0.00,14.718,14.718,2,7.778,0.019,0,96.71,0.000,0,24.07,0.289,100,0.56,14.401,49,50.00,0.00,0,4.6,0.105
493,3143.876,AllocLarge,2B,0.360,14.3,0.000,0.00,15.518,11.518,2,7.778,0.019,0,0.00,0.000,0,24.07,0.289,100,0.56,11.201,56,35.72,0.00,0,6.4,0.109
494,3150.820,AllocLarge,2B,0.319,0.0,0.000,0.00,14.719,14.719,2,7.778,0.020,0,99.07,0.000,0,24.07,0.289,100,0.56,14.401,49,50.00,0.00,0,4.9,0.114
495,3155.640,AllocLarge,2B,0.284,0.0,0.000,0.00,15.519,11.518,2,7.778,0.020,0,3.56,0.000,0,24.07,0.289,100,0.56,11.201,56,35.72,0.00,0,5.6,0.085
496,3161.520,AllocLarge,2B,0.267,0.0,0.000,0.00,14.719,14.719,2,7.778,0.020,0,96.82,0.000,0,24.07,0.289,100,0.56,14.401,49,50.00,0.00,0,4.8,0.077
497,3165.627,AllocLarge,2B,0.326,16.7,0.000,0.00,15.519,11.519,2,7.778,0.020,0,0.00,0.000,0,24.07,0.289,100,0.56,11.201,56,35.72,0.00,0,7.3,0.101
498,3171.506,AllocLarge,2B,0.262,14.3,0.108,19.60,14.719,14.719,2,7.778,0.020,0,99.10,0.000,0,24.07,0.289,100,0.56,14.401,49,50.00,0.00,0,4.8,0.090
499,3175.713,AllocLarge,2B,0.238,16.7,0.000,0.00,15.519,11.519,2,7.778,0.020,0,0.00,0.000,0,24.07,0.289,100,0.56,11.201,56,35.72,0.00,0,5.3,0.077
500,3181.393,AllocLarge,2B,0.264,0.0,0.000,0.00,14.720,14.720,2,7.778,0.021,0,96.92,0.000,0,24.07,0.289,100,0.56,14.401,49,50.00,0.00,0,5.0,0.079
501,3185.533,AllocLarge,2B,0.261,20.0,0.000,0.00,15.520,11.519,2,7.778,0.021,0,0.00,0.000,0,24.07,0.289,100,0.56,11.201,56,35.72,0.00,0,5.9,0.095
502,3191.064,AllocLarge,2B,0.258,0.0,0.000,0.00,14.720,14.720,2,7.778,0.021,0,96.97,0.000,0,24.07,0.289,100,0.56,14.401,49,50.00,0.00,0,5.0,0.081
503,3195.325,AllocLarge,2B,0.400,16.7,0.000,0.00,15.520,11.520,2,7.778,0.021,0,0.00,0.000,0,24.07,0.289,100,0.56,11.201,56,35.72,0.00,0,8.2,0.098
504,3201.306,AllocLarge,2B,0.275,16.7,0.000,0.00,15.520,14.720,2,7.778,0.021,0,99.14,0.000,0,24.07,0.289,100,0.56,14.401,47,50.00,0.00,0,5.2,0.089
505,3205.457,AllocLarge,2B,0.251,20.0,0.000,0.00,15.520,11.520,2,7.778,0.021,0,0.00,0.000,0,24.07,0.289,100,0.56,11.201,56,35.72,0.00,0,5.7,0.076
506,3210.928,AllocLarge,2B,0.237,0.0,0.000,0.00,14.721,14.721,2,7.778,0.022,0,97.06,0.000,0,24.07,0.289,100,0.56,14.401,49,50.00,0.00,0,4.6,0.087
507,3215.029,AllocLarge,2B,0.197,20.0,0.000,0.00,15.521,11.520,2,7.778,0.022,0,0.00,0.000,0,24.07,0.289,100,0.56,11.201,56,35.72,0.00,0,4.6,0.073
508,3220.575,AllocLarge,2B,0.222,0.0,0.000,0.00,14.721,14.721,2,7.778,0.022,0,99.17,0.000,0,24.07,0.289,100,0.56,14.401,49,50.00,0.00,0,4.2,0.084
509,3224.661,AllocLarge,2B,0.304,20.0,0.000,0.00,15.521,11.521,2,7.778,0.022,0,0.00,0.000,0,24.07,0.289,100,0.56,11.201,56,35.72,0.00,0,6.5,0.085
510,3230.587,AllocLarge,2B,0.315,0.0,0.108,19.34,15.521,14.721,2,7.778,0.022,0,99.18,0.000,0,24.07,0.289,100,0.56,14.401,47,50.00,0.00,0,5.7,0.095
511,3234.831,AllocLarge,2B,0.233,0.0,0.000,0.00,15.521,11.521,2,7.778,0.022,0,0.00,0.000,0,24.07,0.289,100,0.56,11.201,56,35.72,0.00,0,5.4,0.079
512,3240.258,AllocLarge,2B,0.259,0.0,0.000,0.00,14.722,14.722,2,7.778,0.023,0,99.19,0.000,0,24.07,0.289,100,0.56,14.401,49,50.00,0.00,0,5.0,0.079
513,3244.636,AllocLarge,2B,0.231,16.7,0.000,0.00,15.522,11.521,2,7.778,0.023,0,0.00,0.000,0,24.07,0.289,100,0.56,11.201,56,35.72,0.00,0,4.9,0.055
514,3250.263,AllocLarge,2B,0.228,0.0,0.000,0.00,15.522,14.722,2,7.778,0.023,0,97.23,0.000,0,24.07,0.289,100,0.56,14.401,47,50.00,0.00,0,4.4,0.078
515,3254.367,AllocLarge,2B,0.222,25.0,0.000,0.00,15.522,11.522,2,7.778,0.023,0,0.00,0.000,0,24.07,0.289,100,0.56,11.201,56,35.72,0.00,0,5.1,0.075
516,3259.761,AllocLarge,2B,0.244,0.0,0.000,0.00,14.722,14.722,2,7.778,0.023,0,97.27,0.000,0,24.07,0.289,100,0.56,14.401,49,50.00,0.00,0,4.7,0.095
517,3263.907,AllocLarge,2B,0.299,20.0,0.000,0.00,15.522,11.522,2,7.778,0.023,0,0.00,0.000,0,24.07,0.289,100,0.56,11.201,56,35.72,0.00,0,6.6,0.083
518,3269.393,AllocLarge,2B,0.253,0.0,0.000,0.00,14.723,14.723,2,7.778,0.024,0,97.31,0.000,0,24.07,0.289,100,0.56,14.401,49,50.00,0.00,0,4.9,0.095
519,3273.640,AllocLarge,2B,0.396,33.3,0.000,0.00,15.523,11.522,2,7.778,0.024,0,0.00,0.000,0,24.07,0.289,100,0.56,11.201,56,35.72,0.00,0,8.0,0.086
520,3279.778,AllocLarge,2B,0.258,16.7,0.000,0.00,14.723,14.723,2,7.778,0.024,0,97.35,0.000,0,24.07,0.289,100,0.56,14.401,49,50.00,0.00,0,4.7,0.081
521,3283.956,AllocLarge,2B,0.260,0.0,0.000,0.00,15.523,11.523,2,7.778,0.024,0,0.00,0.000,0,24.07,0.289,100,0.56,11.201,56,35.72,0.00,0,5.8,0.078
522,3289.623,AllocLarge,2B,0.326,0.0,0.108,19.23,14.723,14.723,2,7.778,0.024,0,99.25,0.000,0,24.07,0.289,100,0.56,14.401,49,50.00,0.00,0,5.8,0.082
523,3294.364,AllocLarge,2B,0.322,20.0,0.000,0.00,15.523,11.523,2,7.778,0.024,0,0.00,0.000,0,24.07,0.289,100,0.56,11.201,56,35.72,0.00,0,6.0,0.062
524,3300.397,AllocLarge,2B,0.293,0.0,0.000,0.00,15.524,14.724,2,7.778,0.025,0,99.27,0.000,0,24.07,0.289,100,0.56,14.401,47,50.00,0.00,0,5.6,0.111
525,3304.659,AllocLarge,2B,0.321,20.0,0.000,0.00,15.524,11.524,2,7.778,0.025,0,0.00,0.000,0,24.07,0.289,100,0.56,11.201,56,35.72,0.00,0,6.6,0.070
526,3311.262,AllocLarge,2B,0.301,0.0,0.000,0.00,15.524,14.724,2,7.778,0.025,0,97.48,0.000,0,24.07,0.289,100,0.56,14.401,47,50.00,0.00,0,5.0,0.083
527,3315.557,AllocLarge,2B,0.295,16.7,0.000,0.00,15.524,11.524,2,7.778,0.025,0,0.00,0.000,0,24.07,0.289,100,0.56,11.201,56,35.72,0.00,0,6.3,0.068
528,3321.385,AllocLarge,2B,0.309,0.0,0.000,0.00,15.525,14.725,2,7.778,0.026,0,99.29,0.000,0,24.07,0.289,100,0.56,14.401,47,50.00,0.00,0,5.6,0.093
529,3325.830,AllocLarge,2B,0.554,14.3,0.000,0.00,15.525,11.524,2,7.778,0.026,0,0.00,0.000,0,24.07,0.289,100,0.56,11.201,56,35.72,0.00,0,10.2,0.241
530,3332.368,AllocLarge,2B,0.353,20.0,0.000,0.00,15.525,14.725,2,7.778,0.026,0,99.30,0.000,0,24.07,0.289,100,0.56,14.401,47,50.00,0.00,0,6.3,0.114
531,3336.665,AllocLarge,2B,0.242,16.7,0.000,0.00,15.525,11.525,2,7.778,0.026,0,0.00,0.000,0,24.07,0.289,100,0.56,11.201,56,35.72,0.00,0,5.4,0.051
532,3342.536,AllocLarge,2B,0.244,0.0,0.000,0.00,15.525,14.725,2,7.778,0.026,0,97.58,0.000,0,24.07,0.289,100,0.56,14.401,47,50.00,0.00,0,4.5,0.078
533,3346.728,AllocLarge,2B,0.333,20.0,0.000,0.00,15.525,11.525,2,7.778,0.026,0,0.00,0.000,0,24.07,0.289,100,0.56,11.201,56,35.72,0.00,0,6.8,0.104
534,3353.174,AllocLarge,2B,0.309,14.3,0.108,18.44,15.526,14.726,2,7.778,0.027,0,97.61,0.000,0,24.07,0.289,100,0.56,14.401,47,50.00,0.00,0,5.3,0.109
535,3357.496,AllocLarge,2B,0.292,0.0,0.000,0.00,15.526,11.525,2,7.778,0.027,0,0.00,0.000,0,24.07,0.289,100,0.56,11.201,56,35.72,0.00,0,6.2,0.082
536,3363.179,AllocLarge,2B,0.280,16.7,0.000,0.00,14.726,14.726,2,7.778,0.027,0,99.32,0.000,0,24.07,0.289,100,0.56,14.401,49,50.00,0.00,0,5.3,0.114
537,3367.387,AllocLarge,2B,0.325,16.7,0.000,0.00,15.526,11.526,2,7.778,0.027,0,0.00,0.000,0,24.07,0.289,100,0.56,11.201,56,35.72,0.00,0,6.9,0.068
538,3373.268,AllocLarge,2B,0.312,0.0,0.000,0.00,15.526,14.726,2,7.778,0.027,0,99.33,0.000,0,24.07,0.289,100,0.56,14.401,47,50.00,0.00,0,5.7,0.112
539,3377.624,AllocLarge,2B,0.255,0.0,0.000,0.00,15.526,11.526,2,7.778,0.027,0,0.00,0.000,0,24.07,0.289,100,0.56,11.201,56,35.72,0.00,0,5.6,0.081
540,3383.241,AllocLarge,2B,0.402,14.3,0.000,0.00,14.727,14.727,2,7.778,0.028,0,97.70,0.000,0,24.07,0.289,100,0.56,14.401,49,50.00,0.00,0,7.0,0.101
541,3387.575,AllocLarge,2B,0.219,20.0,0.000,0.00,15.527,11.526,2,7.778,0.028,0,0.00,0.000,0,24.07,0.289,100,0.56,11.201,56,35.72,0.00,0,4.9,0.062
542,3393.580,AllocLarge,2B,0.381,16.7,0.000,0.00,15.527,14.727,2,7.778,0.028,0,99.35,0.000,0,24.07,0.289,100,0.56,14.401,47,50.00,0.00,0,6.6,0.132
543,3398.474,AllocLarge,2B,0.421,33.3,0.000,0.00,15.527,11.527,2,7.778,0.028,0,0.00,0.000,0,24.07,0.289,100,0.56,11.201,56,35.72,0.00,0,7.9,0.156
544,3405.069,AllocLarge,2B,0.324,0.0,0.000,0.00,15.527,14.727,2,7.778,0.028,0,99.35,0.000,0,24.07,0.289,100,0.56,14.401,47,50.00,0.00,0,5.4,0.101
545,3409.546,AllocLarge,2B,0.326,16.7,0.000,0.00,15.527,11.527,2,7.778,0.028,0,0.00,0.000,0,24.07,0.289,100,0.56,11.201,56,35.72,0.00,0,6.6,0.072
546,3415.459,AllocLarge,2B,0.328,16.7,0.108,19.34,15.528,14.728,2,7.778,0.029,0,97.78,0.000,0,24.07,0.289,100,0.56,14.401,47,50.00,0.00,0,5.9,0.099
547,3420.425,AllocLarge,2B,0.338,0.0,0.000,0.00,15.528,11.527,2,7.778,0.029,0,0.00,0.000,0,24.07,0.289,100,0.56,11.201,56,35.72,0.00,0,6.6,0.102
548,3427.876,AllocLarge,2B,0.388,0.0,0.000,0.00,14.728,14.728,2,7.778,0.029,0,99.37,0.000,0,24.07,0.289,100,0.56,14.401,49,50.00,0.00,0,5.4,0.126
549,3433.108,AllocLarge,2B,0.360,0.0,0.000,0.00,15.528,11.528,2,7.778,0.029,0,2.42,0.000,0,24.07,0.289,100,0.56,11.201,56,35.72,0.00,0,6.5,0.111
550,3439.798,AllocLarge,2B,0.365,14.3,0.000,0.00,14.728,14.728,2,7.778,0.029,0,99.38,0.000,0,24.07,0.289,100,0.56,14.401,49,50.00,0.00,0,5.8,0.197
551,3445.424,AllocLarge,2B,0.264,14.3,0.000,0.00,15.528,11.528,2,7.778,0.029,0,0.00,0.000,0,24.07,0.289,100,0.56,11.201,56,35.72,0.00,0,4.4,0.084
552,3452.374,AllocLarge,2B,0.363,0.0,0.000,0.00,14.729,14.729,2,7.778,0.030,0,97.85,0.000,0,24.07,0.289,100,0.56,14.401,49,50.00,0.00,0,5.4,0.150
553,3457.095,AllocLarge,2B,0.259,16.7,0.000,0.00,15.529,11.528,2,7.778,0.030,0,0.00,0.000,0,24.07,0.289,100,0.56,11.201,56,35.72,0.00,0,5.2,0.073
554,3462.729,AllocLarge,2B,0.258,14.3,0.000,0.00,15.529,14.729,2,7.778,0.030,0,97.88,0.000,0,24.07,0.289,100,0.56,14.401,47,50.00,0.00,0,4.9,0.080
555,3467.304,AllocLarge,2B,0.292,0.0,0.000,0.00,15.529,11.529,2,7.778,0.030,0,0.00,0.000,0,24.07,0.289,100,0.56,11.201,56,35.72,0.00,0,5.9,0.078
556,3472.992,AllocLarge,2B,0.352,33.3,0.000,0.00,14.729,14.729,2,7.778,0.030,0,97.90,0.000,0,24.07,0.289,100,0.56,14.401,49,50.00,0.00,0,6.5,0.102
557,3477.776,AllocLarge,2B,0.355,0.0,0.000,0.00,15.529,11.529,2,7.778,0.030,0,0.00,0.000,0,24.07,0.289,100,0.56,11.201,56,35.72,0.00,0,6.8,0.093
558,3484.009,AllocLarge,2B,0.346,0.0,0.108,18.42,15.530,14.730,2,7.778,0.031,0,99.40,0.000,0,24.07,0.289,100,0.56,14.401,47,50.00,0.00,0,5.9,0.121
559,3488.986,AllocLarge,2B,0.281,16.7,0.000,0.00,15.530,11.529,2,7.778,0.031,0,2.28,0.000,0,24.07,0.289,100,0.56,11.201,56,35.72,0.00,0,5.5,0.081
560,3496.486,AllocLarge,2B,0.516,11.1,0.000,0.00,14.730,14.730,2,7.778,0.031,0,99.41,0.000,0,24.07,0.289,100,0.56,14.401,49,50.00,0.00,0,6.8,0.139
561,3502.202,AllocLarge,2B,0.470,14.3,0.000,0.00,15.530,11.530,2,7.778,0.031,0,0.00,0.000,0,24.07,0.289,100,0.56,11.201,56,35.72,0.00,0,7.9,0.121
562,3509.085,AllocLarge,2B,0.397,12.5,0.000,0.00,15.530,14.730,2,7.778,0.031,0,99.42,0.000,0,24.07,0.289,100,0.56,14.401,47,50.00,0.00,0,6.2,0.111
563,3513.976,AllocLarge,2B,0.537,14.3,0.000,0.00,15.530,11.530,2,7.778,0.031,0,0.00,0.000,0,24.07,0.289,100,0.56,11.201,56,35.72,0.00,0,9.5,0.151
564,3520.802,AllocLarge,2B,0.299,14.3,0.000,0.00,14.731,14.731,2,7.778,0.032,0,97.99,0.000,0,24.07,0.289,100,0.56,14.401,49,50.00,0.00,0,5.0,0.087
565,3525.508,AllocLarge,2B,0.347,20.0,0.000,0.00,15.531,11.530,2,7.778,0.032,0,2.21,0.000,0,24.07,0.289,100,0.56,11.201,56,35.72,0.00,0,6.9,0.112
566,3532.389,AllocLarge,2B,0.381,14.3,0.000,0.00,14.731,14.731,2,7.778,0.032,0,99.43,0.000,0,24.07,0.289,100,0.56,14.401,49,50.00,0.00,0,5.6,0.152
567,3537.505,AllocLarge,2B,0.343,0.0,0.000,0.00,15.531,11.531,2,7.778,0.032,0,0.00,0.000,0,24.07,0.289,100,0.56,11.201,56,35.72,0.00,0,6.5,0.107
568,3543.893,AllocLarge,2B,0.386,0.0,0.000,0.00,14.731,14.731,2,7.778,0.032,0,99.43,0.000,0,24.07,0.289,100,0.56,14.401,49,50.00,0.00,0,6.2,0.143
569,3549.196,AllocLarge,2B,0.320,16.7,0.000,0.00,15.531,11.531,2,7.778,0.032,0,2.17,0.000,0,24.07,0.289,100,0.56,11.201,56,35.72,0.00,0,5.8,0.151
570,3555.860,AllocLarge,2B,0.431,12.5,0.108,17.08,14.732,14.732,2,7.778,0.033,0,99.44,0.000,0,24.07,0.289,100,0.56,14.401,49,50.00,0.00,0,6.8,0.152
571,3561.185,AllocLarge,2B,0.277,16.7,0.000,0.00,15.532,11.531,2,7.778,0.033,0,0.00,0.000,0,24.07,0.289,100,0.56,11.201,56,35.72,0.00,0,5.0,0.085
572,3567.011,AllocLarge,2B,0.247,0.0,0.000,0.00,14.732,14.732,2,7.778,0.033,0,99.45,0.000,0,24.07,0.289,100,0.56,14.401,49,50.00,0.00,0,4.6,0.085
573,3571.411,AllocLarge,2B,0.272,20.0,0.000,0.00,15.532,11.532,2,7.778,0.033,0,0.00,0.000,0,24.07,0.289,100,0.56,11.201,56,35.72,0.00,0,5.6,0.096
574,3577.539,AllocLarge,2B,0.463,25.0,0.000,0.00,14.732,14.732,2,7.778,0.034,0,98.09,0.000,0,24.07,0.289,100,0.56,14.401,49,50.00,0.00,0,7.6,0.125
575,3582.416,AllocLarge,2B,0.333,20.0,0.000,0.00,15.532,11.532,2,7.778,0.034,0,2.10,0.000,0,24.07,0.289,100,0.56,11.201,56,35.72,0.00,0,6.8,0.102
576,3589.006,AllocLarge,2B,0.289,0.0,0.000,0.00,14.733,14.733,2,7.778,0.034,0,99.46,0.000,0,24.07,0.289,100,0.56,14.401,49,50.00,0.00,0,4.6,0.111
577,3593.938,AllocLarge,2B,0.307,16.7,0.000,0.00,15.533,11.532,2,7.778,0.034,0,0.00,0.000,0,24.07,0.289,100,0.56,11.201,56,35.72,0.00,0,5.8,0.111
578,3601.947,AllocLarge,2B,0.461,11.1,0.000,0.00,14.733,14.733,2,7.778,0.034,0,99.46,0.000,0,24.07,0.289,100,0.56,14.401,49,50.00,0.00,0,5.7,0.113
579,3607.411,AllocLarge,2B,0.285,16.7,0.000,0.00,15.533,11.533,2,7.778,0.034,0,0.00,0.000,0,24.07,0.289,100,0.56,11.201,56,35.72,0.00,0,5.1,0.075
580,3613.156,AllocLarge,2B,0.284,0.0,0.000,0.00,15.533,14.733,2,7.778,0.035,0,99.47,0.000,0,24.07,0.289,100,0.56,14.401,47,50.00,0.00,0,5.5,0.090
581,3617.359,AllocLarge,2B,0.218,16.7,0.000,0.00,15.533,11.533,2,7.778,0.035,0,0.00,0.000,0,24.07,0.289,100,0.56,11.201,56,35.72,0.00,0,4.7,0.064
582,3623.274,AllocLarge,2B,0.325,16.7,0.108,18.79,15.534,14.734,2,7.778,0.035,0,98.16,0.000,0,24.07,0.289,100,0.56,14.401,47,50.00,0.00,0,5.7,0.102
583,3627.598,AllocLarge,2B,0.258,20.0,0.000,0.00,15.534,11.533,2,7.778,0.035,0,0.00,0.000,0,24.07,0.289,100,0.56,11.201,56,35.72,0.00,0,5.8,0.069
584,3633.184,AllocLarge,2B,0.317,16.7,0.000,0.00,15.534,14.734,2,7.778,0.035,0,99.48,0.000,0,24.07,0.289,100,0.56,14.401,47,50.00,0.00,0,6.0,0.133
585,3637.399,AllocLarge,2B,0.271,0.0,0.000,0.00,15.534,11.534,2,7.778,0.035,0,0.00,0.000,0,24.07,0.289,100,0.56,11.201,56,35.72,0.00,0,5.9,0.069
586,3643.092,AllocLarge,2B,0.262,16.7,0.000,0.00,15.534,14.734,2,7.778,0.036,0,98.20,0.000,0,24.07,0.289,100,0.56,14.401,47,50.00,0.00,0,5.0,0.077
587,3647.280,AllocLarge,2B,0.271,20.0,0.000,0.00,15.534,11.534,2,7.778,0.036,0,0.00,0.000,0,24.07,0.289,100,0.56,11.201,56,35.72,0.00,0,6.0,0.079
588,3653.101,AllocLarge,2B,0.368,0.0,0.000,0.00,14.735,14.735,2,7.778,0.036,0,99.49,0.000,0,24.07,0.289,100,0.56,14.401,49,50.00,0.00,0,6.3,0.111
589,3657.515,AllocLarge,2B,0.329,16.7,0.000,0.00,15.535,11.534,2,7.778,0.036,0,0.00,0.000,0,24.07,0.289,100,0.56,11.201,56,35.72,0.00,0,6.9,0.139
590,3663.281,AllocLarge,2B,0.334,16.7,0.000,0.00,15.535,14.735,2,7.778,0.036,0,99.49,0.000,0,24.07,0.289,100,0.56,14.401,47,50.00,0.00,0,6.4,0.165
591,3667.443,AllocLarge,2B,0.233,0.0,0.000,0.00,15.535,11.535,2,7.778,0.036,0,0.00,0.000,0,24.07,0.289,100,0.56,11.201,56,35.72,0.00,0,5.3,0.075
592,3672.865,AllocLarge,2B,0.217,0.0,0.000,0.00,14.735,14.735,2,7.778,0.037,0,98.25,0.000,0,24.07,0.289,100,0.56,14.401,49,50.00,0.00,0,4.3,0.079
593,3676.938,AllocLarge,2B,0.276,20.0,0.000,0.00,15.535,11.535,2,7.778,0.037,0,0.00,0.000,0,24.07,0.289,100,0.56,11.201,56,35.72,0.00,0,6.2,0.076
594,3682.536,AllocLarge,2B,0.281,0.0,0.108,20.07,14.736,14.736,2,7.778,0.037,0,99.50,0.000,0,24.07,0.289,100,0.56,14.401,49,50.00,0.00,0,5.2,0.088
595,3686.760,AllocLarge,2B,0.300,20.0,0.000,0.00,15.536,11.535,2,7.778,0.037,0,1.91,0.000,0,24.07,0.289,100,0.56,11.201,56,35.72,0.00,0,6.7,0.102
596,3692.536,AllocLarge,2B,0.280,0.0,0.000,0.00,14.736,14.736,2,7.778,0.037,0,98.28,0.000,0,24.07,0.289,100,0.56,14.401,49,50.00,0.00,0,5.1,0.080
597,3696.713,AllocLarge,2B,0.446,20.0,0.000,0.00,15.536,11.536,2,7.778,0.037,0,0.00,0.000,0,24.07,0.289,100,0.56,11.201,56,35.72,0.00,0,9.0,0.120
598,3703.096,AllocLarge,2B,0.213,14.3,0.000,0.00,15.536,14.736,2,7.778,0.038,0,98.29,0.000,0,24.07,0.289,100,0.56,14.401,47,50.00,0.00,0,3.9,0.074
599,3707.486,AllocLarge,2B,0.270,0.0,0.000,0.00,15.536,11.536,2,7.778,0.038,0,0.68,0.000,0,24.07,0.289,100,0.56,11.201,56,35.72,0.00,0,5.6,0.092
600,3713.215,AllocLarge,2B,0.299,0.0,0.000,0.00,14.737,14.737,2,7.778,0.038,0,99.41,0.000,0,24.07,0.289,100,0.56,14.401,49,50.00,0.00,0,5.5,0.127
601,3717.656,AllocLarge,2B,0.235,0.0,0.000,0.00,15.537,11.536,2,7.778,0.038,0,0.59,0.000,0,24.07,0.289,100,0.56,11.201,56,35.72,0.00,0,5.1,0.077
602,3723.226,AllocLarge,2B,0.262,20.0,0.000,0.00,14.737,14.737,2,7.778,0.038,0,98.22,0.000,0,24.07,0.289,100,0.56,14.401,49,50.00,0.00,0,4.9,0.080
603,3727.401,AllocLarge,2B,0.280,20.0,0.000,0.00,15.537,11.537,2,7.778,0.038,0,0.59,0.000,0,24.07,0.289,100,0.56,11.201,56,35.72,0.00,0,6.1,0.070
604,3733.363,AllocLarge,2B,0.348,16.7,0.000,0.00,15.537,14.737,2,7.778,0.039,0,99.42,0.000,0,24.07,0.289,100,0.56,14.401,47,50.00,0.00,0,6.1,0.098
605,3737.995,AllocLarge,2B,0.299,20.0,0.000,0.00,15.537,11.537,2,7.778,0.039,0,0.58,0.000,0,24.07,0.289,100,0.56,11.201,56,35.72,0.00,0,6.2,0.086
606,3743.683,AllocLarge,2B,0.351,16.7,0.110,19.79,14.738,14.738,2,7.778,0.039,0,99.42,0.000,0,24.07,0.289,100,0.56,14.401,49,50.00,0.00,0,6.3,0.079
607,3751.679,AllocLarge,2B,0.513,11.1,0.000,0.00,15.538,11.537,2,7.778,0.039,0,2.04,0.000,0,24.07,0.289,100,0.56,11.201,56,35.72,0.00,0,5.9,0.143
608,3758.486,AllocLarge,2B,0.277,25.0,0.000,0.00,14.738,14.738,2,7.778,0.039,0,99.43,0.000,0,24.07,0.289,100,0.56,14.401,49,50.00,0.00,0,4.6,0.079
609,3762.729,AllocLarge,2B,0.290,0.0,0.000,0.00,15.538,11.538,2,7.778,0.039,0,0.57,0.000,0,24.07,0.289,100,0.56,11.201,56,35.72,0.00,0,6.3,0.078
610,3768.270,AllocLarge,2B,0.243,16.7,0.000,0.00,15.538,14.738,2,7.778,0.040,0,98.28,0.000,0,24.07,0.289,100,0.56,14.401,47,50.00,0.00,0,4.8,0.105
611,3772.384,AllocLarge,2B,0.204,0.0,0.000,0.00,15.538,11.538,2,7.778,0.040,0,0.57,0.000,0,24.07,0.289,100,0.56,11.201,56,35.72,0.00,0,4.7,0.073
612,3777.770,AllocLarge,2B,0.308,0.0,0.000,0.00,14.739,14.739,2,7.778,0.040,0,98.29,0.000,0,24.07,0.289,100,0.56,14.401,49,50.00,0.00,0,5.8,0.081
613,3782.686,AllocLarge,2B,0.299,16.7,0.000,0.00,15.539,11.538,2,7.778,0.040,0,0.56,0.000,0,24.07,0.289,100,0.56,11.201,56,35.72,0.00,0,5.9,0.106
614,3789.133,AllocLarge,2B,0.313,16.7,0.000,0.00,14.739,14.739,2,7.778,0.040,0,99.44,0.000,0,24.07,0.289,100,0.56,14.401,49,50.00,0.00,0,5.1,0.119
615,3793.681,AllocLarge,2B,0.416,20.0,0.000,0.00,15.539,11.539,2,7.778,0.040,0,0.56,0.000,0,24.07,0.289,100,0.56,11.201,56,35.72,0.00,0,8.2,0.111
616,3803.745,AllocLarge,2B,0.321,0.0,0.000,0.00,14.739,14.739,2,7.778,0.041,0,98.32,0.000,0,24.07,0.289,100,0.56,14.401,49,50.00,0.00,0,3.3,0.088
617,3808.317,AllocLarge,2B,0.353,16.7,0.103,20.45,15.539,11.539,2,7.778,0.041,0,0.55,0.000,0,24.07,0.289,100,0.56,11.201,56,35.72,0.00,0,7.0,0.112
618,3815.140,AllocLarge,2B,0.325,12.5,0.000,0.00,14.740,14.740,2,7.778,0.041,0,98.34,0.000,0,24.07,0.289,100,0.56,14.401,49,50.00,0.00,0,5.1,0.109
619,3819.775,AllocLarge,2B,0.322,20.0,0.000,0.00,15.540,11.539,2,7.778,0.041,0,0.55,0.000,0,24.07,0.289,100,0.56,11.201,56,35.72,0.00,0,6.6,0.105
620,3826.309,AllocLarge,2B,0.515,12.5,0.000,0.00,14.740,14.740,2,7.778,0.041,0,99.46,0.000,0,24.07,0.289,100,0.56,14.401,49,50.00,0.00,0,7.8,0.153
621,3831.650,AllocLarge,2B,0.539,0.0,0.000,0.00,15.540,11.540,2,7.778,0.041,0,1.92,0.000,0,24.07,0.289,100,0.56,11.201,56,35.72,0.00,0,9.5,0.180
622,3840.130,AllocLarge,2B,0.434,11.1,0.000,0.00,14.740,14.740,2,7.778,0.042,0,98.36,0.000,0,24.07,0.289,100,0.56,14.401,49,50.00,0.00,0,5.5,0.118
623,3846.200,AllocLarge,2B,0.411,22.2,0.000,0.00,15.540,11.540,2,7.778,0.042,0,0.54,0.000,0,24.07,0.289,100,0.56,11.201,56,35.72,0.00,0,6.4,0.159
624,3852.350,AllocLarge,2B,0.296,0.0,0.000,0.00,15.541,14.741,2,7.778,0.042,0,99.47,0.000,0,24.07,0.289,100,0.56,14.401,47,50.00,0.00,0,5.4,0.094
625,3856.687,AllocLarge,2B,0.339,14.3,0.000,0.00,15.541,11.540,2,7.778,0.042,0,0.53,0.000,0,24.07,0.289,100,0.56,11.201,56,35.72,0.00,0,7.1,0.072
626,3862.391,AllocLarge,2B,0.286,33.3,0.000,0.00,15.541,14.741,2,7.778,0.042,0,98.39,0.000,0,24.07,0.289,100,0.56,14.401,47,50.00,0.00,0,5.4,0.081
627,3866.519,AllocLarge,2B,0.243,0.0,0.000,0.00,15.541,11.541,2,7.778,0.042,0,0.53,0.000,0,24.07,0.289,100,0.56,11.201,56,35.72,0.00,0,5.6,0.100
628,3872.016,AllocLarge,2B,0.227,0.0,0.000,0.00,14.741,14.741,2,7.778,0.043,0,98.40,0.000,0,24.07,0.289,100,0.56,14.401,49,50.00,0.00,0,4.4,0.077
629,3876.090,AllocLarge,2B,0.239,0.0,0.110,25.06,15.541,11.541,2,7.778,0.043,0,0.53,0.000,0,24.07,0.289,100,0.56,11.201,56,35.72,0.00,0,5.4,0.077
630,3881.601,AllocLarge,2B,0.217,16.7,0.000,0.00,14.742,14.742,2,7.778,0.043,0,98.41,0.000,0,24.07,0.289,100,0.56,14.401,49,50.00,0.00,0,4.2,0.075
631,3885.673,AllocLarge,2B,0.259,0.0,0.000,0.00,15.542,11.541,2,7.778,0.043,0,0.52,0.000,0,24.07,0.289,100,0.56,11.201,56,35.72,0.00,0,5.8,0.081
632,3891.297,AllocLarge,2B,0.383,16.7,0.000,0.00,14.742,14.742,2,7.778,0.043,0,98.43,0.000,0,24.07,0.289,100,0.56,14.401,49,50.00,0.00,0,7.0,0.108
633,3895.768,AllocLarge,2B,0.426,16.7,0.000,0.00,15.542,11.542,2,7.778,0.043,0,0.52,0.000,0,24.07,0.289,100,0.56,11.201,56,35.72,0.00,0,8.6,0.152
634,3901.733,AllocLarge,2B,0.296,0.0,0.000,0.00,15.542,14.742,2,7.778,0.044,0,99.49,0.000,0,24.07,0.289,100,0.56,14.401,47,50.00,0.00,0,5.6,0.104
635,3906.008,AllocLarge,2B,0.303,0.0,0.000,0.00,15.542,11.542,2,7.778,0.044,0,0.51,0.000,0,24.07,0.289,100,0.56,11.201,56,35.72,0.00,0,6.4,0.088
636,3911.717,AllocLarge,2B,0.239,0.0,0.000,0.00,15.543,14.743,2,7.778,0.044,0,98.45,0.000,0,24.07,0.289,100,0.56,14.401,47,50.00,0.00,0,4.6,0.078
637,3915.814,AllocLarge,2B,0.200,20.0,0.000,0.00,15.543,11.542,2,7.778,0.044,0,0.51,0.000,0,24.07,0.289,100,0.56,11.201,56,35.72,0.00,0,4.5,0.065
638,3921.337,AllocLarge,2B,0.259,0.0,0.000,0.00,15.543,14.743,2,7.778,0.044,0,98.46,0.000,0,24.07,0.289,100,0.56,14.401,47,50.00,0.00,0,4.9,0.059
639,3925.594,AllocLarge,2B,0.265,20.0,0.000,0.00,15.543,11.543,2,7.778,0.044,0,0.51,0.000,0,24.07,0.289,100,0.56,11.201,56,35.72,0.00,0,5.8,0.050
640,3931.235,AllocLarge,2B,0.337,12.5,0.103,18.47,15.543,14.743,2,7.778,0.045,0,99.50,0.000,0,24.07,0.289,100,0.56,14.401,47,50.00,0.00,0,6.1,0.115
641,3936.138,AllocLarge,2B,0.332,16.7,0.000,0.00,15.543,11.543,2,7.778,0.045,0,0.50,0.000,0,24.07,0.289,100,0.56,11.201,56,35.72,0.00,0,6.1,0.087
642,3942.723,AllocLarge,2B,0.491,14.3,0.000,0.00,15.544,14.744,2,7.778,0.045,0,99.50,0.000,0,24.07,0.289,100,0.56,14.401,47,50.00,0.00,0,7.9,0.155
643,3947.515,AllocLarge,2B,0.298,16.7,0.000,0.00,15.544,11.543,2,7.778,0.045,0,0.50,0.000,0,24.07,0.289,100,0.56,11.201,56,35.72,0.00,0,6.2,0.106
644,3953.190,AllocLarge,2B,0.314,0.0,0.000,0.00,15.544,14.744,2,7.778,0.045,0,99.50,0.000,0,24.07,0.289,100,0.56,14.401,47,50.00,0.00,0,5.9,0.106
645,3957.377,AllocLarge,2B,0.211,20.0,0.000,0.00,15.544,11.544,2,7.778,0.045,0,0.50,0.000,0,24.07,0.289,100,0.56,11.201,56,35.72,0.00,0,4.9,0.074
646,3962.732,AllocLarge,2B,0.247,0.0,0.000,0.00,14.744,14.744,2,7.778,0.046,0,99.51,0.000,0,24.07,0.289,100,0.56,14.401,49,50.00,0.00,0,4.8,0.088
647,3966.849,AllocLarge,2B,0.237,0.0,0.000,0.00,15.544,11.544,2,7.778,0.046,0,0.49,0.000,0,24.07,0.289,100,0.56,11.201,56,35.72,0.00,0,5.3,0.085
648,3972.286,AllocLarge,2B,0.218,0.0,0.000,0.00,14.745,14.745,2,7.778,0.046,0,98.52,0.000,0,24.07,0.289,100,0.56,14.401,49,50.00,0.00,0,4.3,0.076
649,3976.334,AllocLarge,2B,0.210,16.7,0.000,0.00,15.545,11.544,2,7.778,0.046,0,0.49,0.000,0,24.07,0.289,100,0.56,11.201,56,35.72,0.00,0,4.8,0.074
650,3981.773,AllocLarge,2B,0.254,0.0,0.000,0.00,14.745,14.745,2,7.778,0.046,0,98.53,0.000,0,24.07,0.289,100,0.56,14.401,49,50.00,0.00,0,4.9,0.077
651,3985.971,AllocLarge,2B,0.231,0.0,0.102,22.89,15.545,11.545,2,7.778,0.046,0,0.48,0.000,0,24.07,0.289,100,0.56,11.201,56,35.72,0.00,0,5.2,0.080
652,3991.593,AllocLarge,2B,0.415,0.0,0.000,0.00,14.745,14.745,2,7.778,0.047,0,99.52,0.000,0,24.07,0.289,100,0.56,14.401,49,50.00,0.00,0,7.3,0.143
653,3996.240,AllocLarge,2B,0.270,20.0,0.000,0.00,15.545,11.545,2,7.778,0.047,0,0.48,0.000,0,24.07,0.289,100,0.56,11.201,56,35.72,0.00,0,5.8,0.079
654,4002.543,AllocLarge,2B,0.419,0.0,0.000,0.00,14.746,14.746,2,7.778,0.047,0,99.52,0.000,0,24.07,0.289,100,0.56,14.401,49,50.00,0.00,0,6.9,0.133
655,4007.365,AllocLarge,2B,0.390,16.7,0.000,0.00,15.546,11.546,2,7.778,0.047,0,1.69,0.000,0,24.07,0.289,100,0.56,11.201,56,35.72,0.00,0,7.7,0.130
656,4013.696,AllocLarge,2B,0.315,0.0,0.000,0.00,14.746,14.746,2,7.778,0.047,0,98.56,0.000,0,24.07,0.289,100,0.56,14.401,49,50.00,0.00,0,5.2,0.103
657,4018.301,AllocLarge,2B,0.268,20.0,0.000,0.00,15.546,11.546,2,7.778,0.047,0,1.68,0.000,0,24.07,0.289,100,0.56,11.201,56,35.72,0.00,0,5.5,0.101
658,4025.139,AllocLarge,2B,0.454,11.1,0.000,0.00,14.746,14.746,2,7.778,0.048,0,99.53,0.000,0,24.07,0.289,100,0.56,14.401,49,50.00,0.00,0,6.6,0.111
659,4030.855,AllocLarge,2B,0.398,14.3,0.000,0.00,15.546,11.546,2,7.778,0.048,0,0.47,0.000,0,24.07,0.289,100,0.56,11.201,56,35.72,0.00,0,6.5,0.123
660,4037.519,AllocLarge,2B,0.309,0.0,0.000,0.00,14.747,14.747,2,7.778,0.048,0,98.58,0.000,0,24.07,0.289,100,0.56,14.401,49,50.00,0.00,0,5.2,0.119
661,4042.605,AllocLarge,2B,0.365,16.7,0.000,0.00,15.547,11.547,2,7.778,0.048,0,0.47,0.000,0,24.07,0.289,100,0.56,11.201,56,35.72,0.00,0,6.6,0.119
662,4049.600,AllocLarge,2B,0.339,0.0,0.000,0.00,14.747,14.747,2,7.778,0.048,0,99.54,0.000,0,24.07,0.289,100,0.56,14.401,49,50.00,0.00,0,5.1,0.120
663,4054.129,AllocLarge,2B,0.272,20.0,0.110,23.07,15.547,11.547,2,7.778,0.048,0,0.46,0.000,0,24.07,0.289,100,0.56,11.201,56,35.72,0.00,0,5.7,0.086
664,4060.160,AllocLarge,2B,0.326,14.3,0.000,0.00,14.747,14.747,2,7.778,0.049,0,98.60,0.000,0,24.07,0.289,100,0.56,14.401,49,50.00,0.00,0,5.6,0.088
665,4064.511,AllocLarge,2B,0.228,20.0,0.000,0.00,15.547,11.547,2,7.778,0.049,0,0.46,0.000,0,24.07,0.289,100,0.56,11.201,56,35.72,0.00,0,5.0,0.059
666,4070.108,AllocLarge,2B,0.265,0.0,0.000,0.00,15.548,14.748,2,7.778,0.049,0,99.54,0.000,0,24.07,0.289,100,0.56,14.401,47,50.00,0.00,0,5.0,0.093
667,4074.588,AllocLarge,2B,0.268,0.0,0.000,0.00,15.548,11.548,2,7.778,0.049,0,0.46,0.000,0,24.07,0.289,100,0.56,11.201,56,35.72,0.00,0,5.5,0.064
668,4080.560,AllocLarge,2B,0.298,0.0,0.000,0.00,15.548,14.748,2,7.778,0.049,0,99.55,0.000,0,24.07,0.289,100,0.56,14.401,47,50.00,0.00,0,5.3,0.090
669,4084.920,AllocLarge,2B,0.284,16.7,0.000,0.00,15.548,11.548,2,7.778,0.049,0,0.45,0.000,0,24.07,0.289,100,0.56,11.201,56,35.72,0.00,0,5.9,0.089
670,4090.964,AllocLarge,2B,0.323,14.3,0.000,0.00,15.548,14.748,2,7.778,0.050,0,98.63,0.000,0,24.07,0.289,100,0.56,14.401,47,50.00,0.00,0,5.7,0.098
671,4095.381,AllocLarge,2B,0.437,40.0,0.000,0.00,15.548,11.548,2,7.778,0.050,0,1.60,0.000,0,24.07,0.289,100,0.56,11.201,56,35.72,0.00,0,8.8,0.101
672,4102.463,AllocLarge,2B,0.387,14.3,0.000,0.00,14.749,14.749,2,7.778,0.050,0,98.64,0.000,0,24.07,0.289,100,0.56,14.401,49,50.00,0.00,0,5.9,0.114
673,4107.051,AllocLarge,2B,0.452,16.7,0.000,0.00,15.549,11.549,2,7.778,0.050,0,0.45,0.000,0,24.07,0.289,100,0.56,11.201,56,35.72,0.00,0,8.6,0.130
674,4113.519,AllocLarge,2B,0.289,0.0,0.103,18.00,15.549,14.749,2,7.778,0.050,0,99.55,0.000,0,24.07,0.289,100,0.56,14.401,47,50.00,0.00,0,5.1,0.098
675,4117.922,AllocLarge,2B,0.239,20.0,0.000,0.00,15.549,11.549,2,7.778,0.050,0,0.45,0.000,0,24.07,0.289,100,0.56,11.201,56,35.72,0.00,0,5.0,0.053
676,4123.889,AllocLarge,2B,0.320,0.0,0.000,0.00,15.549,14.749,2,7.778,0.051,0,98.66,0.000,0,24.07,0.289,100,0.56,14.401,47,50.00,0.00,0,5.6,0.089
677,4128.483,AllocLarge,2B,0.253,16.7,0.000,0.00,15.549,11.549,2,7.778,0.051,0,1.56,0.000,0,24.07,0.289,100,0.56,11.201,56,35.72,0.00,0,5.4,0.079
678,4134.677,AllocLarge,2B,0.345,16.7,0.000,0.00,14.750,14.750,2,7.778,0.051,0,99.56,0.000,0,24.07,0.289,100,0.56,14.401,49,50.00,0.00,0,5.6,0.101
679,4139.339,AllocLarge,2B,0.306,16.7,0.000,0.00,15.550,11.550,2,7.778,0.051,0,0.44,0.000,0,24.07,0.289,100,0.56,11.201,56,35.72,0.00,0,6.4,0.080
680,4146.745,AllocLarge,2B,0.393,0.0,0.000,0.00,14.750,14.750,2,7.778,0.051,0,99.56,0.000,0,24.07,0.289,100,0.56,14.401,49,50.00,0.00,0,5.4,0.133
681,4151.587,AllocLarge,2B,0.293,0.0,0.000,0.00,15.550,11.550,2,7.778,0.051,0,0.44,0.000,0,24.07,0.289,100,0.56,11.201,56,35.72,0.00,0,6.0,0.085
682,4158.848,AllocLarge,2B,0.328,0.0,0.000,0.00,14.750,14.750,2,7.778,0.052,0,99.57,0.000,0,24.07,0.289,100,0.56,14.401,49,50.00,0.00,0,4.7,0.093
683,4163.816,AllocLarge,2B,0.412,0.0,0.000,0.00,15.550,11.550,2,7.778,0.052,0,0.43,0.000,0,24.07,0.289,100,0.56,11.201,56,35.72,0.00,0,7.6,0.150
684,4170.121,AllocLarge,2B,0.287,0.0,0.000,0.00,14.751,14.751,2,7.778,0.052,0,99.57,0.000,0,24.07,0.289,100,0.56,14.401,49,50.00,0.00,0,5.0,0.119
685,4174.692,AllocLarge,2B,0.379,0.0,0.000,0.00,15.551,11.551,2,7.778,0.052,0,1.52,0.000,0,24.07,0.289,100,0.56,11.201,56,35.72,0.00,0,7.5,0.095
686,4181.092,AllocLarge,2B,0.281,14.3,0.102,17.25,14.751,14.751,2,7.778,0.052,0,98.70,0.000,0,24.07,0.289,100,0.56,14.401,49,50.00,0.00,0,4.7,0.090
687,4185.460,AllocLarge,2B,0.297,0.0,0.000,0.00,15.551,11.551,2,7.778,0.052,0,0.43,0.000,0,24.07,0.289,100,0.56,11.201,56,35.72,0.00,0,6.3,0.082
688,4191.325,AllocLarge,2B,0.428,0.0,0.000,0.00,14.751,14.751,2,7.778,0.053,0,99.57,0.000,0,24.07,0.289,100,0.56,14.401,49,50.00,0.00,0,7.6,0.191
689,4196.037,AllocLarge,2B,0.301,0.0,0.000,0.00,15.551,11.551,2,7.778,0.053,0,0.43,0.000,0,24.07,0.289,100,0.56,11.201,56,35.72,0.00,0,6.2,0.090
690,4202.079,AllocLarge,2B,0.448,14.3,0.000,0.00,14.752,14.752,2,7.778,0.053,0,99.58,0.000,0,24.07,0.289,100,0.56,14.401,49,50.00,0.00,0,7.4,0.146
691,4207.415,AllocLarge,2B,0.567,14.3,0.000,0.00,15.552,11.552,2,7.778,0.053,0,0.42,0.000,0,24.07,0.289,100,0.56,11.201,56,35.72,0.00,0,10.0,0.190
692,4214.129,AllocLarge,2B,0.366,14.3,0.000,0.00,14.752,14.752,2,7.778,0.053,0,99.58,0.000,0,24.07,0.289,100,0.56,14.401,49,50.00,0.00,0,5.9,0.089
693,4218.686,AllocLarge,2B,0.253,16.7,0.000,0.00,15.552,11.552,2,7.778,0.053,0,0.42,0.000,0,24.07,0.289,100,0.56,11.201,56,35.72,0.00,0,5.2,0.056
694,4224.743,AllocLarge,2B,0.298,16.7,0.000,0.00,15.553,14.761,2,7.778,0.062,0,86.34,0.000,0,24.07,0.289,100,0.56,14.401,47,50.00,0.00,0,5.2,0.084
695,4229.431,AllocLarge,2B,0.306,20.0,0.000,0.00,15.553,11.553,2,7.778,0.054,0,0.28,0.000,0,24.07,0.289,100,0.56,11.201,56,35.72,0.00,0,6.2,0.081
696,4235.512,AllocLarge,2B,0.468,0.0,0.000,0.00,14.753,14.753,2,7.778,0.055,0,99.59,0.000,0,24.07,0.289,100,0.56,14.401,49,50.00,0.00,0,7.6,0.150
697,4240.523,AllocLarge,2B,0.324,14.3,0.110,22.14,15.553,11.553,2,7.778,0.055,0,0.41,0.000,0,24.07,0.289,100,0.56,11.201,56,35.72,0.00,0,6.5,0.125
698,4246.633,AllocLarge,2B,0.368,0.0,0.000,0.00,14.754,14.754,2,7.778,0.055,0,99.59,0.000,0,24.07,0.289,100,0.56,14.401,49,50.00,0.00,0,6.2,0.116
699,4251.349,AllocLarge,2B,0.275,0.0,0.000,0.00,15.554,11.554,2,7.778,0.055,0,0.41,0.000,0,24.07,0.289,100,0.56,11.201,56,35.72,0.00,0,5.7,0.059
700,4257.722,AllocLarge,2B,0.320,0.0,0.000,0.00,15.554,14.754,2,7.778,0.055,0,99.59,0.000,0,24.07,0.289,100,0.56,14.401,47,50.00,0.00,0,5.3,0.086
701,4262.480,AllocLarge,2B,0.376,12.5,0.000,0.00,15.554,11.554,2,7.778,0.055,0,0.41,0.000,0,24.07,0.289,100,0.56,11.201,56,35.72,0.00,0,6.9,0.098
702,4268.904,AllocLarge,2B,0.422,14.3,0.000,0.00,15.554,14.754,2,7.778,0.056,0,98.78,0.000,0,24.07,0.289,100,0.56,14.401,47,50.00,0.00,0,7.0,0.095
703,4273.623,AllocLarge,2B,0.249,20.0,0.000,0.00,15.554,11.554,2,7.778,0.056,0,0.40,0.000,0,24.07,0.289,100,0.56,11.201,56,35.72,0.00,0,5.2,0.074
704,4279.536,AllocLarge,2B,0.370,16.7,0.000,0.00,15.555,14.755,2,7.778,0.056,0,99.60,0.000,0,24.07,0.289,100,0.56,14.401,47,50.00,0.00,0,6.5,0.124
705,4284.171,AllocLarge,2B,0.339,16.7,0.000,0.00,15.555,11.555,2,7.778,0.056,0,0.40,0.000,0,24.07,0.289,100,0.56,11.201,56,35.72,0.00,0,6.8,0.113
706,4290.059,AllocLarge,2B,0.321,0.0,0.000,0.00,15.555,14.755,2,7.778,0.056,0,98.79,0.000,0,24.07,0.289,100,0.56,14.401,47,50.00,0.00,0,5.9,0.107
707,4294.501,AllocLarge,2B,0.294,14.3,0.000,0.00,15.555,11.555,2,7.778,0.056,0,0.40,0.000,0,24.07,0.289,100,0.56,11.201,56,35.72,0.00,0,6.1,0.086
708,4300.414,AllocLarge,2B,0.283,0.0,0.103,18.56,14.755,14.755,2,7.778,0.057,0,99.60,0.000,0,24.07,0.289,100,0.56,14.401,49,50.00,0.00,0,5.1,0.086
709,4304.754,AllocLarge,2B,0.246,20.0,0.000,0.00,15.555,11.555,2,7.778,0.057,0,0.40,0.000,0,24.07,0.289,100,0.56,11.201,56,35.72,0.00,0,5.3,0.051
710,4310.467,AllocLarge,2B,0.456,0.0,0.000,0.00,15.556,14.756,2,7.778,0.057,0,99.61,0.000,0,24.07,0.289,100,0.56,14.401,47,50.00,0.00,0,8.0,0.122
711,4315.808,AllocLarge,2B,0.422,14.3,0.000,0.00,15.556,11.556,2,7.778,0.057,0,0.39,0.000,0,24.07,0.289,100,0.56,11.201,56,35.72,0.00,0,7.4,0.084
712,4322.164,AllocLarge,2B,0.315,16.7,0.000,0.00,15.556,14.756,2,7.778,0.057,0,98.81,0.000,0,24.07,0.289,100,0.56,14.401,47,50.00,0.00,0,5.5,0.107
713,4326.627,AllocLarge,2B,0.292,20.0,0.000,0.00,15.556,11.556,2,7.778,0.057,0,0.39,0.000,0,24.07,0.289,100,0.56,11.201,56,35.72,0.00,0,6.1,0.068
714,4332.448,AllocLarge,2B,0.305,14.3,0.000,0.00,15.557,14.756,2,7.778,0.058,0,99.61,0.000,0,24.07,0.289,100,0.56,14.401,47,50.00,0.00,0,5.5,0.098
715,4337.059,AllocLarge,2B,0.254,16.7,0.000,0.00,15.557,11.556,2,7.778,0.058,0,0.39,0.000,0,24.07,0.289,100,0.56,11.201,56,35.72,0.00,0,5.2,0.084
716,4343.006,AllocLarge,2B,0.430,12.5,0.000,0.00,14.757,14.757,2,7.778,0.058,0,99.61,0.000,0,24.07,0.289,100,0.56,14.401,49,50.00,0.00,0,7.3,0.135
717,4347.821,AllocLarge,2B,0.266,20.0,0.000,0.00,15.557,11.557,2,7.778,0.058,0,0.39,0.000,0,24.07,0.289,100,0.56,11.201,56,35.72,0.00,0,5.5,0.054
718,4353.722,AllocLarge,2B,0.397,16.7,0.000,0.00,15.557,14.757,2,7.778,0.058,0,99.62,0.000,0,24.07,0.289,100,0.56,14.401,47,50.00,0.00,0,6.8,0.160
719,4358.380,AllocLarge,2B,0.374,14.3,0.102,19.79,15.557,11.557,2,7.778,0.058,0,0.38,0.000,0,24.07,0.289,100,0.56,11.201,56,35.72,0.00,0,7.2,0.081
720,4365.195,AllocLarge,2B,0.401,14.3,0.000,0.00,15.558,14.757,2,7.778,0.059,0,99.62,0.000,0,24.07,0.289,100,0.56,14.401,47,50.00,0.00,0,6.5,0.123
721,4369.797,AllocLarge,2B,0.357,16.7,0.000,0.00,15.558,11.557,2,7.778,0.059,0,0.38,0.000,0,24.07,0.289,100,0.56,11.201,56,35.72,0.00,0,7.3,0.149
722,4376.823,AllocLarge,2B,0.457,12.5,0.000,0.00,14.758,14.758,2,7.778,0.059,0,99.62,0.000,0,24.07,0.289,100,0.56,14.401,49,50.00,0.00,0,6.6,0.127
723,4381.742,AllocLarge,2B,0.297,16.7,0.000,0.00,15.558,11.558,2,7.778,0.059,0,0.38,0.000,0,24.07,0.289,100,0.56,11.201,56,35.72,0.00,0,5.9,0.088
724,4388.054,AllocLarge,2B,0.311,0.0,0.000,0.00,14.758,14.758,2,7.778,0.059,0,98.85,0.000,0,24.07,0.289,100,0.56,14.401,49,50.00,0.00,0,5.4,0.102
725,4392.783,AllocLarge,2B,0.346,33.3,0.000,0.00,15.558,11.558,2,7.778,0.059,0,0.38,0.000,0,24.07,0.289,100,0.56,11.201,56,35.72,0.00,0,6.6,0.090
726,4398.656,AllocLarge,2B,0.389,16.7,0.000,0.00,14.758,14.758,2,7.778,0.060,0,99.62,0.000,0,24.07,0.289,100,0.56,14.401,49,50.00,0.00,0,7.0,0.120
727,4403.096,AllocLarge,2B,0.281,20.0,0.000,0.00,15.559,11.558,2,7.778,0.060,0,0.38,0.000,0,24.07,0.289,100,0.56,11.201,56,35.72,0.00,0,6.0,0.067
728,4409.012,AllocLarge,2B,0.321,0.0,0.000,0.00,15.559,14.759,2,7.778,0.060,0,98.87,0.000,0,24.07,0.289,100,0.56,14.401,47,50.00,0.00,0,5.7,0.108
729,4413.525,AllocLarge,2B,0.273,0.0,0.000,0.00,15.559,11.559,2,7.778,0.060,0,0.37,0.000,0,24.07,0.289,100,0.56,11.201,56,35.72,0.00,0,5.7,0.080
730,4419.297,AllocLarge,2B,0.375,0.0,0.000,0.00,14.759,14.759,2,7.778,0.060,0,99.63,0.000,0,24.07,0.289,100,0.56,14.401,49,50.00,0.00,0,6.6,0.090
731,4424.552,AllocLarge,2B,0.377,14.3,0.110,19.06,15.559,11.559,2,7.778,0.060,0,0.37,0.000,0,24.07,0.289,100,0.56,11.201,56,35.72,0.00,0,6.5,0.106
732,4430.729,AllocLarge,2B,0.363,16.7,0.000,0.00,15.560,14.759,2,7.778,0.061,0,99.63,0.000,0,24.07,0.289,100,0.56,14.401,47,50.00,0.00,0,6.6,0.131
733,4435.152,AllocLarge,2B,0.305,0.0,0.000,0.00,15.560,11.559,2,7.778,0.061,0,0.37,0.000,0,24.07,0.289,100,0.56,11.201,56,35.72,0.00,0,6.5,0.094
734,4441.094,AllocLarge,2B,0.311,16.7,0.000,0.00,14.760,14.760,2,7.778,0.061,0,99.63,0.000,0,24.07,0.289,100,0.56,14.401,49,50.00,0.00,0,5.6,0.088
735,4445.665,AllocLarge,2B,0.327,16.7,0.000,0.00,15.560,11.560,2,7.778,0.061,0,0.37,0.000,0,24.07,0.289,100,0.56,11.201,56,35.72,0.00,0,6.4,0.078
736,4451.625,AllocLarge,2B,0.331,16.7,0.000,0.00,15.560,14.760,2,7.778,0.061,0,99.63,0.000,0,24.07,0.289,100,0.56,14.401,47,50.00,0.00,0,6.0,0.095
737,4456.358,AllocLarge,2B,0.267,14.3,0.000,0.00,15.560,11.560,2,7.778,0.061,0,0.37,0.000,0,24.07,0.289,100,0.56,11.201,56,35.72,0.00,0,5.3,0.058
738,4462.189,AllocLarge,2B,0.359,16.7,0.000,0.00,15.561,14.760,2,7.778,0.062,0,99.64,0.000,0,24.07,0.289,100,0.56,14.401,47,50.00,0.00,0,6.4,0.101
739,4466.687,AllocLarge,2B,0.275,20.0,0.000,0.00,15.561,11.560,2,7.778,0.062,0,0.36,0.000,0,24.07,0.289,100,0.56,11.201,56,35.72,0.00,0,5.8,0.072
740,4472.704,AllocLarge,2B,0.344,12.5,0.000,0.00,15.561,14.761,2,7.778,0.062,0,99.64,0.000,0,24.07,0.289,100,0.56,14.401,47,50.00,0.00,0,6.0,0.145
741,4477.241,AllocLarge,2B,0.358,16.7,0.000,0.00,15.561,11.561,2,7.778,0.062,0,0.36,0.000,0,24.07,0.289,100,0.56,11.201,56,35.72,0.00,0,7.0,0.117
742,4483.514,AllocLarge,2B,0.301,16.7,0.103,18.10,15.561,14.761,2,7.778,0.062,0,98.91,0.000,0,24.07,0.289,100,0.56,14.401,47,50.00,0.00,0,5.3,0.114
743,4488.707,AllocLarge,2B,0.426,25.0,0.000,0.00,15.561,11.561,2,7.778,0.062,0,0.36,0.000,0,24.07,0.289,100,0.56,11.201,56,35.72,0.00,0,7.2,0.097
744,4495.239,AllocLarge,2B,0.337,14.3,0.000,0.00,15.562,14.762,2,7.778,0.063,0,99.64,0.000,0,24.07,0.289,100,0.56,14.401,47,50.00,0.00,0,5.7,0.115
745,4499.889,AllocLarge,2B,0.508,14.3,0.000,0.00,15.562,11.561,2,7.778,0.063,0,1.26,0.000,0,24.07,0.289,100,0.56,11.201,56,35.72,0.00,0,8.8,0.104
746,4507.401,AllocLarge,2B,0.288,0.0,0.000,0.00,15.562,14.762,2,7.778,0.063,0,99.65,0.000,0,24.07,0.289,100,0.56,14.401,47,50.00,0.00,0,4.7,0.093
747,4512.804,AllocLarge,2B,0.369,12.5,0.000,0.00,15.562,11.562,2,7.778,0.063,0,0.35,0.000,0,24.07,0.289,100,0.56,11.201,56,35.72,0.00,0,6.1,0.077
748,4519.532,AllocLarge,2B,0.490,14.3,0.000,0.00,15.563,14.762,2,7.778,0.064,0,98.93,0.000,0,24.07,0.289,100,0.56,14.401,47,50.00,0.00,0,7.5,0.119
749,4524.706,AllocLarge,2B,0.708,16.7,0.000,0.00,15.563,11.562,2,7.778,0.064,0,0.35,0.000,0,24.07,0.289,100,0.56,11.201,56,35.72,0.00,0,12.0,0.214
750,4534.872,AllocLarge,2B,0.435,20.0,0.000,0.00,15.563,14.763,2,7.778,0.064,0,98.94,0.000,0,24.07,0.289,100,0.56,14.401,47,50.00,0.00,0,4.7,0.109
751,4539.823,AllocLarge,2B,0.375,16.7,0.000,0.00,15.563,11.563,2,7.778,0.064,0,0.35,0.000,0,24.07,0.289,100,0.56,11.201,56,35.72,0.00,0,7.3,0.083
752,4546.411,AllocLarge,2B,0.342,14.3,0.000,0.00,14.763,14.763,2,7.778,0.064,0,99.65,0.000,0,24.07,0.289,100,0.56,14.401,49,50.00,0.00,0,5.6,0.097
753,4552.023,AllocLarge,2B,0.444,14.3,0.102,15.73,15.563,11.563,2,7.778,0.064,0,0.35,0.000,0,24.07,0.289,100,0.56,11.201,56,35.72,0.00,0,6.8,0.109
754,4559.797,AllocLarge,2B,0.452,0.0,0.000,0.00,15.564,14.764,2,7.778,0.065,0,99.65,0.000,0,24.07,0.289,100,0.56,14.401,47,50.00,0.00,0,6.3,0.122
755,4565.437,AllocLarge,2B,0.642,16.7,0.000,0.00,15.564,11.563,2,7.778,0.065,0,1.22,0.000,0,24.07,0.289,100,0.56,11.201,56,35.72,0.00,0,10.3,0.295
756,4573.482,AllocLarge,2B,0.314,0.0,0.000,0.00,14.764,14.764,2,7.778,0.065,0,98.95,0.000,0,24.07,0.289,100,0.56,14.401,49,50.00,0.00,0,4.3,0.103
757,4579.057,AllocLarge,2B,0.300,14.3,0.000,0.00,15.564,11.564,2,7.778,0.065,0,1.22,0.000,0,24.07,0.289,100,0.56,11.201,56,35.72,0.00,0,5.2,0.109
758,4586.349,AllocLarge,2B,0.300,0.0,0.000,0.00,14.764,14.764,2,7.778,0.065,0,98.96,0.000,0,24.07,0.289,100,0.56,14.401,49,50.00,0.00,0,4.3,0.123
759,4591.087,AllocLarge,2B,0.358,0.0,0.000,0.00,15.564,11.564,2,7.778,0.065,0,0.34,0.000,0,24.07,0.289,100,0.56,11.201,56,35.72,0.00,0,6.8,0.102
760,4597.384,AllocLarge,2B,0.332,16.7,0.000,0.00,15.565,14.765,2,7.778,0.066,0,98.96,0.000,0,24.07,0.289,100,0.56,14.401,47,50.00,0.00,0,5.6,0.108
761,4602.180,AllocLarge,2B,0.373,14.3,0.000,0.00,15.565,11.564,2,7.778,0.066,0,0.34,0.000,0,24.07,0.289,100,0.56,11.201,56,35.72,0.00,0,7.1,0.095
762,4608.342,AllocLarge,2B,0.294,0.0,0.000,0.00,14.765,14.765,2,7.778,0.066,0,98.97,0.000,0,24.07,0.289,100,0.56,14.401,49,50.00,0.00,0,5.2,0.080
763,4612.748,AllocLarge,2B,0.297,16.7,0.000,0.00,15.565,11.565,2,7.778,0.066,0,0.34,0.000,0,24.07,0.289,100,0.56,11.201,56,35.72,0.00,0,6.3,0.086
764,4618.702,AllocLarge,2B,0.330,14.3,0.000,0.00,14.765,14.765,2,7.778,0.066,0,98.98,0.000,0,24.07,0.289,100,0.56,14.401,49,50.00,0.00,0,5.8,0.094
765,4623.228,AllocLarge,2B,0.526,12.5,0.110,21.30,15.565,11.565,2,7.778,0.066,0,0.34,0.000,0,24.07,0.289,100,0.56,11.201,56,35.72,0.00,0,10.2,0.175
766,4629.323,AllocLarge,2B,0.360,0.0,0.000,0.00,15.566,14.766,2,7.778,0.067,0,98.98,0.000,0,24.07,0.289,100,0.56,14.401,47,50.00,0.00,0,6.6,0.122
767,4633.886,AllocLarge,2B,0.399,14.3,0.000,0.00,15.566,11.565,2,7.778,0.067,0,0.34,0.000,0,24.07,0.289,100,0.56,11.201,56,35.72,0.00,0,7.7,0.100
768,4640.034,AllocLarge,2B,0.281,0.0,0.000,0.00,15.566,14.766,2,7.778,0.067,0,98.99,0.000,0,24.07,0.289,100,0.56,14.401,47,50.00,0.00,0,5.1,0.084
769,4644.333,AllocLarge,2B,0.333,20.0,0.000,0.00,15.566,11.566,2,7.778,0.067,0,0.33,0.000,0,24.07,0.289,100,0.56,11.201,56,35.72,0.00,0,7.2,0.105
770,4650.072,AllocLarge,2B,0.359,16.7,0.000,0.00,14.766,14.766,2,7.778,0.067,0,99.67,0.000,0,24.07,0.289,100,0.56,14.401,49,50.00,0.00,0,6.4,0.113
771,4654.511,AllocLarge,2B,0.381,14.3,0.000,0.00,15.566,11.566,2,7.778,0.067,0,0.33,0.000,0,24.07,0.289,100,0.56,11.201,56,35.72,0.00,0,7.8,0.125
772,4660.606,AllocLarge,2B,0.303,0.0,0.000,0.00,15.567,14.767,2,7.778,0.068,0,99.67,0.000,0,24.07,0.289,100,0.56,14.401,47,50.00,0.00,0,5.5,0.085
773,4665.312,AllocLarge,2B,0.350,28.6,0.000,0.00,15.567,11.566,2,7.778,0.068,0,0.33,0.000,0,24.07,0.289,100,0.56,11.201,56,35.72,0.00,0,6.4,0.074
774,4672.348,AllocLarge,2B,0.359,14.3,0.000,0.00,15.567,14.767,2,7.778,0.068,0,99.67,0.000,0,24.07,0.289,100,0.56,14.401,47,50.00,0.00,0,5.7,0.121
775,4677.105,AllocLarge,2B,0.335,28.6,0.000,0.00,15.567,11.567,2,7.778,0.068,0,0.33,0.000,0,24.07,0.289,100,0.56,11.201,56,35.72,0.00,0,6.3,0.074
776,4683.468,AllocLarge,2B,0.380,16.7,0.103,16.60,15.567,14.767,2,7.778,0.068,0,99.67,0.000,0,24.07,0.289,100,0.56,14.401,47,50.00,0.00,0,6.1,0.135
777,4688.364,AllocLarge,2B,0.284,20.0,0.000,0.00,15.567,11.567,2,7.778,0.068,0,0.33,0.000,0,24.07,0.289,100,0.56,11.201,56,35.72,0.00,0,5.9,0.083
778,4694.571,AllocLarge,2B,0.318,14.3,0.000,0.00,14.768,14.768,2,7.778,0.069,0,99.01,0.000,0,24.07,0.289,100,0.56,14.401,49,50.00,0.00,0,5.3,0.082
779,4699.442,AllocLarge,2B,0.421,16.7,0.000,0.00,15.568,11.567,2,7.778,0.069,0,0.33,0.000,0,24.07,0.289,100,0.56,11.201,56,35.72,0.00,0,7.8,0.075
780,4705.372,AllocLarge,2B,0.341,0.0,0.000,0.00,15.568,14.768,2,7.778,0.069,0,99.68,0.000,0,24.07,0.289,100,0.56,14.401,47,50.00,0.00,0,6.4,0.114
781,4710.034,AllocLarge,2B,0.308,14.3,0.000,0.00,15.568,11.568,2,7.778,0.069,0,0.32,0.000,0,24.07,0.289,100,0.56,11.201,56,35.72,0.00,0,6.2,0.104
782,4715.743,AllocLarge,2B,0.281,0.0,0.000,0.00,14.768,14.768,2,7.778,0.070,0,99.68,0.000,0,24.07,0.289,100,0.56,14.401,49,50.00,0.00,0,5.2,0.089
783,4720.005,AllocLarge,2B,0.242,16.7,0.000,0.00,15.568,11.568,2,7.778,0.070,0,0.32,0.000,0,24.07,0.289,100,0.56,11.201,56,35.72,0.00,0,5.3,0.059
784,4725.975,AllocLarge,2B,0.318,0.0,0.000,0.00,15.569,14.769,2,7.778,0.070,0,99.68,0.000,0,24.07,0.289,100,0.56,14.401,47,50.00,0.00,0,5.6,0.093
785,4730.560,AllocLarge,2B,0.353,16.7,0.000,0.00,15.569,11.568,2,7.778,0.070,0,0.32,0.000,0,24.07,0.289,100,0.56,11.201,56,35.72,0.00,0,6.9,0.087
786,4736.528,AllocLarge,2B,0.339,16.7,0.000,0.00,15.569,14.769,2,7.778,0.070,0,99.68,0.000,0,24.07,0.289,100,0.56,14.401,47,50.00,0.00,0,6.2,0.093
787,4740.951,AllocLarge,2B,0.537,25.0,0.110,20.02,15.569,11.569,2,7.778,0.070,0,0.32,0.000,0,24.07,0.289,100,0.56,11.201,56,35.72,0.00,0,9.9,0.145
788,4747.668,AllocLarge,2B,0.412,0.0,0.000,0.00,15.569,14.769,2,7.778,0.070,0,99.68,0.000,0,24.07,0.289,100,0.56,14.401,47,50.00,0.00,0,7.1,0.091
789,4752.108,AllocLarge,2B,0.268,20.0,0.000,0.00,15.569,11.569,2,7.778,0.070,0,0.32,0.000,0,24.07,0.289,100,0.56,11.201,56,35.72,0.00,0,6.0,0.080
790,4757.766,AllocLarge,2B,0.291,16.7,0.000,0.00,14.770,14.770,2,7.778,0.071,0,99.04,0.000,0,24.07,0.289,100,0.56,14.401,49,50.00,0.00,0,5.4,0.081
791,4762.095,AllocLarge,2B,0.450,16.7,0.000,0.00,15.570,11.569,2,7.778,0.071,0,0.32,0.000,0,24.07,0.289,100,0.56,11.201,56,35.72,0.00,0,9.0,0.096
792,4768.280,AllocLarge,2B,0.364,16.7,0.000,0.00,15.570,14.770,2,7.778,0.071,0,99.69,0.000,0,24.07,0.289,100,0.56,14.401,47,50.00,0.00,0,6.4,0.093
793,4773.453,AllocLarge,2B,0.426,0.0,0.000,0.00,15.570,11.570,2,7.778,0.071,0,0.31,0.000,0,24.07,0.289,100,0.56,11.201,56,35.72,0.00,0,7.6,0.115
794,4780.089,AllocLarge,2B,0.332,0.0,0.000,0.00,14.770,14.770,2,7.778,0.071,0,99.69,0.000,0,24.07,0.289,100,0.56,14.401,49,50.00,0.00,0,5.4,0.100
795,4784.544,AllocLarge,2B,0.375,16.7,0.000,0.00,15.570,11.570,2,7.778,0.071,0,0.31,0.000,0,24.07,0.289,100,0.56,11.201,56,35.72,0.00,0,7.6,0.059
796,4791.178,AllocLarge,2B,0.538,12.5,0.000,0.00,15.571,14.771,2,7.778,0.072,0,99.69,0.000,0,24.07,0.289,100,0.56,14.401,47,50.00,0.00,0,8.2,0.159
797,4796.504,AllocLarge,2B,0.347,16.7,0.000,0.00,15.571,11.570,2,7.778,0.072,0,0.31,0.000,0,24.07,0.289,100,0.56,11.201,56,35.72,0.00,0,6.6,0.097
798,4802.568,AllocLarge,2B,0.323,16.7,0.103,18.02,14.771,14.771,2,7.778,0.072,0,99.69,0.000,0,24.07,0.289,100,0.56,14.401,49,50.00,0.00,0,5.7,0.087
799,4807.030,AllocLarge,2B,0.310,20.0,0.000,0.00,15.571,11.571,2,7.778,0.072,0,0.31,0.000,0,24.07,0.289,100,0.56,11.201,56,35.72,0.00,0,6.4,0.101
800,4812.648,AllocLarge,2B,0.289,14.3,0.000,0.00,15.571,14.771,2,7.778,0.072,0,99.06,0.000,0,24.07,0.289,100,0.56,14.401,47,50.00,0.00,0,5.6,0.077
801,4817.027,AllocLarge,2B,0.241,0.0,0.000,0.00,15.571,11.571,2,7.778,0.072,0,0.31,0.000,0,24.07,0.289,100,0.56,11.201,56,35.72,0.00,0,5.1,0.050
802,4822.516,AllocLarge,2B,0.257,0.0,0.000,0.00,15.572,14.772,2,7.778,0.073,0,99.07,0.000,0,24.07,0.289,100,0.56,14.401,47,50.00,0.00,0,5.0,0.095
803,4826.646,AllocLarge,2B,0.242,20.0,0.000,0.00,15.572,11.571,2,7.778,0.073,0,0.31,0.000,0,24.07,0.289,100,0.56,11.201,56,35.72,0.00,0,5.4,0.047
804,4832.225,AllocLarge,2B,0.280,0.0,0.000,0.00,15.572,14.772,2,7.778,0.073,0,99.07,0.000,0,24.07,0.289,100,0.56,14.401,47,50.00,0.00,0,5.3,0.085
805,4837.191,AllocLarge,2B,0.394,28.6,0.000,0.00,15.572,11.572,2,7.778,0.073,0,0.31,0.000,0,24.07,0.289,100,0.56,11.201,56,35.72,0.00,0,7.0,0.123
806,4843.311,AllocLarge,2B,0.377,0.0,0.000,0.00,15.572,14.772,2,7.778,0.074,0,99.70,0.000,0,24.07,0.289,100,0.56,14.401,47,50.00,0.00,0,6.6,0.129
807,4848.115,AllocLarge,2B,0.309,16.7,0.000,0.00,15.572,11.572,2,7.778,0.074,0,0.30,0.000,0,24.07,0.289,100,0.56,11.201,56,35.72,0.00,0,6.0,0.074
808,4854.188,AllocLarge,2B,0.295,16.7,0.000,0.00,15.573,14.773,2,7.778,0.074,0,99.08,0.000,0,24.07,0.289,100,0.56,14.401,47,50.00,0.00,0,5.4,0.122
809,4858.383,AllocLarge,2B,0.284,0.0,0.102,22.45,15.573,11.572,2,7.778,0.074,0,0.30,0.000,0,24.07,0.289,100,0.56,11.201,56,35.72,0.00,0,6.2,0.093
810,4864.074,AllocLarge,2B,0.288,16.7,0.000,0.00,14.773,14.773,2,7.778,0.074,0,99.70,0.000,0,24.07,0.289,100,0.56,14.401,49,50.00,0.00,0,5.4,0.089
811,4868.399,AllocLarge,2B,0.221,0.0,0.000,0.00,15.573,11.573,2,7.778,0.074,0,0.30,0.000,0,24.07,0.289,100,0.56,11.201,56,35.72,0.00,0,4.8,0.076
812,4874.062,AllocLarge,2B,0.318,14.3,0.000,0.00,14.773,14.773,2,7.778,0.075,0,99.70,0.000,0,24.07,0.289,100,0.56,14.401,49,50.00,0.00,0,5.7,0.114
813,4878.392,AllocLarge,2B,0.296,20.0,0.000,0.00,15.573,11.573,2,7.778,0.075,0,0.30,0.000,0,24.07,0.289,100,0.56,11.201,56,35.72,0.00,0,6.4,0.074
814,4884.081,AllocLarge,2B,0.309,16.7,0.000,0.00,15.574,14.774,2,7.778,0.075,0,99.70,0.000,0,24.07,0.289,100,0.56,14.401,47,50.00,0.00,0,5.8,0.092
815,4888.267,AllocLarge,2B,0.396,16.7,0.000,0.00,15.574,11.573,2,7.778,0.075,0,0.30,0.000,0,24.07,0.289,100,0.56,11.201,56,35.72,0.00,0,8.5,0.124
816,4894.234,AllocLarge,2B,0.291,0.0,0.000,0.00,14.774,14.774,2,7.778,0.075,0,99.10,0.000,0,24.07,0.289,100,0.56,14.401,49,50.00,0.00,0,5.3,0.080
817,4898.467,AllocLarge,2B,0.240,0.0,0.000,0.00,15.574,11.574,2,7.778,0.075,0,0.30,0.000,0,24.07,0.289,100,0.56,11.201,56,35.72,0.00,0,5.4,0.080
818,4903.898,AllocLarge,2B,0.292,16.7,0.000,0.00,14.774,14.774,2,7.778,0.076,0,99.10,0.000,0,24.07,0.289,100,0.56,14.401,49,50.00,0.00,0,5.6,0.085
819,4908.054,AllocLarge,2B,0.257,16.7,0.000,0.00,15.574,11.574,2,7.778,0.076,0,0.30,0.000,0,24.07,0.289,100,0.56,11.201,56,35.72,0.00,0,5.8,0.081
820,4913.744,AllocLarge,2B,0.254,0.0,0.000,0.00,14.775,14.775,2,7.778,0.076,0,99.70,0.000,0,24.07,0.289,100,0.56,14.401,49,50.00,0.00,0,4.8,0.088
821,4917.890,AllocLarge,2B,0.222,16.7,0.110,25.31,15.575,11.574,2,7.778,0.076,0,0.30,0.000,0,24.07,0.289,100,0.56,11.201,56,35.72,0.00,0,5.1,0.078
822,4923.264,AllocLarge,2B,0.271,0.0,0.000,0.00,14.775,14.775,2,7.778,0.076,0,99.71,0.000,0,24.07,0.289,100,0.56,14.401,49,50.00,0.00,0,5.3,0.098
823,4927.683,AllocLarge,2B,0.315,0.0,0.000,0.00,15.575,11.575,2,7.778,0.076,0,0.29,0.000,0,24.07,0.289,100,0.56,11.201,56,35.72,0.00,0,6.4,0.050
824,4933.674,AllocLarge,2B,0.308,14.3,0.000,0.00,15.575,14.775,2,7.778,0.077,0,99.71,0.000,0,24.07,0.289,100,0.56,14.401,47,50.00,0.00,0,5.4,0.082
825,4937.911,AllocLarge,2B,0.251,0.0,0.000,0.00,15.575,11.575,2,7.778,0.077,0,0.29,0.000,0,24.07,0.289,100,0.56,11.201,56,35.72,0.00,0,5.9,0.076
826,4944.047,AllocLarge,2B,0.383,12.5,0.000,0.00,14.776,14.776,2,7.778,0.077,0,99.71,0.000,0,24.07,0.289,100,0.56,14.401,49,50.00,0.00,0,6.0,0.103
827,4948.455,AllocLarge,2B,0.201,0.0,0.000,0.00,15.576,11.575,2,7.778,0.077,0,0.29,0.000,0,24.07,0.289,100,0.56,11.201,56,35.72,0.00,0,4.9,0.074
828,4953.848,AllocLarge,2B,0.244,16.7,0.000,0.00,14.776,14.776,2,7.778,0.077,0,99.12,0.000,0,24.07,0.289,100,0.56,14.401,49,50.00,0.00,0,4.7,0.093
829,4958.072,AllocLarge,2B,0.304,20.0,0.000,0.00,15.576,11.576,2,7.778,0.077,0,0.29,0.000,0,24.07,0.289,100,0.56,11.201,56,35.72,0.00,0,6.5,0.100
830,4963.740,AllocLarge,2B,0.257,0.0,0.000,0.00,15.576,14.776,2,7.778,0.078,0,99.71,0.000,0,24.07,0.289,100,0.56,14.401,47,50.00,0.00,0,5.0,0.087
831,4967.869,AllocLarge,2B,0.211,14.3,0.000,0.00,15.576,11.576,2,7.778,0.078,0,0.29,0.000,0,24.07,0.289,100,0.56,11.201,56,35.72,0.00,0,4.6,0.048
832,4973.611,AllocLarge,2B,0.312,0.0,0.103,18.59,15.577,14.777,2,7.778,0.078,0,99.71,0.000,0,24.07,0.289,100,0.56,14.401,47,50.00,0.00,0,5.7,0.093
833,4977.858,AllocLarge,2B,0.262,20.0,0.000,0.00,15.577,11.576,2,7.778,0.078,0,0.29,0.000,0,24.07,0.289,100,0.56,11.201,56,35.72,0.00,0,5.8,0.077
834,4983.365,AllocLarge,2B,0.272,0.0,0.000,0.00,15.577,14.777,2,7.778,0.078,0,99.71,0.000,0,24.07,0.289,100,0.56,14.401,47,50.00,0.00,0,5.3,0.089
835,4987.686,AllocLarge,2B,0.228,0.0,0.000,0.00,15.577,11.577,2,7.778,0.078,0,0.29,0.000,0,24.07,0.289,100,0.56,11.201,56,35.72,0.00,0,5.1,0.081
836,4993.496,AllocLarge,2B,0.274,0.0,0.000,0.00,14.777,14.777,2,7.778,0.079,0,99.71,0.000,0,24.07,0.289,100,0.56,14.401,49,50.00,0.00,0,4.9,0.080
837,4997.729,AllocLarge,2B,0.281,14.3,0.000,0.00,15.577,11.577,2,7.778,0.079,0,0.29,0.000,0,24.07,0.289,100,0.56,11.201,56,35.72,0.00,0,6.2,0.097
838,5003.336,AllocLarge,2B,0.284,0.0,0.000,0.00,15.578,14.778,2,7.778,0.079,0,99.72,0.000,0,24.07,0.289,100,0.56,14.401,47,50.00,0.00,0,5.4,0.101
839,5007.612,AllocLarge,2B,0.265,0.0,0.000,0.00,15.578,11.577,2,7.778,0.079,0,0.28,0.000,0,24.07,0.289,100,0.56,11.201,56,35.72,0.00,0,5.9,0.079
840,5013.131,AllocLarge,2B,0.266,0.0,0.000,0.00,14.778,14.778,2,7.778,0.079,0,99.72,0.000,0,24.07,0.289,100,0.56,14.401,49,50.00,0.00,0,5.1,0.089
841,5017.282,AllocLarge,2B,0.264,16.7,0.000,0.00,15.578,11.578,2,7.778,0.079,0,0.28,0.000,0,24.07,0.289,100,0.56,11.201,56,35.72,0.00,0,5.8,0.085
842,5023.046,AllocLarge,2B,0.350,16.7,0.000,0.00,14.778,14.778,2,7.778,0.080,0,99.72,0.000,0,24.07,0.289,100,0.56,14.401,49,50.00,0.00,0,6.3,0.118
843,5027.317,AllocLarge,2B,0.244,16.7,0.102,22.87,15.578,11.578,2,7.778,0.080,0,0.28,0.000,0,24.07,0.289,100,0.56,11.201,56,35.72,0.00,0,5.4,0.061
844,5032.840,AllocLarge,2B,0.245,0.0,0.000,0.00,15.579,14.779,2,7.778,0.080,0,99.72,0.000,0,24.07,0.289,100,0.56,14.401,47,50.00,0.00,0,4.8,0.080
845,5037.106,AllocLarge,2B,0.546,16.7,0.000,0.00,15.579,11.578,2,7.778,0.080,0,0.28,0.000,0,24.07,0.289,100,0.56,11.201,56,35.72,0.00,0,9.9,0.156
846,5043.633,AllocLarge,2B,0.292,16.7,0.000,0.00,15.579,14.779,2,7.778,0.080,0,99.72,0.000,0,24.07,0.289,100,0.56,14.401,47,50.00,0.00,0,5.4,0.081
847,5047.864,AllocLarge,2B,0.240,20.0,0.000,0.00,15.579,11.579,2,7.778,0.080,0,0.28,0.000,0,24.07,0.289,100,0.56,11.201,56,35.72,0.00,0,5.2,0.069
848,5053.507,AllocLarge,2B,0.239,0.0,0.000,0.00,15.580,14.779,2,7.778,0.081,0,99.16,0.000,0,24.07,0.289,100,0.56,14.401,47,50.00,0.00,0,4.6,0.077
849,5057.576,AllocLarge,2B,0.214,20.0,0.000,0.00,15.580,11.579,2,7.778,0.081,0,0.28,0.000,0,24.07,0.289,100,0.56,11.201,56,35.72,0.00,0,5.0,0.072
850,5063.029,AllocLarge,2B,0.258,0.0,0.000,0.00,14.780,14.780,2,7.778,0.081,0,99.16,0.000,0,24.07,0.289,100,0.56,14.401,49,50.00,0.00,0,4.9,0.078
851,5067.268,AllocLarge,2B,0.215,25.0,0.000,0.00,15.580,11.580,2,7.778,0.081,0,0.28,0.000,0,24.07,0.289,100,0.56,11.201,56,35.72,0.00,0,4.8,0.074
852,5072.596,AllocLarge,2B,0.254,0.0,0.000,0.00,14.780,14.780,2,7.778,0.081,0,99.16,0.000,0,24.07,0.289,100,0.56,14.401,49,50.00,0.00,0,5.0,0.080
853,5076.791,AllocLarge,2B,0.216,20.0,0.000,0.00,15.580,11.580,2,7.778,0.081,0,0.28,0.000,0,24.07,0.289,100,0.56,11.201,56,35.72,0.00,0,4.9,0.073
854,5082.182,AllocLarge,2B,0.216,0.0,0.000,0.00,14.780,14.780,2,7.778,0.082,0,99.17,0.000,0,24.07,0.289,100,0.56,14.401,49,50.00,0.00,0,4.3,0.075
855,5086.248,AllocLarge,2B,0.318,16.7,0.110,24.17,15.581,11.580,2,7.778,0.082,0,0.27,0.000,0,24.07,0.289,100,0.56,11.201,56,35.72,0.00,0,7.0,0.086
856,5091.848,AllocLarge,2B,0.270,0.0,0.000,0.00,14.781,14.781,2,7.778,0.082,0,99.73,0.000,0,24.07,0.289,100,0.56,14.401,49,50.00,0.00,0,5.2,0.097
857,5095.976,AllocLarge,2B,0.209,20.0,0.000,0.00,15.581,11.581,2,7.778,0.082,0,0.27,0.000,0,24.07,0.289,100,0.56,11.201,56,35.72,0.00,0,4.9,0.074
858,5101.351,AllocLarge,2B,0.233,0.0,0.000,0.00,14.781,14.781,2,7.778,0.082,0,99.17,0.000,0,24.07,0.289,100,0.56,14.401,49,50.00,0.00,0,4.5,0.077
859,5105.407,AllocLarge,2B,0.209,16.7,0.000,0.00,15.581,11.581,2,7.778,0.082,0,0.27,0.000,0,24.07,0.289,100,0.56,11.201,56,35.72,0.00,0,4.9,0.088
860,5110.712,AllocLarge,2B,0.252,0.0,0.000,0.00,14.782,14.782,2,7.778,0.083,0,99.18,0.000,0,24.07,0.289,100,0.56,14.401,49,50.00,0.00,0,4.9,0.077
861,5114.853,AllocLarge,2B,0.210,0.0,0.000,0.00,15.582,11.581,2,7.778,0.083,0,0.27,0.000,0,24.07,0.289,100,0.56,11.201,56,35.72,0.00,0,4.8,0.074
862,5120.204,AllocLarge,2B,0.226,16.7,0.000,0.00,14.782,14.782,2,7.778,0.083,0,99.18,0.000,0,24.07,0.289,100,0.56,14.401,49,50.00,0.00,0,4.4,0.073
863,5124.253,AllocLarge,2B,0.224,0.0,0.000,0.00,15.582,11.582,2,7.778,0.083,0,0.95,0.000,0,24.07,0.289,100,0.56,11.201,56,35.72,0.00,0,5.2,0.078
864,5129.720,AllocLarge,2B,0.247,16.7,0.000,0.00,14.782,14.782,2,7.778,0.083,0,99.18,0.000,0,24.07,0.289,100,0.56,14.401,49,50.00,0.00,0,4.7,0.094
865,5133.775,AllocLarge,2B,0.213,0.0,0.000,0.00,15.582,11.582,2,7.778,0.083,0,0.27,0.000,0,24.07,0.289,100,0.56,11.201,56,35.72,0.00,0,5.0,0.072
866,5139.183,AllocLarge,2B,0.218,0.0,0.103,19.82,14.783,14.783,2,7.778,0.084,0,99.19,0.000,0,24.07,0.289,100,0.56,14.401,49,50.00,0.00,0,4.2,0.083
867,5143.359,AllocLarge,2B,0.253,0.0,0.000,0.00,15.583,11.582,2,7.778,0.084,0,0.27,0.000,0,24.07,0.289,100,0.56,11.201,56,35.72,0.00,0,5.5,0.080
868,5149.139,AllocLarge,2B,0.253,16.7,0.000,0.00,14.783,14.783,2,7.778,0.084,0,99.19,0.000,0,24.07,0.289,100,0.56,14.401,49,50.00,0.00,0,4.6,0.101
869,5153.247,AllocLarge,2B,0.226,0.0,0.000,0.00,15.583,11.583,2,7.778,0.084,0,0.27,0.000,0,24.07,0.289,100,0.56,11.201,56,35.72,0.00,0,5.2,0.077
870,5158.651,AllocLarge,2B,0.262,14.3,0.000,0.00,14.783,14.783,2,7.778,0.084,0,99.19,0.000,0,24.07,0.289,100,0.56,14.401,49,50.00,0.00,0,5.0,0.094
871,5163.176,AllocLarge,2B,0.243,0.0,0.000,0.00,15.583,11.583,2,7.778,0.084,0,0.27,0.000,0,24.07,0.289,100,0.56,11.201,56,35.72,0.00,0,5.1,0.078
872,5168.689,AllocLarge,2B,0.231,16.7,0.000,0.00,14.784,14.784,2,7.778,0.085,0,99.20,0.000,0,24.07,0.289,100,0.56,14.401,49,50.00,0.00,0,4.5,0.073
873,5172.775,AllocLarge,2B,0.229,0.0,0.000,0.00,15.584,11.583,2,7.778,0.085,0,0.26,0.000,0,24.07,0.289,100,0.56,11.201,56,35.72,0.00,0,5.2,0.077
874,5178.321,AllocLarge,2B,0.304,0.0,0.000,0.00,14.784,14.784,2,7.778,0.085,0,99.74,0.000,0,24.07,0.289,100,0.56,14.401,49,50.00,0.00,0,5.7,0.108
875,5182.665,AllocLarge,2B,0.240,20.0,0.000,0.00,15.584,11.584,2,7.778,0.085,0,0.26,0.000,0,24.07,0.289,100,0.56,11.201,56,35.72,0.00,0,5.3,0.091
876,5188.094,AllocLarge,2B,0.210,0.0,0.000,0.00,14.784,14.784,2,7.778,0.085,0,99.20,0.000,0,24.07,0.289,100,0.56,14.401,49,50.00,0.00,0,4.1,0.073
877,5192.146,AllocLarge,2B,0.325,16.7,0.102,22.36,15.584,11.584,2,7.778,0.085,0,0.26,0.000,0,24.07,0.289,100,0.56,11.201,56,35.72,0.00,0,7.1,0.099
878,5197.809,AllocLarge,2B,0.259,16.7,0.000,0.00,14.785,14.785,2,7.778,0.086,0,99.74,0.000,0,24.07,0.289,100,0.56,14.401,49,50.00,0.00,0,5.0,0.103
879,5201.863,AllocLarge,2B,0.222,0.0,0.000,0.00,15.585,11.584,2,7.778,0.086,0,0.92,0.000,0,24.07,0.289,100,0.56,11.201,56,35.72,0.00,0,5.3,0.094
880,5207.207,AllocLarge,2B,0.253,16.7,0.000,0.00,14.785,14.785,2,7.778,0.086,0,99.21,0.000,0,24.07,0.289,100,0.56,14.401,49,50.00,0.00,0,4.9,0.099
881,5211.497,AllocLarge,2B,0.242,16.7,0.000,0.00,15.585,11.585,2,7.778,0.086,0,0.26,0.000,0,24.07,0.289,100,0.56,11.201,56,35.72,0.00,0,5.3,0.078
882,5216.843,AllocLarge,2B,0.203,0.0,0.000,0.00,14.785,14.785,2,7.778,0.086,0,99.21,0.000,0,24.07,0.289,100,0.56,14.401,49,50.00,0.00,0,4.1,0.072
883,5220.867,AllocLarge,2B,0.190,20.0,0.000,0.00,15.585,11.585,2,7.778,0.086,0,0.26,0.000,0,24.07,0.289,100,0.56,11.201,56,35.72,0.00,0,4.4,0.073
884,5226.278,AllocLarge,2B,0.273,0.0,0.000,0.00,14.786,14.786,2,7.778,0.087,0,99.74,0.000,0,24.07,0.289,100,0.56,14.401,49,50.00,0.00,0,5.2,0.089
885,5230.378,AllocLarge,2B,0.247,16.7,0.000,0.00,15.586,11.585,2,7.778,0.087,0,0.26,0.000,0,24.07,0.289,100,0.56,11.201,56,35.72,0.00,0,5.7,0.091
886,5235.784,AllocLarge,2B,0.211,0.0,0.000,0.00,14.786,14.786,2,7.778,0.087,0,99.22,0.000,0,24.07,0.289,100,0.56,14.401,49,50.00,0.00,0,4.2,0.073
887,5239.816,AllocLarge,2B,0.306,40.0,0.000,0.00,15.586,11.586,2,7.778,0.087,0,0.26,0.000,0,24.07,0.289,100,0.56,11.201,56,35.72,0.00,0,6.8,0.076
888,5245.655,AllocLarge,2B,0.280,16.7,0.000,0.00,14.786,14.786,2,7.778,0.087,0,99.22,0.000,0,24.07,0.289,100,0.56,14.401,49,50.00,0.00,0,5.1,0.096
889,5249.871,AllocLarge,2B,0.314,0.0,0.110,24.01,15.586,11.586,2,7.778,0.087,0,0.26,0.000,0,24.07,0.289,100,0.56,11.201,56,35.72,0.00,0,6.8,0.088
890,5255.533,AllocLarge,2B,0.296,0.0,0.000,0.00,14.787,14.787,2,7.778,0.088,0,99.22,0.000,0,24.07,0.289,100,0.56,14.401,49,50.00,0.00,0,5.6,0.104
891,5259.756,AllocLarge,2B,0.267,0.0,0.000,0.00,15.587,11.586,2,7.778,0.088,0,0.26,0.000,0,24.07,0.289,100,0.56,11.201,56,35.72,0.00,0,6.0,0.082
892,5265.242,AllocLarge,2B,0.268,0.0,0.000,0.00,14.787,14.787,2,7.778,0.088,0,99.75,0.000,0,24.07,0.289,100,0.56,14.401,49,50.00,0.00,0,5.2,0.090
893,5269.349,AllocLarge,2B,0.253,16.7,0.000,0.00,15.587,11.587,2,7.778,0.088,0,0.25,0.000,0,24.07,0.289,100,0.56,11.201,56,35.72,0.00,0,5.7,0.080
894,5274.835,AllocLarge,2B,0.271,0.0,0.000,0.00,14.787,14.787,2,7.778,0.088,0,99.23,0.000,0,24.07,0.289,100,0.56,14.401,49,50.00,0.00,0,5.3,0.080
895,5278.962,AllocLarge,2B,0.273,0.0,0.000,0.00,15.587,11.587,2,7.778,0.088,0,0.25,0.000,0,24.07,0.289,100,0.56,11.201,56,35.72,0.00,0,6.2,0.081
896,5284.449,AllocLarge,2B,0.289,16.7,0.000,0.00,14.788,14.788,2,7.778,0.089,0,99.75,0.000,0,24.07,0.289,100,0.56,14.401,49,50.00,0.00,0,5.6,0.113
897,5288.645,AllocLarge,2B,0.317,16.7,0.000,0.00,15.588,11.587,2,7.778,0.089,0,0.25,0.000,0,24.07,0.289,100,0.56,11.201,56,35.72,0.00,0,6.8,0.088
898,5294.574,AllocLarge,2B,0.293,0.0,0.000,0.00,14.788,14.788,2,7.778,0.089,0,99.24,0.000,0,24.07,0.289,100,0.56,14.401,49,50.00,0.00,0,5.4,0.100
899,5298.724,AllocLarge,2B,0.238,16.7,0.000,0.00,15.588,11.588,2,7.778,0.089,0,0.25,0.000,0,24.07,0.289,100,0.56,11.201,56,35.72,0.00,0,5.4,0.078
900,5304.162,AllocLarge,2B,0.263,0.0,0.103,19.81,14.788,14.788,2,7.778,0.089,0,99.24,0.000,0,24.07,0.289,100,0.56,14.401,49,50.00,0.00,0,5.1,0.087
901,5308.330,AllocLarge,2B,0.237,20.0,0.000,0.00,15.588,11.588,2,7.778,0.089,0,0.25,0.000,0,24.07,0.289,100,0.56,11.201,56,35.72,0.00,0,5.2,0.051
902,5313.786,AllocLarge,2B,0.258,0.0,0.000,0.00,15.589,14.789,2,7.778,0.090,0,99.24,0.000,0,24.07,0.289,100,0.56,14.401,47,50.00,0.00,0,5.1,0.079
903,5317.921,AllocLarge,2B,0.252,20.0,0.000,0.00,15.589,11.588,2,7.778,0.090,0,0.25,0.000,0,24.07,0.289,100,0.56,11.201,56,35.72,0.00,0,5.6,0.075
904,5323.437,AllocLarge,2B,0.280,0.0,0.000,0.00,14.789,14.789,2,7.778,0.090,0,99.25,0.000,0,24.07,0.289,100,0.56,14.401,49,50.00,0.00,0,5.3,0.085
905,5327.696,AllocLarge,2B,0.302,0.0,0.000,0.00,15.589,11.589,2,7.778,0.090,0,0.25,0.000,0,24.07,0.289,100,0.56,11.201,56,35.72,0.00,0,6.5,0.087
906,5333.331,AllocLarge,2B,0.294,16.7,0.000,0.00,14.789,14.789,2,7.778,0.090,0,99.75,0.000,0,24.07,0.289,100,0.56,14.401,49,50.00,0.00,0,5.6,0.105
907,5337.571,AllocLarge,2B,0.302,25.0,0.000,0.00,15.589,11.589,2,7.778,0.090,0,0.25,0.000,0,24.07,0.289,100,0.56,11.201,56,35.72,0.00,0,6.7,0.082
908,5343.216,AllocLarge,2B,0.280,16.7,0.000,0.00,14.790,14.790,2,7.778,0.091,0,99.25,0.000,0,24.07,0.289,100,0.56,14.401,49,50.00,0.00,0,5.2,0.081
909,5347.394,AllocLarge,2B,0.258,0.0,0.000,0.00,15.590,11.589,2,7.778,0.091,0,0.25,0.000,0,24.07,0.289,100,0.56,11.201,56,35.72,0.00,0,5.8,0.075
910,5352.855,AllocLarge,2B,0.263,0.0,0.000,0.00,14.790,14.790,2,7.778,0.091,0,99.25,0.000,0,24.07,0.289,100,0.56,14.401,49,50.00,0.00,0,5.1,0.079
911,5357.073,AllocLarge,2B,0.259,0.0,0.102,22.58,15.590,11.590,2,7.778,0.091,0,0.25,0.000,0,24.07,0.289,100,0.56,11.201,56,35.72,0.00,0,5.7,0.083
912,5362.664,AllocLarge,2B,0.288,0.0,0.000,0.00,14.790,14.790,2,7.778,0.091,0,99.75,0.000,0,24.07,0.289,100,0.56,14.401,49,50.00,0.00,0,5.4,0.101
913,5366.835,AllocLarge,2B,0.326,0.0,0.000,0.00,15.590,11.590,2,7.778,0.091,0,0.25,0.000,0,24.07,0.289,100,0.56,11.201,56,35.72,0.00,0,7.2,0.107
914,5372.573,AllocLarge,2B,0.341,14.3,0.000,0.00,14.791,14.791,2,7.778,0.092,0,99.76,0.000,0,24.07,0.289,100,0.56,14.401,49,50.00,0.00,0,6.2,0.090
915,5376.884,AllocLarge,2B,0.280,0.0,0.000,0.00,15.591,11.590,2,7.778,0.092,0,0.24,0.000,0,24.07,0.289,100,0.56,11.201,56,35.72,0.00,0,6.3,0.087
916,5382.460,AllocLarge,2B,0.263,16.7,0.000,0.00,14.791,14.791,2,7.778,0.092,0,99.26,0.000,0,24.07,0.289,100,0.56,14.401,49,50.00,0.00,0,5.0,0.080
917,5386.570,AllocLarge,2B,0.276,0.0,0.000,0.00,15.591,11.591,2,7.778,0.092,0,0.24,0.000,0,24.07,0.289,100,0.56,11.201,56,35.72,0.00,0,6.3,0.098
918,5392.086,AllocLarge,2B,0.291,0.0,0.000,0.00,14.791,14.791,2,7.778,0.092,0,99.26,0.000,0,24.07,0.289,100,0.56,14.401,49,50.00,0.00,0,5.5,0.081
919,5396.576,AllocLarge,2B,0.265,0.0,0.000,0.00,15.591,11.591,2,7.778,0.092,0,0.24,0.000,0,24.07,0.289,100,0.56,11.201,56,35.72,0.00,0,5.7,0.076
920,5402.157,AllocLarge,2B,0.272,16.7,0.000,0.00,14.792,14.792,2,7.778,0.093,0,99.27,0.000,0,24.07,0.289,100,0.56,14.401,49,50.00,0.00,0,5.1,0.099
921,5406.361,AllocLarge,2B,0.324,14.3,0.000,0.00,15.592,11.591,2,7.778,0.093,0,0.24,0.000,0,24.07,0.289,100,0.56,11.201,56,35.72,0.00,0,7.0,0.107
922,5411.996,AllocLarge,2B,0.269,0.0,0.000,0.00,14.792,14.792,2,7.778,0.093,0,99.27,0.000,0,24.07,0.289,100,0.56,14.401,49,50.00,0.00,0,5.2,0.080
923,5416.117,AllocLarge,2B,0.273,20.0,0.110,24.85,15.592,11.592,2,7.778,0.093,0,0.24,0.000,0,24.07,0.289,100,0.56,11.201,56,35.72,0.00,0,6.2,0.100
924,5421.567,AllocLarge,2B,0.271,0.0,0.000,0.00,14.792,14.792,2,7.778,0.093,0,99.27,0.000,0,24.07,0.289,100,0.56,14.401,49,50.00,0.00,0,5.2,0.079
925,5425.742,AllocLarge,2B,0.272,0.0,0.000,0.00,15.592,11.592,2,7.778,0.093,0,0.24,0.000,0,24.07,0.289,100,0.56,11.201,56,35.72,0.00,0,6.1,0.079
926,5431.200,AllocLarge,2B,0.352,20.0,0.000,0.00,14.793,14.793,2,7.778,0.094,0,99.27,0.000,0,24.07,0.289,100,0.56,14.401,49,50.00,0.00,0,6.7,0.083
927,5435.444,AllocLarge,2B,0.252,0.0,0.000,0.00,15.593,11.592,2,7.778,0.094,0,0.24,0.000,0,24.07,0.289,100,0.56,11.201,56,35.72,0.00,0,5.7,0.081
928,5440.888,AllocLarge,2B,0.278,16.7,0.000,0.00,14.793,14.793,2,7.778,0.094,0,99.28,0.000,0,24.07,0.289,100,0.56,14.401,49,50.00,0.00,0,5.4,0.077
929,5445.040,AllocLarge,2B,0.301,0.0,0.000,0.00,15.593,11.593,2,7.778,0.094,0,0.24,0.000,0,24.07,0.289,100,0.56,11.201,56,35.72,0.00,0,6.7,0.070
930,5450.564,AllocLarge,2B,0.259,0.0,0.000,0.00,15.593,14.793,2,7.778,0.094,0,99.28,0.000,0,24.07,0.289,100,0.56,14.401,47,50.00,0.00,0,5.1,0.081
931,5454.736,AllocLarge,2B,0.307,20.0,0.000,0.00,15.593,11.593,2,7.778,0.094,0,0.24,0.000,0,24.07,0.289,100,0.56,11.201,56,35.72,0.00,0,6.8,0.078
932,5460.385,AllocLarge,2B,0.259,0.0,0.000,0.00,14.794,14.794,2,7.778,0.095,0,99.28,0.000,0,24.07,0.289,100,0.56,14.401,49,50.00,0.00,0,4.9,0.080
933,5464.492,AllocLarge,2B,0.247,20.0,0.000,0.00,15.594,11.593,2,7.778,0.095,0,0.24,0.000,0,24.07,0.289,100,0.56,11.201,56,35.72,0.00,0,5.6,0.078
934,5469.896,AllocLarge,2B,0.248,0.0,0.103,20.19,14.794,14.794,2,7.778,0.095,0,99.29,0.000,0,24.07,0.289,100,0.56,14.401,49,50.00,0.00,0,4.9,0.080
935,5474.054,AllocLarge,2B,0.272,16.7,0.000,0.00,15.594,11.594,2,7.778,0.095,0,0.24,0.000,0,24.07,0.289,100,0.56,11.201,56,35.72,0.00,0,6.1,0.076
936,5479.549,AllocLarge,2B,0.308,16.7,0.000,0.00,14.794,14.794,2,7.778,0.095,0,99.29,0.000,0,24.07,0.289,100,0.56,14.401,49,50.00,0.00,0,5.8,0.082
937,5483.736,AllocLarge,2B,0.281,0.0,0.000,0.00,15.594,11.594,2,7.778,0.095,0,0.23,0.000,0,24.07,0.289,100,0.56,11.201,56,35.72,0.00,0,6.2,0.086
938,5489.373,AllocLarge,2B,0.288,16.7,0.000,0.00,14.795,14.795,2,7.778,0.096,0,99.29,0.000,0,24.07,0.289,100,0.56,14.401,49,50.00,0.00,0,5.5,0.100
939,5493.882,AllocLarge,2B,0.301,28.6,0.000,0.00,15.595,11.594,2,7.778,0.096,0,0.23,0.000,0,24.07,0.289,100,0.56,11.201,56,35.72,0.00,0,6.3,0.098
940,5499.496,AllocLarge,2B,0.251,0.0,0.000,0.00,14.795,14.795,2,7.778,0.096,0,99.29,0.000,0,24.07,0.289,100,0.56,14.401,49,50.00,0.00,0,4.8,0.078
941,5503.614,AllocLarge,2B,0.235,20.0,0.000,0.00,15.595,11.595,2,7.778,0.096,0,0.23,0.000,0,24.07,0.289,100,0.56,11.201,56,35.72,0.00,0,5.3,0.059
942,5508.961,AllocLarge,2B,0.302,20.0,0.000,0.00,15.595,14.795,2,7.778,0.096,0,99.30,0.000,0,24.07,0.289,100,0.56,14.401,47,50.00,0.00,0,5.9,0.081
943,5513.164,AllocLarge,2B,0.298,16.7,0.000,0.00,15.595,11.595,2,7.778,0.096,0,0.23,0.000,0,24.07,0.289,100,0.56,11.201,56,35.72,0.00,0,6.6,0.083
944,5518.749,AllocLarge,2B,0.263,0.0,0.000,0.00,14.796,14.796,2,7.778,0.097,0,99.30,0.000,0,24.07,0.289,100,0.56,14.401,49,50.00,0.00,0,5.0,0.080
945,5523.078,AllocLarge,2B,0.346,16.7,0.102,21.69,15.596,11.595,2,7.778,0.097,0,0.23,0.000,0,24.07,0.289,100,0.56,11.201,56,35.72,0.00,0,7.3,0.101
946,5529.129,AllocLarge,2B,0.272,0.0,0.000,0.00,14.796,14.796,2,7.778,0.097,0,99.30,0.000,0,24.07,0.289,100,0.56,14.401,49,50.00,0.00,0,4.8,0.084
947,5533.426,AllocLarge,2B,0.277,16.7,0.000,0.00,15.596,11.596,2,7.778,0.097,0,0.23,0.000,0,24.07,0.289,100,0.56,11.201,56,35.72,0.00,0,6.0,0.096
948,5539.048,AllocLarge,2B,0.260,16.7,0.000,0.00,14.796,14.796,2,7.778,0.097,0,99.30,0.000,0,24.07,0.289,100,0.56,14.401,49,50.00,0.00,0,4.9,0.081
949,5543.287,AllocLarge,2B,0.348,16.7,0.000,0.00,15.596,11.596,2,7.778,0.097,0,0.23,0.000,0,24.07,0.289,100,0.56,11.201,56,35.72,0.00,0,7.6,0.124
950,5548.967,AllocLarge,2B,0.280,20.0,0.000,0.00,14.797,14.797,2,7.778,0.098,0,99.30,0.000,0,24.07,0.289,100,0.56,14.401,49,50.00,0.00,0,5.3,0.082
951,5553.161,AllocLarge,2B,0.265,16.7,0.000,0.00,15.597,11.596,2,7.778,0.098,0,0.23,0.000,0,24.07,0.289,100,0.56,11.201,56,35.72,0.00,0,5.9,0.098
952,5558.778,AllocLarge,2B,0.283,16.7,0.000,0.00,14.797,14.797,2,7.778,0.098,0,99.31,0.000,0,24.07,0.289,100,0.56,14.401,49,50.00,0.00,0,5.3,0.082
953,5562.966,AllocLarge,2B,0.296,20.0,0.000,0.00,15.597,11.597,2,7.778,0.098,0,0.23,0.000,0,24.07,0.289,100,0.56,11.201,56,35.72,0.00,0,6.5,0.075
954,5568.492,AllocLarge,2B,0.257,0.0,0.000,0.00,15.597,14.797,2,7.778,0.098,0,99.31,0.000,0,24.07,0.289,100,0.56,14.401,47,50.00,0.00,0,5.0,0.081
955,5572.665,AllocLarge,2B,0.282,20.0,0.000,0.00,15.597,11.597,2,7.778,0.098,0,0.23,0.000,0,24.07,0.289,100,0.56,11.201,56,35.72,0.00,0,6.2,0.084
956,5578.312,AllocLarge,2B,0.267,0.0,0.000,0.00,14.798,14.798,2,7.778,0.099,0,99.31,0.000,0,24.07,0.289,100,0.56,14.401,49,50.00,0.00,0,5.0,0.083
957,5582.432,AllocLarge,2B,0.231,20.0,0.110,24.71,15.598,11.597,2,7.778,0.099,0,0.23,0.000,0,24.07,0.289,100,0.56,11.201,56,35.72,0.00,0,5.2,0.067
958,5587.871,AllocLarge,2B,0.302,0.0,0.000,0.00,15.598,14.798,2,7.778,0.099,0,99.77,0.000,0,24.07,0.289,100,0.56,14.401,47,50.00,0.00,0,5.9,0.104
959,5592.236,AllocLarge,2B,0.361,20.0,0.000,0.00,15.598,11.598,2,7.778,0.099,0,0.23,0.000,0,24.07,0.289,100,0.56,11.201,56,35.72,0.00,0,7.6,0.106
960,5597.846,AllocLarge,2B,0.255,0.0,0.000,0.00,14.798,14.798,2,7.778,0.099,0,99.32,0.000,0,24.07,0.289,100,0.56,14.401,49,50.00,0.00,0,5.0,0.077
961,5601.966,AllocLarge,2B,0.255,20.0,0.000,0.00,15.598,11.598,2,7.778,0.099,0,0.23,0.000,0,24.07,0.289,100,0.56,11.201,56,35.72,0.00,0,5.8,0.075
962,5607.452,AllocLarge,2B,0.270,0.0,0.000,0.00,14.799,14.799,2,7.778,0.100,0,99.32,0.000,0,24.07,0.289,100,0.56,14.401,49,50.00,0.00,0,5.2,0.075
963,5611.585,AllocLarge,2B,0.270,0.0,0.000,0.00,15.599,11.598,2,7.778,0.100,0,0.22,0.000,0,24.07,0.289,100,0.56,11.201,56,35.72,0.00,0,6.1,0.083
964,5616.991,AllocLarge,2B,0.269,16.7,0.000,0.00,14.799,14.799,2,7.778,0.100,0,99.78,0.000,0,24.07,0.289,100,0.56,14.401,49,50.00,0.00,0,5.3,0.089
965,5621.159,AllocLarge,2B,0.254,20.0,0.000,0.00,15.599,11.599,2,7.778,0.100,0,0.22,0.000,0,24.07,0.289,100,0.56,11.201,56,35.72,0.00,0,5.7,0.096
966,5626.730,AllocLarge,2B,0.291,0.0,0.000,0.00,14.799,14.799,2,7.778,0.100,0,99.32,0.000,0,24.07,0.289,100,0.56,14.401,49,50.00,0.00,0,5.5,0.100
967,5630.946,AllocLarge,2B,0.320,16.7,0.000,0.00,15.599,11.599,2,7.778,0.100,0,0.22,0.000,0,24.07,0.289,100,0.56,11.201,56,35.72,0.00,0,6.9,0.103
968,5636.473,AllocLarge,2B,0.260,0.0,0.103,20.11,14.800,14.800,2,7.778,0.101,0,99.33,0.000,0,24.07,0.289,100,0.56,14.401,49,50.00,0.00,0,5.1,0.086
969,5640.552,AllocLarge,2B,0.249,16.7,0.000,0.00,15.600,11.599,2,7.778,0.101,0,0.22,0.000,0,24.07,0.289,100,0.56,11.201,56,35.72,0.00,0,5.7,0.077
970,5645.954,AllocLarge,2B,0.307,16.7,0.000,0.00,14.800,14.800,2,7.778,0.101,0,99.33,0.000,0,24.07,0.289,100,0.56,14.401,49,50.00,0.00,0,6.0,0.078
971,5650.133,AllocLarge,2B,0.286,0.0,0.000,0.00,15.600,11.600,2,7.778,0.101,0,0.22,0.000,0,24.07,0.289,100,0.56,11.201,56,35.72,0.00,0,6.4,0.096
972,5655.561,AllocLarge,2B,0.265,20.0,0.000,0.00,14.800,14.800,2,7.778,0.102,0,99.33,0.000,0,24.07,0.289,100,0.56,14.401,49,50.00,0.00,0,5.2,0.078
973,5659.650,AllocLarge,2B,0.234,0.0,0.000,0.00,15.600,11.600,2,7.778,0.102,0,0.22,0.000,0,24.07,0.289,100,0.56,11.201,56,35.72,0.00,0,5.4,0.076
974,5665.051,AllocLarge,2B,0.259,16.7,0.000,0.00,14.801,14.801,2,7.778,0.102,0,99.33,0.000,0,24.07,0.289,100,0.56,14.401,49,50.00,0.00,0,5.0,0.079
975,5669.170,AllocLarge,2B,0.274,0.0,0.000,0.00,15.601,11.600,2,7.778,0.102,0,0.22,0.000,0,24.07,0.289,100,0.56,11.201,56,35.72,0.00,0,6.2,0.101
976,5674.608,AllocLarge,2B,0.221,16.7,0.000,0.00,14.801,14.801,2,7.778,0.102,0,99.33,0.000,0,24.07,0.289,100,0.56,14.401,49,50.00,0.00,0,4.3,0.076
977,5678.685,AllocLarge,2B,0.239,0.0,0.000,0.00,15.601,11.601,2,7.778,0.102,0,0.22,0.000,0,24.07,0.289,100,0.56,11.201,56,35.72,0.00,0,5.5,0.077
978,5684.244,AllocLarge,2B,0.259,0.0,0.000,0.00,14.801,14.801,2,7.778,0.103,0,99.34,0.000,0,24.07,0.289,100,0.56,14.401,49,50.00,0.00,0,4.9,0.079
979,5688.401,AllocLarge,2B,0.228,20.0,0.102,23.06,15.601,11.601,2,7.778,0.103,0,0.22,0.000,0,24.07,0.289,100,0.56,11.201,56,35.72,0.00,0,5.1,0.073
980,5693.874,AllocLarge,2B,0.307,16.7,0.000,0.00,14.802,14.802,2,7.778,0.103,0,99.34,0.000,0,24.07,0.289,100,0.56,14.401,49,50.00,0.00,0,5.9,0.099
981,5698.226,AllocLarge,2B,0.322,20.0,0.000,0.00,15.602,11.601,2,7.778,0.103,0,0.22,0.000,0,24.07,0.289,100,0.56,11.201,56,35.72,0.00,0,6.7,0.057
982,5704.058,AllocLarge,2B,0.294,0.0,0.000,0.00,15.602,14.802,2,7.778,0.103,0,99.78,0.000,0,24.07,0.289,100,0.56,14.401,47,50.00,0.00,0,5.5,0.091
983,5708.265,AllocLarge,2B,0.250,20.0,0.000,0.00,15.602,11.602,2,7.778,0.103,0,0.22,0.000,0,24.07,0.289,100,0.56,11.201,56,35.72,0.00,0,5.6,0.080
984,5713.916,AllocLarge,2B,0.292,0.0,0.000,0.00,14.802,14.802,2,7.778,0.104,0,99.78,0.000,0,24.07,0.289,100,0.56,14.401,49,50.00,0.00,0,5.4,0.091
985,5718.076,AllocLarge,2B,0.242,16.7,0.000,0.00,15.602,11.602,2,7.778,0.104,0,0.22,0.000,0,24.07,0.289,100,0.56,11.201,56,35.72,0.00,0,5.3,0.066
986,5723.570,AllocLarge,2B,0.255,16.7,0.000,0.00,15.603,14.803,2,7.778,0.104,0,99.35,0.000,0,24.07,0.289,100,0.56,14.401,47,50.00,0.00,0,5.1,0.078
987,5727.710,AllocLarge,2B,0.359,20.0,0.000,0.00,15.603,11.602,2,7.778,0.104,0,0.22,0.000,0,24.07,0.289,100,0.56,11.201,56,35.72,0.00,0,7.7,0.110
988,5733.501,AllocLarge,2B,0.311,16.7,0.000,0.00,14.803,14.803,2,7.778,0.104,0,99.79,0.000,0,24.07,0.289,100,0.56,14.401,49,50.00,0.00,0,5.8,0.083
989,5737.672,AllocLarge,2B,0.226,0.0,0.000,0.00,15.603,11.603,2,7.778,0.104,0,0.21,0.000,0,24.07,0.289,100,0.56,11.201,56,35.72,0.00,0,5.1,0.067
990,5743.048,AllocLarge,2B,0.237,0.0,0.000,0.00,15.603,14.803,2,7.778,0.105,0,99.35,0.000,0,24.07,0.289,100,0.56,14.401,47,50.00,0.00,0,4.7,0.078
991,5747.146,AllocLarge,2B,0.257,0.0,0.110,24.58,15.603,11.603,2,7.778,0.105,0,0.21,0.000,0,24.07,0.289,100,0.56,11.201,56,35.72,0.00,0,5.7,0.065
992,5752.572,AllocLarge,2B,0.250,20.0,0.000,0.00,15.604,14.804,2,7.778,0.105,0,99.35,0.000,0,24.07,0.289,100,0.56,14.401,47,50.00,0.00,0,5.0,0.072
993,5756.777,AllocLarge,2B,0.345,16.7,0.000,0.00,15.604,11.603,2,7.778,0.105,0,0.21,0.000,0,24.07,0.289,100,0.56,11.201,56,35.72,0.00,0,7.2,0.139
994,5762.561,AllocLarge,2B,0.298,20.0,0.000,0.00,15.604,14.804,2,7.778,0.105,0,99.35,0.000,0,24.07,0.289,100,0.56,14.401,47,50.00,0.00,0,5.7,0.078
995,5766.857,AllocLarge,2B,0.337,14.3,0.000,0.00,15.604,11.604,2,7.778,0.105,0,0.21,0.000,0,24.07,0.289,100,0.56,11.201,56,35.72,0.00,0,7.3,0.101
996,5773.523,AllocLarge,2B,0.394,12.5,0.000,0.00,14.804,14.804,2,7.778,0.106,0,99.79,0.000,0,24.07,0.289,100,0.56,14.401,49,50.00,0.00,0,6.1,0.120
997,5778.046,AllocLarge,2B,0.288,16.7,0.000,0.00,15.604,11.604,2,7.778,0.106,0,0.21,0.000,0,24.07,0.289,100,0.56,11.201,56,35.72,0.00,0,6.3,0.081
998,5783.552,AllocLarge,2B,0.240,0.0,0.000,0.00,14.805,14.805,2,7.778,0.106,0,99.36,0.000,0,24.07,0.289,100,0.56,14.401,49,50.00,0.00,0,4.6,0.077
999,5787.640,AllocLarge,2B,0.263,20.0,0.000,0.00,15.605,11.604,2,7.778,0.106,0,0.21,0.000,0,24.07,0.289,100,0.56,11.201,56,35.72,0.00,0,6.0,0.094
1000,5793.276,AllocLarge,2B,0.314,0.0,0.000,0.00,14.805,14.805,2,7.778,0.106,0,99.79,0.000,0,24.07,0.289,100,0.56,14.401,49,50.00,0.00,0,5.8,0.103
1001,5798.013,AllocLarge,2B,0.321,16.7,0.000,0.00,15.605,11.605,2,7.778,0.106,0,0.21,0.000,0,24.07,0.289,100,0.56,11.201,56,35.72,0.00,0,6.2,0.110
1002,5803.627,AllocLarge,2B,0.271,0.0,0.103,19.90,14.805,14.805,2,7.778,0.107,0,99.36,0.000,0,24.07,0.289,100,0.56,14.401,49,50.00,0.00,0,5.3,0.090
1003,5808.225,AllocLarge,2B,0.333,28.6,0.000,0.00,15.605,11.605,2,7.778,0.107,0,0.74,0.000,0,24.07,0.289,100,0.56,11.201,56,35.72,0.00,0,6.6,0.089
1004,5814.168,AllocLarge,2B,0.302,16.7,0.000,0.00,14.806,14.806,2,7.778,0.107,0,99.36,0.000,0,24.07,0.289,100,0.56,14.401,49,50.00,0.00,0,5.5,0.107
1005,5818.302,AllocLarge,2B,0.270,0.0,0.000,0.00,15.606,11.605,2,7.778,0.107,0,0.21,0.000,0,24.07,0.289,100,0.56,11.201,56,35.72,0.00,0,6.1,0.082
1006,5823.807,AllocLarge,2B,0.275,16.7,0.000,0.00,14.806,14.806,2,7.778,0.107,0,99.37,0.000,0,24.07,0.289,100,0.56,14.401,49,50.00,0.00,0,5.3,0.080
1007,5828.160,AllocLarge,2B,0.297,16.7,0.000,0.00,15.606,11.606,2,7.778,0.107,0,0.21,0.000,0,24.07,0.289,100,0.56,11.201,56,35.72,0.00,0,6.3,0.062
1008,5833.881,AllocLarge,2B,0.320,0.0,0.000,0.00,15.606,14.806,2,7.778,0.108,0,99.79,0.000,0,24.07,0.289,100,0.56,14.401,47,50.00,0.00,0,6.0,0.102
1009,5838.117,AllocLarge,2B,0.267,20.0,0.000,0.00,15.606,11.606,2,7.778,0.108,0,0.21,0.000,0,24.07,0.289,100,0.56,11.201,56,35.72,0.00,0,5.9,0.070
1010,5843.674,AllocLarge,2B,0.259,0.0,0.000,0.00,15.607,14.807,2,7.778,0.108,0,99.37,0.000,0,24.07,0.289,100,0.56,14.401,47,50.00,0.00,0,5.0,0.080
1011,5847.842,AllocLarge,2B,0.290,33.3,0.000,0.00,15.607,11.606,2,7.778,0.108,0,0.21,0.000,0,24.07,0.289,100,0.56,11.201,56,35.72,0.00,0,6.4,0.080
1012,5853.317,AllocLarge,2B,0.298,20.0,0.000,0.00,15.607,14.807,2,7.778,0.108,0,99.37,0.000,0,24.07,0.289,100,0.56,14.401,47,50.00,0.00,0,5.8,0.076
1013,5857.779,AllocLarge,2B,0.327,16.7,0.102,20.54,15.607,11.607,2,7.778,0.108,0,0.21,0.000,0,24.07,0.289,100,0.56,11.201,56,35.72,0.00,0,6.6,0.061
1014,5863.645,AllocLarge,2B,0.265,0.0,0.000,0.00,15.607,14.807,2,7.778,0.109,0,99.79,0.000,0,24.07,0.289,100,0.56,14.401,47,50.00,0.00,0,5.0,0.083
1015,5867.747,AllocLarge,2B,0.264,0.0,0.000,0.00,15.607,11.607,2,7.778,0.109,0,0.21,0.000,0,24.07,0.289,100,0.56,11.201,56,35.72,0.00,0,5.7,0.086
1016,5873.450,AllocLarge,2B,0.266,0.0,0.000,0.00,15.608,14.808,2,7.778,0.109,0,99.38,0.000,0,24.07,0.289,100,0.56,14.401,47,50.00,0.00,0,5.1,0.083
1017,5877.615,AllocLarge,2B,0.271,20.0,0.000,0.00,15.608,11.607,2,7.778,0.109,0,0.21,0.000,0,24.07,0.289,100,0.56,11.201,56,35.72,0.00,0,5.9,0.058
1018,5883.537,AllocLarge,2B,0.259,0.0,0.000,0.00,15.608,14.808,2,7.778,0.109,0,99.38,0.000,0,24.07,0.289,100,0.56,14.401,47,50.00,0.00,0,4.7,0.079
1019,5887.929,AllocLarge,2B,0.328,14.3,0.000,0.00,15.608,11.608,2,7.778,0.109,0,0.21,0.000,0,24.07,0.289,100,0.56,11.201,56,35.72,0.00,0,6.8,0.098
1020,5893.980,AllocLarge,2B,0.299,0.0,0.000,0.00,14.808,14.808,2,7.778,0.110,0,99.38,0.000,0,24.07,0.289,100,0.56,14.401,49,50.00,0.00,0,5.2,0.084
1021,5898.221,AllocLarge,2B,0.331,16.7,0.000,0.00,15.608,11.608,2,7.778,0.110,0,0.20,0.000,0,24.07,0.289,100,0.56,11.201,56,35.72,0.00,0,7.2,0.109
1022,5903.776,AllocLarge,2B,0.276,0.0,0.000,0.00,14.809,14.809,2,7.778,0.110,0,99.80,0.000,0,24.07,0.289,100,0.56,14.401,49,50.00,0.00,0,5.3,0.088
1023,5907.964,AllocLarge,2B,0.255,20.0,0.000,0.00,15.609,11.608,2,7.778,0.110,0,0.20,0.000,0,24.07,0.289,100,0.56,11.201,56,35.72,0.00,0,5.7,0.071
1024,5913.496,AllocLarge,2B,0.306,0.0,0.000,0.00,15.609,14.809,2,7.778,0.110,0,99.38,0.000,0,24.07,0.289,100,0.56,14.401,47,50.00,0.00,0,5.8,0.081
1025,5919.034,AllocLarge,2B,0.341,12.5,0.110,18.83,15.609,11.609,2,7.778,0.110,0,0.72,0.000,0,24.07,0.289,100,0.56,11.201,56,35.72,0.00,0,5.8,0.110
1026,5925.049,AllocLarge,2B,0.277,0.0,0.000,0.00,14.809,14.809,2,7.778,0.111,0,99.39,0.000,0,24.07,0.289,100,0.56,14.401,49,50.00,0.00,0,4.9,0.081
1027,5929.284,AllocLarge,2B,0.271,20.0,0.000,0.00,15.609,11.609,2,7.778,0.111,0,0.20,0.000,0,24.07,0.289,100,0.56,11.201,56,35.72,0.00,0,6.0,0.080
1028,5934.886,AllocLarge,2B,0.260,0.0,0.000,0.00,14.810,14.810,2,7.778,0.111,0,99.39,0.000,0,24.07,0.289,100,0.56,14.401,49,50.00,0.00,0,4.9,0.079
1029,5939.014,AllocLarge,2B,0.235,20.0,0.000,0.00,15.610,11.610,2,7.778,0.111,0,0.20,0.000,0,24.07,0.289,100,0.56,11.201,56,35.72,0.00,0,5.3,0.078
1030,5944.427,AllocLarge,2B,0.256,0.0,0.000,0.00,14.810,14.810,2,7.778,0.111,0,99.39,0.000,0,24.07,0.289,100,0.56,14.401,49,50.00,0.00,0,5.0,0.078
1031,5948.585,AllocLarge,2B,0.329,16.7,0.000,0.00,15.610,11.610,2,7.778,0.111,0,0.20,0.000,0,24.07,0.289,100,0.56,11.201,56,35.72,0.00,0,7.2,0.101
1032,5954.388,AllocLarge,2B,0.240,0.0,0.000,0.00,14.810,14.810,2,7.778,0.112,0,99.39,0.000,0,24.07,0.289,100,0.56,14.401,49,50.00,0.00,0,4.5,0.076
1033,5958.589,AllocLarge,2B,0.278,16.7,0.000,0.00,15.610,11.610,2,7.778,0.112,0,0.20,0.000,0,24.07,0.289,100,0.56,11.201,56,35.72,0.00,0,6.0,0.097
1034,5964.364,AllocLarge,2B,0.287,0.0,0.000,0.00,14.811,14.811,2,7.778,0.112,0,99.39,0.000,0,24.07,0.289,100,0.56,14.401,49,50.00,0.00,0,5.3,0.094
1035,5968.918,AllocLarge,2B,0.297,16.7,0.000,0.00,15.611,11.611,2,7.778,0.112,0,0.20,0.000,0,24.07,0.289,100,0.56,11.201,56,35.72,0.00,0,6.1,0.084
1036,5974.636,AllocLarge,2B,0.249,0.0,0.103,19.32,14.811,14.811,2,7.778,0.112,0,99.39,0.000,0,24.07,0.289,100,0.56,14.401,49,50.00,0.00,0,4.7,0.079
1037,5979.108,AllocLarge,2B,0.328,14.3,0.000,0.00,15.611,11.611,2,7.778,0.112,0,0.20,0.000,0,24.07,0.289,100,0.56,11.201,56,35.72,0.00,0,6.8,0.083
1038,5984.765,AllocLarge,2B,0.267,16.7,0.000,0.00,14.811,14.811,2,7.778,0.113,0,99.40,0.000,0,24.07,0.289,100,0.56,14.401,49,50.00,0.00,0,5.0,0.097
1039,5988.912,AllocLarge,2B,0.331,20.0,0.000,0.00,15.611,11.611,2,7.778,0.113,0,0.20,0.000,0,24.07,0.289,100,0.56,11.201,56,35.72,0.00,0,7.4,0.104
1040,5994.486,AllocLarge,2B,0.290,0.0,0.000,0.00,14.812,14.812,2,7.778,0.113,0,99.40,0.000,0,24.07,0.289,100,0.56,14.401,49,50.00,0.00,0,5.5,0.109
1041,5998.652,AllocLarge,2B,0.261,20.0,0.000,0.00,15.612,11.612,2,7.778,0.113,0,0.20,0.000,0,24.07,0.289,100,0.56,11.201,56,35.72,0.00,0,5.9,0.085
1042,6004.083,AllocLarge,2B,0.264,0.0,0.000,0.00,14.812,14.812,2,7.778,0.113,0,99.40,0.000,0,24.07,0.289,100,0.56,14.401,49,50.00,0.00,0,5.1,0.088
1043,6008.378,AllocLarge,2B,0.256,16.7,0.000,0.00,15.612,11.612,2,7.778,0.113,0,0.20,0.000,0,24.07,0.289,100,0.56,11.201,56,35.72,0.00,0,5.6,0.078
1044,6014.128,AllocLarge,2B,0.342,16.7,0.000,0.00,14.812,14.812,2,7.778,0.114,0,99.40,0.000,0,24.07,0.289,100,0.56,14.401,49,50.00,0.00,0,6.1,0.088
1045,6018.628,AllocLarge,2B,0.257,16.7,0.000,0.00,15.612,11.612,2,7.778,0.114,0,0.20,0.000,0,24.07,0.289,100,0.56,11.201,56,35.72,0.00,0,5.5,0.081
1046,6024.170,AllocLarge,2B,0.284,16.7,0.000,0.00,14.813,14.813,2,7.778,0.114,0,99.40,0.000,0,24.07,0.289,100,0.56,14.401,49,50.00,0.00,0,5.4,0.110
1047,6028.385,AllocLarge,2B,0.329,16.7,0.102,22.51,15.613,11.613,2,7.778,0.114,0,0.20,0.000,0,24.07,0.289,100,0.56,11.201,56,35.72,0.00,0,7.2,0.117
1048,6034.158,AllocLarge,2B,0.334,33.3,0.000,0.00,14.813,14.813,2,7.778,0.114,0,99.40,0.000,0,24.07,0.289,100,0.56,14.401,49,50.00,0.00,0,6.1,0.079
1049,6038.408,AllocLarge,2B,0.296,0.0,0.000,0.00,15.613,11.613,2,7.778,0.114,0,0.20,0.000,0,24.07,0.289,100,0.56,11.201,56,35.72,0.00,0,6.6,0.104
1050,6043.988,AllocLarge,2B,0.258,0.0,0.000,0.00,14.813,14.813,2,7.778,0.115,0,99.41,0.000,0,24.07,0.289,100,0.56,14.401,49,50.00,0.00,0,4.9,0.081
1051,6048.113,AllocLarge,2B,0.310,20.0,0.000,0.00,15.613,11.613,2,7.778,0.115,0,0.20,0.000,0,24.07,0.289,100,0.56,11.201,56,35.72,0.00,0,6.8,0.084
1052,6053.750,AllocLarge,2B,0.287,0.0,0.000,0.00,15.614,14.814,2,7.778,0.115,0,99.41,0.000,0,24.07,0.289,100,0.56,14.401,47,50.00,0.00,0,5.4,0.083
1053,6058.566,AllocLarge,2B,0.279,14.3,0.000,0.00,15.614,11.614,2,7.778,0.115,0,0.19,0.000,0,24.07,0.289,100,0.56,11.201,56,35.72,0.00,0,5.5,0.082
1054,6065.397,AllocLarge,2B,8.454,0.0,0.000,0.00,14.814,14.814,2,7.778,0.115,0,99.41,0.000,0,24.07,0.289,100,0.56,14.401,49,50.00,0.00,0,57.1,0.107
1055,6077.880,AllocLarge,2B,0.428,20.0,0.000,0.00,15.614,11.614,2,7.778,0.115,0,0.19,0.000,0,24.07,0.289,100,0.56,11.201,56,35.72,0.00,0,9.0,0.064
1056,6084.360,AllocLarge,2B,0.319,0.0,0.000,0.00,15.614,14.814,2,7.778,0.116,0,99.81,0.000,0,24.07,0.289,100,0.56,14.401,47,50.00,0.00,0,5.3,0.104
1057,6088.603,AllocLarge,2B,0.322,20.0,0.000,0.00,15.614,11.614,2,7.778,0.116,0,0.19,0.000,0,24.07,0.289,100,0.56,11.201,56,35.72,0.00,0,7.1,0.096
1058,6094.186,AllocLarge,2B,0.295,20.0,0.000,0.00,14.815,14.815,2,7.778,0.116,0,99.41,0.000,0,24.07,0.289,100,0.56,14.401,49,50.00,0.00,0,5.6,0.081
1059,6098.342,AllocLarge,2B,0.290,40.0,0.110,24.53,15.615,11.615,2,7.778,0.116,0,0.19,0.000,0,24.07,0.289,100,0.56,11.201,56,35.72,0.00,0,6.5,0.080
1060,6103.797,AllocLarge,2B,0.268,0.0,0.000,0.00,14.815,14.815,2,7.778,0.116,0,99.42,0.000,0,24.07,0.289,100,0.56,14.401,49,50.00,0.00,0,5.3,0.083
1061,6108.020,AllocLarge,2B,0.294,20.0,0.000,0.00,15.615,11.615,2,7.778,0.116,0,0.19,0.000,0,24.07,0.289,100,0.56,11.201,56,35.72,0.00,0,6.4,0.081
1062,6113.767,AllocLarge,2B,0.305,16.7,0.000,0.00,14.815,14.815,2,7.778,0.117,0,99.42,0.000,0,24.07,0.289,100,0.56,14.401,49,50.00,0.00,0,5.6,0.080
1063,6117.924,AllocLarge,2B,0.344,16.7,0.000,0.00,15.615,11.615,2,7.778,0.117,0,0.19,0.000,0,24.07,0.289,100,0.56,11.201,56,35.72,0.00,0,7.6,0.086
1064,6123.586,AllocLarge,2B,0.250,0.0,0.000,0.00,14.816,14.816,2,7.778,0.117,0,99.42,0.000,0,24.07,0.289,100,0.56,14.401,49,50.00,0.00,0,4.8,0.076
1065,6127.799,AllocLarge,2B,0.287,16.7,0.000,0.00,15.616,11.616,2,7.778,0.117,0,0.19,0.000,0,24.07,0.289,100,0.56,11.201,56,35.72,0.00,0,6.3,0.099
1066,6133.290,AllocLarge,2B,0.270,0.0,0.000,0.00,14.816,14.816,2,7.778,0.117,0,99.42,0.000,0,24.07,0.289,100,0.56,14.401,49,50.00,0.00,0,5.2,0.102
1067,6137.452,AllocLarge,2B,0.289,0.0,0.000,0.00,15.616,11.616,2,7.778,0.117,0,0.68,0.000,0,24.07,0.289,100,0.56,11.201,56,35.72,0.00,0,6.4,0.083
1068,6143.417,AllocLarge,2B,0.325,0.0,0.000,0.00,14.816,14.816,2,7.778,0.118,0,99.42,0.000,0,24.07,0.289,100,0.56,14.401,49,50.00,0.00,0,5.7,0.096
1069,6147.697,AllocLarge,2B,0.247,0.0,0.000,0.00,15.617,11.616,2,7.778,0.118,0,0.19,0.000,0,24.07,0.289,100,0.56,11.201,56,35.72,0.00,0,5.7,0.079
1070,6153.359,AllocLarge,2B,0.262,16.7,0.103,18.88,14.817,14.817,2,7.778,0.118,0,99.42,0.000,0,24.07,0.289,100,0.56,14.401,49,50.00,0.00,0,4.8,0.080
1071,6157.712,AllocLarge,2B,0.304,0.0,0.000,0.00,15.617,11.617,2,7.778,0.118,0,0.19,0.000,0,24.07,0.289,100,0.56,11.201,56,35.72,0.00,0,6.5,0.084
1072,6163.592,AllocLarge,2B,0.300,14.3,0.000,0.00,14.817,14.817,2,7.778,0.118,0,99.43,0.000,0,24.07,0.289,100,0.56,14.401,49,50.00,0.00,0,5.4,0.081
1073,6167.794,AllocLarge,2B,0.235,0.0,0.000,0.00,15.617,11.617,2,7.778,0.118,0,0.19,0.000,0,24.07,0.289,100,0.56,11.201,56,35.72,0.00,0,5.4,0.077
1074,6173.731,AllocLarge,2B,0.434,14.3,0.000,0.00,14.817,14.817,2,7.778,0.119,0,99.43,0.000,0,24.07,0.289,100,0.56,14.401,49,50.00,0.00,0,7.3,0.099
1075,6178.632,AllocLarge,2B,0.344,20.0,0.000,0.00,15.618,11.617,2,7.778,0.119,0,0.19,0.000,0,24.07,0.289,100,0.56,11.201,56,35.72,0.00,0,6.6,0.108
1076,6185.331,AllocLarge,2B,0.406,0.0,0.000,0.00,14.818,14.818,2,7.778,0.119,0,99.43,0.000,0,24.07,0.289,100,0.56,14.401,49,50.00,0.00,0,6.4,0.086
1077,6189.884,AllocLarge,2B,0.299,16.7,0.000,0.00,15.618,11.618,2,7.778,0.119,0,0.19,0.000,0,24.07,0.289,100,0.56,11.201,56,35.72,0.00,0,6.4,0.085
1078,6195.479,AllocLarge,2B,0.276,20.0,0.000,0.00,14.818,14.818,2,7.778,0.119,0,99.43,0.000,0,24.07,0.289,100,0.56,14.401,49,50.00,0.00,0,5.3,0.078
1079,6199.574,AllocLarge,2B,0.268,20.0,0.000,0.00,15.618,11.626,2,7.778,0.128,0,0.62,0.000,0,24.07,0.289,100,0.56,11.201,56,35.72,0.00,0,6.1,0.087
1080,6205.345,AllocLarge,2B,0.285,0.0,0.000,0.00,14.818,14.818,2,7.778,0.120,0,0.50,0.000,0,24.07,0.289,100,0.56,14.401,49,50.00,0.00,0,5.2,0.099
1081,6209.523,AllocLarge,2B,0.259,0.0,0.102,23.23,15.619,11.619,2,7.778,0.120,0,98.96,0.000,0,24.07,0.289,100,0.56,11.201,56,35.72,0.00,0,5.9,0.078
1082,6214.986,AllocLarge,2B,0.668,14.3,0.000,0.00,14.819,14.819,2,7.778,0.120,0,1.23,0.000,0,24.07,0.289,100,0.56,14.401,49,50.00,0.00,0,11.8,0.140
1083,6220.546,AllocLarge,2B,0.298,14.3,0.000,0.00,15.619,11.619,2,7.778,0.120,0,0.66,0.000,0,24.07,0.289,100,0.56,11.201,56,35.72,0.00,0,5.4,0.088
1084,6227.770,AllocLarge,2B,0.357,0.0,0.000,0.00,14.819,14.827,2,7.778,0.129,0,93.43,0.000,0,24.07,0.289,100,0.56,14.401,49,50.00,0.00,0,5.1,0.047
1085,6233.020,AllocLarge,2B,0.277,16.7,0.000,0.00,15.619,11.619,2,7.778,0.121,0,0.13,0.000,0,24.07,0.289,100,0.56,11.201,56,35.72,0.00,0,5.2,0.079
1086,6239.307,AllocLarge,2B,0.345,14.3,0.000,0.00,14.820,14.820,2,7.778,0.121,0,99.44,0.000,0,24.07,0.289,100,0.56,14.401,49,50.00,0.00,0,5.7,0.109
1087,6244.443,AllocLarge,2B,0.334,14.3,0.000,0.00,15.620,11.620,2,7.778,0.121,0,0.18,0.000,0,24.07,0.289,100,0.56,11.201,56,35.72,0.00,0,6.1,0.102
1088,6251.189,AllocLarge,2B,0.286,14.3,0.000,0.00,14.820,14.820,2,7.778,0.122,0,99.44,0.000,0,24.07,0.289,100,0.56,14.401,49,50.00,0.00,0,4.5,0.081
1089,6256.235,AllocLarge,2B,1.379,0.0,0.000,0.00,15.620,11.620,2,7.778,0.122,0,0.18,0.000,0,24.07,0.289,100,0.56,11.201,56,35.72,0.00,0,21.1,0.092
1090,6264.180,AllocLarge,2B,1.675,0.0,0.000,0.00,14.821,14.821,2,7.778,0.122,0,99.44,0.000,0,24.07,0.289,100,0.56,14.401,49,50.00,0.00,0,21.4,0.082
1091,6270.811,AllocLarge,2B,0.934,22.2,0.000,0.00,15.621,11.621,2,7.778,0.122,0,0.18,0.000,0,24.07,0.289,100,0.56,11.201,56,35.72,0.00,0,13.5,0.336
1092,6277.943,AllocLarge,2B,0.277,14.3,0.000,0.00,15.621,14.821,2,7.778,0.122,0,99.44,0.000,0,24.07,0.289,100,0.56,14.401,47,50.00,0.00,0,5.1,0.080
1093,6282.076,AllocLarge,2B,0.259,20.0,0.110,24.88,15.621,11.621,2,7.778,0.122,0,0.18,0.000,0,24.07,0.289,100,0.56,11.201,56,35.72,0.00,0,5.8,0.076
1094,6287.456,AllocLarge,2B,0.242,0.0,0.000,0.00,14.821,14.821,2,7.778,0.123,0,99.45,0.000,0,24.07,0.289,100,0.56,14.401,49,50.00,0.00,0,4.8,0.074
1095,6291.650,AllocLarge,2B,0.279,16.7,0.000,0.00,15.621,11.621,2,7.778,0.123,0,0.18,0.000,0,24.07,0.289,100,0.56,11.201,56,35.72,0.00,0,6.1,0.104
1096,6297.399,AllocLarge,2B,0.290,16.7,0.000,0.00,14.822,14.822,2,7.778,0.123,0,99.45,0.000,0,24.07,0.289,100,0.56,14.401,49,50.00,0.00,0,5.3,0.098
1097,6301.538,AllocLarge,2B,0.233,0.0,0.000,0.00,15.622,11.622,2,7.778,0.123,0,0.18,0.000,0,24.07,0.289,100,0.56,11.201,56,35.72,0.00,0,5.4,0.076
1098,6306.896,AllocLarge,2B,0.247,33.3,0.000,0.00,14.822,14.822,2,7.778,0.123,0,99.45,0.000,0,24.07,0.289,100,0.56,14.401,49,50.00,0.00,0,4.8,0.076
1099,6311.053,AllocLarge,2B,0.293,0.0,0.000,0.00,15.622,11.622,2,7.778,0.123,0,0.18,0.000,0,24.07,0.289,100,0.56,11.201,56,35.72,0.00,0,6.5,0.080
1100,6316.760,AllocLarge,2B,0.249,16.7,0.000,0.00,14.822,14.822,2,7.778,0.124,0,99.45,0.000,0,24.07,0.289,100,0.56,14.401,49,50.00,0.00,0,4.6,0.079
1101,6320.907,AllocLarge,2B,0.227,0.0,0.000,0.00,15.622,11.622,2,7.778,0.124,0,0.18,0.000,0,24.07,0.289,100,0.56,11.201,56,35.72,0.00,0,5.2,0.077
1102,6326.389,AllocLarge,2B,0.285,0.0,0.000,0.00,14.823,14.823,2,7.778,0.124,0,99.45,0.000,0,24.07,0.289,100,0.56,14.401,49,50.00,0.00,0,5.4,0.082
1103,6330.624,AllocLarge,2B,0.265,20.0,0.000,0.00,15.623,11.623,2,7.778,0.124,0,0.18,0.000,0,24.07,0.289,100,0.56,11.201,56,35.72,0.00,0,5.8,0.053
1104,6336.143,AllocLarge,2B,0.267,0.0,0.103,19.95,15.623,14.823,2,7.778,0.124,0,99.45,0.000,0,24.07,0.289,100,0.56,14.401,47,50.00,0.00,0,5.2,0.095
1105,6340.338,AllocLarge,2B,0.305,28.6,0.000,0.00,15.623,11.623,2,7.778,0.124,0,0.18,0.000,0,24.07,0.289,100,0.56,11.201,56,35.72,0.00,0,6.8,0.112
1106,6345.944,AllocLarge,2B,0.274,33.3,0.000,0.00,14.823,14.823,2,7.778,0.125,0,99.45,0.000,0,24.07,0.289,100,0.56,14.401,49,50.00,0.00,0,5.1,0.079
1107,6350.078,AllocLarge,2B,0.253,0.0,0.000,0.00,15.623,11.623,2,7.778,0.125,0,0.18,0.000,0,24.07,0.289,100,0.56,11.201,56,35.72,0.00,0,5.8,0.075
1108,6355.568,AllocLarge,2B,0.264,14.3,0.000,0.00,14.824,14.824,2,7.778,0.125,0,99.46,0.000,0,24.07,0.289,100,0.56,14.401,49,50.00,0.00,0,5.1,0.097
1109,6359.849,AllocLarge,2B,0.253,20.0,0.000,0.00,15.624,11.624,2,7.778,0.125,0,0.18,0.000,0,24.07,0.289,100,0.56,11.201,56,35.72,0.00,0,5.5,0.079
1110,6365.246,AllocLarge,2B,0.233,0.0,0.000,0.00,14.824,14.824,2,7.778,0.125,0,99.46,0.000,0,24.07,0.289,100,0.56,14.401,49,50.00,0.00,0,4.6,0.075
1111,6369.345,AllocLarge,2B,0.245,20.0,0.000,0.00,15.624,11.624,2,7.778,0.125,0,0.18,0.000,0,24.07,0.289,100,0.56,11.201,56,35.72,0.00,0,5.5,0.051
1112,6374.996,AllocLarge,2B,0.378,0.0,0.000,0.00,15.624,14.824,2,7.778,0.126,0,99.46,0.000,0,24.07,0.289,100,0.56,14.401,47,50.00,0.00,0,6.9,0.107
1113,6379.512,AllocLarge,2B,0.257,20.0,0.000,0.00,15.624,11.624,2,7.778,0.126,0,0.18,0.000,0,24.07,0.289,100,0.56,11.201,56,35.72,0.00,0,5.6,0.080
1114,6384.922,AllocLarge,2B,0.259,0.0,0.000,0.00,14.825,14.825,2,7.778,0.126,0,99.46,0.000,0,24.07,0.289,100,0.56,14.401,49,50.00,0.00,0,5.1,0.076
1115,6389.059,AllocLarge,2B,0.297,25.0,0.000,0.00,15.625,11.625,2,7.778,0.126,0,0.63,0.000,0,24.07,0.289,100,0.56,11.201,56,35.72,0.00,0,6.6,0.082
1116,6395.351,AllocLarge,2B,0.263,0.0,0.102,17.32,14.825,14.825,2,7.778,0.126,0,99.46,0.000,0,24.07,0.289,100,0.56,14.401,49,50.00,0.00,0,4.4,0.080
1117,6399.551,AllocLarge,2B,0.336,33.3,0.000,0.00,15.625,11.625,2,7.778,0.126,0,0.18,0.000,0,24.07,0.289,100,0.56,11.201,56,35.72,0.00,0,7.2,0.104
1118,6405.239,AllocLarge,2B,0.273,0.0,0.000,0.00,14.825,14.825,2,7.778,0.127,0,99.82,0.000,0,24.07,0.289,100,0.56,14.401,49,50.00,0.00,0,5.2,0.089
1119,6409.388,AllocLarge,2B,0.330,0.0,0.000,0.00,15.625,11.625,2,7.778,0.127,0,0.18,0.000,0,24.07,0.289,100,0.56,11.201,56,35.72,0.00,0,7.3,0.104
1120,6414.983,AllocLarge,2B,0.268,0.0,0.000,0.00,14.826,14.826,2,7.778,0.127,0,99.46,0.000,0,24.07,0.289,100,0.56,14.401,49,50.00,0.00,0,5.1,0.093
1121,6419.154,AllocLarge,2B,0.250,0.0,0.000,0.00,15.626,11.626,2,7.778,0.127,0,0.18,0.000,0,24.07,0.289,100,0.56,11.201,56,35.72,0.00,0,5.6,0.077
1122,6426.478,AllocLarge,2B,3.298,0.0,0.000,0.00,14.826,14.826,2,7.778,0.127,0,99.47,0.000,0,24.07,0.289,100,0.56,14.401,49,50.00,0.00,0,32.4,0.106
1123,6434.314,AllocLarge,2B,0.264,0.0,0.000,0.00,15.626,11.626,2,7.778,0.127,0,0.18,0.000,0,24.07,0.289,100,0.56,11.201,56,35.72,0.00,0,5.2,0.084
1124,6439.790,AllocLarge,2B,0.323,0.0,0.000,0.00,14.826,14.826,2,7.778,0.128,0,99.47,0.000,0,24.07,0.289,100,0.56,14.401,49,50.00,0.00,0,6.2,0.144
1125,6444.523,AllocLarge,2B,0.348,12.5,0.000,0.00,18.827,16.427,2,8.578,0.128,0,7.12,0.000,0,24.07,0.289,100,0.56,16.001,49,50.00,0.00,0,4.3,0.111
1126,6453.631,AllocLarge,2B,0.313,14.3,0.109,17.26,17.227,10.826,2,7.778,0.128,0,0.26,0.000,0,24.07,0.289,100,0.56,10.400,49,30.77,0.00,0,4.9,0.102
1127,6458.126,AllocLarge,2B,0.294,25.0,0.000,0.00,14.026,13.226,2,7.778,0.128,0,0.62,0.000,0,24.07,0.289,100,0.56,12.801,52,43.75,0.00,0,7.5,0.103
1128,6463.473,AllocLarge,2B,0.307,14.3,0.000,0.00,14.827,14.827,2,7.778,0.128,0,99.47,0.000,0,24.07,0.289,100,0.56,14.401,49,50.00,0.00,0,5.7,0.097
1129,6468.800,AllocLarge,2B,0.286,0.0,0.000,0.00,15.627,11.627,2,7.778,0.128,0,0.18,0.000,0,24.07,0.289,100,0.56,11.201,56,35.72,0.00,0,5.1,0.080
1130,6474.997,AllocLarge,2B,0.347,0.0,0.000,0.00,14.827,14.827,2,7.778,0.128,0,99.47,0.000,0,24.07,0.289,100,0.56,14.401,49,50.00,0.00,0,5.8,0.085
1131,6481.259,AllocLarge,2B,0.317,11.1,0.000,0.00,17.227,13.227,2,7.778,0.128,0,6.52,0.000,0,24.07,0.289,100,0.56,12.801,49,43.75,0.00,0,3.7,0.095
1132,6487.633,AllocLarge,2B,0.288,20.0,0.000,0.00,14.827,11.627,2,7.778,0.128,0,0.56,0.000,0,24.07,0.289,100,0.56,11.201,52,35.72,0.00,0,6.8,0.084
1133,6494.259,AllocLarge,2B,0.402,14.3,0.000,0.00,14.828,14.828,2,7.778,0.129,0,99.47,0.000,0,24.07,0.289,100,0.56,14.401,49,50.00,0.00,0,6.1,0.104
1134,6499.437,AllocLarge,2B,0.296,16.7,0.000,0.00,15.628,11.627,2,7.778,0.129,0,0.17,0.000,0,24.07,0.289,100,0.56,11.201,56,35.72,0.00,0,5.4,0.073
1135,6505.991,AllocLarge,2B,0.291,0.0,0.000,0.00,15.628,14.828,2,7.778,0.129,0,99.47,0.000,0,24.07,0.289,100,0.56,14.401,47,50.00,0.00,0,4.8,0.082
1136,6510.525,AllocLarge,2B,0.336,33.3,0.000,0.00,15.628,11.628,2,7.778,0.129,0,0.17,0.000,0,24.07,0.289,100,0.56,11.201,56,35.72,0.00,0,6.8,0.103
1137,6517.196,AllocLarge,2B,0.340,0.0,0.103,16.03,14.828,14.828,2,7.778,0.129,0,99.83,0.000,0,24.07,0.289,100,0.56,14.401,49,50.00,0.00,0,5.3,0.114
1138,6522.130,AllocLarge,2B,0.353,16.7,0.000,0.00,15.628,11.636,2,7.778,0.138,0,0.58,0.000,0,24.07,0.289,100,0.56,11.201,56,35.72,0.00,0,6.5,0.093
1139,6529.077,AllocLarge,2B,0.395,11.1,0.000,0.00,15.629,14.829,2,7.778,0.130,0,0.46,0.000,0,24.07,0.289,100,0.56,14.401,47,50.00,0.00,0,6.0,0.107
1140,6533.614,AllocLarge,2B,0.305,20.0,0.000,0.00,15.629,11.629,2,7.778,0.130,0,99.04,0.000,0,24.07,0.289,100,0.56,11.201,56,35.72,0.00,0,6.4,0.093
1141,6539.318,AllocLarge,2B,0.257,0.0,0.000,0.00,14.829,14.829,2,7.778,0.130,0,0.78,0.000,0,24.07,0.289,100,0.56,14.401,49,50.00,0.00,0,4.9,0.073
1142,6543.432,AllocLarge,2B,0.248,20.0,0.000,0.00,15.629,11.629,2,7.778,0.130,0,0.17,0.000,0,24.07,0.289,100,0.56,11.201,56,35.72,0.00,0,5.6,0.080
1143,6549.336,AllocLarge,2B,0.314,0.0,0.000,0.00,14.829,14.829,2,7.778,0.130,0,99.48,0.000,0,24.07,0.289,100,0.56,14.401,49,50.00,0.00,0,5.5,0.085
1144,6554.129,AllocLarge,2B,0.559,14.3,0.000,0.00,15.629,11.629,2,7.778,0.130,0,0.17,0.000,0,24.07,0.289,100,0.56,11.201,56,35.72,0.00,0,9.9,0.079
1145,6561.890,AllocLarge,2B,0.418,25.0,0.000,0.00,15.630,14.830,2,7.778,0.131,0,99.48,0.000,0,24.07,0.289,100,0.56,14.401,47,50.00,0.00,0,5.9,0.103
1146,6566.331,AllocLarge,2B,0.253,16.7,0.000,0.00,15.630,11.629,2,7.778,0.131,0,0.17,0.000,0,24.07,0.289,100,0.56,11.201,56,35.72,0.00,0,5.7,0.080
1147,6571.987,AllocLarge,2B,0.301,0.0,0.000,0.00,14.830,14.830,2,7.778,0.131,0,99.48,0.000,0,24.07,0.289,100,0.56,14.401,49,50.00,0.00,0,5.5,0.087
1148,6576.943,AllocLarge,2B,0.763,0.0,0.000,0.00,15.630,11.630,2,7.778,0.131,0,0.17,0.000,0,24.07,0.289,100,0.56,11.201,56,35.72,0.00,0,13.3,0.110
1149,6584.506,AllocLarge,2B,0.375,12.5,0.103,14.82,14.830,14.830,2,7.778,0.131,0,99.83,0.000,0,24.07,0.289,100,0.56,14.401,49,50.00,0.00,0,5.4,0.078
1150,6590.160,AllocLarge,2B,0.315,14.3,0.000,0.00,15.630,11.630,2,7.778,0.131,0,0.17,0.000,0,24.07,0.289,100,0.56,11.201,56,35.72,0.00,0,5.4,0.089
1151,6595.866,AllocLarge,2B,0.281,16.7,0.000,0.00,14.831,14.831,2,7.778,0.132,0,99.48,0.000,0,24.07,0.289,100,0.56,14.401,49,50.00,0.00,0,5.3,0.079
1152,6599.997,AllocLarge,2B,0.260,0.0,0.000,0.00,15.631,11.630,2,7.778,0.132,0,0.17,0.000,0,24.07,0.289,100,0.56,11.201,56,35.72,0.00,0,5.9,0.082
1153,6605.515,AllocLarge,2B,0.245,0.0,0.000,0.00,14.831,14.831,2,7.778,0.132,0,99.48,0.000,0,24.07,0.289,100,0.56,14.401,49,50.00,0.00,0,4.7,0.078
1154,6613.721,AllocLarge,2B,0.281,0.0,0.000,0.00,15.631,11.631,2,7.778,0.132,0,0.60,0.000,0,24.07,0.289,100,0.56,11.201,56,35.72,0.00,0,3.3,0.077
1155,6619.422,AllocLarge,2B,0.278,0.0,0.000,0.00,14.831,14.831,2,7.778,0.132,0,99.49,0.000,0,24.07,0.289,100,0.56,14.401,49,50.00,0.00,0,5.0,0.078
1156,6624.805,AllocLarge,2B,0.519,16.7,0.000,0.00,15.631,11.631,2,7.778,0.132,0,0.17,0.000,0,24.07,0.289,100,0.56,11.201,56,35.72,0.00,0,8.1,0.089
1157,6633.203,AllocLarge,2B,0.325,11.1,0.000,0.00,14.832,14.832,2,7.778,0.133,0,99.49,0.000,0,24.07,0.289,100,0.56,14.401,49,50.00,0.00,0,4.3,0.077
1158,6638.243,AllocLarge,2B,0.317,14.3,0.000,0.00,15.632,11.631,2,7.778,0.133,0,0.17,0.000,0,24.07,0.289,100,0.56,11.201,56,35.72,0.00,0,6.0,0.089
1159,6645.476,AllocLarge,2B,0.339,14.3,0.000,0.00,14.832,14.832,2,7.778,0.133,0,99.49,0.000,0,24.07,0.289,100,0.56,14.401,49,50.00,0.00,0,4.9,0.107
1160,6650.873,AllocLarge,2B,0.468,28.6,0.110,16.76,16.432,12.432,2,8.578,0.133,0,0.17,0.000,0,24.07,0.289,100,0.56,12.001,58,33.34,0.00,0,7.1,0.163
1161,6662.873,AllocLarge,2B,0.774,10.0,0.000,0.00,18.833,18.833,2,7.778,0.134,0,99.49,0.000,0,24.07,0.289,100,0.56,18.401,39,60.87,0.00,0,6.9,0.089
1162,6667.993,AllocLarge,2B,0.314,20.0,0.000,0.00,19.633,10.833,2,7.778,0.134,0,0.08,0.000,0,24.07,0.289,100,0.56,10.400,59,30.77,0.00,0,5.8,0.076
1163,6675.973,AllocLarge,2B,0.407,0.0,0.000,0.00,16.434,15.633,2,7.778,0.135,0,99.49,0.000,0,24.07,0.289,100,0.56,15.201,44,52.63,0.00,0,5.5,0.090
1164,6681.576,AllocLarge,2B,1.985,0.0,0.000,0.00,16.434,11.633,2,7.778,0.135,0,0.17,0.000,0,24.07,0.289,100,0.56,11.201,56,35.72,0.00,0,26.3,0.107
1165,6689.699,AllocLarge,2B,0.288,0.0,0.000,0.00,14.834,14.834,2,7.778,0.135,0,99.50,0.000,0,24.07,0.289,100,0.56,14.401,49,50.00,0.00,0,4.8,0.082
1166,6694.851,AllocLarge,2B,0.321,16.7,0.000,0.00,15.634,11.634,2,7.778,0.135,0,0.17,0.000,0,24.07,0.289,100,0.56,11.201,56,35.72,0.00,0,5.6,0.087
1167,6701.640,AllocLarge,2B,0.373,12.5,0.000,0.00,15.634,14.834,2,7.778,0.135,0,99.50,0.000,0,24.07,0.289,100,0.56,14.401,47,50.00,0.00,0,5.8,0.124
1168,6707.526,AllocLarge,2B,0.309,0.0,0.000,0.00,15.634,11.634,2,7.778,0.135,0,0.59,0.000,0,24.07,0.289,100,0.56,11.201,56,35.72,0.00,0,5.1,0.082
1169,6713.290,AllocLarge,2B,0.288,0.0,0.000,0.00,14.834,14.834,2,7.778,0.136,0,99.83,0.000,0,24.07,0.289,100,0.56,14.401,49,50.00,0.00,0,5.3,0.086
1170,6717.495,AllocLarge,2B,0.262,16.7,0.000,0.00,15.634,11.634,2,7.778,0.136,0,0.17,0.000,0,24.07,0.289,100,0.56,11.201,56,35.72,0.00,0,5.8,0.066
1171,6723.001,AllocLarge,2B,0.320,0.0,0.102,19.74,15.635,14.835,2,7.778,0.136,0,99.50,0.000,0,24.07,0.289,100,0.56,14.401,47,50.00,0.00,0,6.2,0.100
1172,6727.364,AllocLarge,2B,0.317,20.0,0.000,0.00,15.635,11.635,2,7.778,0.136,0,0.58,0.000,0,24.07,0.289,100,0.56,11.201,56,35.72,0.00,0,6.7,0.108
1173,6733.255,AllocLarge,2B,0.314,0.0,0.000,0.00,14.835,14.835,2,7.778,0.136,0,99.50,0.000,0,24.07,0.289,100,0.56,14.401,49,50.00,0.00,0,5.6,0.103
1174,6737.514,AllocLarge,2B,0.258,16.7,0.000,0.00,15.635,11.635,2,7.778,0.136,0,0.16,0.000,0,24.07,0.289,100,0.56,11.201,56,35.72,0.00,0,5.7,0.055
1175,6743.246,AllocLarge,2B,0.294,0.0,0.000,0.00,15.635,14.835,2,7.778,0.137,0,99.50,0.000,0,24.07,0.289,100,0.56,14.401,47,50.00,0.00,0,5.4,0.102
1176,6747.514,AllocLarge,2B,0.279,20.0,0.000,0.00,15.635,11.635,2,7.778,0.137,0,0.16,0.000,0,24.07,0.289,100,0.56,11.201,56,35.72,0.00,0,6.1,0.085
1177,6753.024,AllocLarge,2B,0.277,0.0,0.000,0.00,14.836,14.836,2,7.778,0.137,0,99.84,0.000,0,24.07,0.289,100,0.56,14.401,49,50.00,0.00,0,5.3,0.081
1178,6757.217,AllocLarge,2B,0.324,40.0,0.000,0.00,15.636,11.636,2,7.778,0.137,0,0.16,0.000,0,24.07,0.289,100,0.56,11.201,56,35.72,0.00,0,7.0,0.098
1179,6763.232,AllocLarge,2B,0.277,0.0,0.000,0.00,15.636,14.836,2,7.778,0.137,0,99.50,0.000,0,24.07,0.289,100,0.56,14.401,47,50.00,0.00,0,4.9,0.093
1180,6768.150,AllocLarge,2B,0.292,16.7,0.000,0.00,15.636,11.636,2,7.778,0.137,0,0.16,0.000,0,24.07,0.289,100,0.56,11.201,56,35.72,0.00,0,5.1,0.099
1181,6774.825,AllocLarge,2B,0.707,0.0,0.000,0.00,15.636,14.836,2,7.778,0.138,0,99.51,0.000,0,24.07,0.289,100,0.56,14.401,47,50.00,0.00,0,11.1,0.085
1182,6780.103,AllocLarge,2B,0.487,20.0,0.110,20.09,15.636,11.636,2,7.778,0.138,0,0.58,0.000,0,24.07,0.289,100,0.56,11.201,56,35.72,0.00,0,8.9,0.129
1183,6787.457,AllocLarge,2B,0.344,0.0,0.000,0.00,14.837,14.837,2,7.778,0.138,0,99.51,0.000,0,24.07,0.289,100,0.56,14.401,49,50.00,0.00,0,5.1,0.109
1184,6792.132,AllocLarge,2B,0.441,0.0,0.000,0.00,15.637,11.636,2,7.778,0.138,0,0.16,0.000,0,24.07,0.289,100,0.56,11.201,56,35.72,0.00,0,8.1,0.120
1185,6799.857,AllocLarge,2B,0.452,14.3,0.000,0.00,14.837,14.837,2,7.778,0.138,0,99.51,0.000,0,24.07,0.289,100,0.56,14.401,49,50.00,0.00,0,6.4,0.143
1186,6805.289,AllocLarge,2B,0.371,14.3,0.000,0.00,15.637,11.637,2,7.778,0.138,0,0.16,0.000,0,24.07,0.289,100,0.56,11.201,56,35.72,0.00,0,6.5,0.114
1187,6813.048,AllocLarge,2B,0.368,12.5,0.000,0.00,14.837,14.837,2,7.778,0.139,0,99.51,0.000,0,24.07,0.289,100,0.56,14.401,49,50.00,0.00,0,4.9,0.109
1188,6817.888,AllocLarge,2B,0.474,25.0,0.000,0.00,15.637,11.637,2,7.778,0.139,0,0.57,0.000,0,24.07,0.289,100,0.56,11.201,56,35.72,0.00,0,8.6,0.156
1189,6828.501,AllocLarge,2B,0.363,9.1,0.000,0.00,14.838,14.838,2,7.778,0.139,0,99.51,0.000,0,24.07,0.289,100,0.56,14.401,49,50.00,0.00,0,3.6,0.092
1190,6834.767,AllocLarge,2B,0.503,12.5,0.000,0.00,15.638,11.638,2,7.778,0.139,0,0.16,0.000,0,24.07,0.289,100,0.56,11.201,56,35.72,0.00,0,7.9,0.166
1191,6842.121,AllocLarge,2B,0.321,0.0,0.000,0.00,14.838,14.838,2,7.778,0.139,0,99.51,0.000,0,24.07,0.289,100,0.56,14.401,49,50.00,0.00,0,4.6,0.061
1192,6847.860,AllocLarge,2B,0.293,0.0,0.000,0.00,15.638,11.638,2,7.778,0.139,0,0.16,0.000,0,24.07,0.289,100,0.56,11.201,56,35.72,0.00,0,5.0,0.085
1193,6854.994,AllocLarge,2B,0.508,0.0,0.103,14.47,14.838,14.838,2,7.778,0.140,0,99.51,0.000,0,24.07,0.289,100,0.56,14.401,49,50.00,0.00,0,7.2,0.106
1194,6860.490,AllocLarge,2B,0.412,14.3,0.000,0.00,15.638,11.638,2,7.778,0.140,0,0.16,0.000,0,24.07,0.289,100,0.56,11.201,56,35.72,0.00,0,7.0,0.111
1195,6867.975,AllocLarge,2B,0.321,14.3,0.000,0.00,14.839,14.839,2,7.778,0.140,0,99.51,0.000,0,24.07,0.289,100,0.56,14.401,49,50.00,0.00,0,4.5,0.105
1196,6872.458,AllocLarge,2B,0.286,0.0,0.000,0.00,15.639,11.639,2,7.778,0.140,0,0.16,0.000,0,24.07,0.289,100,0.56,11.201,56,35.72,0.00,0,6.3,0.084
1197,6879.867,AllocLarge,2B,0.356,11.1,0.000,0.00,14.839,14.839,2,7.778,0.140,0,99.84,0.000,0,24.07,0.289,100,0.56,14.401,49,50.00,0.00,0,4.9,0.122
1198,6885.230,AllocLarge,2B,0.843,33.3,0.000,0.00,15.639,11.639,2,7.778,0.140,0,0.16,0.000,0,24.07,0.289,100,0.56,11.201,56,35.72,0.00,0,13.6,0.115
1199,6892.290,AllocLarge,2B,0.305,0.0,0.000,0.00,14.839,14.839,2,7.778,0.141,0,99.52,0.000,0,24.07,0.289,100,0.56,14.401,49,50.00,0.00,0,4.9,0.083
1200,6898.400,AllocLarge,2B,0.376,16.7,0.000,0.00,15.639,11.639,2,7.778,0.141,0,0.56,0.000,0,24.07,0.289,100,0.56,11.201,56,35.72,0.00,0,5.6,0.051
1201,6905.994,AllocLarge,2B,0.534,14.3,0.000,0.00,14.840,14.848,2,7.778,0.149,0,94.34,0.000,0,24.07,0.289,100,0.56,14.401,49,50.00,0.00,0,7.4,0.274
1202,6911.556,AllocLarge,2B,0.317,16.7,0.000,0.00,15.640,11.640,2,7.778,0.141,0,0.11,0.000,0,24.07,0.289,100,0.56,11.201,56,35.72,0.00,0,5.6,0.082
1203,6918.598,AllocLarge,2B,0.366,0.0,0.000,0.00,14.841,14.841,2,7.778,0.142,0,99.52,0.000,0,24.07,0.289,100,0.56,14.401,49,50.00,0.00,0,5.4,0.135
1204,6924.286,AllocLarge,2B,0.564,14.3,0.000,0.00,15.641,11.640,2,7.778,0.142,0,0.16,0.000,0,24.07,0.289,100,0.56,11.201,56,35.72,0.00,0,8.8,0.105
1205,6931.101,AllocLarge,2B,0.330,0.0,0.111,18.14,14.841,14.841,2,7.778,0.142,0,99.84,0.000,0,24.07,0.289,100,0.56,14.401,49,50.00,0.00,0,5.4,0.098
1206,6936.819,AllocLarge,2B,0.326,0.0,0.000,0.00,15.641,11.641,2,7.778,0.142,0,0.56,0.000,0,24.07,0.289,100,0.56,11.201,56,35.72,0.00,0,5.4,0.127
1207,6944.170,AllocLarge,2B,0.354,25.0,0.000,0.00,14.841,14.841,2,7.778,0.143,0,99.52,0.000,0,24.07,0.289,100,0.56,14.401,49,50.00,0.00,0,5.0,0.052
1208,6949.718,AllocLarge,2B,0.766,25.0,0.000,0.00,15.641,11.641,2,7.778,0.143,0,0.16,0.000,0,24.07,0.289,100,0.56,11.201,56,35.72,0.00,0,11.7,0.108
1209,6961.748,AllocLarge,2B,0.395,7.7,0.000,0.00,14.842,14.842,2,7.778,0.143,0,99.52,0.000,0,24.07,0.289,100,0.56,14.401,49,50.00,0.00,0,3.5,0.156
1210,6967.454,AllocLarge,2B,0.434,16.7,0.000,0.00,15.642,11.642,2,7.778,0.143,0,0.55,0.000,0,24.07,0.289,100,0.56,11.201,56,35.72,0.00,0,7.3,0.111
1211,6975.462,AllocLarge,2B,0.706,11.1,0.000,0.00,14.842,14.842,2,7.778,0.143,0,99.84,0.000,0,24.07,0.289,100,0.56,14.401,49,50.00,0.00,0,8.8,0.129
1212,6981.766,AllocLarge,2B,0.295,14.3,0.000,0.00,15.642,11.642,2,7.778,0.143,0,0.16,0.000,0,24.07,0.289,100,0.56,11.201,56,35.72,0.00,0,4.8,0.076
1213,6988.876,AllocLarge,2B,0.543,0.0,0.000,0.00,15.642,14.842,2,7.778,0.144,0,99.53,0.000,0,24.07,0.289,100,0.56,14.401,47,50.00,0.00,0,7.7,0.112
1214,6994.672,AllocLarge,2B,1.567,22.2,0.000,0.00,15.642,11.642,2,7.778,0.144,0,0.16,0.000,0,24.07,0.289,100,0.56,11.201,56,35.72,0.00,0,21.6,0.162
1215,7002.723,AllocLarge,2B,0.279,16.7,0.000,0.00,14.843,14.843,2,7.778,0.144,0,99.53,0.000,0,24.07,0.289,100,0.56,14.401,49,50.00,0.00,0,4.5,0.090
1216,7007.585,AllocLarge,2B,0.580,16.7,0.103,18.28,15.643,11.643,2,7.778,0.144,0,0.16,0.000,0,24.07,0.289,100,0.56,11.201,56,35.72,0.00,0,10.3,0.073
1217,7015.224,AllocLarge,2B,0.383,12.5,0.000,0.00,14.843,14.843,2,7.778,0.144,0,99.53,0.000,0,24.07,0.289,100,0.56,14.401,49,50.00,0.00,0,5.4,0.085
1218,7020.171,AllocLarge,2B,1.642,0.0,0.000,0.00,15.643,11.643,2,7.778,0.144,0,0.16,0.000,0,24.07,0.289,100,0.56,11.201,56,35.72,0.00,0,24.2,0.106
1219,7029.044,AllocLarge,2B,0.346,11.1,0.000,0.00,16.444,15.652,2,7.778,0.153,0,94.25,0.000,0,24.07,0.289,100,0.56,15.201,44,52.63,0.00,0,4.3,0.117
1220,7035.149,AllocLarge,2B,0.360,14.3,0.000,0.00,16.452,11.652,2,7.778,0.153,0,0.15,0.000,0,24.07,0.289,100,0.56,11.201,56,35.72,0.00,0,6.4,0.110
1221,7042.103,AllocLarge,2B,0.303,16.7,0.000,0.00,14.852,14.852,2,7.778,0.153,0,99.56,0.000,0,24.07,0.289,100,0.56,14.401,49,50.00,0.00,0,4.8,0.101
1222,7047.122,AllocLarge,2B,0.448,14.3,0.000,0.00,15.652,11.652,2,7.778,0.153,0,0.15,0.000,0,24.07,0.289,100,0.56,11.201,56,35.72,0.00,0,8.1,0.124
1223,7053.759,AllocLarge,2B,0.453,25.0,0.000,0.00,14.852,14.852,2,7.778,0.154,0,99.56,0.000,0,24.07,0.289,100,0.56,14.401,49,50.00,0.00,0,7.3,0.202
1224,7058.938,AllocLarge,2B,0.344,0.0,0.000,0.00,15.652,11.652,2,7.778,0.154,0,0.52,0.000,0,24.07,0.289,100,0.56,11.201,56,35.72,0.00,0,6.3,0.112
1225,7066.701,AllocLarge,2B,0.390,0.0,0.000,0.00,14.853,14.853,2,7.778,0.154,0,99.56,0.000,0,24.07,0.289,100,0.56,14.401,49,50.00,0.00,0,5.3,0.089
1226,7073.215,AllocLarge,2B,0.396,14.3,0.000,0.00,15.653,11.653,2,7.778,0.154,0,0.51,0.000,0,24.07,0.289,100,0.56,11.201,56,35.72,0.00,0,5.6,0.118
1227,7081.549,AllocLarge,2B,0.414,12.5,0.109,14.06,14.853,14.853,2,7.778,0.154,0,99.85,0.000,0,24.07,0.289,100,0.56,14.401,49,50.00,0.00,0,5.3,0.118
1228,7091.347,AllocLarge,2B,0.681,16.7,0.000,0.00,15.653,11.653,2,7.778,0.154,0,0.51,0.000,0,24.07,0.289,100,0.56,11.201,56,35.72,0.00,0,6.3,0.219
1229,7100.073,AllocLarge,2B,0.579,11.1,0.000,0.00,14.853,14.853,2,7.778,0.155,0,99.56,0.000,0,24.07,0.289,100,0.56,14.401,49,50.00,0.00,0,7.2,0.110
1230,7106.675,AllocLarge,2B,0.554,22.2,0.000,0.00,15.653,11.653,2,7.778,0.155,0,0.14,0.000,0,24.07,0.289,100,0.56,11.201,56,35.72,0.00,0,8.0,0.171
1231,7114.535,AllocLarge,2B,0.325,0.0,0.000,0.00,14.854,14.854,2,7.778,0.155,0,99.56,0.000,0,24.07,0.289,100,0.56,14.401,49,50.00,0.00,0,4.5,0.087
1232,7119.826,AllocLarge,2B,0.362,12.5,0.000,0.00,15.654,11.654,2,7.778,0.155,0,0.51,0.000,0,24.07,0.289,100,0.56,11.201,56,35.72,0.00,0,6.2,0.113
1233,7127.368,AllocLarge,2B,0.308,14.3,0.000,0.00,14.854,14.854,2,7.778,0.155,0,99.56,0.000,0,24.07,0.289,100,0.56,14.401,49,50.00,0.00,0,4.4,0.089
1234,7133.104,AllocLarge,2B,0.550,0.0,0.000,0.00,15.654,11.654,2,7.778,0.155,0,0.51,0.000,0,24.07,0.289,100,0.56,11.201,56,35.72,0.00,0,9.0,0.084
1235,7139.499,AllocLarge,2B,0.377,11.1,0.000,0.00,15.654,15.663,2,7.778,0.164,0,94.63,0.000,0,24.07,0.289,100,0.56,15.201,47,52.63,0.00,0,5.1,0.132
1236,7145.873,AllocLarge,2B,0.328,0.0,0.000,0.00,16.463,11.662,2,7.778,0.164,0,0.09,0.000,0,24.07,0.289,100,0.56,11.201,56,35.72,0.00,0,6.3,0.109
1237,7153.420,AllocLarge,2B,0.346,0.0,0.000,0.00,14.863,14.863,2,7.778,0.164,0,99.59,0.000,0,24.07,0.289,100,0.56,14.401,49,50.00,0.00,0,4.8,0.106
1238,7159.046,AllocLarge,2B,0.414,16.7,0.110,17.66,15.663,11.663,2,7.778,0.164,0,0.48,0.000,0,24.07,0.289,100,0.56,11.201,56,35.72,0.00,0,6.6,0.160
1239,7166.481,AllocLarge,2B,0.357,12.5,0.000,0.00,14.863,14.863,2,7.778,0.165,0,99.86,0.000,0,24.07,0.289,100,0.56,14.401,49,50.00,0.00,0,5.2,0.087
1240,7171.978,AllocLarge,2B,0.385,28.6,0.000,0.00,15.663,11.663,2,7.778,0.165,0,0.14,0.000,0,24.07,0.289,100,0.56,11.201,56,35.72,0.00,0,6.5,0.091
1241,7178.325,AllocLarge,2B,0.318,0.0,0.000,0.00,14.864,14.864,2,7.778,0.165,0,99.59,0.000,0,24.07,0.289,100,0.56,14.401,49,50.00,0.00,0,5.2,0.086
1242,7183.373,AllocLarge,2B,0.368,14.3,0.000,0.00,15.664,11.664,2,7.778,0.165,0,0.48,0.000,0,24.07,0.289,100,0.56,11.201,56,35.72,0.00,0,7.0,0.115
1243,7190.137,AllocLarge,2B,0.290,0.0,0.000,0.00,14.864,14.864,2,7.778,0.165,0,99.59,0.000,0,24.07,0.289,100,0.56,14.401,49,50.00,0.00,0,4.6,0.087
1244,7195.380,AllocLarge,2B,0.320,0.0,0.000,0.00,15.664,11.664,2,7.778,0.165,0,0.48,0.000,0,24.07,0.289,100,0.56,11.201,56,35.72,0.00,0,5.6,0.090
1245,7203.171,AllocLarge,2B,0.256,11.1,0.000,0.00,14.864,14.864,2,7.778,0.166,0,99.59,0.000,0,24.07,0.289,100,0.56,14.401,49,50.00,0.00,0,3.6,0.050
1246,7208.302,AllocLarge,2B,0.474,25.0,0.000,0.00,15.664,11.664,2,7.778,0.166,0,0.14,0.000,0,24.07,0.289,100,0.56,11.201,56,35.72,0.00,0,8.0,0.160
1247,7216.020,AllocLarge,2B,0.313,0.0,0.000,0.00,14.865,14.865,2,7.778,0.166,0,99.59,0.000,0,24.07,0.289,100,0.56,14.401,49,50.00,0.00,0,4.4,0.087
1248,7221.366,AllocLarge,2B,0.480,14.3,0.000,0.00,15.665,11.665,2,7.778,0.166,0,0.48,0.000,0,24.07,0.289,100,0.56,11.201,56,35.72,0.00,0,8.0,0.089
1249,7229.475,AllocLarge,2B,0.537,0.0,0.103,13.56,14.865,14.865,2,7.778,0.166,0,99.87,0.000,0,24.07,0.289,100,0.56,14.401,49,50.00,0.00,0,7.1,0.164
1250,7235.590,AllocLarge,2B,0.307,16.7,0.000,0.00,15.665,11.665,2,7.778,0.166,0,0.13,0.000,0,24.07,0.289,100,0.56,11.201,56,35.72,0.00,0,5.0,0.084
1251,7245.705,AllocLarge,2B,0.576,0.0,0.000,0.00,14.865,14.865,2,7.778,0.167,0,99.87,0.000,0,24.07,0.289,100,0.56,14.401,49,50.00,0.00,0,5.6,0.131
1252,7252.258,AllocLarge,2B,0.325,12.5,0.000,0.00,15.665,11.665,2,7.778,0.167,0,0.13,0.000,0,24.07,0.289,100,0.56,11.201,56,35.72,0.00,0,4.8,0.081
1253,7260.278,AllocLarge,2B,0.413,0.0,0.000,0.00,15.666,14.866,2,7.778,0.167,0,99.87,0.000,0,24.07,0.289,100,0.56,14.401,47,50.00,0.00,0,5.4,0.144
1254,7266.051,AllocLarge,2B,0.324,14.3,0.000,0.00,15.666,11.666,2,7.778,0.167,0,0.13,0.000,0,24.07,0.289,100,0.56,11.201,56,35.72,0.00,0,5.4,0.089
1255,7273.535,AllocLarge,2B,0.655,0.0,0.000,0.00,14.866,14.866,2,7.778,0.167,0,99.87,0.000,0,24.07,0.289,100,0.56,14.401,49,50.00,0.00,0,8.9,0.118
1256,7279.153,AllocLarge,2B,0.368,16.7,0.000,0.00,15.666,11.666,2,7.778,0.167,0,0.47,0.000,0,24.07,0.289,100,0.56,11.201,56,35.72,0.00,0,6.4,0.115
1257,7287.157,AllocLarge,2B,0.293,0.0,0.000,0.00,14.866,14.866,2,7.778,0.168,0,99.59,0.000,0,24.07,0.289,100,0.56,14.401,49,50.00,0.00,0,3.9,0.080
1258,7292.050,AllocLarge,2B,0.325,33.3,0.000,0.00,15.666,11.666,2,7.778,0.168,0,0.13,0.000,0,24.07,0.289,100,0.56,11.201,56,35.72,0.00,0,6.2,0.082
1259,7299.319,AllocLarge,2B,0.409,0.0,0.000,0.00,14.867,14.867,2,7.778,0.168,0,99.60,0.000,0,24.07,0.289,100,0.56,14.401,49,50.00,0.00,0,5.7,0.088
1260,7303.980,AllocLarge,2B,2.141,42.9,0.000,0.00,15.667,11.667,2,7.778,0.168,0,0.47,0.000,0,24.07,0.289,100,0.56,11.201,56,35.72,0.00,0,31.8,1.882
1261,7312.731,AllocLarge,2B,0.439,0.0,0.102,15.35,14.867,14.867,2,7.778,0.168,0,99.60,0.000,0,24.07,0.289,100,0.56,14.401,49,50.00,0.00,0,6.6,0.099
1262,7318.172,AllocLarge,2B,0.311,16.7,0.000,0.00,15.667,11.667,2,7.778,0.168,0,0.13,0.000,0,24.07,0.289,100,0.56,11.201,56,35.72,0.00,0,5.5,0.087
1263,7324.620,AllocLarge,2B,0.360,14.3,0.000,0.00,14.867,14.867,2,7.778,0.169,0,99.60,0.000,0,24.07,0.289,100,0.56,14.401,49,50.00,0.00,0,5.8,0.083
1264,7330.197,AllocLarge,2B,0.515,16.7,0.000,0.00,15.667,11.667,2,7.778,0.169,0,0.13,0.000,0,24.07,0.289,100,0.56,11.201,56,35.72,0.00,0,8.3,0.059
1265,7337.521,AllocLarge,2B,0.396,14.3,0.000,0.00,15.668,14.868,2,7.778,0.169,0,99.60,0.000,0,24.07,0.289,100,0.56,14.401,47,50.00,0.00,0,5.9,0.133
1266,7342.513,AllocLarge,2B,0.333,20.0,0.000,0.00,15.668,11.668,2,7.778,0.169,0,0.47,0.000,0,24.07,0.289,100,0.56,11.201,56,35.72,0.00,0,6.2,0.123
1267,7350.193,AllocLarge,2B,0.281,0.0,0.000,0.00,14.868,14.868,2,7.778,0.169,0,99.60,0.000,0,24.07,0.289,100,0.56,14.401,49,50.00,0.00,0,3.9,0.081
1268,7355.463,AllocLarge,2B,0.502,14.3,0.000,0.00,15.668,11.668,2,7.778,0.169,0,0.13,0.000,0,24.07,0.289,100,0.56,11.201,56,35.72,0.00,0,8.3,0.123
1269,7363.136,AllocLarge,2B,0.448,14.3,0.000,0.00,14.868,14.868,2,7.778,0.170,0,99.87,0.000,0,24.07,0.289,100,0.56,14.401,49,50.00,0.00,0,6.4,0.145
1270,7372.453,AllocLarge,2B,0.445,10.0,0.000,0.00,15.669,11.668,2,7.778,0.170,0,0.47,0.000,0,24.07,0.289,100,0.56,11.201,56,35.72,0.00,0,4.5,0.089
1271,7380.286,AllocLarge,2B,0.339,0.0,0.000,0.00,14.869,14.869,2,7.778,0.170,0,99.87,0.000,0,24.07,0.289,100,0.56,14.401,49,50.00,0.00,0,4.7,0.089
1272,7386.136,AllocLarge,2B,0.425,20.0,0.110,16.94,15.669,11.669,2,7.778,0.170,0,0.13,0.000,0,24.07,0.289,100,0.56,11.201,56,35.72,0.00,0,6.5,0.152
1273,7393.645,AllocLarge,2B,0.388,14.3,0.000,0.00,15.669,14.869,2,7.778,0.170,0,99.60,0.000,0,24.07,0.289,100,0.56,14.401,47,50.00,0.00,0,5.7,0.149
1274,7399.059,AllocLarge,2B,0.586,12.5,0.000,0.00,15.669,11.669,2,7.778,0.170,0,0.47,0.000,0,24.07,0.289,100,0.56,11.201,56,35.72,0.00,0,9.1,0.114
1275,7407.118,AllocLarge,2B,0.382,25.0,0.000,0.00,14.869,14.869,2,7.778,0.171,0,99.60,0.000,0,24.07,0.289,100,0.56,14.401,49,50.00,0.00,0,5.5,0.084
1276,7412.556,AllocLarge,2B,0.663,14.3,0.000,0.00,15.670,11.669,2,7.778,0.171,0,0.13,0.000,0,24.07,0.289,100,0.56,11.201,56,35.72,0.00,0,10.8,0.132
1277,7419.312,AllocLarge,2B,0.290,0.0,0.000,0.00,14.870,14.870,2,7.778,0.171,0,99.60,0.000,0,24.07,0.289,100,0.56,14.401,49,50.00,0.00,0,4.8,0.087
1278,7424.373,AllocLarge,2B,0.980,16.7,0.000,0.00,15.670,11.670,2,7.778,0.171,0,0.13,0.000,0,24.07,0.289,100,0.56,11.201,56,35.72,0.00,0,15.7,0.108
1279,7432.315,AllocLarge,2B,0.384,25.0,0.000,0.00,15.670,15.678,2,7.778,0.180,0,95.10,0.000,0,24.07,0.289,100,0.56,15.201,47,52.63,0.00,0,4.6,0.095
1280,7438.687,AllocLarge,2B,0.342,14.3,0.000,0.00,16.478,11.678,2,7.778,0.180,0,0.12,0.000,0,24.07,0.289,100,0.56,11.201,56,35.72,0.00,0,6.3,0.072
1281,7446.483,AllocLarge,2B,0.363,22.2,0.000,0.00,14.879,14.879,2,7.778,0.180,0,99.88,0.000,0,24.07,0.289,100,0.56,14.401,49,50.00,0.00,0,5.0,0.098
1282,7451.599,AllocLarge,2B,0.321,14.3,0.000,0.00,15.679,11.678,2,7.778,0.180,0,0.12,0.000,0,24.07,0.289,100,0.56,11.201,56,35.72,0.00,0,5.9,0.086
1283,7458.979,AllocLarge,2B,0.485,12.5,0.110,15.21,14.879,14.879,2,7.778,0.180,0,99.88,0.000,0,24.07,0.289,100,0.56,14.401,49,50.00,0.00,0,6.7,0.109
1284,7464.039,AllocLarge,2B,0.465,0.0,0.000,0.00,15.679,11.679,2,7.778,0.180,0,0.44,0.000,0,24.07,0.289,100,0.56,11.201,56,35.72,0.00,0,8.7,0.169
1285,7471.791,AllocLarge,2B,0.667,10.0,0.000,0.00,14.879,14.879,2,7.778,0.181,0,99.88,0.000,0,24.07,0.289,100,0.56,14.401,49,50.00,0.00,0,8.4,0.189
1286,7479.934,AllocLarge,2B,0.638,11.1,0.000,0.00,15.679,11.679,2,7.778,0.181,0,0.44,0.000,0,24.07,0.289,100,0.56,11.201,56,35.72,0.00,0,7.6,0.136
1287,7491.999,AllocLarge,2B,0.708,0.0,0.000,0.00,14.880,14.880,2,7.778,0.181,0,99.88,0.000,0,24.07,0.289,100,0.56,14.401,49,50.00,0.00,0,6.0,0.155
1288,7499.164,AllocLarge,2B,0.458,14.3,0.000,0.00,15.680,11.679,2,7.778,0.181,0,0.12,0.000,0,24.07,0.289,100,0.56,11.201,56,35.72,0.00,0,6.4,0.118
1289,7507.737,AllocLarge,2B,0.413,0.0,0.000,0.00,14.880,14.880,2,7.778,0.181,0,99.88,0.000,0,24.07,0.289,100,0.56,14.401,49,50.00,0.00,0,5.1,0.131
1290,7513.418,AllocLarge,2B,0.489,14.3,0.000,0.00,15.680,11.680,2,7.778,0.181,0,0.44,0.000,0,24.07,0.289,100,0.56,11.201,56,35.72,0.00,0,7.7,0.141
1291,7521.969,AllocLarge,2B,0.587,0.0,0.000,0.00,14.880,14.880,2,7.778,0.182,0,99.63,0.000,0,24.07,0.289,100,0.56,14.401,49,50.00,0.00,0,7.3,0.103
1292,7527.603,AllocLarge,2B,0.333,14.3,0.000,0.00,15.680,11.680,2,7.778,0.182,0,0.44,0.000,0,24.07,0.289,100,0.56,11.201,56,35.72,0.00,0,5.8,0.121
1293,7535.555,AllocLarge,2B,0.317,0.0,0.000,0.00,14.881,14.881,2,7.778,0.182,0,99.63,0.000,0,24.07,0.289,100,0.56,14.401,49,50.00,0.00,0,4.2,0.089
1294,7541.458,AllocLarge,2B,0.352,14.3,0.000,0.00,15.681,11.680,2,7.778,0.182,0,0.44,0.000,0,24.07,0.289,100,0.56,11.201,56,35.72,0.00,0,5.5,0.105
1295,7543.528,AllocSmall,0N,0.141,50.0,0.000,0.01,11.680,11.499,2,0.000,0.001,0,81.43,0.001,NaN,22.22,0.289,NaN,0.56,11.201,NaN,28.57,0.00,1,11.5,0.003
1296,7549.510,AllocLarge,2B,0.344,0.0,0.000,0.00,14.700,14.700,2,7.778,0.001,0,41.18,0.001,0,36.11,0.289,100,0.56,14.401,49,50.00,0.00,0,5.3,0.109
1297,7555.190,AllocLarge,2B,0.612,11.1,0.000,0.00,15.501,11.500,2,7.778,0.002,0,0.00,0.001,0,36.11,0.289,100,0.56,11.201,56,35.72,0.00,0,9.2,0.112
1298,7563.377,AllocLarge,2B,0.372,11.1,0.000,0.00,14.701,14.701,2,7.778,0.002,0,62.26,0.001,0,36.11,0.289,100,0.56,14.401,49,50.00,0.00,0,5.1,0.094
1299,7569.301,AllocLarge,2B,0.622,22.2,0.000,0.00,15.501,11.500,2,7.778,0.002,0,0.00,0.001,0,36.11,0.289,100,0.56,11.201,56,35.72,0.00,0,9.3,0.134
1300,7577.931,AllocLarge,2B,0.485,14.3,0.000,0.00,14.701,14.701,2,7.778,0.002,0,68.50,0.001,0,36.11,0.289,100,0.56,14.401,49,50.00,0.00,0,6.1,0.154
1301,7584.081,AllocLarge,2B,0.631,22.2,0.000,0.00,15.501,11.501,2,7.778,0.002,0,34.65,0.001,0,36.11,0.289,100,0.56,11.201,56,35.72,0.00,0,8.5,0.184
1302,7597.028,AllocLarge,2B,0.543,15.4,0.000,0.00,14.701,14.701,2,7.778,0.002,0,92.23,0.001,0,36.11,0.289,100,0.56,14.401,49,50.00,0.00,0,4.6,0.154
1303,7603.314,AllocLarge,2B,0.758,12.5,0.000,0.00,15.501,11.501,2,7.778,0.002,0,0.00,0.001,0,36.11,0.289,100,0.56,11.201,56,35.72,0.00,0,10.9,0.129
1304,7611.779,AllocLarge,2B,0.645,14.3,0.000,0.00,14.702,14.702,2,7.778,0.003,0,76.33,0.001,0,36.11,0.289,100,0.56,14.401,49,50.00,0.00,0,8.1,0.119
1305,7617.461,AllocLarge,2B,0.645,14.3,0.000,0.00,15.502,11.501,2,7.778,0.003,0,26.04,0.001,0,36.11,0.289,100,0.56,11.201,56,35.72,0.00,0,10.8,0.193
1306,7626.133,AllocLarge,2B,0.338,11.1,0.000,0.00,14.702,14.702,2,7.778,0.003,0,93.95,0.001,0,36.11,0.289,100,0.56,14.401,49,50.00,0.00,0,4.3,0.105
1307,7631.435,AllocLarge,2B,0.516,25.0,0.000,0.00,15.502,11.502,2,7.778,0.003,0,23.16,0.001,0,36.11,0.289,100,0.56,11.201,56,35.72,0.00,0,8.6,0.194
1308,7640.043,AllocLarge,2B,0.422,0.0,0.000,0.00,14.702,14.702,2,7.778,0.003,0,81.04,0.001,0,36.11,0.289,100,0.56,14.401,49,50.00,0.00,0,5.2,0.136
1309,7646.338,AllocLarge,2B,0.718,11.1,0.000,0.00,15.502,11.502,2,7.778,0.003,0,0.00,0.001,0,36.11,0.289,100,0.56,11.201,56,35.72,0.00,0,10.1,0.118
1310,7655.182,AllocLarge,2B,0.365,0.0,0.000,0.00,15.503,14.703,2,7.778,0.004,0,95.04,0.001,0,36.11,0.289,100,0.56,14.401,47,50.00,0.00,0,4.6,0.123
1311,7660.600,AllocLarge,2B,0.433,14.3,0.000,0.00,15.503,11.502,2,7.778,0.004,0,0.00,0.001,0,36.11,0.289,100,0.56,11.201,56,35.72,0.00,0,7.3,0.128
1312,7668.289,AllocLarge,2B,0.657,22.2,0.110,14.76,14.703,14.703,2,7.778,0.004,0,95.45,0.001,0,36.11,0.289,100,0.56,14.401,49,50.00,0.00,0,8.8,0.234
1313,7675.057,AllocLarge,2B,0.744,33.3,0.000,0.00,15.503,11.503,2,7.778,0.004,0,0.00,0.001,0,36.11,0.289,100,0.56,11.201,56,35.72,0.00,0,9.4,0.120
1314,7684.029,AllocLarge,2B,0.605,11.1,0.000,0.00,15.503,14.703,2,7.778,0.004,0,95.80,0.001,0,36.11,0.289,100,0.56,14.401,47,50.00,0.00,0,7.6,0.190
1315,7693.825,AllocLarge,2B,0.525,7.7,0.000,0.00,15.503,11.503,2,7.778,0.004,0,16.06,0.001,0,36.11,0.289,100,0.56,11.201,56,35.72,0.00,0,5.2,0.124
1316,7703.293,AllocLarge,2B,0.468,0.0,0.000,0.00,14.704,14.704,2,7.778,0.005,0,96.10,0.001,0,36.11,0.289,100,0.56,14.401,49,50.00,0.00,0,5.3,0.231
1317,7709.363,AllocLarge,2B,0.403,14.3,0.000,0.00,15.504,11.503,2,7.778,0.005,0,0.00,0.001,0,36.11,0.289,100,0.56,11.201,56,35.72,0.00,0,6.3,0.085
1318,7717.583,AllocLarge,2B,0.498,10.0,0.000,0.00,15.504,14.704,2,7.778,0.005,0,96.36,0.001,0,36.11,0.289,100,0.56,14.401,47,50.00,0.00,0,6.3,0.110
1319,7724.061,AllocLarge,2B,0.314,14.3,0.000,0.00,15.504,11.504,2,7.778,0.005,0,13.92,0.001,0,36.11,0.289,100,0.56,11.201,56,35.72,0.00,0,4.9,0.103
1320,7732.086,AllocLarge,2B,0.470,12.5,0.000,0.00,14.704,14.704,2,7.778,0.005,0,96.59,0.001,0,36.11,0.289,100,0.56,14.401,49,50.00,0.00,0,5.7,0.166
1321,7738.706,AllocLarge,2B,0.873,22.2,0.000,0.00,15.504,11.504,2,7.778,0.005,0,0.00,0.001,0,36.11,0.289,100,0.56,11.201,56,35.72,0.00,0,11.7,0.250
1322,7747.748,AllocLarge,2B,0.661,20.0,0.000,0.00,14.705,14.705,2,7.778,0.006,0,96.79,0.001,0,36.11,0.289,100,0.56,14.401,49,50.00,0.00,0,8.0,0.187
1323,7753.623,AllocLarge,2B,0.394,16.7,0.000,0.00,15.505,11.504,2,7.778,0.006,0,0.00,0.001,0,36.11,0.289,100,0.56,11.201,56,35.72,0.00,0,6.8,0.114
1324,7761.455,AllocLarge,2B,0.477,0.0,0.000,0.00,14.705,14.705,2,7.778,0.006,0,89.45,0.001,0,36.11,0.289,100,0.56,14.401,49,50.00,0.00,0,6.2,0.119
1325,7768.078,AllocLarge,2B,0.334,11.1,0.000,0.00,15.505,11.505,2,7.778,0.006,0,0.00,0.001,0,36.11,0.289,100,0.56,11.201,56,35.72,0.00,0,5.0,0.075
1326,7773.824,AllocLarge,2B,0.442,0.0,0.000,0.00,15.505,14.705,2,7.778,0.006,0,90.00,0.001,0,36.11,0.289,100,0.56,14.401,47,50.00,0.00,0,8.0,0.112
1327,7780.146,AllocLarge,2B,0.400,14.3,0.105,15.73,15.505,11.505,2,7.778,0.006,0,11.00,0.001,0,36.11,0.289,100,0.56,11.201,56,35.72,0.00,0,6.0,0.129
1328,7791.102,AllocLarge,2B,1.019,15.4,0.000,0.00,14.706,14.706,2,7.778,0.007,0,97.27,0.001,0,36.11,0.289,100,0.56,14.401,49,50.00,0.00,0,8.9,0.162
1329,7798.676,AllocLarge,2B,0.569,11.1,0.000,0.00,15.506,11.505,2,7.778,0.007,0,10.45,0.001,0,36.11,0.289,100,0.56,11.201,56,35.72,0.00,0,7.6,0.243
1330,7807.813,AllocLarge,2B,0.424,12.5,0.000,0.00,14.706,14.706,2,7.778,0.007,0,97.40,0.001,0,36.11,0.289,100,0.56,14.401,49,50.00,0.00,0,5.1,0.123
1331,7814.322,AllocLarge,2B,0.348,11.1,0.000,0.00,15.506,11.506,2,7.778,0.007,0,0.00,0.001,0,36.11,0.289,100,0.56,11.201,56,35.72,0.00,0,4.9,0.106
1332,7823.738,AllocLarge,2B,0.282,0.0,0.000,0.00,14.706,14.706,2,7.778,0.007,0,91.36,0.001,0,36.11,0.289,100,0.56,14.401,49,50.00,0.00,0,3.3,0.086
1333,7829.052,AllocLarge,2B,0.637,25.0,0.000,0.00,15.506,11.506,2,7.778,0.007,0,0.00,0.001,0,36.11,0.289,100,0.56,11.201,56,35.72,0.00,0,9.8,0.070
1334,7837.348,AllocLarge,2B,0.362,12.5,0.000,0.00,15.507,14.707,2,7.778,0.008,0,97.62,0.001,0,36.11,0.289,100,0.56,14.401,47,50.00,0.00,0,5.0,0.109
1335,7843.663,AllocLarge,2B,0.303,14.3,0.000,0.00,15.507,11.515,2,7.778,0.016,0,4.41,0.001,0,36.11,0.289,100,0.56,11.201,56,35.72,0.00,0,4.6,0.083
1336,7850.512,AllocLarge,2B,0.384,0.0,0.000,0.00,14.707,14.707,2,7.778,0.008,0,6.93,0.001,0,36.11,0.289,100,0.56,14.401,49,50.00,0.00,0,5.8,0.084
1337,7856.412,AllocLarge,2B,0.376,28.6,0.000,0.00,15.507,11.507,2,7.778,0.008,0,92.37,0.001,0,36.11,0.289,100,0.56,11.201,56,35.72,0.00,0,5.9,0.086
1338,7864.615,AllocLarge,2B,0.462,0.0,0.000,0.00,14.707,14.707,2,7.778,0.008,0,11.07,0.001,0,36.11,0.289,100,0.56,14.401,49,50.00,0.00,0,5.9,0.134
1339,7871.550,AllocLarge,2B,0.500,22.2,0.000,0.00,15.507,11.507,2,7.778,0.008,0,0.00,0.001,0,36.11,0.289,100,0.56,11.201,56,35.72,0.00,0,6.8,0.087
1340,7880.522,AllocLarge,2B,0.834,11.1,0.103,11.41,14.708,14.708,2,7.778,0.009,0,92.66,0.001,0,36.11,0.289,100,0.56,14.401,49,50.00,0.00,0,9.3,0.147
1341,7891.112,AllocLarge,2B,1.236,16.7,0.000,0.00,15.508,11.507,2,7.778,0.009,0,0.00,0.001,0,36.11,0.289,100,0.56,11.201,56,35.72,0.00,0,10.5,0.432
1342,7900.502,AllocLarge,2B,0.631,0.0,0.000,0.00,14.708,14.708,2,7.778,0.009,0,92.93,0.001,0,36.11,0.289,100,0.56,14.401,49,50.00,0.00,0,7.9,0.155
1343,7907.228,AllocLarge,2B,0.523,16.7,0.000,0.00,15.508,11.508,2,7.778,0.009,0,0.00,0.001,0,36.11,0.289,100,0.56,11.201,56,35.72,0.00,0,7.8,0.155
1344,7916.961,AllocLarge,2B,0.501,0.0,0.000,0.00,14.708,14.708,2,7.778,0.009,0,93.19,0.001,0,36.11,0.289,100,0.56,14.401,49,50.00,0.00,0,5.3,0.130
1345,7923.448,AllocLarge,2B,0.409,12.5,0.000,0.00,15.508,11.508,2,7.778,0.009,0,7.50,0.001,0,36.11,0.289,100,0.56,11.201,56,35.72,0.00,0,6.0,0.115
1346,7931.695,AllocLarge,2B,0.787,0.0,0.000,0.00,14.709,14.709,2,7.778,0.010,0,93.42,0.001,0,36.11,0.289,100,0.56,14.401,49,50.00,0.00,0,9.6,0.115
1347,7938.297,AllocLarge,2B,0.444,12.5,0.000,0.00,15.509,11.508,2,7.778,0.010,0,0.00,0.001,0,36.11,0.289,100,0.56,11.201,56,35.72,0.00,0,6.3,0.114
1348,7945.718,AllocLarge,2B,0.399,12.5,0.000,0.00,14.709,14.709,2,7.778,0.010,0,93.64,0.001,0,36.11,0.289,100,0.56,14.401,49,50.00,0.00,0,6.0,0.116
1349,7950.708,AllocLarge,2B,0.634,12.5,0.000,0.00,15.509,11.509,2,7.778,0.010,0,7.00,0.001,0,36.11,0.289,100,0.56,11.201,56,35.72,0.00,0,11.2,0.163
1350,7960.183,AllocLarge,2B,0.605,16.7,0.000,0.00,14.709,14.709,2,7.778,0.010,0,98.23,0.001,0,36.11,0.289,100,0.56,14.401,49,50.00,0.00,0,6.6,0.152
1351,7966.945,AllocLarge,2B,0.642,12.5,0.000,0.00,15.509,11.509,2,7.778,0.010,0,6.77,0.001,0,36.11,0.289,100,0.56,11.201,56,35.72,0.00,0,9.1,0.150
1352,7978.769,AllocLarge,2B,0.569,7.7,0.108,9.44,14.710,14.710,2,7.778,0.011,0,98.29,0.001,0,36.11,0.289,100,0.56,14.401,49,50.00,0.00,0,5.0,0.252
1353,7985.252,AllocLarge,2B,0.511,12.5,0.000,0.00,15.510,11.509,2,7.778,0.011,0,0.00,0.001,0,36.11,0.289,100,0.56,11.201,56,35.72,0.00,0,7.5,0.121
1354,7994.479,AllocLarge,2B,0.639,20.0,0.000,0.00,15.510,14.710,2,7.778,0.011,0,94.22,0.001,0,36.11,0.289,100,0.56,14.401,47,50.00,0.00,0,7.1,0.128
1355,8001.366,AllocLarge,2B,0.856,12.5,0.000,0.00,15.510,11.510,2,7.778,0.011,0,6.36,0.001,0,36.11,0.289,100,0.56,11.201,56,35.72,0.00,0,10.5,0.220
1356,8010.435,AllocLarge,2B,0.899,11.1,0.000,0.00,14.710,14.710,2,7.778,0.011,0,98.39,0.001,0,36.11,0.289,100,0.56,14.401,49,50.00,0.00,0,11.1,0.202
1357,8017.439,AllocLarge,2B,0.442,12.5,0.000,0.00,15.510,11.510,2,7.778,0.011,0,0.00,0.001,0,36.11,0.289,100,0.56,11.201,56,35.72,0.00,0,6.3,0.161
1358,8026.325,AllocLarge,2B,0.464,11.1,0.000,0.00,14.711,14.711,2,7.778,0.012,0,98.43,0.001,0,36.11,0.289,100,0.56,14.401,49,50.00,0.00,0,5.3,0.155
1359,8032.418,AllocLarge,2B,0.415,14.3,0.000,0.00,15.511,11.510,2,7.778,0.012,0,5.99,0.001,0,36.11,0.289,100,0.56,11.201,56,35.72,0.00,0,6.9,0.110
1360,8040.033,AllocLarge,2B,0.680,14.3,0.000,0.00,14.711,14.711,2,7.778,0.012,0,94.70,0.001,0,36.11,0.289,100,0.56,14.401,49,50.00,0.00,0,9.2,0.083
1361,8045.343,AllocLarge,2B,0.509,28.6,0.000,0.00,15.511,11.511,2,7.778,0.012,0,0.00,0.001,0,36.11,0.289,100,0.56,11.201,56,35.72,0.00,0,8.7,0.140
1362,8053.874,AllocLarge,2B,0.801,12.5,0.000,0.00,15.511,14.711,2,7.778,0.012,0,98.52,0.001,0,36.11,0.289,100,0.56,14.401,47,50.00,0.00,0,9.7,0.139
1363,8060.548,AllocLarge,2B,0.501,14.3,0.000,0.00,15.511,11.511,2,7.778,0.012,0,5.67,0.001,0,36.11,0.289,100,0.56,11.201,56,35.72,0.00,0,7.5,0.087
1364,8071.208,AllocLarge,2B,0.645,9.1,0.108,10.30,14.712,14.712,2,7.778,0.013,0,94.98,0.001,0,36.11,0.289,100,0.56,14.401,49,50.00,0.00,0,6.2,0.189
1365,8077.704,AllocLarge,2B,0.419,0.0,0.000,0.00,15.512,11.511,2,7.778,0.013,0,5.52,0.001,0,36.11,0.289,100,0.56,11.201,56,35.72,0.00,0,6.4,0.140
1366,8085.525,AllocLarge,2B,0.435,0.0,0.000,0.00,14.712,14.712,2,7.778,0.013,0,98.59,0.001,0,36.11,0.289,100,0.56,14.401,49,50.00,0.00,0,5.8,0.198
1367,8092.734,AllocLarge,2B,0.509,20.0,0.000,0.00,15.512,11.512,2,7.778,0.013,0,0.00,0.001,0,36.11,0.289,100,0.56,11.201,56,35.72,0.00,0,6.5,0.088
1368,8101.529,AllocLarge,2B,0.370,10.0,0.000,0.00,14.712,14.712,2,7.778,0.013,0,98.63,0.001,0,36.11,0.289,100,0.56,14.401,49,50.00,0.00,0,4.5,0.134
1369,8107.586,AllocLarge,2B,0.398,12.5,0.000,0.00,15.512,11.512,2,7.778,0.013,0,5.24,0.001,0,36.11,0.289,100,0.56,11.201,56,35.72,0.00,0,6.0,0.106
1370,8115.994,AllocLarge,2B,0.392,11.1,0.000,0.00,14.713,14.713,2,7.778,0.014,0,98.66,0.001,0,36.11,0.289,100,0.56,14.401,49,50.00,0.00,0,5.0,0.102
1371,8122.132,AllocLarge,2B,0.392,14.3,0.000,0.00,15.513,11.512,2,7.778,0.014,0,0.00,0.001,0,36.11,0.289,100,0.56,11.201,56,35.72,0.00,0,5.9,0.118
1372,8130.427,AllocLarge,2B,0.592,12.5,0.000,0.00,14.713,14.713,2,7.778,0.014,0,95.46,0.001,0,36.11,0.289,100,0.56,14.401,49,50.00,0.00,0,7.5,0.115
1373,8136.484,AllocLarge,2B,0.436,12.5,0.000,0.00,15.513,11.513,2,7.778,0.014,0,0.00,0.001,0,36.11,0.289,100,0.56,11.201,56,35.72,0.00,0,6.9,0.137
1374,8145.764,AllocLarge,2B,0.733,11.1,0.000,0.00,14.713,14.713,2,7.778,0.014,0,95.57,0.001,0,36.11,0.289,100,0.56,14.401,49,50.00,0.00,0,7.8,0.109
1375,8152.892,AllocLarge,2B,0.746,27.3,0.000,0.00,15.513,11.513,2,7.778,0.014,0,4.88,0.001,0,36.11,0.289,100,0.56,11.201,56,35.72,0.00,0,9.8,0.107
1376,8163.167,AllocLarge,2B,0.569,10.0,0.108,11.50,14.714,14.714,2,7.778,0.015,0,95.67,0.001,0,36.11,0.289,100,0.56,14.401,49,50.00,0.00,0,6.1,0.203
1377,8169.883,AllocLarge,2B,0.534,12.5,0.000,0.00,15.514,11.514,2,7.778,0.015,0,4.77,0.001,0,36.11,0.289,100,0.56,11.201,56,35.72,0.00,0,7.2,0.192
1378,8178.652,AllocLarge,2B,0.463,0.0,0.000,0.00,14.714,14.714,2,7.778,0.015,0,98.78,0.001,0,36.11,0.289,100,0.56,14.401,49,50.00,0.00,0,5.8,0.121
1379,8185.127,AllocLarge,2B,1.034,20.0,0.000,0.00,15.514,11.514,2,7.778,0.015,0,4.66,0.001,0,36.11,0.289,100,0.56,11.201,56,35.72,0.00,0,12.8,0.290
1380,8195.091,AllocLarge,2B,0.611,10.0,0.000,0.00,14.714,14.714,2,7.778,0.015,0,95.85,0.001,0,36.11,0.289,100,0.56,14.401,49,50.00,0.00,0,7.2,0.120
1381,8201.241,AllocLarge,2B,0.771,28.6,0.000,0.00,15.514,11.514,2,7.778,0.015,0,0.00,0.001,0,36.11,0.289,100,0.56,11.201,56,35.72,0.00,0,11.2,0.177
1382,8210.650,AllocLarge,2B,0.402,22.2,0.000,0.00,15.515,14.715,2,7.778,0.016,0,98.83,0.001,0,36.11,0.289,100,0.56,14.401,47,50.00,0.00,0,4.8,0.084
1383,8216.463,AllocLarge,2B,0.432,16.7,0.000,0.00,15.515,11.515,2,7.778,0.016,0,0.00,0.001,0,36.11,0.289,100,0.56,11.201,56,35.72,0.00,0,7.1,0.090
1384,8224.608,AllocLarge,2B,0.379,0.0,0.000,0.00,14.715,14.715,2,7.778,0.016,0,98.86,0.001,0,36.11,0.289,100,0.56,14.401,49,50.00,0.00,0,4.9,0.128
1385,8229.603,AllocLarge,2B,0.820,28.6,0.000,0.00,15.515,11.515,2,7.778,0.016,0,0.00,0.001,0,36.11,0.289,100,0.56,11.201,56,35.72,0.00,0,13.1,0.158
1386,8238.467,AllocLarge,2B,0.433,11.1,0.000,0.00,15.515,14.715,2,7.778,0.016,0,96.11,0.001,0,36.11,0.289,100,0.56,14.401,47,50.00,0.00,0,5.7,0.148
1387,8244.704,AllocLarge,2B,0.642,12.5,0.000,0.00,15.515,11.515,2,7.778,0.016,0,0.00,0.001,0,36.11,0.289,100,0.56,11.201,56,35.72,0.00,0,8.8,0.089
1388,8255.328,AllocLarge,2B,0.695,8.3,0.108,10.94,14.716,14.716,2,7.778,0.017,0,98.90,0.001,0,36.11,0.289,100,0.56,14.401,49,50.00,0.00,0,7.1,0.244
1389,8262.830,AllocLarge,2B,0.427,22.2,0.000,0.00,15.516,11.516,2,7.778,0.017,0,4.19,0.001,0,36.11,0.289,100,0.56,11.201,56,35.72,0.00,0,5.4,0.144
1390,8271.049,AllocLarge,2B,0.338,0.0,0.000,0.00,14.716,14.716,2,7.778,0.017,0,96.26,0.001,0,36.11,0.289,100,0.56,14.401,49,50.00,0.00,0,4.6,0.090
1391,8277.420,AllocLarge,2B,0.411,37.5,0.000,0.00,15.516,11.516,2,7.778,0.017,0,0.00,0.001,0,36.11,0.289,100,0.56,11.201,56,35.72,0.00,0,6.0,0.093
1392,8285.073,AllocLarge,2B,0.430,11.1,0.000,0.00,14.716,14.716,2,7.778,0.017,0,96.33,0.001,0,36.11,0.289,100,0.56,14.401,49,50.00,0.00,0,5.9,0.110
1393,8290.758,AllocLarge,2B,0.812,12.5,0.000,0.00,15.516,11.516,2,7.778,0.017,0,4.03,0.001,0,36.11,0.289,100,0.56,11.201,56,35.72,0.00,0,12.2,0.163
1394,8300.523,AllocLarge,2B,0.433,0.0,0.000,0.00,14.717,14.717,2,7.778,0.018,0,96.40,0.001,0,36.11,0.289,100,0.56,14.401,49,50.00,0.00,0,5.0,0.087
1395,8306.025,AllocLarge,2B,0.476,16.7,0.000,0.00,15.517,11.517,2,7.778,0.018,0,3.96,0.001,0,36.11,0.289,100,0.56,11.201,56,35.72,0.00,0,7.8,0.149
1396,8313.512,AllocLarge,2B,0.409,14.3,0.000,0.00,14.717,14.717,2,7.778,0.018,0,96.47,0.001,0,36.11,0.289,100,0.56,14.401,49,50.00,0.00,0,5.9,0.115
1397,8319.399,AllocLarge,2B,0.508,14.3,0.000,0.00,15.517,11.517,2,7.778,0.018,0,0.00,0.001,0,36.11,0.289,100,0.56,11.201,56,35.72,0.00,0,8.0,0.122
1398,8327.662,AllocLarge,2B,0.500,0.0,0.000,0.00,14.717,14.717,2,7.778,0.018,0,99.00,0.001,0,36.11,0.289,100,0.56,14.401,49,50.00,0.00,0,6.4,0.111
1399,8333.980,AllocLarge,2B,0.613,22.2,0.000,0.00,15.517,11.517,2,7.778,0.018,0,0.00,0.001,0,36.11,0.289,100,0.56,11.201,56,35.72,0.00,0,8.4,0.118
1400,8343.704,AllocLarge,2B,0.604,0.0,0.108,12.08,15.518,14.718,2,7.778,0.019,0,99.02,0.001,0,36.11,0.289,100,0.56,14.401,47,50.00,0.00,0,6.8,0.147
1401,8351.084,AllocLarge,2B,0.473,12.5,0.000,0.00,15.518,11.518,2,7.778,0.019,0,3.74,0.001,0,36.11,0.289,100,0.56,11.201,56,35.72,0.00,0,6.1,0.110
1402,8358.782,AllocLarge,2B,0.522,11.1,0.000,0.00,14.718,14.718,2,7.778,0.019,0,96.66,0.001,0,36.11,0.289,100,0.56,14.401,49,50.00,0.00,0,7.1,0.090
1403,8365.942,AllocLarge,2B,0.474,11.1,0.000,0.00,15.518,11.518,2,7.778,0.019,0,0.00,0.001,0,36.11,0.289,100,0.56,11.201,56,35.72,0.00,0,6.2,0.199
1404,8373.684,AllocLarge,2B,0.631,11.1,0.000,0.00,14.718,14.718,2,7.778,0.019,0,96.71,0.001,0,36.11,0.289,100,0.56,14.401,49,50.00,0.00,0,8.7,0.270
1405,8379.886,AllocLarge,2B,0.452,12.5,0.000,0.00,15.518,11.518,2,7.778,0.019,0,0.00,0.001,0,36.11,0.289,100,0.56,11.201,56,35.72,0.00,0,7.0,0.118
1406,8387.847,AllocLarge,2B,0.356,12.5,0.000,0.00,14.719,14.719,2,7.778,0.020,0,96.77,0.001,0,36.11,0.289,100,0.56,14.401,49,50.00,0.00,0,4.9,0.123
1407,8393.102,AllocLarge,2B,0.469,14.3,0.000,0.00,15.519,11.519,2,7.778,0.020,0,0.00,0.001,0,36.11,0.289,100,0.56,11.201,56,35.72,0.00,0,7.8,0.093
1408,8400.446,AllocLarge,2B,0.434,14.3,0.000,0.00,14.719,14.719,2,7.778,0.020,0,99.09,0.001,0,36.11,0.289,100,0.56,14.401,49,50.00,0.00,0,6.5,0.139
1409,8406.411,AllocLarge,2B,0.366,11.1,0.000,0.00,15.519,11.519,2,7.778,0.020,0,0.00,0.001,0,36.11,0.289,100,0.56,11.201,56,35.72,0.00,0,5.6,0.085
1410,8416.063,AllocLarge,2B,0.738,10.0,0.000,0.00,14.719,14.719,2,7.778,0.020,0,96.88,0.001,0,36.11,0.289,100,0.56,14.401,49,50.00,0.00,0,7.7,0.117
1411,8425.573,AllocLarge,2B,0.473,8.3,0.000,0.00,15.519,11.519,2,7.778,0.020,0,3.44,0.001,0,36.11,0.289,100,0.56,11.201,56,35.72,0.00,0,4.8,0.148
1412,8437.287,AllocLarge,2B,0.710,8.3,0.108,9.35,14.720,14.720,2,7.778,0.021,0,96.93,0.001,0,36.11,0.289,100,0.56,14.401,49,50.00,0.00,0,6.2,0.170
1413,8444.626,AllocLarge,2B,0.576,10.0,0.000,0.00,15.520,11.520,2,7.778,0.021,0,0.00,0.001,0,36.11,0.289,100,0.56,11.201,56,35.72,0.00,0,7.5,0.128
1414,8453.430,AllocLarge,2B,0.448,11.1,0.000,0.00,15.520,14.720,2,7.778,0.021,0,96.97,0.001,0,36.11,0.289,100,0.56,14.401,47,50.00,0.00,0,5.7,0.109
1415,8459.539,AllocLarge,2B,0.490,16.7,0.000,0.00,15.520,11.520,2,7.778,0.021,0,3.33,0.001,0,36.11,0.289,100,0.56,11.201,56,35.72,0.00,0,7.5,0.119
1416,8468.474,AllocLarge,2B,0.494,11.1,0.000,0.00,14.720,14.720,2,7.778,0.021,0,97.02,0.001,0,36.11,0.289,100,0.56,14.401,49,50.00,0.00,0,5.7,0.095
1417,8476.371,AllocLarge,2B,0.655,30.0,0.000,0.00,15.521,11.520,2,7.778,0.021,0,0.00,0.001,0,36.11,0.289,100,0.56,11.201,56,35.72,0.00,0,7.2,0.127
1418,8484.927,AllocLarge,2B,0.357,11.1,0.000,0.00,15.521,14.721,2,7.778,0.022,0,99.16,0.001,0,36.11,0.289,100,0.56,14.401,47,50.00,0.00,0,5.0,0.122
1419,8490.928,AllocLarge,2B,0.435,0.0,0.000,0.00,15.521,11.521,2,7.778,0.022,0,0.00,0.001,0,36.11,0.289,100,0.56,11.201,56,35.72,0.00,0,6.9,0.107
1420,8497.771,AllocLarge,2B,0.279,0.0,0.000,0.00,14.721,14.721,2,7.778,0.022,0,97.11,0.001,0,36.11,0.289,100,0.56,14.401,49,50.00,0.00,0,4.4,0.083
1421,8504.581,AllocLarge,2B,0.384,0.0,0.000,0.00,15.521,11.521,2,7.778,0.022,0,3.18,0.001,0,36.11,0.289,100,0.56,11.201,56,35.72,0.00,0,5.1,0.127
1422,8513.247,AllocLarge,2B,0.440,12.5,0.000,0.00,14.721,14.721,2,7.778,0.022,0,97.16,0.001,0,36.11,0.289,100,0.56,14.401,49,50.00,0.00,0,5.4,0.101
1423,8523.835,AllocLarge,2B,0.681,16.7,0.000,0.00,15.522,11.521,2,7.778,0.022,0,3.13,0.001,0,36.11,0.289,100,0.56,11.201,56,35.72,0.00,0,5.9,0.213
1424,8533.179,AllocLarge,2B,0.575,10.0,0.108,12.56,14.722,14.722,2,7.778,0.023,0,99.19,0.001,0,36.11,0.289,100,0.56,14.401,49,50.00,0.00,0,6.7,0.169
1425,8539.387,AllocLarge,2B,0.368,12.5,0.000,0.00,15.522,11.522,2,7.778,0.023,0,3.08,0.001,0,36.11,0.289,100,0.56,11.201,56,35.72,0.00,0,5.7,0.093
1426,8548.826,AllocLarge,2B,0.903,10.0,0.000,0.00,14.722,14.722,2,7.778,0.023,0,97.24,0.001,0,36.11,0.289,100,0.56,14.401,49,50.00,0.00,0,9.2,0.250
1427,8555.769,AllocLarge,2B,0.660,12.5,0.000,0.00,15.522,11.522,2,7.778,0.023,0,3.04,0.001,0,36.11,0.289,100,0.56,11.201,56,35.72,0.00,0,9.2,0.153
1428,8564.794,AllocLarge,2B,0.416,12.5,0.000,0.00,14.722,14.722,2,7.778,0.024,0,97.28,0.001,0,36.11,0.289,100,0.56,14.401,49,50.00,0.00,0,5.2,0.092
1429,8570.792,AllocLarge,2B,0.300,16.7,0.000,0.00,15.523,11.522,2,7.778,0.024,0,0.00,0.001,0,36.11,0.289,100,0.56,11.201,56,35.72,0.00,0,4.9,0.085
1430,8578.084,AllocLarge,2B,0.430,25.0,0.000,0.00,14.723,14.723,2,7.778,0.024,0,97.32,0.001,0,36.11,0.289,100,0.56,14.401,49,50.00,0.00,0,6.0,0.119
1431,8583.946,AllocLarge,2B,0.346,16.7,0.000,0.00,15.523,11.523,2,7.778,0.024,0,0.00,0.001,0,36.11,0.289,100,0.56,11.201,56,35.72,0.00,0,5.6,0.083
1432,8591.512,AllocLarge,2B,0.329,0.0,0.000,0.00,15.523,14.723,2,7.778,0.024,0,97.35,0.001,0,36.11,0.289,100,0.56,14.401,47,50.00,0.00,0,4.7,0.114
1433,8597.728,AllocLarge,2B,0.950,25.0,0.000,0.00,15.523,11.523,2,7.778,0.024,0,0.00,0.001,0,36.11,0.289,100,0.56,11.201,56,35.72,0.00,0,12.9,0.514
1434,8606.962,AllocLarge,2B,0.622,11.1,0.000,0.00,14.723,14.723,2,7.778,0.025,0,99.25,0.001,0,36.11,0.289,100,0.56,14.401,49,50.00,0.00,0,7.1,0.210
1435,8615.509,AllocLarge,2B,0.658,11.1,0.000,0.00,15.524,11.523,2,7.778,0.025,0,0.00,0.001,0,36.11,0.289,100,0.56,11.201,56,35.72,0.00,0,7.6,0.163
1436,8624.462,AllocLarge,2B,0.466,10.0,0.108,12.82,14.724,14.724,2,7.778,0.025,0,99.26,0.001,0,36.11,0.289,100,0.56,14.401,49,50.00,0.00,0,5.6,0.210
1437,8630.092,AllocLarge,2B,0.588,14.3,0.000,0.00,15.524,11.524,2,7.778,0.025,0,2.83,0.001,0,36.11,0.289,100,0.56,11.201,56,35.72,0.00,0,9.6,0.171
1438,8638.314,AllocLarge,2B,0.432,11.1,0.000,0.00,14.724,14.724,2,7.778,0.025,0,97.46,0.001,0,36.11,0.289,100,0.56,14.401,49,50.00,0.00,0,5.7,0.138
1439,8643.791,AllocLarge,2B,0.583,14.3,0.000,0.00,15.524,11.524,2,7.778,0.025,0,2.80,0.001,0,36.11,0.289,100,0.56,11.201,56,35.72,0.00,0,9.3,0.128
1440,8652.483,AllocLarge,2B,0.435,11.1,0.000,0.00,14.724,14.724,2,7.778,0.026,0,99.28,0.001,0,36.11,0.289,100,0.56,14.401,49,50.00,0.00,0,5.5,0.089
1441,8658.279,AllocLarge,2B,0.740,16.7,0.000,0.00,15.525,11.524,2,7.778,0.026,0,0.00,0.001,0,36.11,0.289,100,0.56,11.201,56,35.72,0.00,0,11.5,0.093
1442,8666.499,AllocLarge,2B,0.425,20.0,0.000,0.00,14.725,14.725,2,7.778,0.026,0,99.29,0.001,0,36.11,0.289,100,0.56,14.401,49,50.00,0.00,0,5.6,0.121
1443,8672.260,AllocLarge,2B,0.347,14.3,0.000,0.00,15.525,11.525,2,7.778,0.026,0,2.72,0.001,0,36.11,0.289,100,0.56,11.201,56,35.72,0.00,0,6.0,0.110
1444,8679.954,AllocLarge,2B,0.610,22.2,0.000,0.00,14.725,14.725,2,7.778,0.026,0,97.56,0.001,0,36.11,0.289,100,0.56,14.401,49,50.00,0.00,0,8.0,0.111
1445,8685.978,AllocLarge,2B,0.476,12.5,0.000,0.00,15.525,11.525,2,7.778,0.026,0,0.00,0.001,0,36.11,0.289,100,0.56,11.201,56,35.72,0.00,0,7.3,0.149
1446,8693.428,AllocLarge,2B,0.543,12.5,0.000,0.00,15.526,14.725,2,7.778,0.027,0,97.59,0.001,0,36.11,0.289,100,0.56,14.401,47,50.00,0.00,0,7.7,0.128
1447,8702.767,AllocLarge,2B,0.293,9.1,0.000,0.00,15.526,11.525,2,7.778,0.027,0,0.00,0.001,0,36.11,0.289,100,0.56,11.201,56,35.72,0.00,0,3.2,0.101
1448,8708.516,AllocLarge,2B,0.316,0.0,0.108,19.51,14.726,14.726,2,7.778,0.027,0,97.62,0.001,0,36.11,0.289,100,0.56,14.401,49,50.00,0.00,0,5.7,0.103
1449,8712.833,AllocLarge,2B,0.274,16.7,0.000,0.00,15.526,11.526,2,7.778,0.027,0,0.00,0.001,0,36.11,0.289,100,0.56,11.201,56,35.72,0.00,0,6.0,0.079
1450,8718.320,AllocLarge,2B,0.263,0.0,0.000,0.00,14.726,14.726,2,7.778,0.027,0,97.65,0.001,0,36.11,0.289,100,0.56,14.401,49,50.00,0.00,0,5.1,0.096
1451,8722.482,AllocLarge,2B,0.288,16.7,0.000,0.00,15.526,11.526,2,7.778,0.027,0,2.59,0.001,0,36.11,0.289,100,0.56,11.201,56,35.72,0.00,0,6.4,0.083
1452,8728.220,AllocLarge,2B,0.270,0.0,0.000,0.00,14.726,14.726,2,7.778,0.028,0,97.68,0.001,0,36.11,0.289,100,0.56,14.401,49,50.00,0.00,0,5.0,0.092
1453,8732.345,AllocLarge,2B,0.249,20.0,0.000,0.00,15.527,11.526,2,7.778,0.028,0,0.00,0.001,0,36.11,0.289,100,0.56,11.201,56,35.72,0.00,0,5.6,0.069
1454,8737.888,AllocLarge,2B,0.334,16.7,0.000,0.00,15.527,14.727,2,7.778,0.028,0,97.70,0.001,0,36.11,0.289,100,0.56,14.401,47,50.00,0.00,0,6.2,0.109
1455,8742.339,AllocLarge,2B,0.249,20.0,0.000,0.00,15.527,11.527,2,7.778,0.028,0,0.00,0.001,0,36.11,0.289,100,0.56,11.201,56,35.72,0.00,0,5.5,0.081
1456,8747.772,AllocLarge,2B,0.252,0.0,0.000,0.00,14.727,14.727,2,7.778,0.028,0,97.73,0.001,0,36.11,0.289,100,0.56,14.401,49,50.00,0.00,0,4.9,0.079
1457,8751.900,AllocLarge,2B,0.280,20.0,0.000,0.00,15.527,11.527,2,7.778,0.028,0,0.00,0.001,0,36.11,0.289,100,0.56,11.201,56,35.72,0.00,0,6.3,0.099
1458,8757.479,AllocLarge,2B,0.292,0.0,0.000,0.00,14.728,14.728,2,7.778,0.029,0,97.76,0.001,0,36.11,0.289,100,0.56,14.401,49,50.00,0.00,0,5.5,0.098
1459,8761.759,AllocLarge,2B,0.264,20.0,0.000,0.00,15.528,11.527,2,7.778,0.029,0,0.00,0.001,0,36.11,0.289,100,0.56,11.201,56,35.72,0.00,0,5.8,0.080
1460,8767.391,AllocLarge,2B,0.263,16.7,0.108,19.94,14.728,14.728,2,7.778,0.029,0,97.78,0.001,0,36.11,0.289,100,0.56,14.401,49,50.00,0.00,0,4.9,0.081
1461,8771.655,AllocLarge,2B,0.324,20.0,0.000,0.00,15.528,11.528,2,7.778,0.029,0,0.00,0.001,0,36.11,0.289,100,0.56,11.201,56,35.72,0.00,0,7.0,0.106
1462,8777.296,AllocLarge,2B,0.252,0.0,0.000,0.00,14.728,14.728,2,7.778,0.029,0,97.81,0.001,0,36.11,0.289,100,0.56,14.401,49,50.00,0.00,0,4.8,0.079
1463,8781.462,AllocLarge,2B,0.233,16.7,0.000,0.00,15.528,11.528,2,7.778,0.029,0,0.00,0.001,0,36.11,0.289,100,0.56,11.201,56,35.72,0.00,0,5.2,0.078
1464,8787.087,AllocLarge,2B,0.285,16.7,0.000,0.00,14.729,14.729,2,7.778,0.030,0,97.83,0.001,0,36.11,0.289,100,0.56,14.401,49,50.00,0.00,0,5.4,0.103
1465,8791.402,AllocLarge,2B,0.264,0.0,0.000,0.00,15.529,11.528,2,7.778,0.030,0,0.00,0.001,0,36.11,0.289,100,0.56,11.201,56,35.72,0.00,0,5.7,0.080
1466,8796.968,AllocLarge,2B,0.269,0.0,0.000,0.00,14.729,14.729,2,7.778,0.030,0,97.86,0.001,0,36.11,0.289,100,0.56,14.401,49,50.00,0.00,0,5.1,0.082
1467,8801.251,AllocLarge,2B,0.290,0.0,0.000,0.00,15.529,11.529,2,7.778,0.030,0,0.00,0.001,0,36.11,0.289,100,0.56,11.201,56,35.72,0.00,0,6.3,0.091
1468,8807.001,AllocLarge,2B,0.402,16.7,0.000,0.00,14.729,14.729,2,7.778,0.030,0,97.88,0.001,0,36.11,0.289,100,0.56,14.401,49,50.00,0.00,0,7.2,0.081
1469,8811.364,AllocLarge,2B,0.287,16.7,0.000,0.00,15.529,11.529,2,7.778,0.030,0,0.00,0.001,0,36.11,0.289,100,0.56,11.201,56,35.72,0.00,0,6.3,0.086
1470,8816.937,AllocLarge,2B,0.285,20.0,0.000,0.00,14.730,14.730,2,7.778,0.031,0,97.91,0.001,0,36.11,0.289,100,0.56,14.401,49,50.00,0.00,0,5.5,0.077
1471,8821.263,AllocLarge,2B,0.294,16.7,0.000,0.00,15.530,11.529,2,7.778,0.031,0,0.00,0.001,0,36.11,0.289,100,0.56,11.201,56,35.72,0.00,0,6.4,0.083
1472,8826.953,AllocLarge,2B,0.270,0.0,0.108,19.93,14.730,14.730,2,7.778,0.031,0,97.93,0.001,0,36.11,0.289,100,0.56,14.401,49,50.00,0.00,0,5.0,0.082
1473,8831.216,AllocLarge,2B,0.272,20.0,0.000,0.00,15.530,11.530,2,7.778,0.031,0,0.00,0.001,0,36.11,0.289,100,0.56,11.201,56,35.72,0.00,0,6.0,0.094
1474,8836.665,AllocLarge,2B,0.285,16.7,0.000,0.00,14.730,14.730,2,7.778,0.031,0,97.95,0.001,0,36.11,0.289,100,0.56,14.401,49,50.00,0.00,0,5.5,0.079
1475,8840.880,AllocLarge,2B,0.288,20.0,0.000,0.00,15.530,11.530,2,7.778,0.031,0,0.00,0.001,0,36.11,0.289,100,0.56,11.201,56,35.72,0.00,0,6.4,0.078
1476,8846.390,AllocLarge,2B,0.250,0.0,0.000,0.00,14.731,14.731,2,7.778,0.032,0,97.97,0.001,0,36.11,0.289,100,0.56,14.401,49,50.00,0.00,0,4.8,0.078
1477,8850.487,AllocLarge,2B,0.301,20.0,0.000,0.00,15.531,11.530,2,7.778,0.032,0,0.00,0.001,0,36.11,0.289,100,0.56,11.201,56,35.72,0.00,0,6.8,0.120
1478,8856.006,AllocLarge,2B,0.230,0.0,0.000,0.00,14.731,14.731,2,7.778,0.032,0,97.99,0.001,0,36.11,0.289,100,0.56,14.401,49,50.00,0.00,0,4.5,0.076
1479,8860.141,AllocLarge,2B,0.273,20.0,0.000,0.00,15.531,11.531,2,7.778,0.032,0,0.00,0.001,0,36.11,0.289,100,0.56,11.201,56,35.72,0.00,0,6.1,0.079
1480,8865.722,AllocLarge,2B,0.256,0.0,0.000,0.00,14.731,14.731,2,7.778,0.032,0,99.43,0.001,0,36.11,0.289,100,0.56,14.401,49,50.00,0.00,0,4.9,0.079
1481,8869.813,AllocLarge,2B,0.277,25.0,0.000,0.00,15.531,11.531,2,7.778,0.032,0,0.00,0.001,0,36.11,0.289,100,0.56,11.201,56,35.72,0.00,0,6.2,0.089
1482,8875.379,AllocLarge,2B,0.257,16.7,0.000,0.00,14.732,14.732,2,7.778,0.033,0,98.04,0.001,0,36.11,0.289,100,0.56,14.401,49,50.00,0.00,0,4.9,0.079
1483,8879.499,AllocLarge,2B,0.382,28.6,0.107,22.29,15.532,11.540,2,7.778,0.041,0,1.73,0.001,0,36.11,0.289,100,0.56,11.201,56,35.72,0.00,0,8.0,0.100
1484,8885.236,AllocLarge,2B,0.373,0.0,0.000,0.00,15.532,14.732,2,7.778,0.033,0,1.70,0.001,0,36.11,0.289,100,0.56,14.401,47,50.00,0.00,0,7.2,0.193
1485,8889.920,AllocLarge,2B,0.282,20.0,0.000,0.00,15.532,11.532,2,7.778,0.033,0,73.31,0.001,0,36.11,0.289,100,0.56,11.201,56,35.72,0.00,0,5.8,0.080
1486,8896.047,AllocLarge,2B,0.301,14.3,0.000,0.00,14.732,14.732,2,7.778,0.033,0,2.79,0.001,0,36.11,0.289,100,0.56,14.401,49,50.00,0.00,0,5.1,0.082
1487,8900.515,AllocLarge,2B,0.324,0.0,0.000,0.00,15.532,11.532,2,7.778,0.033,0,2.12,0.001,0,36.11,0.289,100,0.56,11.201,56,35.72,0.00,0,6.7,0.105
1488,8906.343,AllocLarge,2B,0.242,0.0,0.000,0.00,14.733,14.733,2,7.778,0.034,0,98.09,0.001,0,36.11,0.289,100,0.56,14.401,49,50.00,0.00,0,4.5,0.073
1489,8910.433,AllocLarge,2B,0.236,20.0,0.000,0.00,15.533,11.532,2,7.778,0.034,0,0.00,0.001,0,36.11,0.289,100,0.56,11.201,56,35.72,0.00,0,5.3,0.079
1490,8916.000,AllocLarge,2B,0.230,0.0,0.000,0.00,15.533,14.733,2,7.778,0.034,0,98.11,0.001,0,36.11,0.289,100,0.56,14.401,47,50.00,0.00,0,4.5,0.077
1491,8920.075,AllocLarge,2B,0.191,0.0,0.000,0.00,15.533,11.533,2,7.778,0.034,0,0.00,0.001,0,36.11,0.289,100,0.56,11.201,56,35.72,0.00,0,4.3,0.057
1492,8925.466,AllocLarge,2B,0.225,16.7,0.000,0.00,14.733,14.733,2,7.778,0.034,0,98.13,0.001,0,36.11,0.289,100,0.56,14.401,49,50.00,0.00,0,4.4,0.081
1493,8929.563,AllocLarge,2B,0.240,20.0,0.000,0.00,15.533,11.533,2,7.778,0.034,0,0.00,0.001,0,36.11,0.289,100,0.56,11.201,56,35.72,0.00,0,5.3,0.068
1494,8935.101,AllocLarge,2B,0.270,0.0,0.000,0.00,15.534,14.734,2,7.778,0.035,0,98.15,0.001,0,36.11,0.289,100,0.56,14.401,47,50.00,0.00,0,5.2,0.082
1495,8939.273,AllocLarge,2B,0.233,20.0,0.000,0.00,15.534,11.533,2,7.778,0.035,0,0.00,0.001,0,36.11,0.289,100,0.56,11.201,56,35.72,0.00,0,5.1,0.059
1496,8944.881,AllocLarge,2B,0.268,0.0,0.000,0.00,15.534,14.734,2,7.778,0.035,0,98.17,0.001,0,36.11,0.289,100,0.56,14.401,47,50.00,0.00,0,5.1,0.081
1497,8949.128,AllocLarge,2B,0.260,20.0,0.110,23.71,15.534,11.534,2,7.778,0.035,0,0.00,0.001,0,36.11,0.289,100,0.56,11.201,56,35.72,0.00,0,5.6,0.066
1498,8955.521,AllocLarge,2B,0.412,0.0,0.000,0.00,15.534,14.734,2,7.778,0.035,0,99.48,0.001,0,36.11,0.289,100,0.56,14.401,47,50.00,0.00,0,6.7,0.107
1499,8960.514,AllocLarge,2B,0.310,20.0,0.000,0.00,15.534,11.534,2,7.778,0.035,0,0.00,0.001,0,36.11,0.289,100,0.56,11.201,56,35.72,0.00,0,6.0,0.111
1500,8967.328,AllocLarge,2B,0.293,0.0,0.000,0.00,14.735,14.735,2,7.778,0.036,0,99.48,0.001,0,36.11,0.289,100,0.56,14.401,49,50.00,0.00,0,4.6,0.105
1501,8972.227,AllocLarge,2B,0.211,14.3,0.000,0.00,15.535,11.534,2,7.778,0.036,0,0.00,0.001,0,36.11,0.289,100,0.56,11.201,56,35.72,0.00,0,4.0,0.049
1502,8978.066,AllocLarge,2B,0.278,16.7,0.000,0.00,15.535,14.735,2,7.778,0.036,0,98.22,0.001,0,36.11,0.289,100,0.56,14.401,47,50.00,0.00,0,5.0,0.084
1503,8982.350,AllocLarge,2B,0.235,20.0,0.000,0.00,15.535,11.535,2,7.778,0.036,0,0.00,0.001,0,36.11,0.289,100,0.56,11.201,56,35.72,0.00,0,4.9,0.080
1504,8988.442,AllocLarge,2B,0.306,14.3,0.000,0.00,15.535,14.735,2,7.778,0.036,0,98.23,0.001,0,36.11,0.289,100,0.56,14.401,47,50.00,0.00,0,5.4,0.110
1505,8992.998,AllocLarge,2B,0.301,20.0,0.000,0.00,15.535,11.535,2,7.778,0.036,0,0.00,0.001,0,36.11,0.289,100,0.56,11.201,56,35.72,0.00,0,6.1,0.086
1506,8998.861,AllocLarge,2B,0.284,0.0,0.000,0.00,14.736,14.736,2,7.778,0.037,0,98.25,0.001,0,36.11,0.289,100,0.56,14.401,49,50.00,0.00,0,5.2,0.083
1507,9003.136,AllocLarge,2B,0.277,20.0,0.000,0.00,15.536,11.535,2,7.778,0.037,0,0.00,0.001,0,36.11,0.289,100,0.56,11.201,56,35.72,0.00,0,6.1,0.082
1508,9009.154,AllocLarge,2B,0.278,0.0,0.000,0.00,14.736,14.736,2,7.778,0.037,0,98.27,0.001,0,36.11,0.289,100,0.56,14.401,49,50.00,0.00,0,4.9,0.079
1509,9013.378,AllocLarge,2B,0.278,0.0,0.108,23.86,15.536,11.536,2,7.778,0.037,0,0.00,0.001,0,36.11,0.289,100,0.56,11.201,56,35.72,0.00,0,6.2,0.085
1510,9018.993,AllocLarge,2B,0.275,0.0,0.000,0.00,14.736,14.736,2,7.778,0.037,0,98.28,0.001,0,36.11,0.289,100,0.56,14.401,49,50.00,0.00,0,5.2,0.082
1511,9023.440,AllocLarge,2B,0.293,20.0,0.000,0.00,15.536,11.536,2,7.778,0.037,0,0.00,0.001,0,36.11,0.289,100,0.56,11.201,56,35.72,0.00,0,6.2,0.078
1512,9029.182,AllocLarge,2B,0.279,0.0,0.000,0.00,14.737,14.737,2,7.778,0.038,0,99.51,0.001,0,36.11,0.289,100,0.56,14.401,49,50.00,0.00,0,5.1,0.091
1513,9033.441,AllocLarge,2B,0.259,0.0,0.000,0.00,15.537,11.536,2,7.778,0.038,0,0.00,0.001,0,36.11,0.289,100,0.56,11.201,56,35.72,0.00,0,5.7,0.081
1514,9039.117,AllocLarge,2B,0.267,16.7,0.000,0.00,14.737,14.737,2,7.778,0.038,0,98.31,0.001,0,36.11,0.289,100,0.56,14.401,49,50.00,0.00,0,4.9,0.078
1515,9043.273,AllocLarge,2B,0.304,20.0,0.000,0.00,15.537,11.537,2,7.778,0.038,0,0.00,0.001,0,36.11,0.289,100,0.56,11.201,56,35.72,0.00,0,6.7,0.081
1516,9048.857,AllocLarge,2B,0.274,20.0,0.000,0.00,14.737,14.737,2,7.778,0.038,0,98.33,0.001,0,36.11,0.289,100,0.56,14.401,49,50.00,0.00,0,5.2,0.081
1517,9053.129,AllocLarge,2B,0.298,14.3,0.000,0.00,15.537,11.537,2,7.778,0.038,0,0.00,0.001,0,36.11,0.289,100,0.56,11.201,56,35.72,0.00,0,6.5,0.094
1518,9058.542,AllocLarge,2B,0.262,0.0,0.000,0.00,14.738,14.738,2,7.778,0.039,0,99.52,0.001,0,36.11,0.289,100,0.56,14.401,49,50.00,0.00,0,5.1,0.089
1519,9062.656,AllocLarge,2B,0.323,16.7,0.000,0.00,15.538,11.537,2,7.778,0.039,0,0.00,0.001,0,36.11,0.289,100,0.56,11.201,56,35.72,0.00,0,7.1,0.071
1520,9068.509,AllocLarge,2B,0.333,25.0,0.000,0.00,15.538,14.738,2,7.778,0.039,0,98.36,0.001,0,36.11,0.289,100,0.56,14.401,47,50.00,0.00,0,6.0,0.082
1521,9073.145,AllocLarge,2B,0.298,16.7,0.108,22.13,15.538,11.538,2,7.778,0.039,0,0.00,0.001,0,36.11,0.289,100,0.56,11.201,56,35.72,0.00,0,6.1,0.083
1522,9078.874,AllocLarge,2B,0.261,0.0,0.000,0.00,14.738,14.738,2,7.778,0.039,0,98.37,0.001,0,36.11,0.289,100,0.56,14.401,49,50.00,0.00,0,4.9,0.079
1523,9083.161,AllocLarge,2B,0.288,20.0,0.000,0.00,15.538,11.538,2,7.778,0.039,0,0.00,0.001,0,36.11,0.289,100,0.56,11.201,56,35.72,0.00,0,6.2,0.083
1524,9088.760,AllocLarge,2B,0.294,16.7,0.000,0.00,14.739,14.739,2,7.778,0.040,0,98.38,0.001,0,36.11,0.289,100,0.56,14.401,49,50.00,0.00,0,5.5,0.080
1525,9093.429,AllocLarge,2B,0.274,0.0,0.000,0.00,15.539,11.538,2,7.778,0.040,0,0.00,0.001,0,36.11,0.289,100,0.56,11.201,56,35.72,0.00,0,5.6,0.078
1526,9099.076,AllocLarge,2B,0.288,14.3,0.000,0.00,14.739,14.739,2,7.778,0.040,0,98.40,0.001,0,36.11,0.289,100,0.56,14.401,49,50.00,0.00,0,5.4,0.096
1527,9103.450,AllocLarge,2B,0.310,16.7,0.000,0.00,15.539,11.539,2,7.778,0.040,0,0.00,0.001,0,36.11,0.289,100,0.56,11.201,56,35.72,0.00,0,6.5,0.110
1528,9109.525,AllocLarge,2B,0.311,0.0,0.000,0.00,14.739,14.739,2,7.778,0.040,0,98.41,0.001,0,36.11,0.289,100,0.56,14.401,49,50.00,0.00,0,5.4,0.101
1529,9114.068,AllocLarge,2B,0.261,0.0,0.000,0.00,15.539,11.539,2,7.778,0.040,0,0.00,0.001,0,36.11,0.289,100,0.56,11.201,56,35.72,0.00,0,5.5,0.079
1530,9119.543,AllocLarge,2B,0.303,16.7,0.000,0.00,14.740,14.740,2,7.778,0.041,0,98.42,0.001,0,36.11,0.289,100,0.56,14.401,49,50.00,0.00,0,5.8,0.083
1531,9123.792,AllocLarge,2B,0.249,16.7,0.000,0.00,15.540,11.539,2,7.778,0.041,0,0.00,0.001,0,36.11,0.289,100,0.56,11.201,56,35.72,0.00,0,5.4,0.049
1532,9129.401,AllocLarge,2B,0.262,16.7,0.000,0.00,15.540,14.740,2,7.778,0.041,0,98.44,0.001,0,36.11,0.289,100,0.56,14.401,47,50.00,0.00,0,5.0,0.081
1533,9133.551,AllocLarge,2B,0.299,16.7,0.108,22.28,15.540,11.540,2,7.778,0.041,0,0.00,0.001,0,36.11,0.289,100,0.56,11.201,56,35.72,0.00,0,6.2,0.081
1534,9139.729,AllocLarge,2B,0.305,0.0,0.000,0.00,14.740,14.740,2,7.778,0.041,0,99.55,0.001,0,36.11,0.289,100,0.56,14.401,49,50.00,0.00,0,5.5,0.097
1535,9144.661,AllocLarge,2B,0.345,16.7,0.000,0.00,15.540,11.540,2,7.778,0.041,0,0.00,0.001,0,36.11,0.289,100,0.56,11.201,56,35.72,0.00,0,6.4,0.073
1536,9150.933,AllocLarge,2B,0.302,16.7,0.000,0.00,15.541,14.741,2,7.778,0.042,0,98.46,0.001,0,36.11,0.289,100,0.56,14.401,47,50.00,0.00,0,5.2,0.082
1537,9155.835,AllocLarge,2B,0.308,0.0,0.000,0.00,15.541,11.540,2,7.778,0.042,0,0.00,0.001,0,36.11,0.289,100,0.56,11.201,56,35.72,0.00,0,6.0,0.083
1538,9161.753,AllocLarge,2B,0.270,0.0,0.000,0.00,14.741,14.741,2,7.778,0.042,0,98.47,0.001,0,36.11,0.289,100,0.56,14.401,49,50.00,0.00,0,4.8,0.081
1539,9165.990,AllocLarge,2B,0.399,0.0,0.000,0.00,15.541,11.541,2,7.778,0.042,0,0.00,0.001,0,36.11,0.289,100,0.56,11.201,56,35.72,0.00,0,8.5,0.125
1540,9172.470,AllocLarge,2B,0.287,0.0,0.000,0.00,14.741,14.741,2,7.778,0.042,0,99.56,0.001,0,36.11,0.289,100,0.56,14.401,49,50.00,0.00,0,4.8,0.106
1541,9176.978,AllocLarge,2B,0.302,0.0,0.000,0.00,15.541,11.541,2,7.778,0.042,0,0.00,0.001,0,36.11,0.289,100,0.56,11.201,56,35.72,0.00,0,6.2,0.083
1542,9182.793,AllocLarge,2B,0.260,16.7,0.000,0.00,14.742,14.742,2,7.778,0.043,0,98.50,0.001,0,36.11,0.289,100,0.56,14.401,49,50.00,0.00,0,4.7,0.078
1543,9187.032,AllocLarge,2B,0.299,20.0,0.000,0.00,15.542,11.541,2,7.778,0.043,0,0.00,0.001,0,36.11,0.289,100,0.56,11.201,56,35.72,0.00,0,6.5,0.085
1544,9192.666,AllocLarge,2B,0.273,16.7,0.000,0.00,14.742,14.742,2,7.778,0.043,0,98.51,0.001,0,36.11,0.289,100,0.56,14.401,49,50.00,0.00,0,5.2,0.079
1545,9196.888,AllocLarge,2B,0.269,0.0,0.108,24.13,15.542,11.542,2,7.778,0.043,0,0.00,0.001,0,36.11,0.289,100,0.56,11.201,56,35.72,0.00,0,6.0,0.082
1546,9202.548,AllocLarge,2B,0.292,16.7,0.000,0.00,14.742,14.742,2,7.778,0.043,0,98.52,0.001,0,36.11,0.289,100,0.56,14.401,49,50.00,0.00,0,5.4,0.079
1547,9206.733,AllocLarge,2B,0.302,0.0,0.000,0.00,15.542,11.542,2,7.778,0.043,0,0.00,0.001,0,36.11,0.289,100,0.56,11.201,56,35.72,0.00,0,6.7,0.105
1548,9212.350,AllocLarge,2B,0.264,0.0,0.000,0.00,14.743,14.743,2,7.778,0.044,0,98.53,0.001,0,36.11,0.289,100,0.56,14.401,49,50.00,0.00,0,5.0,0.080
1549,9216.551,AllocLarge,2B,0.248,20.0,0.000,0.00,15.543,11.542,2,7.778,0.044,0,0.00,0.001,0,36.11,0.289,100,0.56,11.201,56,35.72,0.00,0,5.5,0.069
1550,9222.032,AllocLarge,2B,0.275,0.0,0.000,0.00,15.543,14.743,2,7.778,0.044,0,98.54,0.001,0,36.11,0.289,100,0.56,14.401,47,50.00,0.00,0,5.3,0.090
1551,9226.442,AllocLarge,2B,0.333,0.0,0.000,0.00,15.543,11.543,2,7.778,0.044,0,0.00,0.001,0,36.11,0.289,100,0.56,11.201,56,35.72,0.00,0,7.0,0.112
1552,9232.176,AllocLarge,2B,0.283,16.7,0.000,0.00,14.743,14.743,2,7.778,0.044,0,98.56,0.001,0,36.11,0.289,100,0.56,14.401,49,50.00,0.00,0,5.3,0.077
1553,9236.429,AllocLarge,2B,0.275,20.0,0.000,0.00,15.543,11.543,2,7.778,0.044,0,0.00,0.001,0,36.11,0.289,100,0.56,11.201,56,35.72,0.00,0,6.2,0.079
1554,9242.028,AllocLarge,2B,0.254,0.0,0.000,0.00,14.744,14.744,2,7.778,0.045,0,98.57,0.001,0,36.11,0.289,100,0.56,14.401,49,50.00,0.00,0,4.7,0.079
1555,9246.100,AllocLarge,2B,0.245,20.0,0.000,0.00,15.544,11.543,2,7.778,0.045,0,0.00,0.001,0,36.11,0.289,100,0.56,11.201,56,35.72,0.00,0,5.6,0.086
1556,9251.495,AllocLarge,2B,0.206,0.0,0.000,0.00,14.744,14.744,2,7.778,0.045,0,98.58,0.001,0,36.11,0.289,100,0.56,14.401,49,50.00,0.00,0,4.1,0.073
1557,9255.548,AllocLarge,2B,0.274,0.0,0.108,24.29,15.544,11.544,2,7.778,0.045,0,0.00,0.001,0,36.11,0.289,100,0.56,11.201,56,35.72,0.00,0,6.2,0.076
1558,9261.191,AllocLarge,2B,0.256,0.0,0.000,0.00,14.744,14.744,2,7.778,0.045,0,98.59,0.001,0,36.11,0.289,100,0.56,14.401,49,50.00,0.00,0,4.8,0.079
1559,9265.418,AllocLarge,2B,0.268,0.0,0.000,0.00,15.544,11.544,2,7.778,0.045,0,0.00,0.001,0,36.11,0.289,100,0.56,11.201,56,35.72,0.00,0,5.9,0.081
1560,9271.337,AllocLarge,2B,0.271,0.0,0.000,0.00,14.745,14.745,2,7.778,0.046,0,98.60,0.001,0,36.11,0.289,100,0.56,14.401,49,50.00,0.00,0,4.8,0.080
1561,9275.554,AllocLarge,2B,0.391,20.0,0.000,0.00,15.545,11.544,2,7.778,0.046,0,0.00,0.001,0,36.11,0.289,100,0.56,11.201,56,35.72,0.00,0,8.4,0.149
1562,9281.599,AllocLarge,2B,0.251,0.0,0.000,0.00,14.745,14.745,2,7.778,0.046,0,98.61,0.001,0,36.11,0.289,100,0.56,14.401,49,50.00,0.00,0,4.5,0.075
1563,9285.737,AllocLarge,2B,0.266,20.0,0.000,0.00,15.545,11.545,2,7.778,0.046,0,0.00,0.001,0,36.11,0.289,100,0.56,11.201,56,35.72,0.00,0,5.9,0.079
1564,9291.738,AllocLarge,2B,0.290,16.7,0.000,0.00,14.745,14.745,2,7.778,0.046,0,98.62,0.001,0,36.11,0.289,100,0.56,14.401,49,50.00,0.00,0,5.1,0.082
1565,9296.494,AllocLarge,2B,0.283,0.0,0.000,0.00,15.545,11.545,2,7.778,0.046,0,0.00,0.001,0,36.11,0.289,100,0.56,11.201,56,35.72,0.00,0,5.6,0.080
1566,9302.242,AllocLarge,2B,0.331,14.3,0.000,0.00,14.746,14.746,2,7.778,0.047,0,98.63,0.001,0,36.11,0.289,100,0.56,14.401,49,50.00,0.00,0,5.9,0.083
1567,9306.783,AllocLarge,2B,0.325,16.7,0.000,0.00,15.546,11.545,2,7.778,0.047,0,0.00,0.001,0,36.11,0.289,100,0.56,11.201,56,35.72,0.00,0,6.8,0.105
1568,9312.533,AllocLarge,2B,0.293,0.0,0.000,0.00,14.746,14.746,2,7.778,0.047,0,98.64,0.001,0,36.11,0.289,100,0.56,14.401,49,50.00,0.00,0,5.4,0.094
1569,9316.977,AllocLarge,2B,0.273,20.0,0.108,22.84,15.546,11.546,2,7.778,0.047,0,0.00,0.001,0,36.11,0.289,100,0.56,11.201,56,35.72,0.00,0,5.8,0.082
1570,9322.884,AllocLarge,2B,0.310,0.0,0.000,0.00,14.746,14.746,2,7.778,0.047,0,98.65,0.001,0,36.11,0.289,100,0.56,14.401,49,50.00,0.00,0,5.4,0.083
1571,9327.460,AllocLarge,2B,0.293,40.0,0.000,0.00,15.546,11.546,2,7.778,0.047,0,0.00,0.001,0,36.11,0.289,100,0.56,11.201,56,35.72,0.00,0,6.1,0.084
1572,9333.121,AllocLarge,2B,0.275,16.7,0.000,0.00,14.747,14.747,2,7.778,0.048,0,98.66,0.001,0,36.11,0.289,100,0.56,14.401,49,50.00,0.00,0,5.1,0.084
1573,9337.513,AllocLarge,2B,0.274,0.0,0.000,0.00,15.547,11.546,2,7.778,0.048,0,1.48,0.001,0,36.11,0.289,100,0.56,11.201,56,35.72,0.00,0,5.9,0.081
1574,9343.455,AllocLarge,2B,0.290,0.0,0.000,0.00,14.747,14.747,2,7.778,0.048,0,98.67,0.001,0,36.11,0.289,100,0.56,14.401,49,50.00,0.00,0,5.1,0.087
1575,9348.135,AllocLarge,2B,0.294,0.0,0.000,0.00,15.547,11.547,2,7.778,0.048,0,0.00,0.001,0,36.11,0.289,100,0.56,11.201,56,35.72,0.00,0,6.0,0.101
1576,9354.071,AllocLarge,2B,0.295,0.0,0.000,0.00,14.747,14.747,2,7.778,0.048,0,98.68,0.001,0,36.11,0.289,100,0.56,14.401,49,50.00,0.00,0,5.2,0.085
1577,9358.665,AllocLarge,2B,0.297,20.0,0.000,0.00,15.547,11.547,2,7.778,0.048,0,1.46,0.001,0,36.11,0.289,100,0.56,11.201,56,35.72,0.00,0,6.2,0.082
1578,9364.917,AllocLarge,2B,0.323,12.5,0.000,0.00,14.748,14.748,2,7.778,0.049,0,98.69,0.001,0,36.11,0.289,100,0.56,14.401,49,50.00,0.00,0,5.3,0.102
1579,9369.620,AllocLarge,2B,0.371,16.7,0.000,0.00,15.548,11.547,2,7.778,0.049,0,1.45,0.001,0,36.11,0.289,100,0.56,11.201,56,35.72,0.00,0,7.5,0.084
1580,9375.770,AllocLarge,2B,0.367,16.7,0.000,0.00,14.748,14.748,2,7.778,0.049,0,98.69,0.001,0,36.11,0.289,100,0.56,14.401,49,50.00,0.00,0,6.2,0.107
1581,9380.804,AllocLarge,2B,0.315,14.3,0.108,20.27,15.548,11.548,2,7.778,0.049,0,0.00,0.001,0,36.11,0.289,100,0.56,11.201,56,35.72,0.00,0,5.9,0.083
1582,9387.003,AllocLarge,2B,0.321,0.0,0.000,0.00,14.748,14.748,2,7.778,0.049,0,98.70,0.001,0,36.11,0.289,100,0.56,14.401,49,50.00,0.00,0,5.5,0.086
1583,9391.835,AllocLarge,2B,0.347,16.7,0.000,0.00,15.548,11.548,2,7.778,0.049,0,0.00,0.001,0,36.11,0.289,100,0.56,11.201,56,35.72,0.00,0,6.8,0.103
1584,9397.820,AllocLarge,2B,0.300,0.0,0.000,0.00,14.749,14.749,2,7.778,0.050,0,98.71,0.001,0,36.11,0.289,100,0.56,14.401,49,50.00,0.00,0,5.3,0.102
1585,9402.330,AllocLarge,2B,0.314,16.7,0.000,0.00,15.549,11.548,2,7.778,0.050,0,0.00,0.001,0,36.11,0.289,100,0.56,11.201,56,35.72,0.00,0,6.4,0.087
1586,9408.615,AllocLarge,2B,0.347,0.0,0.000,0.00,14.749,14.749,2,7.778,0.050,0,98.72,0.001,0,36.11,0.289,100,0.56,14.401,49,50.00,0.00,0,5.8,0.111
1587,9413.185,AllocLarge,2B,0.323,33.3,0.000,0.00,15.549,11.549,2,7.778,0.050,0,1.41,0.001,0,36.11,0.289,100,0.56,11.201,56,35.72,0.00,0,6.8,0.084
1588,9419.404,AllocLarge,2B,0.288,0.0,0.000,0.00,14.749,14.749,2,7.778,0.050,0,98.73,0.001,0,36.11,0.289,100,0.56,14.401,49,50.00,0.00,0,4.8,0.089
1589,9424.001,AllocLarge,2B,0.294,20.0,0.000,0.00,15.549,11.549,2,7.778,0.050,0,0.00,0.001,0,36.11,0.289,100,0.56,11.201,56,35.72,0.00,0,6.0,0.085
1590,9430.131,AllocLarge,2B,0.300,0.0,0.000,0.00,14.750,14.750,2,7.778,0.051,0,98.74,0.001,0,36.11,0.289,100,0.56,14.401,49,50.00,0.00,0,5.1,0.080
1591,9434.752,AllocLarge,2B,0.306,20.0,0.000,0.00,15.550,11.549,2,7.778,0.051,0,0.00,0.001,0,36.11,0.289,100,0.56,11.201,56,35.72,0.00,0,6.2,0.113
1592,9440.746,AllocLarge,2B,0.275,0.0,0.000,0.00,14.750,14.750,2,7.778,0.051,0,98.75,0.001,0,36.11,0.289,100,0.56,14.401,49,50.00,0.00,0,4.9,0.081
1593,9445.333,AllocLarge,2B,0.358,14.3,0.108,20.70,15.550,11.550,2,7.778,0.051,0,0.00,0.001,0,36.11,0.289,100,0.56,11.201,56,35.72,0.00,0,6.9,0.150
1594,9451.561,AllocLarge,2B,0.292,14.3,0.000,0.00,14.750,14.750,2,7.778,0.051,0,98.75,0.001,0,36.11,0.289,100,0.56,14.401,49,50.00,0.00,0,5.1,0.082
1595,9456.150,AllocLarge,2B,0.386,16.7,0.000,0.00,15.550,11.550,2,7.778,0.051,0,1.37,0.001,0,36.11,0.289,100,0.56,11.201,56,35.72,0.00,0,7.7,0.086
1596,9462.395,AllocLarge,2B,0.292,16.7,0.000,0.00,14.751,14.751,2,7.778,0.052,0,98.76,0.001,0,36.11,0.289,100,0.56,14.401,49,50.00,0.00,0,5.0,0.082
1597,9466.709,AllocLarge,2B,0.269,0.0,0.000,0.00,15.551,11.550,2,7.778,0.052,0,1.36,0.001,0,36.11,0.289,100,0.56,11.201,56,35.72,0.00,0,5.9,0.083
1598,9472.333,AllocLarge,2B,0.291,0.0,0.000,0.00,14.751,14.751,2,7.778,0.052,0,98.77,0.001,0,36.11,0.289,100,0.56,14.401,49,50.00,0.00,0,5.4,0.080
1599,9476.614,AllocLarge,2B,0.288,0.0,0.000,0.00,15.551,11.551,2,7.778,0.052,0,0.00,0.001,0,36.11,0.289,100,0.56,11.201,56,35.72,0.00,0,6.4,0.078
1600,9482.265,AllocLarge,2B,0.271,16.7,0.000,0.00,14.751,14.751,2,7.778,0.052,0,99.65,0.001,0,36.11,0.289,100,0.56,14.401,49,50.00,0.00,0,5.0,0.079
1601,9486.500,AllocLarge,2B,0.303,16.7,0.000,0.00,15.551,11.551,2,7.778,0.052,0,0.00,0.001,0,36.11,0.289,100,0.56,11.201,56,35.72,0.00,0,6.5,0.085
1602,9492.212,AllocLarge,2B,0.287,0.0,0.000,0.00,15.552,14.752,2,7.778,0.053,0,98.79,0.001,0,36.11,0.289,100,0.56,14.401,47,50.00,0.00,0,5.5,0.080
1603,9496.594,AllocLarge,2B,0.296,20.0,0.000,0.00,15.552,11.551,2,7.778,0.053,0,0.00,0.001,0,36.11,0.289,100,0.56,11.201,56,35.72,0.00,0,6.4,0.082
1604,9502.423,AllocLarge,2B,0.284,14.3,0.000,0.00,14.752,14.752,2,7.778,0.053,0,98.79,0.001,0,36.11,0.289,100,0.56,14.401,49,50.00,0.00,0,5.1,0.083
1605,9506.809,AllocLarge,2B,0.281,0.0,0.108,23.29,15.552,11.552,2,7.778,0.053,0,0.00,0.001,0,36.11,0.289,100,0.56,11.201,56,35.72,0.00,0,6.1,0.082
1606,9512.843,AllocLarge,2B,0.277,0.0,0.000,0.00,14.752,14.752,2,7.778,0.053,0,98.80,0.001,0,36.11,0.289,100,0.56,14.401,49,50.00,0.00,0,4.8,0.083
1607,9517.161,AllocLarge,2B,0.273,0.0,0.000,0.00,15.552,11.552,2,7.778,0.053,0,0.00,0.001,0,36.11,0.289,100,0.56,11.201,56,35.72,0.00,0,6.0,0.083
1608,9522.695,AllocLarge,2B,0.323,14.3,0.000,0.00,14.753,14.753,2,7.778,0.054,0,98.81,0.001,0,36.11,0.289,100,0.56,14.401,49,50.00,0.00,0,6.0,0.100
1609,9527.496,AllocLarge,2B,0.323,33.3,0.000,0.00,15.553,11.552,2,7.778,0.054,0,0.00,0.001,0,36.11,0.289,100,0.56,11.201,56,35.72,0.00,0,6.4,0.106
1610,9533.405,AllocLarge,2B,0.267,0.0,0.000,0.00,14.753,14.753,2,7.778,0.054,0,98.82,0.001,0,36.11,0.289,100,0.56,14.401,49,50.00,0.00,0,4.8,0.077
1611,9537.689,AllocLarge,2B,0.260,20.0,0.000,0.00,15.553,11.553,2,7.778,0.054,0,0.00,0.001,0,36.11,0.289,100,0.56,11.201,56,35.72,0.00,0,5.7,0.079
1612,9543.476,AllocLarge,2B,0.422,0.0,0.000,0.00,14.753,14.753,2,7.778,0.054,0,98.82,0.001,0,36.11,0.289,100,0.56,14.401,49,50.00,0.00,0,7.4,0.082
1613,9547.877,AllocLarge,2B,0.280,20.0,0.000,0.00,15.553,11.553,2,7.778,0.054,0,0.00,0.001,0,36.11,0.289,100,0.56,11.201,56,35.72,0.00,0,6.0,0.076
1614,9553.664,AllocLarge,2B,0.315,28.6,0.000,0.00,14.754,14.754,2,7.778,0.055,0,98.83,0.001,0,36.11,0.289,100,0.56,14.401,49,50.00,0.00,0,5.8,0.079
1615,9558.000,AllocLarge,2B,0.274,20.0,0.000,0.00,15.554,11.553,2,7.778,0.055,0,0.00,0.001,0,36.11,0.289,100,0.56,11.201,56,35.72,0.00,0,6.0,0.083
1616,9563.827,AllocLarge,2B,0.252,0.0,0.000,0.00,14.754,14.754,2,7.778,0.055,0,98.84,0.001,0,36.11,0.289,100,0.56,14.401,49,50.00,0.00,0,4.6,0.076
1617,9568.011,AllocLarge,2B,0.285,0.0,0.108,23.79,15.554,11.554,2,7.778,0.055,0,0.00,0.001,0,36.11,0.289,100,0.56,11.201,56,35.72,0.00,0,6.3,0.083
1618,9573.510,AllocLarge,2B,0.250,0.0,0.000,0.00,14.754,14.754,2,7.778,0.055,0,98.84,0.001,0,36.11,0.289,100,0.56,14.401,49,50.00,0.00,0,4.8,0.077
1619,9577.694,AllocLarge,2B,0.256,20.0,0.000,0.00,15.554,11.554,2,7.778,0.055,0,0.00,0.001,0,36.11,0.289,100,0.56,11.201,56,35.72,0.00,0,5.7,0.079
1620,9583.116,AllocLarge,2B,0.281,16.7,0.000,0.00,14.755,14.755,2,7.778,0.056,0,98.85,0.001,0,36.11,0.289,100,0.56,14.401,49,50.00,0.00,0,5.5,0.087
1621,9587.268,AllocLarge,2B,0.256,16.7,0.000,0.00,15.555,11.554,2,7.778,0.056,0,0.00,0.001,0,36.11,0.289,100,0.56,11.201,56,35.72,0.00,0,5.7,0.080
1622,9592.779,AllocLarge,2B,0.258,0.0,0.000,0.00,14.755,14.755,2,7.778,0.056,0,98.86,0.001,0,36.11,0.289,100,0.56,14.401,49,50.00,0.00,0,5.0,0.087
1623,9596.935,AllocLarge,2B,0.291,20.0,0.000,0.00,15.555,11.555,2,7.778,0.056,0,0.00,0.001,0,36.11,0.289,100,0.56,11.201,56,35.72,0.00,0,6.5,0.099
1624,9602.330,AllocLarge,2B,0.273,0.0,0.000,0.00,14.755,14.755,2,7.778,0.056,0,98.87,0.001,0,36.11,0.289,100,0.56,14.401,49,50.00,0.00,0,5.3,0.086
1625,9606.639,AllocLarge,2B,0.343,20.0,0.000,0.00,15.555,11.555,2,7.778,0.056,0,0.00,0.001,0,36.11,0.289,100,0.56,11.201,56,35.72,0.00,0,7.3,0.085
1626,9612.375,AllocLarge,2B,0.266,20.0,0.000,0.00,14.756,14.756,2,7.778,0.057,0,98.87,0.001,0,36.11,0.289,100,0.56,14.401,49,50.00,0.00,0,5.0,0.079
1627,9616.485,AllocLarge,2B,0.271,20.0,0.000,0.00,15.556,11.555,2,7.778,0.057,0,0.00,0.001,0,36.11,0.289,100,0.56,11.201,56,35.72,0.00,0,6.2,0.078
1628,9621.930,AllocLarge,2B,0.286,0.0,0.000,0.00,14.756,14.756,2,7.778,0.057,0,98.88,0.001,0,36.11,0.289,100,0.56,14.401,49,50.00,0.00,0,5.4,0.083
1629,9626.285,AllocLarge,2B,0.269,16.7,0.108,23.16,15.556,11.556,2,7.778,0.057,0,0.00,0.001,0,36.11,0.289,100,0.56,11.201,56,35.72,0.00,0,5.8,0.080
1630,9631.822,AllocLarge,2B,0.270,0.0,0.000,0.00,14.756,14.756,2,7.778,0.057,0,98.89,0.001,0,36.11,0.289,100,0.56,14.401,49,50.00,0.00,0,5.2,0.094
1631,9636.147,AllocLarge,2B,0.299,14.3,0.000,0.00,15.556,11.556,2,7.778,0.057,0,0.00,0.001,0,36.11,0.289,100,0.56,11.201,56,35.72,0.00,0,6.5,0.100
1632,9641.699,AllocLarge,2B,0.264,0.0,0.000,0.00,14.757,14.757,2,7.778,0.058,0,98.89,0.001,0,36.11,0.289,100,0.56,14.401,49,50.00,0.00,0,5.0,0.082
1633,9645.920,AllocLarge,2B,0.382,16.7,0.000,0.00,15.557,11.556,2,7.778,0.058,0,0.00,0.001,0,36.11,0.289,100,0.56,11.201,56,35.72,0.00,0,8.2,0.152
1634,9651.688,AllocLarge,2B,0.291,16.7,0.000,0.00,14.757,14.757,2,7.778,0.058,0,98.90,0.001,0,36.11,0.289,100,0.56,14.401,49,50.00,0.00,0,5.5,0.081
1635,9655.872,AllocLarge,2B,0.252,20.0,0.000,0.00,15.557,11.557,2,7.778,0.058,0,0.00,0.001,0,36.11,0.289,100,0.56,11.201,56,35.72,0.00,0,5.7,0.078
1636,9661.309,AllocLarge,2B,0.269,0.0,0.000,0.00,14.757,14.757,2,7.778,0.058,0,98.90,0.001,0,36.11,0.289,100,0.56,14.401,49,50.00,0.00,0,5.2,0.090
1637,9665.523,AllocLarge,2B,0.302,0.0,0.000,0.00,15.557,11.557,2,7.778,0.058,0,0.00,0.001,0,36.11,0.289,100,0.56,11.201,56,35.72,0.00,0,6.6,0.084
1638,9671.330,AllocLarge,2B,0.307,0.0,0.000,0.00,14.758,14.758,2,7.778,0.059,0,98.91,0.001,0,36.11,0.289,100,0.56,14.401,49,50.00,0.00,0,5.6,0.107
1639,9675.757,AllocLarge,2B,0.247,0.0,0.000,0.00,15.558,11.557,2,7.778,0.059,0,0.00,0.001,0,36.11,0.289,100,0.56,11.201,56,35.72,0.00,0,5.3,0.078
1640,9681.239,AllocLarge,2B,0.330,0.0,0.000,0.00,14.758,14.758,2,7.778,0.059,0,98.92,0.001,0,36.11,0.289,100,0.56,14.401,49,50.00,0.00,0,6.2,0.104
1641,9685.693,AllocLarge,2B,0.306,14.3,0.108,22.95,15.558,11.558,2,7.778,0.059,0,0.00,0.001,0,36.11,0.289,100,0.56,11.201,56,35.72,0.00,0,6.5,0.100
1642,9691.739,AllocLarge,2B,0.268,0.0,0.000,0.00,14.758,14.758,2,7.778,0.059,0,98.92,0.001,0,36.11,0.289,100,0.56,14.401,49,50.00,0.00,0,4.7,0.082
1643,9696.319,AllocLarge,2B,0.319,16.7,0.000,0.00,15.558,11.558,2,7.778,0.059,0,0.00,0.001,0,36.11,0.289,100,0.56,11.201,56,35.72,0.00,0,6.4,0.083
1644,9702.222,AllocLarge,2B,0.266,0.0,0.000,0.00,14.759,14.759,2,7.778,0.060,0,98.93,0.001,0,36.11,0.289,100,0.56,14.401,49,50.00,0.00,0,4.8,0.080
1645,9706.589,AllocLarge,2B,0.299,16.7,0.000,0.00,15.559,11.558,2,7.778,0.060,0,0.00,0.001,0,36.11,0.289,100,0.56,11.201,56,35.72,0.00,0,6.4,0.080
1646,9712.257,AllocLarge,2B,0.286,0.0,0.000,0.00,14.759,14.759,2,7.778,0.060,0,99.69,0.001,0,36.11,0.289,100,0.56,14.401,49,50.00,0.00,0,5.4,0.092
1647,9716.748,AllocLarge,2B,0.269,16.7,0.000,0.00,15.559,11.559,2,7.778,0.060,0,0.00,0.001,0,36.11,0.289,100,0.56,11.201,56,35.72,0.00,0,5.6,0.079
1648,9722.263,AllocLarge,2B,0.289,16.7,0.000,0.00,14.759,14.759,2,7.778,0.060,0,98.94,0.001,0,36.11,0.289,100,0.56,14.401,49,50.00,0.00,0,5.5,0.100
1649,9726.601,AllocLarge,2B,0.324,33.3,0.000,0.00,15.559,11.559,2,7.778,0.060,0,0.00,0.001,0,36.11,0.289,100,0.56,11.201,56,35.72,0.00,0,6.9,0.086
1650,9732.505,AllocLarge,2B,0.260,0.0,0.000,0.00,14.760,14.760,2,7.778,0.061,0,98.95,0.001,0,36.11,0.289,100,0.56,14.401,49,50.00,0.00,0,4.7,0.079
1651,9736.933,AllocLarge,2B,0.226,14.3,0.000,0.00,15.560,11.560,2,7.778,0.061,0,0.00,0.001,0,36.11,0.289,100,0.56,11.201,56,35.72,0.00,0,4.8,0.076
1652,9742.386,AllocLarge,2B,0.231,0.0,0.000,0.00,14.760,14.760,2,7.778,0.061,0,98.95,0.001,0,36.11,0.289,100,0.56,14.401,49,50.00,0.00,0,4.5,0.073
1653,9746.594,AllocLarge,2B,0.276,0.0,0.108,23.60,15.560,11.560,2,7.778,0.061,0,0.00,0.001,0,36.11,0.289,100,0.56,11.201,56,35.72,0.00,0,6.0,0.081
1654,9752.287,AllocLarge,2B,0.251,0.0,0.000,0.00,14.760,14.760,2,7.778,0.061,0,98.96,0.001,0,36.11,0.289,100,0.56,14.401,49,50.00,0.00,0,4.7,0.074
1655,9756.540,AllocLarge,2B,0.258,0.0,0.000,0.00,15.560,11.560,2,7.778,0.061,0,0.00,0.001,0,36.11,0.289,100,0.56,11.201,56,35.72,0.00,0,5.7,0.080
1656,9762.121,AllocLarge,2B,0.292,0.0,0.000,0.00,14.761,14.761,2,7.778,0.062,0,98.96,0.001,0,36.11,0.289,100,0.56,14.401,49,50.00,0.00,0,5.5,0.099
1657,9766.387,AllocLarge,2B,0.333,16.7,0.000,0.00,15.561,11.561,2,7.778,0.062,0,0.00,0.001,0,36.11,0.289,100,0.56,11.201,56,35.72,0.00,0,7.2,0.085
1658,9772.164,AllocLarge,2B,0.281,0.0,0.000,0.00,14.761,14.761,2,7.778,0.062,0,98.97,0.001,0,36.11,0.289,100,0.56,14.401,49,50.00,0.00,0,5.2,0.107
1659,9776.360,AllocLarge,2B,0.293,20.0,0.000,0.00,15.561,11.561,2,7.778,0.062,0,0.00,0.001,0,36.11,0.289,100,0.56,11.201,56,35.72,0.00,0,6.4,0.084
1660,9781.862,AllocLarge,2B,0.255,0.0,0.000,0.00,14.761,14.761,2,7.778,0.062,0,98.98,0.001,0,36.11,0.289,100,0.56,14.401,49,50.00,0.00,0,5.0,0.076
1661,9786.000,AllocLarge,2B,0.303,20.0,0.000,0.00,15.561,11.561,2,7.778,0.062,0,0.00,0.001,0,36.11,0.289,100,0.56,11.201,56,35.72,0.00,0,6.7,0.077
1662,9791.461,AllocLarge,2B,0.354,14.3,0.000,0.00,14.762,14.762,2,7.778,0.063,0,98.98,0.001,0,36.11,0.289,100,0.56,14.401,49,50.00,0.00,0,6.8,0.129
1663,9795.947,AllocLarge,2B,0.272,16.7,0.000,0.00,15.562,11.562,2,7.778,0.063,0,0.00,0.001,0,36.11,0.289,100,0.56,11.201,56,35.72,0.00,0,5.8,0.079
1664,9801.511,AllocLarge,2B,0.267,0.0,0.000,0.00,14.762,14.762,2,7.778,0.063,0,99.71,0.001,0,36.11,0.289,100,0.56,14.401,49,50.00,0.00,0,5.1,0.091
1665,9805.675,AllocLarge,2B,0.329,20.0,0.108,23.63,15.562,11.562,2,7.778,0.063,0,0.00,0.001,0,36.11,0.289,100,0.56,11.201,56,35.72,0.00,0,7.2,0.132
1666,9811.227,AllocLarge,2B,0.290,20.0,0.000,0.00,14.762,14.762,2,7.778,0.063,0,98.99,0.001,0,36.11,0.289,100,0.56,14.401,49,50.00,0.00,0,5.6,0.080
1667,9815.354,AllocLarge,2B,0.288,0.0,0.000,0.00,15.562,11.562,2,7.778,0.063,0,0.00,0.001,0,36.11,0.289,100,0.56,11.201,56,35.72,0.00,0,6.5,0.082
1668,9820.918,AllocLarge,2B,0.253,0.0,0.000,0.00,14.763,14.763,2,7.778,0.064,0,99.00,0.001,0,36.11,0.289,100,0.56,14.401,49,50.00,0.00,0,4.8,0.079
1669,9825.106,AllocLarge,2B,0.292,14.3,0.000,0.00,15.563,11.563,2,7.778,0.064,0,0.00,0.001,0,36.11,0.289,100,0.56,11.201,56,35.72,0.00,0,6.4,0.093
1670,9830.711,AllocLarge,2B,0.279,0.0,0.000,0.00,14.763,14.763,2,7.778,0.064,0,99.00,0.001,0,36.11,0.289,100,0.56,14.401,49,50.00,0.00,0,5.3,0.078
1671,9834.954,AllocLarge,2B,0.275,20.0,0.000,0.00,15.563,11.563,2,7.778,0.064,0,0.00,0.001,0,36.11,0.289,100,0.56,11.201,56,35.72,0.00,0,6.1,0.078
1672,9840.526,AllocLarge,2B,0.317,0.0,0.000,0.00,14.763,14.763,2,7.778,0.064,0,99.01,0.001,0,36.11,0.289,100,0.56,14.401,49,50.00,0.00,0,5.9,0.106
1673,9845.070,AllocLarge,2B,0.378,0.0,0.000,0.00,15.563,11.563,2,7.778,0.064,0,0.00,0.001,0,36.11,0.289,100,0.56,11.201,56,35.72,0.00,0,7.6,0.143
1674,9850.730,AllocLarge,2B,0.265,0.0,0.000,0.00,14.764,14.764,2,7.778,0.065,0,99.01,0.001,0,36.11,0.289,100,0.56,14.401,49,50.00,0.00,0,5.1,0.079
1675,9854.984,AllocLarge,2B,0.307,16.7,0.000,0.00,15.564,11.564,2,7.778,0.065,0,0.00,0.001,0,36.11,0.289,100,0.56,11.201,56,35.72,0.00,0,6.7,0.119
1676,9860.619,AllocLarge,2B,0.319,16.7,0.000,0.00,14.764,14.764,2,7.778,0.065,0,99.02,0.001,0,36.11,0.289,100,0.56,14.401,49,50.00,0.00,0,6.0,0.112
1677,9865.035,AllocLarge,2B,0.272,16.7,0.108,22.91,15.564,11.564,2,7.778,0.065,0,0.00,0.001,0,36.11,0.289,100,0.56,11.201,56,35.72,0.00,0,5.8,0.080
1678,9870.569,AllocLarge,2B,0.245,0.0,0.000,0.00,14.764,14.764,2,7.778,0.065,0,99.02,0.001,0,36.11,0.289,100,0.56,14.401,49,50.00,0.00,0,4.7,0.077
1679,9874.758,AllocLarge,2B,0.255,16.7,0.000,0.00,15.564,11.564,2,7.778,0.065,0,0.00,0.001,0,36.11,0.289,100,0.56,11.201,56,35.72,0.00,0,5.6,0.080
1680,9880.526,AllocLarge,2B,0.272,0.0,0.000,0.00,14.765,14.765,2,7.778,0.066,0,99.03,0.001,0,36.11,0.289,100,0.56,14.401,49,50.00,0.00,0,5.0,0.079
1681,9884.662,AllocLarge,2B,0.301,20.0,0.000,0.00,15.565,11.565,2,7.778,0.066,0,0.00,0.001,0,36.11,0.289,100,0.56,11.201,56,35.72,0.00,0,6.8,0.098
1682,9890.373,AllocLarge,2B,0.274,0.0,0.000,0.00,14.765,14.765,2,7.778,0.066,0,99.03,0.001,0,36.11,0.289,100,0.56,14.401,49,50.00,0.00,0,5.1,0.076
1683,9894.699,AllocLarge,2B,0.311,16.7,0.000,0.00,15.565,11.565,2,7.778,0.066,0,0.00,0.001,0,36.11,0.289,100,0.56,11.201,56,35.72,0.00,0,6.7,0.132
1684,9900.111,AllocLarge,2B,0.245,20.0,0.000,0.00,14.765,14.765,2,7.778,0.066,0,99.04,0.001,0,36.11,0.289,100,0.56,14.401,49,50.00,0.00,0,4.8,0.078
1685,9904.239,AllocLarge,2B,0.284,0.0,0.000,0.00,15.565,11.565,2,7.778,0.066,0,1.06,0.001,0,36.11,0.289,100,0.56,11.201,56,35.72,0.00,0,6.3,0.083
1686,9910.215,AllocLarge,2B,0.275,0.0,0.000,0.00,14.766,14.766,2,7.778,0.067,0,99.04,0.001,0,36.11,0.289,100,0.56,14.401,49,50.00,0.00,0,4.9,0.073
1687,9914.378,AllocLarge,2B,0.301,20.0,0.000,0.00,15.566,11.566,2,7.778,0.067,0,0.00,0.001,0,36.11,0.289,100,0.56,11.201,56,35.72,0.00,0,6.7,0.101
1688,9920.057,AllocLarge,2B,0.252,16.7,0.000,0.00,14.766,14.766,2,7.778,0.067,0,99.05,0.001,0,36.11,0.289,100,0.56,14.401,49,50.00,0.00,0,4.7,0.075
1689,9924.231,AllocLarge,2B,0.277,20.0,0.108,23.77,15.566,11.566,2,7.778,0.067,0,0.00,0.001,0,36.11,0.289,100,0.56,11.201,56,35.72,0.00,0,6.1,0.069
1690,9929.784,AllocLarge,2B,0.288,20.0,0.000,0.00,15.567,14.766,2,7.778,0.067,0,99.05,0.001,0,36.11,0.289,100,0.56,14.401,47,50.00,0.00,0,5.5,0.079
1691,9933.987,AllocLarge,2B,0.267,0.0,0.000,0.00,15.567,11.566,2,7.778,0.067,0,0.00,0.001,0,36.11,0.289,100,0.56,11.201,56,35.72,0.00,0,6.0,0.082
1692,9939.601,AllocLarge,2B,0.305,16.7,0.000,0.00,14.767,14.767,2,7.778,0.068,0,99.73,0.001,0,36.11,0.289,100,0.56,14.401,49,50.00,0.00,0,5.7,0.092
1693,9943.751,AllocLarge,2B,0.270,0.0,0.000,0.00,15.567,11.567,2,7.778,0.068,0,0.00,0.001,0,36.11,0.289,100,0.56,11.201,56,35.72,0.00,0,6.1,0.098
1694,9949.271,AllocLarge,2B,0.257,16.7,0.000,0.00,14.767,14.767,2,7.778,0.068,0,99.06,0.001,0,36.11,0.289,100,0.56,14.401,49,50.00,0.00,0,4.9,0.088
1695,9953.466,AllocLarge,2B,0.254,0.0,0.000,0.00,15.567,11.567,2,7.778,0.068,0,0.00,0.001,0,36.11,0.289,100,0.56,11.201,56,35.72,0.00,0,5.7,0.080
1696,9958.936,AllocLarge,2B,0.244,16.7,0.000,0.00,14.767,14.767,2,7.778,0.068,0,99.07,0.001,0,36.11,0.289,100,0.56,14.401,49,50.00,0.00,0,4.7,0.075
1697,9963.068,AllocLarge,2B,0.268,0.0,0.000,0.00,15.568,11.567,2,7.778,0.068,0,0.00,0.001,0,36.11,0.289,100,0.56,11.201,56,35.72,0.00,0,6.1,0.085
1698,9968.653,AllocLarge,2B,0.270,0.0,0.000,0.00,14.768,14.768,2,7.778,0.069,0,99.07,0.001,0,36.11,0.289,100,0.56,14.401,49,50.00,0.00,0,5.1,0.079
1699,9972.881,AllocLarge,2B,0.294,16.7,0.000,0.00,15.568,11.568,2,7.778,0.069,0,0.00,0.001,0,36.11,0.289,100,0.56,11.201,56,35.72,0.00,0,6.5,0.119
1700,9978.568,AllocLarge,2B,0.257,0.0,0.000,0.00,14.768,14.768,2,7.778,0.069,0,99.07,0.001,0,36.11,0.289,100,0.56,14.401,49,50.00,0.00,0,4.8,0.079
1701,9982.759,AllocLarge,2B,0.283,0.0,0.108,23.83,15.568,11.568,2,7.778,0.069,0,0.00,0.001,0,36.11,0.289,100,0.56,11.201,56,35.72,0.00,0,6.3,0.082
1702,9988.474,AllocLarge,2B,0.310,16.7,0.000,0.00,14.768,14.768,2,7.778,0.070,0,99.08,0.001,0,36.11,0.289,100,0.56,14.401,49,50.00,0.00,0,5.7,0.082
1703,9992.918,AllocLarge,2B,0.266,20.0,0.000,0.00,15.569,11.568,2,7.778,0.070,0,0.00,0.001,0,36.11,0.289,100,0.56,11.201,56,35.72,0.00,0,5.7,0.081
1704,9998.591,AllocLarge,2B,0.301,16.7,0.000,0.00,14.769,14.769,2,7.778,0.070,0,99.08,0.001,0,36.11,0.289,100,0.56,14.401,49,50.00,0.00,0,5.5,0.112
1705,10002.844,AllocLarge,2B,0.265,20.0,0.000,0.00,15.569,11.569,2,7.778,0.070,0,0.00,0.001,0,36.11,0.289,100,0.56,11.201,56,35.72,0.00,0,5.9,0.087
1706,10008.376,AllocLarge,2B,0.265,0.0,0.000,0.00,14.769,14.769,2,7.778,0.070,0,99.09,0.001,0,36.11,0.289,100,0.56,14.401,49,50.00,0.00,0,5.1,0.081
1707,10012.590,AllocLarge,2B,0.252,14.3,0.000,0.00,15.569,11.569,2,7.778,0.070,0,0.00,0.001,0,36.11,0.289,100,0.56,11.201,56,35.72,0.00,0,5.6,0.079
1708,10018.163,AllocLarge,2B,0.261,0.0,0.000,0.00,14.769,14.769,2,7.778,0.071,0,99.09,0.001,0,36.11,0.289,100,0.56,14.401,49,50.00,0.00,0,4.9,0.081
1709,10022.403,AllocLarge,2B,0.248,0.0,0.000,0.00,15.570,11.569,2,7.778,0.071,0,0.00,0.001,0,36.11,0.289,100,0.56,11.201,56,35.72,0.00,0,5.5,0.074
1710,10027.882,AllocLarge,2B,0.286,16.7,0.000,0.00,14.770,14.770,2,7.778,0.071,0,99.10,0.001,0,36.11,0.289,100,0.56,14.401,49,50.00,0.00,0,5.5,0.089
1711,10032.069,AllocLarge,2B,0.273,20.0,0.000,0.00,15.570,11.570,2,7.778,0.071,0,0.00,0.001,0,36.11,0.289,100,0.56,11.201,56,35.72,0.00,0,6.2,0.109
1712,10037.457,AllocLarge,2B,0.238,0.0,0.000,0.00,14.770,14.770,2,7.778,0.071,0,99.10,0.001,0,36.11,0.289,100,0.56,14.401,49,50.00,0.00,0,4.7,0.076
1713,10041.623,AllocLarge,2B,0.290,16.7,0.108,23.74,15.570,11.570,2,7.778,0.071,0,0.00,0.001,0,36.11,0.289,100,0.56,11.201,56,35.72,0.00,0,6.4,0.110
1714,10047.146,AllocLarge,2B,0.246,0.0,0.000,0.00,14.770,14.770,2,7.778,0.072,0,99.11,0.001,0,36.11,0.289,100,0.56,14.401,49,50.00,0.00,0,4.8,0.078
1715,10051.224,AllocLarge,2B,0.284,20.0,0.000,0.00,15.571,11.570,2,7.778,0.072,0,0.00,0.001,0,36.11,0.289,100,0.56,11.201,56,35.72,0.00,0,6.5,0.083
1716,10057.102,AllocLarge,2B,0.252,0.0,0.000,0.00,14.771,14.771,2,7.778,0.072,0,99.11,0.001,0,36.11,0.289,100,0.56,14.401,49,50.00,0.00,0,4.5,0.080
1717,10061.353,AllocLarge,2B,0.299,0.0,0.000,0.00,15.571,11.571,2,7.778,0.072,0,0.00,0.001,0,36.11,0.289,100,0.56,11.201,56,35.72,0.00,0,6.4,0.087
1718,10066.880,AllocLarge,2B,0.255,0.0,0.000,0.00,14.771,14.771,2,7.778,0.072,0,99.11,0.001,0,36.11,0.289,100,0.56,14.401,49,50.00,0.00,0,5.0,0.076
1719,10070.985,AllocLarge,2B,0.244,16.7,0.000,0.00,15.571,11.571,2,7.778,0.072,0,0.00,0.001,0,36.11,0.289,100,0.56,11.201,56,35.72,0.00,0,5.4,0.079
1720,10076.626,AllocLarge,2B,0.279,16.7,0.000,0.00,14.771,14.771,2,7.778,0.073,0,99.12,0.001,0,36.11,0.289,100,0.56,14.401,49,50.00,0.00,0,5.2,0.099
1721,10080.798,AllocLarge,2B,0.359,20.0,0.000,0.00,15.572,11.571,2,7.778,0.073,0,0.00,0.001,0,36.11,0.289,100,0.56,11.201,56,35.72,0.00,0,7.9,0.107
1722,10086.440,AllocLarge,2B,0.265,0.0,0.000,0.00,14.772,14.772,2,7.778,0.073,0,99.12,0.001,0,36.11,0.289,100,0.56,14.401,49,50.00,0.00,0,5.1,0.080
1723,10090.677,AllocLarge,2B,0.275,0.0,0.000,0.00,15.572,11.572,2,7.778,0.073,0,0.00,0.001,0,36.11,0.289,100,0.56,11.201,56,35.72,0.00,0,6.1,0.079
1724,10096.376,AllocLarge,2B,0.268,0.0,0.000,0.00,14.772,14.772,2,7.778,0.073,0,99.13,0.001,0,36.11,0.289,100,0.56,14.401,49,50.00,0.00,0,4.9,0.081
1725,10100.863,AllocLarge,2B,0.259,16.7,0.108,22.39,15.572,11.572,2,7.778,0.073,0,0.00,0.001,0,36.11,0.289,100,0.56,11.201,56,35.72,0.00,0,5.4,0.076
1726,10106.331,AllocLarge,2B,0.257,16.7,0.000,0.00,14.772,14.772,2,7.778,0.074,0,99.13,0.001,0,36.11,0.289,100,0.56,14.401,49,50.00,0.00,0,5.0,0.079
1727,10110.476,AllocLarge,2B,0.265,0.0,0.000,0.00,15.573,11.572,2,7.778,0.074,0,0.00,0.001,0,36.11,0.289,100,0.56,11.201,56,35.72,0.00,0,6.0,0.080
1728,10115.955,AllocLarge,2B,0.266,16.7,0.000,0.00,14.773,14.773,2,7.778,0.074,0,99.13,0.001,0,36.11,0.289,100,0.56,14.401,49,50.00,0.00,0,5.1,0.077
1729,10120.078,AllocLarge,2B,0.278,0.0,0.000,0.00,15.573,11.573,2,7.778,0.074,0,0.00,0.001,0,36.11,0.289,100,0.56,11.201,56,35.72,0.00,0,6.2,0.082
1730,10125.646,AllocLarge,2B,0.249,0.0,0.000,0.00,14.773,14.773,2,7.778,0.074,0,99.75,0.001,0,36.11,0.289,100,0.56,14.401,49,50.00,0.00,0,4.8,0.078
1731,10129.710,AllocLarge,2B,0.249,25.0,0.000,0.00,15.573,11.573,2,7.778,0.074,0,0.00,0.001,0,36.11,0.289,100,0.56,11.201,56,35.72,0.00,0,5.7,0.082
1732,10135.315,AllocLarge,2B,0.256,0.0,0.000,0.00,14.774,14.774,2,7.778,0.075,0,99.14,0.001,0,36.11,0.289,100,0.56,14.401,49,50.00,0.00,0,4.8,0.080
1733,10139.598,AllocLarge,2B,0.292,20.0,0.000,0.00,15.574,11.573,2,7.778,0.075,0,0.00,0.001,0,36.11,0.289,100,0.56,11.201,56,35.72,0.00,0,6.3,0.081
1734,10145.254,AllocLarge,2B,0.258,0.0,0.000,0.00,14.774,14.774,2,7.778,0.075,0,99.15,0.001,0,36.11,0.289,100,0.56,14.401,49,50.00,0.00,0,4.9,0.080
1735,10149.598,AllocLarge,2B,0.265,20.0,0.000,0.00,15.574,11.574,2,7.778,0.075,0,0.00,0.001,0,36.11,0.289,100,0.56,11.201,56,35.72,0.00,0,5.7,0.085
1736,10155.360,AllocLarge,2B,0.321,0.0,0.000,0.00,14.774,14.774,2,7.778,0.075,0,99.15,0.001,0,36.11,0.289,100,0.56,14.401,49,50.00,0.00,0,5.8,0.117
1737,10160.095,AllocLarge,2B,0.273,14.3,0.108,21.68,15.574,11.582,2,7.778,0.083,0,1.39,0.001,0,36.11,0.289,100,0.56,11.201,56,35.72,0.00,0,5.5,0.084
1738,10165.960,AllocLarge,2B,0.263,0.0,0.000,0.00,14.775,14.775,2,7.778,0.076,0,0.74,0.001,0,36.11,0.289,100,0.56,14.401,49,50.00,0.00,0,4.7,0.078
1739,10170.288,AllocLarge,2B,0.255,16.7,0.000,0.00,15.575,11.575,2,7.778,0.076,0,99.16,0.001,0,36.11,0.289,100,0.56,11.201,56,35.72,0.00,0,5.6,0.074
1740,10176.233,AllocLarge,2B,0.272,0.0,0.000,0.00,14.775,14.775,2,7.778,0.076,0,1.22,0.001,0,36.11,0.289,100,0.56,14.401,49,50.00,0.00,0,4.8,0.078
1741,10180.416,AllocLarge,2B,0.243,20.0,0.000,0.00,15.575,11.575,2,7.778,0.076,0,0.00,0.001,0,36.11,0.289,100,0.56,11.201,56,35.72,0.00,0,5.5,0.078
1742,10185.858,AllocLarge,2B,0.241,0.0,0.000,0.00,14.775,14.775,2,7.778,0.076,0,99.16,0.001,0,36.11,0.289,100,0.56,14.401,49,50.00,0.00,0,4.7,0.078
1743,10190.032,AllocLarge,2B,0.288,20.0,0.000,0.00,15.575,11.575,2,7.778,0.076,0,0.00,0.001,0,36.11,0.289,100,0.56,11.201,56,35.72,0.00,0,6.3,0.083
1744,10195.614,AllocLarge,2B,0.292,16.7,0.000,0.00,14.775,14.775,2,7.778,0.077,0,99.16,0.001,0,36.11,0.289,100,0.56,14.401,49,50.00,0.00,0,5.6,0.094
1745,10199.943,AllocLarge,2B,0.247,0.0,0.000,0.00,15.576,11.575,2,7.778,0.077,0,0.00,0.001,0,36.11,0.289,100,0.56,11.201,56,35.72,0.00,0,5.5,0.077
1746,10205.503,AllocLarge,2B,0.417,0.0,0.000,0.00,14.776,14.776,2,7.778,0.077,0,99.17,0.001,0,36.11,0.289,100,0.56,14.401,49,50.00,0.00,0,7.5,0.237
1747,10210.131,AllocLarge,2B,0.304,16.7,0.000,0.00,15.576,11.576,2,7.778,0.077,0,0.00,0.001,0,36.11,0.289,100,0.56,11.201,56,35.72,0.00,0,6.3,0.103
1748,10215.888,AllocLarge,2B,0.275,0.0,0.000,0.00,14.776,14.776,2,7.778,0.077,0,99.17,0.001,0,36.11,0.289,100,0.56,14.401,49,50.00,0.00,0,5.1,0.081
1749,10220.067,AllocLarge,2B,0.257,0.0,0.000,0.00,15.576,11.576,2,7.778,0.077,0,0.00,0.001,0,36.11,0.289,100,0.56,11.201,56,35.72,0.00,0,5.8,0.076
1750,10226.409,AllocLarge,2B,0.281,14.3,0.110,17.87,14.776,14.776,2,7.778,0.078,0,99.17,0.001,0,36.11,0.289,100,0.56,14.401,49,50.00,0.00,0,4.6,0.100
1751,10230.859,AllocLarge,2B,0.272,0.0,0.000,0.00,15.577,11.576,2,7.778,0.078,0,0.00,0.001,0,36.11,0.289,100,0.56,11.201,56,35.72,0.00,0,5.8,0.082
1752,10236.531,AllocLarge,2B,0.260,0.0,0.000,0.00,14.777,14.777,2,7.778,0.078,0,99.18,0.001,0,36.11,0.289,100,0.56,14.401,49,50.00,0.00,0,4.8,0.082
1753,10240.900,AllocLarge,2B,0.278,0.0,0.000,0.00,15.577,11.577,2,7.778,0.078,0,0.00,0.001,0,36.11,0.289,100,0.56,11.201,56,35.72,0.00,0,6.0,0.098
1754,10246.440,AllocLarge,2B,0.267,16.7,0.000,0.00,14.777,14.777,2,7.778,0.078,0,99.18,0.001,0,36.11,0.289,100,0.56,14.401,49,50.00,0.00,0,5.1,0.079
1755,10250.971,AllocLarge,2B,0.291,20.0,0.000,0.00,15.577,11.577,2,7.778,0.078,0,0.00,0.001,0,36.11,0.289,100,0.56,11.201,56,35.72,0.00,0,5.9,0.085
1756,10257.060,AllocLarge,2B,0.263,0.0,0.000,0.00,14.778,14.778,2,7.778,0.079,0,99.19,0.001,0,36.11,0.289,100,0.56,14.401,49,50.00,0.00,0,4.6,0.082
1757,10261.277,AllocLarge,2B,0.243,20.0,0.000,0.00,15.578,11.577,2,7.778,0.079,0,0.00,0.001,0,36.11,0.289,100,0.56,11.201,56,35.72,0.00,0,5.4,0.079
1758,10266.828,AllocLarge,2B,0.244,0.0,0.000,0.00,14.778,14.778,2,7.778,0.079,0,99.19,0.001,0,36.11,0.289,100,0.56,14.401,49,50.00,0.00,0,4.6,0.081
1759,10270.934,AllocLarge,2B,0.234,0.0,0.000,0.00,15.578,11.578,2,7.778,0.079,0,0.00,0.001,0,36.11,0.289,100,0.56,11.201,56,35.72,0.00,0,5.4,0.076
1760,10276.416,AllocLarge,2B,0.238,0.0,0.000,0.00,14.778,14.778,2,7.778,0.079,0,99.19,0.001,0,36.11,0.289,100,0.56,14.401,49,50.00,0.00,0,4.6,0.076
1761,10280.762,AllocLarge,2B,0.262,0.0,0.000,0.00,15.578,11.578,2,7.778,0.079,0,0.00,0.001,0,36.11,0.289,100,0.56,11.201,56,35.72,0.00,0,5.6,0.081
1762,10286.735,AllocLarge,2B,0.295,12.5,0.108,18.78,14.779,14.779,2,7.778,0.080,0,99.77,0.001,0,36.11,0.289,100,0.56,14.401,49,50.00,0.00,0,5.1,0.113
1763,10304.024,AllocLarge,2B,0.368,0.0,0.000,0.00,15.579,11.578,2,7.778,0.080,0,0.00,0.001,0,36.11,0.289,100,0.56,11.201,56,35.72,0.00,0,2.1,0.106
1764,10309.697,AllocLarge,2B,0.252,16.7,0.000,0.00,14.779,14.779,2,7.778,0.080,0,99.20,0.001,0,36.11,0.289,100,0.56,14.401,49,50.00,0.00,0,4.8,0.076
1765,10314.146,AllocLarge,2B,0.261,0.0,0.000,0.00,15.579,11.579,2,7.778,0.080,0,0.00,0.001,0,36.11,0.289,100,0.56,11.201,56,35.72,0.00,0,5.6,0.080
1766,10319.678,AllocLarge,2B,0.294,14.3,0.000,0.00,14.779,14.779,2,7.778,0.080,0,99.20,0.001,0,36.11,0.289,100,0.56,14.401,49,50.00,0.00,0,5.4,0.085
1767,10324.335,AllocLarge,2B,0.261,16.7,0.000,0.00,15.579,11.579,2,7.778,0.080,0,0.00,0.001,0,36.11,0.289,100,0.56,11.201,56,35.72,0.00,0,5.4,0.080
1768,10330.149,AllocLarge,2B,0.272,0.0,0.000,0.00,14.780,14.780,2,7.778,0.081,0,99.21,0.001,0,36.11,0.289,100,0.56,14.401,49,50.00,0.00,0,5.0,0.079
1769,10334.344,AllocLarge,2B,0.245,0.0,0.000,0.00,15.580,11.579,2,7.778,0.081,0,0.00,0.001,0,36.11,0.289,100,0.56,11.201,56,35.72,0.00,0,5.5,0.079
1770,10339.918,AllocLarge,2B,0.262,0.0,0.000,0.00,14.780,14.780,2,7.778,0.081,0,99.21,0.001,0,36.11,0.289,100,0.56,14.401,49,50.00,0.00,0,4.9,0.087
1771,10344.357,AllocLarge,2B,0.340,20.0,0.000,0.00,15.580,11.580,2,7.778,0.081,0,0.00,0.001,0,36.11,0.289,100,0.56,11.201,56,35.72,0.00,0,7.0,0.106
1772,10350.333,AllocLarge,2B,0.281,0.0,0.000,0.00,14.780,14.780,2,7.778,0.081,0,99.21,0.001,0,36.11,0.289,100,0.56,14.401,49,50.00,0.00,0,5.0,0.100
1773,10354.621,AllocLarge,2B,0.253,20.0,0.000,0.00,15.580,11.580,2,7.778,0.081,0,0.00,0.001,0,36.11,0.289,100,0.56,11.201,56,35.72,0.00,0,5.6,0.080
1774,10360.326,AllocLarge,2B,0.335,16.7,0.108,19.66,14.781,14.781,2,7.778,0.082,0,99.22,0.001,0,36.11,0.289,100,0.56,14.401,49,50.00,0.00,0,6.1,0.112
1775,10364.915,AllocLarge,2B,0.267,0.0,0.000,0.00,15.581,11.580,2,7.778,0.082,0,0.00,0.001,0,36.11,0.289,100,0.56,11.201,56,35.72,0.00,0,5.5,0.081
1776,10370.337,AllocLarge,2B,0.262,16.7,0.000,0.00,14.781,14.781,2,7.778,0.082,0,99.22,0.001,0,36.11,0.289,100,0.56,14.401,49,50.00,0.00,0,5.1,0.077
1777,10374.642,AllocLarge,2B,0.242,0.0,0.000,0.00,15.581,11.581,2,7.778,0.082,0,0.00,0.001,0,36.11,0.289,100,0.56,11.201,56,35.72,0.00,0,5.3,0.078
1778,10380.233,AllocLarge,2B,0.251,0.0,0.000,0.00,14.781,14.781,2,7.778,0.082,0,99.22,0.001,0,36.11,0.289,100,0.56,14.401,49,50.00,0.00,0,4.7,0.079
1779,10384.394,AllocLarge,2B,0.330,16.7,0.000,0.00,15.581,11.581,2,7.778,0.082,0,0.00,0.001,0,36.11,0.289,100,0.56,11.201,56,35.72,0.00,0,7.3,0.126
1780,10390.030,AllocLarge,2B,0.257,0.0,0.000,0.00,14.782,14.782,2,7.778,0.083,0,99.22,0.001,0,36.11,0.289,100,0.56,14.401,49,50.00,0.00,0,4.9,0.082
1781,10394.460,AllocLarge,2B,0.270,16.7,0.000,0.00,15.582,11.581,2,7.778,0.083,0,0.00,0.001,0,36.11,0.289,100,0.56,11.201,56,35.72,0.00,0,5.7,0.082
1782,10399.981,AllocLarge,2B,0.235,0.0,0.000,0.00,14.782,14.782,2,7.778,0.083,0,99.23,0.001,0,36.11,0.289,100,0.56,14.401,49,50.00,0.00,0,4.5,0.079
1783,10404.161,AllocLarge,2B,0.277,0.0,0.000,0.00,15.582,11.582,2,7.778,0.083,0,0.00,0.001,0,36.11,0.289,100,0.56,11.201,56,35.72,0.00,0,6.1,0.080
1784,10409.883,AllocLarge,2B,0.308,14.3,0.000,0.00,14.782,14.782,2,7.778,0.083,0,99.23,0.001,0,36.11,0.289,100,0.56,14.401,49,50.00,0.00,0,5.6,0.081
1785,10414.195,AllocLarge,2B,0.261,16.7,0.000,0.00,15.582,11.582,2,7.778,0.083,0,0.00,0.001,0,36.11,0.289,100,0.56,11.201,56,35.72,0.00,0,5.8,0.078
1786,10419.953,AllocLarge,2B,0.318,16.7,0.108,19.40,14.783,14.783,2,7.778,0.084,0,99.23,0.001,0,36.11,0.289,100,0.56,14.401,49,50.00,0.00,0,5.7,0.098
1787,10424.243,AllocLarge,2B,0.260,16.7,0.000,0.00,15.583,11.582,2,7.778,0.084,0,0.00,0.001,0,36.11,0.289,100,0.56,11.201,56,35.72,0.00,0,5.7,0.078
1788,10429.715,AllocLarge,2B,0.264,0.0,0.000,0.00,14.783,14.783,2,7.778,0.084,0,99.24,0.001,0,36.11,0.289,100,0.56,14.401,49,50.00,0.00,0,5.1,0.082
1789,10433.914,AllocLarge,2B,0.251,0.0,0.000,0.00,15.583,11.583,2,7.778,0.084,0,0.00,0.001,0,36.11,0.289,100,0.56,11.201,56,35.72,0.00,0,5.6,0.077
1790,10439.363,AllocLarge,2B,0.317,0.0,0.000,0.00,14.783,14.783,2,7.778,0.084,0,99.78,0.001,0,36.11,0.289,100,0.56,14.401,49,50.00,0.00,0,6.0,0.082
1791,10444.001,AllocLarge,2B,0.367,14.3,0.000,0.00,15.583,11.583,2,7.778,0.084,0,0.84,0.001,0,36.11,0.289,100,0.56,11.201,56,35.72,0.00,0,7.2,0.091
1792,10450.239,AllocLarge,2B,0.283,14.3,0.000,0.00,14.784,14.784,2,7.778,0.085,0,99.24,0.001,0,36.11,0.289,100,0.56,14.401,49,50.00,0.00,0,4.9,0.083
1793,10454.596,AllocLarge,2B,0.405,33.3,0.000,0.00,15.584,11.583,2,7.778,0.085,0,0.00,0.001,0,36.11,0.289,100,0.56,11.201,56,35.72,0.00,0,8.5,0.193
1794,10460.361,AllocLarge,2B,0.292,16.7,0.000,0.00,15.584,14.784,2,7.778,0.085,0,99.25,0.001,0,36.11,0.289,100,0.56,14.401,47,50.00,0.00,0,5.4,0.083
1795,10464.804,AllocLarge,2B,0.295,20.0,0.000,0.00,15.584,11.584,2,7.778,0.085,0,0.00,0.001,0,36.11,0.289,100,0.56,11.201,56,35.72,0.00,0,6.3,0.083
1796,10470.627,AllocLarge,2B,0.292,0.0,0.000,0.00,14.784,14.784,2,7.778,0.085,0,99.78,0.001,0,36.11,0.289,100,0.56,14.401,49,50.00,0.00,0,5.3,0.083
1797,10474.955,AllocLarge,2B,0.374,16.7,0.000,0.00,15.584,11.584,2,7.778,0.085,0,0.00,0.001,0,36.11,0.289,100,0.56,11.201,56,35.72,0.00,0,7.9,0.088
1798,10480.610,AllocLarge,2B,0.264,16.7,0.108,20.54,14.785,14.785,2,7.778,0.086,0,99.25,0.001,0,36.11,0.289,100,0.56,14.401,49,50.00,0.00,0,5.0,0.080
1799,10484.858,AllocLarge,2B,0.244,0.0,0.000,0.00,15.585,11.584,2,7.778,0.086,0,0.00,0.001,0,36.11,0.289,100,0.56,11.201,56,35.72,0.00,0,5.5,0.078
1800,10490.281,AllocLarge,2B,0.266,0.0,0.000,0.00,14.785,14.785,2,7.778,0.086,0,99.26,0.001,0,36.11,0.289,100,0.56,14.401,49,50.00,0.00,0,5.1,0.080
1801,10494.396,AllocLarge,2B,0.282,0.0,0.000,0.00,15.585,11.585,2,7.778,0.086,0,0.00,0.001,0,36.11,0.289,100,0.56,11.201,56,35.72,0.00,0,6.4,0.080
1802,10499.937,AllocLarge,2B,0.266,0.0,0.000,0.00,14.785,14.785,2,7.778,0.086,0,99.26,0.001,0,36.11,0.289,100,0.56,14.401,49,50.00,0.00,0,5.1,0.081
1803,10504.104,AllocLarge,2B,0.234,20.0,0.000,0.00,15.585,11.585,2,7.778,0.086,0,0.00,0.001,0,36.11,0.289,100,0.56,11.201,56,35.72,0.00,0,5.3,0.076
1804,10509.452,AllocLarge,2B,0.235,0.0,0.000,0.00,14.786,14.786,2,7.778,0.087,0,99.26,0.001,0,36.11,0.289,100,0.56,14.401,49,50.00,0.00,0,4.7,0.075
1805,10513.552,AllocLarge,2B,0.259,0.0,0.000,0.00,15.586,11.585,2,7.778,0.087,0,0.00,0.001,0,36.11,0.289,100,0.56,11.201,56,35.72,0.00,0,5.9,0.078
1806,10518.995,AllocLarge,2B,0.288,16.7,0.000,0.00,14.786,14.786,2,7.778,0.087,0,99.26,0.001,0,36.11,0.289,100,0.56,14.401,49,50.00,0.00,0,5.5,0.079
1807,10523.203,AllocLarge,2B,0.317,20.0,0.000,0.00,15.586,11.586,2,7.778,0.087,0,0.00,0.001,0,36.11,0.289,100,0.56,11.201,56,35.72,0.00,0,6.9,0.110
1808,10529.192,AllocLarge,2B,0.272,0.0,0.000,0.00,14.786,14.786,2,7.778,0.087,0,99.27,0.001,0,36.11,0.289,100,0.56,14.401,49,50.00,0.00,0,4.9,0.083
1809,10533.560,AllocLarge,2B,0.290,20.0,0.000,0.00,15.586,11.586,2,7.778,0.087,0,0.00,0.001,0,36.11,0.289,100,0.56,11.201,56,35.72,0.00,0,6.2,0.079
1810,10539.256,AllocLarge,2B,0.255,0.0,0.108,20.02,14.787,14.787,2,7.778,0.088,0,99.27,0.001,0,36.11,0.289,100,0.56,14.401,49,50.00,0.00,0,4.7,0.076
1811,10543.404,AllocLarge,2B,0.218,16.7,0.000,0.00,15.587,11.586,2,7.778,0.088,0,0.00,0.001,0,36.11,0.289,100,0.56,11.201,56,35.72,0.00,0,5.0,0.074
1812,10548.798,AllocLarge,2B,0.272,0.0,0.000,0.00,14.787,14.787,2,7.778,0.088,0,99.79,0.001,0,36.11,0.289,100,0.56,14.401,49,50.00,0.00,0,5.2,0.081
1813,10553.050,AllocLarge,2B,0.275,16.7,0.000,0.00,15.587,11.587,2,7.778,0.088,0,0.00,0.001,0,36.11,0.289,100,0.56,11.201,56,35.72,0.00,0,6.1,0.079
1814,10558.515,AllocLarge,2B,0.248,16.7,0.000,0.00,14.787,14.787,2,7.778,0.088,0,99.28,0.001,0,36.11,0.289,100,0.56,14.401,49,50.00,0.00,0,4.8,0.075
1815,10562.656,AllocLarge,2B,0.306,20.0,0.000,0.00,15.587,11.587,2,7.778,0.088,0,0.00,0.001,0,36.11,0.289,100,0.56,11.201,56,35.72,0.00,0,6.7,0.086
1816,10568.453,AllocLarge,2B,0.255,0.0,0.000,0.00,14.788,14.788,2,7.778,0.089,0,99.28,0.001,0,36.11,0.289,100,0.56,14.401,49,50.00,0.00,0,4.7,0.079
1817,10572.613,AllocLarge,2B,0.228,16.7,0.000,0.00,15.588,11.587,2,7.778,0.089,0,0.00,0.001,0,36.11,0.289,100,0.56,11.201,56,35.72,0.00,0,5.2,0.076
1818,10578.083,AllocLarge,2B,0.301,0.0,0.000,0.00,14.788,14.788,2,7.778,0.089,0,99.28,0.001,0,36.11,0.289,100,0.56,14.401,49,50.00,0.00,0,5.7,0.090
1819,10582.719,AllocLarge,2B,0.282,16.7,0.000,0.00,15.588,11.588,2,7.778,0.089,0,0.00,0.001,0,36.11,0.289,100,0.56,11.201,56,35.72,0.00,0,5.7,0.084
1820,10588.393,AllocLarge,2B,0.404,0.0,0.000,0.00,14.788,14.788,2,7.778,0.089,0,99.28,0.001,0,36.11,0.289,100,0.56,14.401,49,50.00,0.00,0,7.5,0.230
1821,10592.723,AllocLarge,2B,0.281,16.7,0.000,0.00,15.588,11.588,2,7.778,0.089,0,0.00,0.001,0,36.11,0.289,100,0.56,11.201,56,35.72,0.00,0,6.2,0.100
1822,10598.546,AllocLarge,2B,0.282,14.3,0.108,19.49,14.789,14.789,2,7.778,0.090,0,99.29,0.001,0,36.11,0.289,100,0.56,14.401,49,50.00,0.00,0,5.1,0.081
1823,10603.052,AllocLarge,2B,0.316,20.0,0.000,0.00,15.589,11.588,2,7.778,0.090,0,0.00,0.001,0,36.11,0.289,100,0.56,11.201,56,35.72,0.00,0,6.5,0.104
1824,10608.668,AllocLarge,2B,0.251,0.0,0.000,0.00,14.789,14.789,2,7.778,0.090,0,99.80,0.001,0,36.11,0.289,100,0.56,14.401,49,50.00,0.00,0,4.8,0.078
1825,10613.109,AllocLarge,2B,0.283,20.0,0.000,0.00,15.589,11.589,2,7.778,0.090,0,0.78,0.001,0,36.11,0.289,100,0.56,11.201,56,35.72,0.00,0,6.0,0.080
1826,10618.878,AllocLarge,2B,0.286,0.0,0.000,0.00,14.789,14.789,2,7.778,0.090,0,99.29,0.001,0,36.11,0.289,100,0.56,14.401,49,50.00,0.00,0,5.2,0.103
1827,10623.203,AllocLarge,2B,0.322,16.7,0.000,0.00,15.589,11.589,2,7.778,0.090,0,0.00,0.001,0,36.11,0.289,100,0.56,11.201,56,35.72,0.00,0,6.9,0.106
1828,10629.186,AllocLarge,2B,0.268,0.0,0.000,0.00,14.790,14.790,2,7.778,0.091,0,99.29,0.001,0,36.11,0.289,100,0.56,14.401,49,50.00,0.00,0,4.7,0.079
1829,10633.445,AllocLarge,2B,0.275,16.7,0.000,0.00,15.590,11.589,2,7.778,0.091,0,0.00,0.001,0,36.11,0.289,100,0.56,11.201,56,35.72,0.00,0,6.0,0.081
1830,10639.054,AllocLarge,2B,0.250,16.7,0.000,0.00,14.790,14.790,2,7.778,0.091,0,99.30,0.001,0,36.11,0.289,100,0.56,14.401,49,50.00,0.00,0,4.7,0.080
1831,10643.313,AllocLarge,2B,0.306,0.0,0.000,0.00,15.590,11.590,2,7.778,0.091,0,0.00,0.001,0,36.11,0.289,100,0.56,11.201,56,35.72,0.00,0,6.6,0.106
1832,10649.011,AllocLarge,2B,0.258,0.0,0.000,0.00,14.790,14.790,2,7.778,0.091,0,99.30,0.001,0,36.11,0.289,100,0.56,14.401,49,50.00,0.00,0,4.8,0.080
1833,10653.458,AllocLarge,2B,0.255,0.0,0.000,0.00,15.590,11.590,2,7.778,0.091,0,0.00,0.001,0,36.11,0.289,100,0.56,11.201,56,35.72,0.00,0,5.4,0.080
1834,10659.062,AllocLarge,2B,0.259,16.7,0.108,19.99,14.791,14.791,2,7.778,0.092,0,99.30,0.001,0,36.11,0.289,100,0.56,14.401,49,50.00,0.00,0,4.8,0.077
1835,10663.506,AllocLarge,2B,0.314,20.0,0.000,0.00,15.591,11.590,2,7.778,0.092,0,0.77,0.001,0,36.11,0.289,100,0.56,11.201,56,35.72,0.00,0,6.5,0.115
1836,10669.238,AllocLarge,2B,0.260,0.0,0.000,0.00,14.791,14.791,2,7.778,0.092,0,99.30,0.001,0,36.11,0.289,100,0.56,14.401,49,50.00,0.00,0,4.9,0.080
1837,10673.626,AllocLarge,2B,0.269,16.7,0.000,0.00,15.591,11.591,2,7.778,0.092,0,0.00,0.001,0,36.11,0.289,100,0.56,11.201,56,35.72,0.00,0,5.8,0.105
1838,10679.074,AllocLarge,2B,0.257,0.0,0.000,0.00,14.791,14.791,2,7.778,0.092,0,99.31,0.001,0,36.11,0.289,100,0.56,14.401,49,50.00,0.00,0,5.0,0.079
1839,10683.211,AllocLarge,2B,0.296,16.7,0.000,0.00,15.591,11.591,2,7.778,0.092,0,0.00,0.001,0,36.11,0.289,100,0.56,11.201,56,35.72,0.00,0,6.5,0.087
1840,10688.968,AllocLarge,2B,0.254,0.0,0.000,0.00,14.792,14.792,2,7.778,0.093,0,99.31,0.001,0,36.11,0.289,100,0.56,14.401,49,50.00,0.00,0,4.7,0.078
1841,10693.116,AllocLarge,2B,0.285,16.7,0.000,0.00,15.592,11.591,2,7.778,0.093,0,0.00,0.001,0,36.11,0.289,100,0.56,11.201,56,35.72,0.00,0,6.4,0.097
1842,10698.873,AllocLarge,2B,0.251,0.0,0.000,0.00,14.792,14.792,2,7.778,0.093,0,99.31,0.001,0,36.11,0.289,100,0.56,14.401,49,50.00,0.00,0,4.6,0.078
1843,10703.118,AllocLarge,2B,0.290,20.0,0.000,0.00,15.592,11.592,2,7.778,0.093,0,0.00,0.001,0,36.11,0.289,100,0.56,11.201,56,35.72,0.00,0,6.3,0.110
1844,10708.537,AllocLarge,2B,0.286,14.3,0.000,0.00,14.792,14.792,2,7.778,0.093,0,99.31,0.001,0,36.11,0.289,100,0.56,14.401,49,50.00,0.00,0,5.5,0.104
1845,10712.836,AllocLarge,2B,0.256,0.0,0.000,0.00,15.592,11.592,2,7.778,0.093,0,0.00,0.001,0,36.11,0.289,100,0.56,11.201,56,35.72,0.00,0,5.7,0.079
1846,10718.481,AllocLarge,2B,0.269,0.0,0.108,19.90,14.793,14.793,2,7.778,0.094,0,99.32,0.001,0,36.11,0.289,100,0.56,14.401,49,50.00,0.00,0,5.0,0.081
1847,10722.598,AllocLarge,2B,0.278,20.0,0.000,0.00,15.593,11.592,2,7.778,0.094,0,0.00,0.001,0,36.11,0.289,100,0.56,11.201,56,35.72,0.00,0,6.2,0.085
1848,10728.179,AllocLarge,2B,0.255,0.0,0.000,0.00,14.793,14.793,2,7.778,0.094,0,99.32,0.001,0,36.11,0.289,100,0.56,14.401,49,50.00,0.00,0,4.9,0.080
1849,10732.357,AllocLarge,2B,0.230,20.0,0.000,0.00,15.593,11.593,2,7.778,0.094,0,0.00,0.001,0,36.11,0.289,100,0.56,11.201,56,35.72,0.00,0,5.2,0.077
1850,10737.719,AllocLarge,2B,0.239,0.0,0.000,0.00,14.793,14.793,2,7.778,0.094,0,99.32,0.001,0,36.11,0.289,100,0.56,14.401,49,50.00,0.00,0,4.7,0.074
1851,10741.868,AllocLarge,2B,0.252,0.0,0.000,0.00,15.593,11.593,2,7.778,0.094,0,0.00,0.001,0,36.11,0.289,100,0.56,11.201,56,35.72,0.00,0,5.6,0.080
1852,10747.420,AllocLarge,2B,0.270,0.0,0.000,0.00,14.794,14.794,2,7.778,0.095,0,99.32,0.001,0,36.11,0.289,100,0.56,14.401,49,50.00,0.00,0,5.1,0.082
1853,10751.558,AllocLarge,2B,0.274,40.0,0.000,0.00,15.594,11.593,2,7.778,0.095,0,0.00,0.001,0,36.11,0.289,100,0.56,11.201,56,35.72,0.00,0,6.2,0.077
1854,10756.983,AllocLarge,2B,0.248,16.7,0.000,0.00,14.794,14.794,2,7.778,0.095,0,99.33,0.001,0,36.11,0.289,100,0.56,14.401,49,50.00,0.00,0,4.8,0.078
1855,10761.096,AllocLarge,2B,0.306,20.0,0.000,0.00,15.594,11.602,2,7.778,0.103,0,0.68,0.001,0,36.11,0.289,100,0.56,11.201,56,35.72,0.00,0,6.7,0.065
1856,10766.663,AllocLarge,2B,0.262,0.0,0.000,0.00,15.594,14.794,2,7.778,0.095,0,0.59,0.001,0,36.11,0.289,100,0.56,14.401,47,50.00,0.00,0,5.1,0.078
1857,10770.762,AllocLarge,2B,0.245,0.0,0.108,24.79,15.595,11.594,2,7.778,0.096,0,90.73,0.001,0,36.11,0.289,100,0.56,11.201,56,35.72,0.00,0,5.6,0.078
1858,10776.614,AllocLarge,2B,0.251,16.7,0.000,0.00,14.795,14.795,2,7.778,0.096,0,0.97,0.001,0,36.11,0.289,100,0.56,14.401,49,50.00,0.00,0,4.4,0.080
1859,10780.988,AllocLarge,2B,0.269,16.7,0.000,0.00,15.595,11.594,2,7.778,0.096,0,0.00,0.001,0,36.11,0.289,100,0.56,11.201,56,35.72,0.00,0,5.7,0.079
1860,10786.448,AllocLarge,2B,0.265,16.7,0.000,0.00,14.795,14.795,2,7.778,0.096,0,99.33,0.001,0,36.11,0.289,100,0.56,14.401,49,50.00,0.00,0,5.2,0.077
1861,10790.763,AllocLarge,2B,0.324,16.7,0.000,0.00,15.595,11.595,2,7.778,0.096,0,0.00,0.001,0,36.11,0.289,100,0.56,11.201,56,35.72,0.00,0,6.8,0.132
1862,10796.665,AllocLarge,2B,0.298,0.0,0.000,0.00,14.795,14.795,2,7.778,0.096,0,99.34,0.001,0,36.11,0.289,100,0.56,14.401,49,50.00,0.00,0,5.4,0.084
1863,10800.989,AllocLarge,2B,0.337,16.7,0.000,0.00,15.595,11.595,2,7.778,0.096,0,0.00,0.001,0,36.11,0.289,100,0.56,11.201,56,35.72,0.00,0,7.2,0.086
1864,10807.073,AllocLarge,2B,0.266,0.0,0.000,0.00,14.796,14.796,2,7.778,0.097,0,99.81,0.001,0,36.11,0.289,100,0.56,14.401,49,50.00,0.00,0,4.8,0.090
1865,10811.710,AllocLarge,2B,0.307,33.3,0.000,0.00,15.596,11.595,2,7.778,0.097,0,0.00,0.001,0,36.11,0.289,100,0.56,11.201,56,35.72,0.00,0,6.1,0.086
1866,10817.387,AllocLarge,2B,0.312,0.0,0.000,0.00,14.796,14.796,2,7.778,0.097,0,99.34,0.001,0,36.11,0.289,100,0.56,14.401,49,50.00,0.00,0,5.8,0.090
1867,10821.741,AllocLarge,2B,0.291,20.0,0.000,0.00,15.596,11.596,2,7.778,0.097,0,0.00,0.001,0,36.11,0.289,100,0.56,11.201,56,35.72,0.00,0,6.3,0.082
1868,10827.354,AllocLarge,2B,0.287,0.0,0.000,0.00,14.796,14.796,2,7.778,0.097,0,99.34,0.001,0,36.11,0.289,100,0.56,14.401,49,50.00,0.00,0,5.5,0.093
1869,10831.696,AllocLarge,2B,0.278,16.7,0.000,0.00,15.596,11.596,2,7.778,0.097,0,0.00,0.001,0,36.11,0.289,100,0.56,11.201,56,35.72,0.00,0,6.0,0.082
1870,10837.573,AllocLarge,2B,0.291,14.3,0.000,0.00,14.797,14.797,2,7.778,0.098,0,99.34,0.001,0,36.11,0.289,100,0.56,14.401,49,50.00,0.00,0,5.2,0.081
1871,10841.902,AllocLarge,2B,0.288,20.0,0.109,23.13,15.597,11.596,2,7.778,0.098,0,0.00,0.001,0,36.11,0.289,100,0.56,11.201,56,35.72,0.00,0,6.1,0.073
1872,10847.532,AllocLarge,2B,0.247,0.0,0.000,0.00,15.597,14.797,2,7.778,0.098,0,99.35,0.001,0,36.11,0.289,100,0.56,14.401,47,50.00,0.00,0,4.8,0.078
1873,10851.951,AllocLarge,2B,0.252,16.7,0.000,0.00,15.597,11.597,2,7.778,0.098,0,0.00,0.001,0,36.11,0.289,100,0.56,11.201,56,35.72,0.00,0,5.3,0.077
1874,10857.587,AllocLarge,2B,0.240,0.0,0.000,0.00,14.797,14.797,2,7.778,0.098,0,99.35,0.001,0,36.11,0.289,100,0.56,14.401,49,50.00,0.00,0,4.5,0.074
1875,10861.825,AllocLarge,2B,0.262,20.0,0.000,0.00,15.597,11.597,2,7.778,0.098,0,0.00,0.001,0,36.11,0.289,100,0.56,11.201,56,35.72,0.00,0,5.7,0.080
1876,10867.448,AllocLarge,2B,0.299,14.3,0.000,0.00,14.798,14.798,2,7.778,0.099,0,99.35,0.001,0,36.11,0.289,100,0.56,14.401,49,50.00,0.00,0,5.6,0.115
1877,10871.817,AllocLarge,2B,0.283,20.0,0.000,0.00,15.598,11.597,2,7.778,0.099,0,0.00,0.001,0,36.11,0.289,100,0.56,11.201,56,35.72,0.00,0,6.1,0.100
1878,10877.296,AllocLarge,2B,0.255,16.7,0.000,0.00,14.798,14.798,2,7.778,0.099,0,99.35,0.001,0,36.11,0.289,100,0.56,14.401,49,50.00,0.00,0,4.9,0.080
1879,10882.047,AllocLarge,2B,0.355,0.0,0.000,0.00,15.598,11.598,2,7.778,0.099,0,0.00,0.001,0,36.11,0.289,100,0.56,11.201,56,35.72,0.00,0,6.9,0.151
1880,10887.611,AllocLarge,2B,0.275,16.7,0.000,0.00,14.798,14.798,2,7.778,0.099,0,99.36,0.001,0,36.11,0.289,100,0.56,14.401,49,50.00,0.00,0,5.3,0.113
1881,10891.937,AllocLarge,2B,0.245,0.0,0.000,0.00,15.598,11.598,2,7.778,0.099,0,0.00,0.001,0,36.11,0.289,100,0.56,11.201,56,35.72,0.00,0,5.4,0.077
1882,10897.593,AllocLarge,2B,0.252,0.0,0.000,0.00,14.799,14.799,2,7.778,0.100,0,99.36,0.001,0,36.11,0.289,100,0.56,14.401,49,50.00,0.00,0,4.6,0.082
1883,10901.716,AllocLarge,2B,0.233,0.0,0.108,24.70,15.599,11.598,2,7.778,0.100,0,0.00,0.001,0,36.11,0.289,100,0.56,11.201,56,35.72,0.00,0,5.3,0.077
1884,10907.217,AllocLarge,2B,0.307,33.3,0.000,0.00,14.799,14.799,2,7.778,0.100,0,99.36,0.001,0,36.11,0.289,100,0.56,14.401,49,50.00,0.00,0,5.8,0.077
1885,10911.578,AllocLarge,2B,0.259,20.0,0.000,0.00,15.599,11.599,2,7.778,0.100,0,0.00,0.001,0,36.11,0.289,100,0.56,11.201,56,35.72,0.00,0,5.6,0.080
1886,10917.559,AllocLarge,2B,0.288,16.7,0.000,0.00,14.799,14.799,2,7.778,0.100,0,99.36,0.001,0,36.11,0.289,100,0.56,14.401,49,50.00,0.00,0,5.0,0.075
1887,10921.733,AllocLarge,2B,0.434,20.0,0.000,0.00,15.599,11.599,2,7.778,0.100,0,0.00,0.001,0,36.11,0.289,100,0.56,11.201,56,35.72,0.00,0,9.3,0.247
1888,10927.472,AllocLarge,2B,0.271,0.0,0.000,0.00,14.800,14.800,2,7.778,0.101,0,99.82,0.001,0,36.11,0.289,100,0.56,14.401,49,50.00,0.00,0,5.2,0.087
1889,10931.803,AllocLarge,2B,0.294,20.0,0.000,0.00,15.600,11.599,2,7.778,0.101,0,0.00,0.001,0,36.11,0.289,100,0.56,11.201,56,35.72,0.00,0,6.4,0.079
1890,10937.274,AllocLarge,2B,0.233,0.0,0.000,0.00,14.800,14.800,2,7.778,0.101,0,99.37,0.001,0,36.11,0.289,100,0.56,14.401,49,50.00,0.00,0,4.5,0.076
1891,10941.547,AllocLarge,2B,0.265,16.7,0.000,0.00,15.600,11.600,2,7.778,0.101,0,0.00,0.001,0,36.11,0.289,100,0.56,11.201,56,35.72,0.00,0,5.8,0.094
1892,10947.147,AllocLarge,2B,0.266,0.0,0.000,0.00,14.800,14.800,2,7.778,0.101,0,99.37,0.001,0,36.11,0.289,100,0.56,14.401,49,50.00,0.00,0,5.0,0.099
1893,10951.267,AllocLarge,2B,0.231,20.0,0.000,0.00,15.600,11.600,2,7.778,0.101,0,0.00,0.001,0,36.11,0.289,100,0.56,11.201,56,35.72,0.00,0,5.3,0.077
1894,10956.831,AllocLarge,2B,0.245,16.7,0.000,0.00,14.801,14.801,2,7.778,0.102,0,99.37,0.001,0,36.11,0.289,100,0.56,14.401,49,50.00,0.00,0,4.6,0.080
1895,10961.005,AllocLarge,2B,0.313,33.3,0.108,22.98,15.601,11.600,2,7.778,0.102,0,0.00,0.001,0,36.11,0.289,100,0.56,11.201,56,35.72,0.00,0,6.7,0.089
1896,10966.754,AllocLarge,2B,0.244,0.0,0.000,0.00,14.801,14.801,2,7.778,0.102,0,99.37,0.001,0,36.11,0.289,100,0.56,14.401,49,50.00,0.00,0,4.7,0.077
1897,10970.944,AllocLarge,2B,0.247,20.0,0.000,0.00,15.601,11.601,2,7.778,0.102,0,0.00,0.001,0,36.11,0.289,100,0.56,11.201,56,35.72,0.00,0,5.5,0.095
1898,10976.491,AllocLarge,2B,0.263,0.0,0.000,0.00,14.801,14.801,2,7.778,0.102,0,99.37,0.001,0,36.11,0.289,100,0.56,14.401,49,50.00,0.00,0,4.9,0.078
1899,10981.368,AllocLarge,2B,0.261,0.0,0.000,0.00,15.601,11.601,2,7.778,0.102,0,0.00,0.001,0,36.11,0.289,100,0.56,11.201,56,35.72,0.00,0,5.1,0.080
1900,10986.878,AllocLarge,2B,0.243,0.0,0.000,0.00,14.802,14.802,2,7.778,0.103,0,99.38,0.001,0,36.11,0.289,100,0.56,14.401,49,50.00,0.00,0,4.7,0.078
1901,10991.211,AllocLarge,2B,0.245,20.0,0.000,0.00,15.602,11.601,2,7.778,0.103,0,0.69,0.001,0,36.11,0.289,100,0.56,11.201,56,35.72,0.00,0,5.3,0.080
1902,10996.954,AllocLarge,2B,0.295,14.3,0.000,0.00,14.802,14.802,2,7.778,0.103,0,99.38,0.001,0,36.11,0.289,100,0.56,14.401,49,50.00,0.00,0,5.4,0.079
1903,11001.232,AllocLarge,2B,0.293,20.0,0.000,0.00,15.602,11.602,2,7.778,0.103,0,0.00,0.001,0,36.11,0.289,100,0.56,11.201,56,35.72,0.00,0,6.2,0.080
1904,11007.005,AllocLarge,2B,0.274,14.3,0.000,0.00,14.802,14.802,2,7.778,0.103,0,99.82,0.001,0,36.11,0.289,100,0.56,14.401,49,50.00,0.00,0,5.2,0.079
1905,11011.372,AllocLarge,2B,0.306,20.0,0.000,0.00,15.602,11.602,2,7.778,0.103,0,0.00,0.001,0,36.11,0.289,100,0.56,11.201,56,35.72,0.00,0,6.4,0.087
1906,11017.160,AllocLarge,2B,0.249,0.0,0.000,0.00,14.803,14.803,2,7.778,0.104,0,99.38,0.001,0,36.11,0.289,100,0.56,14.401,49,50.00,0.00,0,4.6,0.081
1907,11021.253,AllocLarge,2B,0.239,40.0,0.108,24.45,15.603,11.602,2,7.778,0.104,0,0.00,0.001,0,36.11,0.289,100,0.56,11.201,56,35.72,0.00,0,5.4,0.076
1908,11027.066,AllocLarge,2B,0.248,0.0,0.000,0.00,14.803,14.803,2,7.778,0.104,0,99.38,0.001,0,36.11,0.289,100,0.56,14.401,49,50.00,0.00,0,4.5,0.082
1909,11031.375,AllocLarge,2B,0.273,16.7,0.000,0.00,15.603,11.603,2,7.778,0.104,0,0.00,0.001,0,36.11,0.289,100,0.56,11.201,56,35.72,0.00,0,5.9,0.079
1910,11036.760,AllocLarge,2B,0.257,0.0,0.000,0.00,14.803,14.803,2,7.778,0.104,0,99.39,0.001,0,36.11,0.289,100,0.56,14.401,49,50.00,0.00,0,5.0,0.095
1911,11041.035,AllocLarge,2B,0.314,20.0,0.000,0.00,15.603,11.603,2,7.778,0.104,0,0.00,0.001,0,36.11,0.289,100,0.56,11.201,56,35.72,0.00,0,6.8,0.082
1912,11046.828,AllocLarge,2B,0.282,16.7,0.000,0.00,14.804,14.804,2,7.778,0.105,0,99.39,0.001,0,36.11,0.289,100,0.56,14.401,49,50.00,0.00,0,5.1,0.101
1913,11050.935,AllocLarge,2B,0.216,20.0,0.000,0.00,15.604,11.603,2,7.778,0.105,0,0.00,0.001,0,36.11,0.289,100,0.56,11.201,56,35.72,0.00,0,5.1,0.074
1914,11056.523,AllocLarge,2B,0.255,0.0,0.000,0.00,14.804,14.804,2,7.778,0.105,0,99.39,0.001,0,36.11,0.289,100,0.56,14.401,49,50.00,0.00,0,4.7,0.080
1915,11060.650,AllocLarge,2B,0.226,16.7,0.000,0.00,15.604,11.604,2,7.778,0.105,0,0.00,0.001,0,36.11,0.289,100,0.56,11.201,56,35.72,0.00,0,5.2,0.074
1916,11066.037,AllocLarge,2B,0.225,0.0,0.000,0.00,14.804,14.804,2,7.778,0.105,0,99.39,0.001,0,36.11,0.289,100,0.56,14.401,49,50.00,0.00,0,4.4,0.076
1917,11070.109,AllocLarge,2B,0.212,0.0,0.000,0.00,15.604,11.604,2,7.778,0.105,0,0.00,0.001,0,36.11,0.289,100,0.56,11.201,56,35.72,0.00,0,4.9,0.076
1918,11075.474,AllocLarge,2B,0.244,0.0,0.000,0.00,14.805,14.805,2,7.778,0.106,0,99.39,0.001,0,36.11,0.289,100,0.56,14.401,49,50.00,0.00,0,4.7,0.079
1919,11079.786,AllocLarge,2B,0.261,20.0,0.108,22.99,15.605,11.604,2,7.778,0.106,0,0.00,0.001,0,36.11,0.289,100,0.56,11.201,56,35.72,0.00,0,5.6,0.064
1920,11085.213,AllocLarge,2B,0.263,20.0,0.000,0.00,15.605,14.805,2,7.778,0.106,0,99.40,0.001,0,36.11,0.289,100,0.56,14.401,47,50.00,0.00,0,5.2,0.094
1921,11089.388,AllocLarge,2B,0.292,25.0,0.000,0.00,15.605,11.605,2,7.778,0.106,0,0.00,0.001,0,36.11,0.289,100,0.56,11.201,56,35.72,0.00,0,6.5,0.081
1922,11095.195,AllocLarge,2B,0.274,0.0,0.000,0.00,14.805,14.805,2,7.778,0.106,0,99.40,0.001,0,36.11,0.289,100,0.56,14.401,49,50.00,0.00,0,5.0,0.093
1923,11099.601,AllocLarge,2B,0.298,16.7,0.000,0.00,15.605,11.605,2,7.778,0.106,0,0.00,0.001,0,36.11,0.289,100,0.56,11.201,56,35.72,0.00,0,6.3,0.120
1924,11105.276,AllocLarge,2B,0.504,16.7,0.000,0.00,14.806,14.806,2,7.778,0.107,0,99.40,0.001,0,36.11,0.289,100,0.56,14.401,49,50.00,0.00,0,9.0,0.079
1925,11109.796,AllocLarge,2B,0.291,0.0,0.000,0.00,15.606,11.605,2,7.778,0.107,0,0.00,0.001,0,36.11,0.289,100,0.56,11.201,56,35.72,0.00,0,6.3,0.078
1926,11115.253,AllocLarge,2B,0.253,0.0,0.000,0.00,14.806,14.806,2,7.778,0.107,0,99.83,0.001,0,36.11,0.289,100,0.56,14.401,49,50.00,0.00,0,4.9,0.087
1927,11119.395,AllocLarge,2B,0.292,20.0,0.000,0.00,15.606,11.606,2,7.778,0.107,0,0.00,0.001,0,36.11,0.289,100,0.56,11.201,56,35.72,0.00,0,6.4,0.104
1928,11125.135,AllocLarge,2B,0.235,0.0,0.000,0.00,15.606,14.806,2,7.778,0.107,0,99.40,0.001,0,36.11,0.289,100,0.56,14.401,47,50.00,0.00,0,4.4,0.078
1929,11129.331,AllocLarge,2B,0.247,20.0,0.000,0.00,15.606,11.606,2,7.778,0.107,0,0.00,0.001,0,36.11,0.289,100,0.56,11.201,56,35.72,0.00,0,5.5,0.080
1930,11134.801,AllocLarge,2B,0.257,0.0,0.000,0.00,14.807,14.807,2,7.778,0.108,0,99.41,0.001,0,36.11,0.289,100,0.56,14.401,49,50.00,0.00,0,5.0,0.078
1931,11139.090,AllocLarge,2B,0.249,16.7,0.108,23.40,15.607,11.606,2,7.778,0.108,0,0.00,0.001,0,36.11,0.289,100,0.56,11.201,56,35.72,0.00,0,5.4,0.079
1932,11144.673,AllocLarge,2B,0.333,0.0,0.000,0.00,14.807,14.807,2,7.778,0.108,0,99.83,0.001,0,36.11,0.289,100,0.56,14.401,49,50.00,0.00,0,6.2,0.112
1933,11149.529,AllocLarge,2B,0.412,0.0,0.000,0.00,15.607,11.607,2,7.778,0.108,0,0.00,0.001,0,36.11,0.289,100,0.56,11.201,56,35.72,0.00,0,7.9,0.086
1934,11155.158,AllocLarge,2B,0.337,16.7,0.000,0.00,14.807,14.807,2,7.778,0.108,0,99.41,0.001,0,36.11,0.289,100,0.56,14.401,49,50.00,0.00,0,6.4,0.144
1935,11159.409,AllocLarge,2B,0.254,0.0,0.000,0.00,15.607,11.607,2,7.778,0.108,0,0.00,0.001,0,36.11,0.289,100,0.56,11.201,56,35.72,0.00,0,5.7,0.083
1936,11164.941,AllocLarge,2B,0.278,16.7,0.000,0.00,14.808,14.808,2,7.778,0.109,0,99.83,0.001,0,36.11,0.289,100,0.56,14.401,49,50.00,0.00,0,5.3,0.081
1937,11169.227,AllocLarge,2B,0.259,0.0,0.000,0.00,15.608,11.607,2,7.778,0.109,0,0.00,0.001,0,36.11,0.289,100,0.56,11.201,56,35.72,0.00,0,5.7,0.079
1938,11174.890,AllocLarge,2B,0.283,16.7,0.000,0.00,14.808,14.808,2,7.778,0.109,0,99.41,0.001,0,36.11,0.289,100,0.56,14.401,49,50.00,0.00,0,5.2,0.086
1939,11179.423,AllocLarge,2B,0.300,20.0,0.000,0.00,15.608,11.608,2,7.778,0.109,0,0.00,0.001,0,36.11,0.289,100,0.56,11.201,56,35.72,0.00,0,6.1,0.085
1940,11185.252,AllocLarge,2B,0.241,0.0,0.000,0.00,14.808,14.808,2,7.778,0.109,0,99.42,0.001,0,36.11,0.289,100,0.56,14.401,49,50.00,0.00,0,4.5,0.060
1941,11189.579,AllocLarge,2B,0.262,0.0,0.000,0.00,15.608,11.608,2,7.778,0.109,0,0.00,0.001,0,36.11,0.289,100,0.56,11.201,56,35.72,0.00,0,5.7,0.077
1942,11195.149,AllocLarge,2B,0.246,16.7,0.000,0.00,14.809,14.809,2,7.778,0.110,0,99.42,0.001,0,36.11,0.289,100,0.56,14.401,49,50.00,0.00,0,4.6,0.079
1943,11199.369,AllocLarge,2B,0.303,0.0,0.108,23.43,15.609,11.608,2,7.778,0.110,0,0.00,0.001,0,36.11,0.289,100,0.56,11.201,56,35.72,0.00,0,6.6,0.103
1944,11204.970,AllocLarge,2B,0.270,16.7,0.000,0.00,14.809,14.809,2,7.778,0.110,0,99.42,0.001,0,36.11,0.289,100,0.56,14.401,49,50.00,0.00,0,5.2,0.079
1945,11209.170,AllocLarge,2B,0.276,0.0,0.000,0.00,15.609,11.609,2,7.778,0.110,0,0.00,0.001,0,36.11,0.289,100,0.56,11.201,56,35.72,0.00,0,6.1,0.087
1946,11215.118,AllocLarge,2B,0.267,0.0,0.000,0.00,14.809,14.809,2,7.778,0.110,0,99.42,0.001,0,36.11,0.289,100,0.56,14.401,49,50.00,0.00,0,4.7,0.085
1947,11219.501,AllocLarge,2B,0.283,20.0,0.000,0.00,15.609,11.609,2,7.778,0.110,0,0.00,0.001,0,36.11,0.289,100,0.56,11.201,56,35.72,0.00,0,6.0,0.081
1948,11224.995,AllocLarge,2B,0.257,0.0,0.000,0.00,14.810,14.810,2,7.778,0.111,0,99.42,0.001,0,36.11,0.289,100,0.56,14.401,49,50.00,0.00,0,5.0,0.091
1949,11229.465,AllocLarge,2B,0.265,0.0,0.000,0.00,15.610,11.610,2,7.778,0.111,0,0.00,0.001,0,36.11,0.289,100,0.56,11.201,56,35.72,0.00,0,5.6,0.086
1950,11235.093,AllocLarge,2B,0.329,0.0,0.000,0.00,14.810,14.810,2,7.778,0.111,0,99.42,0.001,0,36.11,0.289,100,0.56,14.401,49,50.00,0.00,0,6.1,0.144
1951,11239.516,AllocLarge,2B,0.294,0.0,0.000,0.00,15.610,11.610,2,7.778,0.111,0,0.00,0.001,0,36.11,0.289,100,0.56,11.201,56,35.72,0.00,0,6.2,0.083
1952,11245.352,AllocLarge,2B,0.348,14.3,0.000,0.00,14.810,14.810,2,7.778,0.111,0,99.43,0.001,0,36.11,0.289,100,0.56,14.401,49,50.00,0.00,0,6.2,0.149
1953,11249.782,AllocLarge,2B,0.284,14.3,0.000,0.00,15.610,11.610,2,7.778,0.111,0,0.00,0.001,0,36.11,0.289,100,0.56,11.201,56,35.72,0.00,0,6.1,0.102
1954,11255.322,AllocLarge,2B,0.240,20.0,0.000,0.00,14.811,14.811,2,7.778,0.112,0,99.43,0.001,0,36.11,0.289,100,0.56,14.401,49,50.00,0.00,0,4.6,0.078
1955,11259.461,AllocLarge,2B,0.243,0.0,0.108,24.28,15.611,11.611,2,7.778,0.112,0,0.00,0.001,0,36.11,0.289,100,0.56,11.201,56,35.72,0.00,0,5.5,0.079
1956,11264.986,AllocLarge,2B,0.266,0.0,0.000,0.00,14.811,14.811,2,7.778,0.112,0,99.43,0.001,0,36.11,0.289,100,0.56,14.401,49,50.00,0.00,0,5.1,0.083
1957,11269.128,AllocLarge,2B,0.242,20.0,0.000,0.00,15.611,11.611,2,7.778,0.112,0,0.00,0.001,0,36.11,0.289,100,0.56,11.201,56,35.72,0.00,0,5.5,0.074
1958,11274.637,AllocLarge,2B,0.259,0.0,0.000,0.00,14.811,14.811,2,7.778,0.112,0,99.43,0.001,0,36.11,0.289,100,0.56,14.401,49,50.00,0.00,0,5.0,0.078
1959,11278.806,AllocLarge,2B,0.304,16.7,0.000,0.00,15.611,11.611,2,7.778,0.112,0,0.00,0.001,0,36.11,0.289,100,0.56,11.201,56,35.72,0.00,0,6.7,0.104
1960,11284.386,AllocLarge,2B,0.280,16.7,0.000,0.00,14.812,14.812,2,7.778,0.113,0,99.43,0.001,0,36.11,0.289,100,0.56,14.401,49,50.00,0.00,0,5.4,0.096
1961,11288.537,AllocLarge,2B,0.231,0.0,0.000,0.00,15.612,11.612,2,7.778,0.113,0,0.00,0.001,0,36.11,0.289,100,0.56,11.201,56,35.72,0.00,0,5.3,0.073
1962,11293.894,AllocLarge,2B,0.281,28.6,0.000,0.00,14.812,14.812,2,7.778,0.113,0,99.43,0.001,0,36.11,0.289,100,0.56,14.401,49,50.00,0.00,0,5.4,0.096
1963,11298.022,AllocLarge,2B,0.261,20.0,0.000,0.00,15.612,11.612,2,7.778,0.113,0,0.00,0.001,0,36.11,0.289,100,0.56,11.201,56,35.72,0.00,0,5.9,0.079
1964,11303.475,AllocLarge,2B,0.240,0.0,0.000,0.00,14.812,14.812,2,7.778,0.113,0,99.44,0.001,0,36.11,0.289,100,0.56,14.401,49,50.00,0.00,0,4.7,0.075
1965,11307.618,AllocLarge,2B,0.284,20.0,0.000,0.00,15.612,11.612,2,7.778,0.113,0,0.00,0.001,0,36.11,0.289,100,0.56,11.201,56,35.72,0.00,0,6.3,0.085
1966,11313.266,AllocLarge,2B,0.269,16.7,0.000,0.00,14.813,14.813,2,7.778,0.114,0,99.44,0.001,0,36.11,0.289,100,0.56,14.401,49,50.00,0.00,0,5.0,0.081
1967,11317.430,AllocLarge,2B,0.287,0.0,0.108,24.21,15.613,11.613,2,7.778,0.114,0,0.00,0.001,0,36.11,0.289,100,0.56,11.201,56,35.72,0.00,0,6.4,0.086
1968,11322.910,AllocLarge,2B,0.232,0.0,0.000,0.00,14.813,14.813,2,7.778,0.114,0,99.44,0.001,0,36.11,0.289,100,0.56,14.401,49,50.00,0.00,0,4.5,0.077
1969,11327.246,AllocLarge,2B,0.301,16.7,0.000,0.00,15.613,11.613,2,7.778,0.114,0,0.00,0.001,0,36.11,0.289,100,0.56,11.201,56,35.72,0.00,0,6.4,0.077
1970,11333.204,AllocLarge,2B,0.294,0.0,0.000,0.00,14.813,14.813,2,7.778,0.114,0,99.44,0.001,0,36.11,0.289,100,0.56,14.401,49,50.00,0.00,0,5.2,0.114
1971,11337.541,AllocLarge,2B,0.319,16.7,0.000,0.00,15.613,11.613,2,7.778,0.114,0,0.00,0.001,0,36.11,0.289,100,0.56,11.201,56,35.72,0.00,0,6.8,0.083
1972,11343.643,AllocLarge,2B,0.292,0.0,0.000,0.00,14.814,14.814,2,7.778,0.115,0,99.44,0.001,0,36.11,0.289,100,0.56,14.401,49,50.00,0.00,0,5.1,0.084
1973,11348.359,AllocLarge,2B,0.272,0.0,0.000,0.00,15.614,11.614,2,7.778,0.115,0,0.00,0.001,0,36.11,0.289,100,0.56,11.201,56,35.72,0.00,0,5.5,0.081
1974,11353.891,AllocLarge,2B,0.262,14.3,0.000,0.00,14.814,14.814,2,7.778,0.115,0,99.44,0.001,0,36.11,0.289,100,0.56,14.401,49,50.00,0.00,0,5.0,0.093
1975,11358.074,AllocLarge,2B,0.292,0.0,0.000,0.00,15.614,11.614,2,7.778,0.115,0,0.00,0.001,0,36.11,0.289,100,0.56,11.201,56,35.72,0.00,0,6.5,0.083
1976,11363.667,AllocLarge,2B,0.244,0.0,0.000,0.00,14.814,14.814,2,7.778,0.115,0,99.45,0.001,0,36.11,0.289,100,0.56,14.401,49,50.00,0.00,0,4.6,0.077
1977,11367.750,AllocLarge,2B,0.222,20.0,0.000,0.00,15.614,11.614,2,7.778,0.115,0,0.00,0.001,0,36.11,0.289,100,0.56,11.201,56,35.72,0.00,0,5.2,0.090
1978,11373.182,AllocLarge,2B,0.326,20.0,0.000,0.00,14.815,14.815,2,7.778,0.116,0,99.45,0.001,0,36.11,0.289,100,0.56,14.401,49,50.00,0.00,0,6.1,0.120
1979,11377.489,AllocLarge,2B,0.271,16.7,0.108,23.87,15.615,11.615,2,7.778,0.116,0,0.00,0.001,0,36.11,0.289,100,0.56,11.201,56,35.72,0.00,0,6.0,0.081
1980,11383.140,AllocLarge,2B,0.333,14.3,0.000,0.00,14.815,14.815,2,7.778,0.116,0,99.45,0.001,0,36.11,0.289,100,0.56,14.401,49,50.00,0.00,0,6.1,0.128
1981,11387.463,AllocLarge,2B,0.286,20.0,0.000,0.00,15.615,11.615,2,7.778,0.116,0,0.00,0.001,0,36.11,0.289,100,0.56,11.201,56,35.72,0.00,0,6.1,0.077
1982,11393.564,AllocLarge,2B,0.300,0.0,0.000,0.00,14.815,14.815,2,7.778,0.116,0,99.45,0.001,0,36.11,0.289,100,0.56,14.401,49,50.00,0.00,0,5.2,0.083
1983,11397.787,AllocLarge,2B,0.265,0.0,0.000,0.00,15.615,11.615,2,7.778,0.116,0,0.00,0.001,0,36.11,0.289,100,0.56,11.201,56,35.72,0.00,0,5.9,0.082
1984,11403.340,AllocLarge,2B,0.272,0.0,0.000,0.00,14.816,14.816,2,7.778,0.117,0,99.45,0.001,0,36.11,0.289,100,0.56,14.401,49,50.00,0.00,0,5.2,0.093
1985,11407.654,AllocLarge,2B,0.317,20.0,0.000,0.00,15.616,11.616,2,7.778,0.117,0,0.00,0.001,0,36.11,0.289,100,0.56,11.201,56,35.72,0.00,0,6.7,0.126
1986,11413.459,AllocLarge,2B,0.275,14.3,0.000,0.00,14.816,14.816,2,7.778,0.117,0,99.45,0.001,0,36.11,0.289,100,0.56,14.401,49,50.00,0.00,0,5.1,0.100
1987,11417.693,AllocLarge,2B,0.275,20.0,0.000,0.00,15.616,11.616,2,7.778,0.117,0,0.00,0.001,0,36.11,0.289,100,0.56,11.201,56,35.72,0.00,0,6.2,0.078
1988,11423.722,AllocLarge,2B,0.289,0.0,0.000,0.00,14.816,14.816,2,7.778,0.117,0,99.46,0.001,0,36.11,0.289,100,0.56,14.401,49,50.00,0.00,0,5.0,0.082
1989,11428.142,AllocLarge,2B,0.373,20.0,0.000,0.00,15.617,11.616,2,7.778,0.117,0,0.00,0.001,0,36.11,0.289,100,0.56,11.201,56,35.72,0.00,0,7.7,0.118
1990,11434.225,AllocLarge,2B,0.290,0.0,0.000,0.00,14.817,14.817,2,7.778,0.118,0,99.46,0.001,0,36.11,0.289,100,0.56,14.401,49,50.00,0.00,0,5.1,0.082
1991,11438.846,AllocLarge,2B,0.298,16.7,0.108,22.06,15.617,11.617,2,7.778,0.118,0,0.00,0.001,0,36.11,0.289,100,0.56,11.201,56,35.72,0.00,0,6.1,0.082
1992,11444.597,AllocLarge,2B,0.511,0.0,0.000,0.00,14.817,14.817,2,7.778,0.118,0,99.46,0.001,0,36.11,0.289,100,0.56,14.401,49,50.00,0.00,0,9.0,0.082
1993,11449.232,AllocLarge,2B,0.282,20.0,0.000,0.00,15.617,11.617,2,7.778,0.118,0,0.00,0.001,0,36.11,0.289,100,0.56,11.201,56,35.72,0.00,0,6.0,0.081
1994,11454.833,AllocLarge,2B,0.271,0.0,0.000,0.00,14.817,14.817,2,7.778,0.118,0,99.46,0.001,0,36.11,0.289,100,0.56,14.401,49,50.00,0.00,0,5.2,0.081
1995,11458.972,AllocLarge,2B,0.265,20.0,0.000,0.00,15.618,11.617,2,7.778,0.118,0,0.00,0.001,0,36.11,0.289,100,0.56,11.201,56,35.72,0.00,0,6.0,0.080
1996,11464.641,AllocLarge,2B,0.298,14.3,0.000,0.00,14.818,14.818,2,7.778,0.119,0,99.46,0.001,0,36.11,0.289,100,0.56,14.401,49,50.00,0.00,0,5.5,0.086
1997,11469.402,AllocLarge,2B,0.320,0.0,0.000,0.00,15.618,11.618,2,7.778,0.119,0,0.00,0.001,0,36.11,0.289,100,0.56,11.201,56,35.72,0.00,0,6.3,0.086
1998,11475.160,AllocLarge,2B,0.255,16.7,0.000,0.00,14.818,14.818,2,7.778,0.119,0,99.46,0.001,0,36.11,0.289,100,0.56,14.401,49,50.00,0.00,0,4.7,0.078
1999,11479.280,AllocLarge,2B,0.250,0.0,0.000,0.00,15.618,11.618,2,7.778,0.119,0,0.00,0.001,0,36.11,0.289,100,0.56,11.201,56,35.72,0.00,0,5.8,0.076
2000,11484.708,AllocLarge,2B,0.248,0.0,0.000,0.00,14.818,14.818,2,7.778,0.120,0,99.46,0.001,0,36.11,0.289,100,0.56,14.401,49,50.00,0.00,0,4.8,0.077
2001,11488.795,AllocLarge,2B,0.235,0.0,0.000,0.00,15.619,11.618,2,7.778,0.120,0,0.00,0.001,0,36.11,0.289,100,0.56,11.201,56,35.72,0.00,0,5.4,0.076
2002,11494.150,AllocLarge,2B,0.227,16.7,0.000,0.00,14.819,14.819,2,7.778,0.120,0,99.47,0.001,0,36.11,0.289,100,0.56,14.401,49,50.00,0.00,0,4.4,0.075
2003,11498.321,AllocLarge,2B,0.264,16.7,0.108,23.81,15.619,11.619,2,7.778,0.120,0,0.00,0.001,0,36.11,0.289,100,0.56,11.201,56,35.72,0.00,0,5.8,0.079
2004,11503.877,AllocLarge,2B,0.330,16.7,0.000,0.00,14.819,14.819,2,7.778,0.120,0,99.47,0.001,0,36.11,0.289,100,0.56,14.401,49,50.00,0.00,0,6.2,0.100
2005,11508.322,AllocLarge,2B,0.298,0.0,0.000,0.00,15.619,11.619,2,7.778,0.120,0,0.00,0.001,0,36.11,0.289,100,0.56,11.201,56,35.72,0.00,0,6.4,0.103
2006,11513.982,AllocLarge,2B,0.289,0.0,0.000,0.00,14.819,14.819,2,7.778,0.121,0,99.47,0.001,0,36.11,0.289,100,0.56,14.401,49,50.00,0.00,0,5.3,0.082
2007,11518.287,AllocLarge,2B,0.306,16.7,0.000,0.00,15.620,11.619,2,7.778,0.121,0,0.00,0.001,0,36.11,0.289,100,0.56,11.201,56,35.72,0.00,0,6.7,0.110
2008,11524.376,AllocLarge,2B,0.298,16.7,0.000,0.00,14.820,14.820,2,7.778,0.121,0,99.47,0.001,0,36.11,0.289,100,0.56,14.401,49,50.00,0.00,0,5.1,0.087
2009,11528.913,AllocLarge,2B,0.338,25.0,0.000,0.00,15.620,11.620,2,7.778,0.121,0,0.58,0.001,0,36.11,0.289,100,0.56,11.201,56,35.72,0.00,0,7.1,0.121
2010,11535.401,AllocLarge,2B,0.285,12.5,0.000,0.00,14.820,14.820,2,7.778,0.121,0,99.47,0.001,0,36.11,0.289,100,0.56,14.401,49,50.00,0.00,0,4.6,0.102
2011,11540.288,AllocLarge,2B,0.398,0.0,0.000,0.00,15.620,11.620,2,7.778,0.121,0,0.00,0.001,0,36.11,0.289,100,0.56,11.201,56,35.72,0.00,0,7.5,0.117
2012,11546.662,AllocLarge,2B,0.346,0.0,0.000,0.00,14.820,14.820,2,7.778,0.122,0,99.85,0.001,0,36.11,0.289,100,0.56,14.401,49,50.00,0.00,0,5.7,0.086
2013,11551.368,AllocLarge,2B,0.300,0.0,0.000,0.00,15.621,11.620,2,7.778,0.122,0,0.58,0.001,0,36.11,0.289,100,0.56,11.201,56,35.72,0.00,0,6.1,0.083
2014,11557.475,AllocLarge,2B,0.328,14.3,0.000,0.00,14.821,14.821,2,7.778,0.122,0,99.47,0.001,0,36.11,0.289,100,0.56,14.401,49,50.00,0.00,0,5.6,0.101
2015,11562.097,AllocLarge,2B,0.312,0.0,0.108,21.87,15.621,11.621,2,7.778,0.122,0,0.58,0.001,0,36.11,0.289,100,0.56,11.201,56,35.72,0.00,0,6.3,0.107
2016,11568.245,AllocLarge,2B,0.358,14.3,0.000,0.00,14.821,14.821,2,7.778,0.122,0,99.85,0.001,0,36.11,0.289,100,0.56,14.401,49,50.00,0.00,0,6.0,0.097
2017,11572.839,AllocLarge,2B,0.327,20.0,0.000,0.00,15.621,11.621,2,7.778,0.122,0,0.00,0.001,0,36.11,0.289,100,0.56,11.201,56,35.72,0.00,0,7.0,0.085
2018,11578.740,AllocLarge,2B,0.297,16.7,0.000,0.00,14.821,14.821,2,7.778,0.123,0,99.48,0.001,0,36.11,0.289,100,0.56,14.401,49,50.00,0.00,0,5.3,0.105
2019,11583.150,AllocLarge,2B,0.251,0.0,0.000,0.00,15.622,11.621,2,7.778,0.123,0,0.00,0.001,0,36.11,0.289,100,0.56,11.201,56,35.72,0.00,0,5.4,0.078
2020,11588.634,AllocLarge,2B,0.359,0.0,0.000,0.00,14.822,14.822,2,7.778,0.123,0,99.85,0.001,0,36.11,0.289,100,0.56,14.401,49,50.00,0.00,0,6.7,0.088
2021,11593.355,AllocLarge,2B,0.285,16.7,0.000,0.00,15.622,11.622,2,7.778,0.123,0,0.00,0.001,0,36.11,0.289,100,0.56,11.201,56,35.72,0.00,0,5.7,0.082
2022,11598.899,AllocLarge,2B,0.268,0.0,0.000,0.00,14.822,14.822,2,7.778,0.123,0,99.48,0.001,0,36.11,0.289,100,0.56,14.401,49,50.00,0.00,0,5.2,0.082
2023,11603.230,AllocLarge,2B,0.316,20.0,0.000,0.00,15.622,11.622,2,7.778,0.123,0,0.00,0.001,0,36.11,0.289,100,0.56,11.201,56,35.72,0.00,0,6.8,0.090
2024,11608.868,AllocLarge,2B,0.284,0.0,0.000,0.00,14.822,14.822,2,7.778,0.124,0,99.48,0.001,0,36.11,0.289,100,0.56,14.401,49,50.00,0.00,0,5.3,0.083
2025,11613.079,AllocLarge,2B,0.299,16.7,0.000,0.00,15.623,11.622,2,7.778,0.124,0,0.00,0.001,0,36.11,0.289,100,0.56,11.201,56,35.72,0.00,0,6.5,0.106
2026,11618.820,AllocLarge,2B,0.270,20.0,0.000,0.00,14.823,14.823,2,7.778,0.124,0,99.85,0.001,0,36.11,0.289,100,0.56,14.401,49,50.00,0.00,0,5.0,0.089
2027,11623.083,AllocLarge,2B,0.260,16.7,0.108,23.63,15.623,11.623,2,7.778,0.124,0,0.00,0.001,0,36.11,0.289,100,0.56,11.201,56,35.72,0.00,0,5.7,0.079
2028,11628.735,AllocLarge,2B,0.292,20.0,0.000,0.00,14.823,14.823,2,7.778,0.124,0,99.48,0.001,0,36.11,0.289,100,0.56,14.401,49,50.00,0.00,0,5.5,0.080
2029,11632.971,AllocLarge,2B,0.261,20.0,0.000,0.00,15.623,11.623,2,7.778,0.124,0,0.00,0.001,0,36.11,0.289,100,0.56,11.201,56,35.72,0.00,0,5.8,0.076
2030,11638.411,AllocLarge,2B,0.249,0.0,0.000,0.00,14.824,14.824,2,7.778,0.125,0,99.49,0.001,0,36.11,0.289,100,0.56,14.401,49,50.00,0.00,0,4.9,0.078
2031,11642.715,AllocLarge,2B,0.292,20.0,0.000,0.00,15.624,11.623,2,7.778,0.125,0,0.00,0.001,0,36.11,0.289,100,0.56,11.201,56,35.72,0.00,0,6.3,0.083
2032,11648.499,AllocLarge,2B,0.284,0.0,0.000,0.00,14.824,14.824,2,7.778,0.125,0,99.49,0.001,0,36.11,0.289,100,0.56,14.401,49,50.00,0.00,0,5.2,0.083
2033,11652.740,AllocLarge,2B,0.235,20.0,0.000,0.00,15.624,11.624,2,7.778,0.125,0,0.00,0.001,0,36.11,0.289,100,0.56,11.201,56,35.72,0.00,0,5.3,0.079
2034,11658.404,AllocLarge,2B,0.304,16.7,0.000,0.00,14.824,14.824,2,7.778,0.125,0,99.49,0.001,0,36.11,0.289,100,0.56,14.401,49,50.00,0.00,0,5.6,0.083
2035,11662.822,AllocLarge,2B,0.287,20.0,0.000,0.00,15.624,11.624,2,7.778,0.125,0,0.00,0.001,0,36.11,0.289,100,0.56,11.201,56,35.72,0.00,0,6.1,0.080
2036,11668.290,AllocLarge,2B,0.248,0.0,0.000,0.00,14.825,14.825,2,7.778,0.126,0,99.49,0.001,0,36.11,0.289,100,0.56,14.401,49,50.00,0.00,0,4.8,0.077
2037,11672.584,AllocLarge,2B,0.271,20.0,0.000,0.00,15.625,11.624,2,7.778,0.126,0,0.00,0.001,0,36.11,0.289,100,0.56,11.201,56,35.72,0.00,0,5.8,0.080
2038,11678.229,AllocLarge,2B,0.300,14.3,0.000,0.00,14.825,14.825,2,7.778,0.126,0,99.49,0.001,0,36.11,0.289,100,0.56,14.401,49,50.00,0.00,0,5.6,0.089
2039,11682.378,AllocLarge,2B,0.245,0.0,0.108,24.71,15.625,11.625,2,7.778,0.126,0,0.00,0.001,0,36.11,0.289,100,0.56,11.201,56,35.72,0.00,0,5.6,0.081
2040,11687.889,AllocLarge,2B,0.266,16.7,0.000,0.00,14.825,14.825,2,7.778,0.126,0,99.49,0.001,0,36.11,0.289,100,0.56,14.401,49,50.00,0.00,0,5.1,0.104
2041,11692.164,AllocLarge,2B,0.223,0.0,0.000,0.00,15.625,11.625,2,7.778,0.126,0,0.00,0.001,0,36.11,0.289,100,0.56,11.201,56,35.72,0.00,0,5.0,0.075
2042,11697.620,AllocLarge,2B,0.250,16.7,0.000,0.00,14.826,14.826,2,7.778,0.127,0,99.49,0.001,0,36.11,0.289,100,0.56,14.401,49,50.00,0.00,0,4.8,0.077
2043,11701.715,AllocLarge,2B,0.216,0.0,0.000,0.00,15.626,11.625,2,7.778,0.127,0,0.00,0.001,0,36.11,0.289,100,0.56,11.201,56,35.72,0.00,0,4.9,0.076
2044,11707.649,AllocLarge,2B,0.415,14.3,0.000,0.00,14.826,14.826,2,7.778,0.127,0,99.50,0.001,0,36.11,0.289,100,0.56,14.401,49,50.00,0.00,0,7.0,0.133
2045,11712.126,AllocLarge,2B,0.248,0.0,0.000,0.00,15.626,11.626,2,7.778,0.127,0,0.00,0.001,0,36.11,0.289,100,0.56,11.201,56,35.72,0.00,0,5.5,0.091
2046,11717.477,AllocLarge,2B,0.225,14.3,0.000,0.00,14.826,14.826,2,7.778,0.127,0,99.50,0.001,0,36.11,0.289,100,0.56,14.401,49,50.00,0.00,0,4.5,0.095
2047,11721.641,AllocLarge,2B,0.266,0.0,0.000,0.00,15.626,11.626,2,7.778,0.127,0,0.00,0.001,0,36.11,0.289,100,0.56,11.201,56,35.72,0.00,0,5.9,0.100
2048,11727.467,AllocLarge,2B,0.268,14.3,0.000,0.00,14.827,14.827,2,7.778,0.128,0,99.50,0.001,0,36.11,0.289,100,0.56,14.401,49,50.00,0.00,0,4.8,0.079
2049,11731.713,AllocLarge,2B,0.227,0.0,0.000,0.00,15.627,11.626,2,7.778,0.128,0,0.00,0.001,0,36.11,0.289,100,0.56,11.201,56,35.72,0.00,0,5.1,0.077
2050,11737.252,AllocLarge,2B,0.247,16.7,0.000,0.00,14.827,14.827,2,7.778,0.128,0,99.50,0.001,0,36.11,0.289,100,0.56,14.401,49,50.00,0.00,0,4.7,0.075
2051,11741.453,AllocLarge,2B,0.220,0.0,0.108,24.16,15.627,11.627,2,7.778,0.128,0,0.00,0.001,0,36.11,0.289,100,0.56,11.201,56,35.72,0.00,0,4.9,0.073
2052,11746.932,AllocLarge,2B,0.275,0.0,0.000,0.00,14.827,14.827,2,7.778,0.128,0,99.50,0.001,0,36.11,0.289,100,0.56,14.401,49,50.00,0.00,0,5.2,0.080
2053,11751.213,AllocLarge,2B,0.278,16.7,0.000,0.00,15.627,11.627,2,7.778,0.128,0,0.00,0.001,0,36.11,0.289,100,0.56,11.201,56,35.72,0.00,0,6.1,0.080
2054,11756.799,AllocLarge,2B,0.251,0.0,0.000,0.00,14.828,14.828,2,7.778,0.129,0,99.50,0.001,0,36.11,0.289,100,0.56,14.401,49,50.00,0.00,0,4.8,0.089
2055,11760.864,AllocLarge,2B,0.208,25.0,0.000,0.00,15.628,11.627,2,7.778,0.129,0,0.00,0.001,0,36.11,0.289,100,0.56,11.201,56,35.72,0.00,0,4.9,0.074
2056,11766.484,AllocLarge,2B,0.262,0.0,0.000,0.00,14.828,14.828,2,7.778,0.129,0,99.86,0.001,0,36.11,0.289,100,0.56,14.401,49,50.00,0.00,0,4.8,0.086
2057,11770.706,AllocLarge,2B,0.475,40.0,0.000,0.00,15.628,11.628,2,7.778,0.129,0,0.00,0.001,0,36.11,0.289,100,0.56,11.201,56,35.72,0.00,0,9.4,0.071
2058,11776.685,AllocLarge,2B,0.268,0.0,0.000,0.00,15.628,14.828,2,7.778,0.129,0,99.86,0.001,0,36.11,0.289,100,0.56,14.401,47,50.00,0.00,0,5.2,0.090
2059,11780.955,AllocLarge,2B,0.280,16.7,0.000,0.00,15.628,11.628,2,7.778,0.129,0,0.00,0.001,0,36.11,0.289,100,0.56,11.201,56,35.72,0.00,0,6.2,0.096
2060,11786.782,AllocLarge,2B,0.269,0.0,0.000,0.00,14.829,14.829,2,7.778,0.130,0,99.51,0.001,0,36.11,0.289,100,0.56,14.401,49,50.00,0.00,0,4.9,0.082
2061,11791.071,AllocLarge,2B,0.283,0.0,0.000,0.00,15.629,11.628,2,7.778,0.130,0,0.00,0.001,0,36.11,0.289,100,0.56,11.201,56,35.72,0.00,0,6.1,0.083
2062,11796.846,AllocLarge,2B,0.294,0.0,0.000,0.00,14.829,14.829,2,7.778,0.130,0,99.51,0.001,0,36.11,0.289,100,0.56,14.401,49,50.00,0.00,0,5.3,0.093
2063,11801.191,AllocLarge,2B,0.285,0.0,0.108,23.52,15.629,11.629,2,7.778,0.130,0,0.00,0.001,0,36.11,0.289,100,0.56,11.201,56,35.72,0.00,0,6.2,0.082
2064,11807.062,AllocLarge,2B,0.302,14.3,0.000,0.00,14.829,14.829,2,7.778,0.130,0,99.51,0.001,0,36.11,0.289,100,0.56,14.401,49,50.00,0.00,0,5.4,0.080
2065,11811.220,AllocLarge,2B,0.242,0.0,0.000,0.00,15.629,11.629,2,7.778,0.130,0,0.00,0.001,0,36.11,0.289,100,0.56,11.201,56,35.72,0.00,0,5.6,0.079
2066,11816.889,AllocLarge,2B,0.303,0.0,0.000,0.00,14.830,14.830,2,7.778,0.131,0,99.86,0.001,0,36.11,0.289,100,0.56,14.401,49,50.00,0.00,0,5.5,0.096
2067,11821.368,AllocLarge,2B,0.280,0.0,0.000,0.00,15.630,11.629,2,7.778,0.131,0,0.54,0.001,0,36.11,0.289,100,0.56,11.201,56,35.72,0.00,0,6.0,0.082
2068,11827.108,AllocLarge,2B,0.280,14.3,0.000,0.00,14.830,14.830,2,7.778,0.131,0,99.86,0.001,0,36.11,0.289,100,0.56,14.401,49,50.00,0.00,0,5.1,0.094
2069,11831.372,AllocLarge,2B,0.326,50.0,0.000,0.00,15.630,11.630,2,7.778,0.131,0,0.00,0.001,0,36.11,0.289,100,0.56,11.201,56,35.72,0.00,0,7.0,0.085
2070,11836.871,AllocLarge,2B,0.274,0.0,0.000,0.00,14.830,14.830,2,7.778,0.131,0,99.51,0.001,0,36.11,0.289,100,0.56,14.401,49,50.00,0.00,0,5.4,0.082
2071,11841.006,AllocLarge,2B,0.269,40.0,0.000,0.00,15.630,11.630,2,7.778,0.131,0,0.00,0.001,0,36.11,0.289,100,0.56,11.201,56,35.72,0.00,0,6.0,0.085
2072,11846.598,AllocLarge,2B,0.285,0.0,0.000,0.00,14.831,14.831,2,7.778,0.132,0,99.51,0.001,0,36.11,0.289,100,0.56,14.401,49,50.00,0.00,0,5.4,0.092
2073,11850.970,AllocLarge,2B,0.318,16.7,0.000,0.00,15.631,11.630,2,7.778,0.132,0,0.00,0.001,0,36.11,0.289,100,0.56,11.201,56,35.72,0.00,0,6.9,0.081
2074,11856.546,AllocLarge,2B,0.298,16.7,0.000,0.00,14.831,14.831,2,7.778,0.132,0,99.51,0.001,0,36.11,0.289,100,0.56,14.401,49,50.00,0.00,0,5.6,0.086
2075,11860.782,AllocLarge,2B,0.268,20.0,0.108,23.93,15.631,11.631,2,7.778,0.132,0,0.00,0.001,0,36.11,0.289,100,0.56,11.201,56,35.72,0.00,0,6.0,0.082
2076,11866.324,AllocLarge,2B,0.293,16.7,0.000,0.00,14.831,14.831,2,7.778,0.132,0,99.52,0.001,0,36.11,0.289,100,0.56,14.401,49,50.00,0.00,0,5.6,0.082
2077,11870.480,AllocLarge,2B,0.241,0.0,0.000,0.00,15.631,11.631,2,7.778,0.132,0,0.00,0.001,0,36.11,0.289,100,0.56,11.201,56,35.72,0.00,0,5.5,0.080
2078,11875.959,AllocLarge,2B,0.246,16.7,0.000,0.00,14.832,14.832,2,7.778,0.133,0,99.52,0.001,0,36.11,0.289,100,0.56,14.401,49,50.00,0.00,0,4.7,0.081
2079,11880.172,AllocLarge,2B,0.256,0.0,0.000,0.00,15.632,11.631,2,7.778,0.133,0,0.00,0.001,0,36.11,0.289,100,0.56,11.201,56,35.72,0.00,0,5.8,0.081
2080,11885.723,AllocLarge,2B,0.288,14.3,0.000,0.00,14.832,14.832,2,7.778,0.133,0,99.52,0.001,0,36.11,0.289,100,0.56,14.401,49,50.00,0.00,0,5.4,0.104
2081,11889.925,AllocLarge,2B,0.258,0.0,0.000,0.00,15.632,11.632,2,7.778,0.133,0,0.00,0.001,0,36.11,0.289,100,0.56,11.201,56,35.72,0.00,0,5.8,0.081
2082,11895.447,AllocLarge,2B,0.263,0.0,0.000,0.00,14.832,14.832,2,7.778,0.133,0,99.52,0.001,0,36.11,0.289,100,0.56,14.401,49,50.00,0.00,0,5.0,0.081
2083,11899.607,AllocLarge,2B,0.264,0.0,0.000,0.00,15.632,11.632,2,7.778,0.133,0,0.00,0.001,0,36.11,0.289,100,0.56,11.201,56,35.72,0.00,0,6.0,0.083
2084,11905.122,AllocLarge,2B,0.265,0.0,0.000,0.00,14.833,14.833,2,7.778,0.134,0,99.52,0.001,0,36.11,0.289,100,0.56,14.401,49,50.00,0.00,0,5.0,0.081
2085,11909.451,AllocLarge,2B,0.363,20.0,0.000,0.00,15.633,11.632,2,7.778,0.134,0,0.00,0.001,0,36.11,0.289,100,0.56,11.201,56,35.72,0.00,0,7.7,0.105
2086,11915.196,AllocLarge,2B,0.262,0.0,0.000,0.00,14.833,14.833,2,7.778,0.134,0,99.52,0.001,0,36.11,0.289,100,0.56,14.401,49,50.00,0.00,0,4.9,0.081
2087,11919.353,AllocLarge,2B,0.305,20.0,0.108,23.92,15.633,11.633,2,7.778,0.134,0,0.00,0.001,0,36.11,0.289,100,0.56,11.201,56,35.72,0.00,0,6.8,0.104
2088,11924.978,AllocLarge,2B,0.283,0.0,0.000,0.00,14.833,14.833,2,7.778,0.134,0,99.52,0.001,0,36.11,0.289,100,0.56,14.401,49,50.00,0.00,0,5.3,0.100
2089,11929.284,AllocLarge,2B,0.283,16.7,0.000,0.00,15.633,11.633,2,7.778,0.134,0,0.00,0.001,0,36.11,0.289,100,0.56,11.201,56,35.72,0.00,0,6.1,0.102
2090,11934.912,AllocLarge,2B,0.266,0.0,0.000,0.00,14.834,14.834,2,7.778,0.135,0,99.52,0.001,0,36.11,0.289,100,0.56,14.401,49,50.00,0.00,0,5.0,0.082
2091,11939.052,AllocLarge,2B,0.268,20.0,0.000,0.00,15.634,11.633,2,7.778,0.135,0,0.00,0.001,0,36.11,0.289,100,0.56,11.201,56,35.72,0.00,0,6.0,0.081
2092,11944.576,AllocLarge,2B,0.268,0.0,0.000,0.00,14.834,14.834,2,7.778,0.135,0,99.53,0.001,0,36.11,0.289,100,0.56,14.401,49,50.00,0.00,0,5.2,0.081
2093,11948.752,AllocLarge,2B,0.254,20.0,0.000,0.00,15.634,11.634,2,7.778,0.135,0,0.00,0.001,0,36.11,0.289,100,0.56,11.201,56,35.72,0.00,0,5.7,0.083
2094,11954.206,AllocLarge,2B,0.262,0.0,0.000,0.00,14.834,14.834,2,7.778,0.135,0,99.53,0.001,0,36.11,0.289,100,0.56,14.401,49,50.00,0.00,0,5.1,0.079
2095,11958.329,AllocLarge,2B,0.265,20.0,0.000,0.00,15.634,11.634,2,7.778,0.135,0,0.00,0.001,0,36.11,0.289,100,0.56,11.201,56,35.72,0.00,0,5.9,0.062
2096,11963.921,AllocLarge,2B,0.250,0.0,0.000,0.00,15.635,14.835,2,7.778,0.136,0,99.53,0.001,0,36.11,0.289,100,0.56,14.401,47,50.00,0.00,0,4.8,0.080
2097,11968.029,AllocLarge,2B,0.298,16.7,0.000,0.00,15.635,11.634,2,7.778,0.136,0,0.00,0.001,0,36.11,0.289,100,0.56,11.201,56,35.72,0.00,0,6.7,0.130
2098,11973.493,AllocLarge,2B,0.263,0.0,0.000,0.00,14.835,14.835,2,7.778,0.136,0,99.53,0.001,0,36.11,0.289,100,0.56,14.401,49,50.00,0.00,0,5.1,0.075
2099,11977.716,AllocLarge,2B,0.240,0.0,0.108,23.99,15.635,11.635,2,7.778,0.136,0,0.00,0.001,0,36.11,0.289,100,0.56,11.201,56,35.72,0.00,0,5.4,0.080
2100,11983.158,AllocLarge,2B,0.263,0.0,0.000,0.00,14.835,14.835,2,7.778,0.136,0,99.53,0.001,0,36.11,0.289,100,0.56,14.401,49,50.00,0.00,0,5.1,0.098
2101,11987.297,AllocLarge,2B,0.275,16.7,0.000,0.00,15.635,11.635,2,7.778,0.136,0,0.00,0.001,0,36.11,0.289,100,0.56,11.201,56,35.72,0.00,0,6.1,0.089
2102,11993.058,AllocLarge,2B,0.265,16.7,0.000,0.00,14.836,14.836,2,7.778,0.137,0,99.53,0.001,0,36.11,0.289,100,0.56,14.401,49,50.00,0.00,0,4.9,0.088
2103,11997.206,AllocLarge,2B,0.324,16.7,0.000,0.00,15.636,11.635,2,7.778,0.137,0,0.00,0.001,0,36.11,0.289,100,0.56,11.201,56,35.72,0.00,0,7.2,0.087
2104,12002.906,AllocLarge,2B,0.268,0.0,0.000,0.00,14.836,14.836,2,7.778,0.137,0,99.53,0.001,0,36.11,0.289,100,0.56,14.401,49,50.00,0.00,0,5.0,0.082
2105,12007.076,AllocLarge,2B,0.309,20.0,0.000,0.00,15.636,11.636,2,7.778,0.137,0,0.00,0.001,0,36.11,0.289,100,0.56,11.201,56,35.72,0.00,0,6.9,0.106
2106,12012.609,AllocLarge,2B,0.264,16.7,0.000,0.00,14.836,14.836,2,7.778,0.137,0,99.53,0.001,0,36.11,0.289,100,0.56,14.401,49,50.00,0.00,0,5.1,0.082
2107,12016.751,AllocLarge,2B,0.273,0.0,0.000,0.00,15.636,11.636,2,7.778,0.137,0,0.00,0.001,0,36.11,0.289,100,0.56,11.201,56,35.72,0.00,0,6.1,0.101
2108,12022.389,AllocLarge,2B,0.290,16.7,0.000,0.00,14.837,14.837,2,7.778,0.138,0,99.54,0.001,0,36.11,0.289,100,0.56,14.401,49,50.00,0.00,0,5.4,0.101
2109,12026.680,AllocLarge,2B,0.257,0.0,0.000,0.00,15.637,11.636,2,7.778,0.138,0,0.00,0.001,0,36.11,0.289,100,0.56,11.201,56,35.72,0.00,0,5.7,0.083
2110,12032.206,AllocLarge,2B,0.286,16.7,0.000,0.00,14.837,14.837,2,7.778,0.138,0,99.54,0.001,0,36.11,0.289,100,0.56,14.401,49,50.00,0.00,0,5.4,0.082
2111,12036.395,AllocLarge,2B,0.278,40.0,0.108,23.56,15.637,11.637,2,7.778,0.138,0,0.00,0.001,0,36.11,0.289,100,0.56,11.201,56,35.72,0.00,0,6.1,0.054
2112,12041.982,AllocLarge,2B,0.282,0.0,0.000,0.00,15.637,14.837,2,7.778,0.138,0,99.54,0.001,0,36.11,0.289,100,0.56,14.401,47,50.00,0.00,0,5.4,0.084
2113,12046.253,AllocLarge,2B,0.258,20.0,0.000,0.00,15.637,11.637,2,7.778,0.138,0,0.00,0.001,0,36.11,0.289,100,0.56,11.201,56,35.72,0.00,0,5.7,0.079
2114,12051.659,AllocLarge,2B,0.252,0.0,0.000,0.00,14.838,14.838,2,7.778,0.139,0,99.54,0.001,0,36.11,0.289,100,0.56,14.401,49,50.00,0.00,0,4.9,0.079
2115,12055.775,AllocLarge,2B,0.323,20.0,0.000,0.00,15.638,11.637,2,7.778,0.139,0,0.00,0.001,0,36.11,0.289,100,0.56,11.201,56,35.72,0.00,0,7.2,0.080
2116,12061.323,AllocLarge,2B,0.270,0.0,0.000,0.00,14.838,14.838,2,7.778,0.139,0,99.87,0.001,0,36.11,0.289,100,0.56,14.401,49,50.00,0.00,0,5.2,0.089
2117,12065.491,AllocLarge,2B,0.253,0.0,0.000,0.00,15.638,11.638,2,7.778,0.139,0,0.00,0.001,0,36.11,0.289,100,0.56,11.201,56,35.72,0.00,0,5.7,0.077
2118,12070.918,AllocLarge,2B,0.254,16.7,0.000,0.00,14.838,14.838,2,7.778,0.139,0,99.54,0.001,0,36.11,0.289,100,0.56,14.401,49,50.00,0.00,0,4.9,0.090
2119,12075.042,AllocLarge,2B,0.352,0.0,0.000,0.00,15.638,11.638,2,7.778,0.139,0,0.00,0.001,0,36.11,0.289,100,0.56,11.201,56,35.72,0.00,0,7.8,0.162
2120,12080.631,AllocLarge,2B,0.258,0.0,0.000,0.00,14.839,14.839,2,7.778,0.140,0,99.54,0.001,0,36.11,0.289,100,0.56,14.401,49,50.00,0.00,0,5.0,0.079
2121,12084.742,AllocLarge,2B,0.249,16.7,0.000,0.00,15.639,11.638,2,7.778,0.140,0,0.00,0.001,0,36.11,0.289,100,0.56,11.201,56,35.72,0.00,0,5.6,0.080
2122,12090.186,AllocLarge,2B,0.235,0.0,0.000,0.00,14.839,14.839,2,7.778,0.140,0,99.54,0.001,0,36.11,0.289,100,0.56,14.401,49,50.00,0.00,0,4.6,0.078
2123,12094.259,AllocLarge,2B,0.226,0.0,0.108,24.78,15.639,11.639,2,7.778,0.140,0,0.00,0.001,0,36.11,0.289,100,0.56,11.201,56,35.72,0.00,0,5.2,0.076
2124,12099.735,AllocLarge,2B,0.278,16.7,0.000,0.00,14.839,14.839,2,7.778,0.140,0,99.54,0.001,0,36.11,0.289,100,0.56,14.401,49,50.00,0.00,0,5.2,0.081
2125,12103.930,AllocLarge,2B,0.259,16.7,0.000,0.00,15.639,11.639,2,7.778,0.140,0,0.00,0.001,0,36.11,0.289,100,0.56,11.201,56,35.72,0.00,0,5.9,0.081
2126,12109.370,AllocLarge,2B,0.251,0.0,0.000,0.00,14.840,14.840,2,7.778,0.141,0,99.55,0.001,0,36.11,0.289,100,0.56,14.401,49,50.00,0.00,0,4.9,0.078
2127,12113.566,AllocLarge,2B,0.386,20.0,0.000,0.00,15.640,11.639,2,7.778,0.141,0,0.00,0.001,0,36.11,0.289,100,0.56,11.201,56,35.72,0.00,0,8.2,0.118
2128,12119.671,AllocLarge,2B,0.251,0.0,0.000,0.00,14.840,14.840,2,7.778,0.141,0,99.55,0.001,0,36.11,0.289,100,0.56,14.401,49,50.00,0.00,0,4.5,0.081
2129,12123.837,AllocLarge,2B,0.247,16.7,0.000,0.00,15.640,11.640,2,7.778,0.141,0,0.00,0.001,0,36.11,0.289,100,0.56,11.201,56,35.72,0.00,0,5.6,0.079
2130,12129.286,AllocLarge,2B,0.286,16.7,0.000,0.00,14.840,14.840,2,7.778,0.141,0,99.55,0.001,0,36.11,0.289,100,0.56,14.401,49,50.00,0.00,0,5.5,0.105
2131,12133.451,AllocLarge,2B,0.245,0.0,0.000,0.00,15.640,11.640,2,7.778,0.141,0,0.00,0.001,0,36.11,0.289,100,0.56,11.201,56,35.72,0.00,0,5.6,0.077
2132,12138.860,AllocLarge,2B,0.262,16.7,0.000,0.00,14.841,14.841,2,7.778,0.142,0,99.55,0.001,0,36.11,0.289,100,0.56,14.401,49,50.00,0.00,0,5.1,0.080
2133,12143.213,AllocLarge,2B,0.278,33.3,0.000,0.00,15.641,11.640,2,7.778,0.142,0,0.00,0.001,0,36.11,0.289,100,0.56,11.201,56,35.72,0.00,0,5.9,0.061
2134,12148.895,AllocLarge,2B,0.330,0.0,0.000,0.00,15.641,14.841,2,7.778,0.142,0,99.55,0.001,0,36.11,0.289,100,0.56,14.401,47,50.00,0.00,0,6.1,0.103
2135,12153.441,AllocLarge,2B,0.264,0.0,0.108,22.68,15.641,11.641,2,7.778,0.142,0,0.00,0.001,0,36.11,0.289,100,0.56,11.201,56,35.72,0.00,0,5.6,0.079
2136,12159.129,AllocLarge,2B,0.318,0.0,0.000,0.00,14.841,14.841,2,7.778,0.142,0,99.87,0.001,0,36.11,0.289,100,0.56,14.401,49,50.00,0.00,0,5.8,0.092
2137,12163.579,AllocLarge,2B,0.296,0.0,0.000,0.00,15.641,11.641,2,7.778,0.142,0,0.00,0.001,0,36.11,0.289,100,0.56,11.201,56,35.72,0.00,0,6.3,0.081
2138,12169.169,AllocLarge,2B,0.289,16.7,0.000,0.00,14.842,14.842,2,7.778,0.143,0,99.55,0.001,0,36.11,0.289,100,0.56,14.401,49,50.00,0.00,0,5.5,0.079
2139,12173.315,AllocLarge,2B,0.231,0.0,0.000,0.00,15.642,11.641,2,7.778,0.143,0,0.00,0.001,0,36.11,0.289,100,0.56,11.201,56,35.72,0.00,0,5.3,0.075
2140,12178.701,AllocLarge,2B,0.264,0.0,0.000,0.00,14.842,14.842,2,7.778,0.143,0,99.55,0.001,0,36.11,0.289,100,0.56,14.401,49,50.00,0.00,0,5.1,0.079
2141,12182.967,AllocLarge,2B,0.325,16.7,0.000,0.00,15.642,11.642,2,7.778,0.143,0,0.00,0.001,0,36.11,0.289,100,0.56,11.201,56,35.72,0.00,0,6.9,0.112
2142,12188.693,AllocLarge,2B,0.271,0.0,0.000,0.00,14.842,14.842,2,7.778,0.143,0,99.55,0.001,0,36.11,0.289,100,0.56,14.401,49,50.00,0.00,0,5.1,0.080
2143,12192.989,AllocLarge,2B,0.318,20.0,0.000,0.00,15.642,11.642,2,7.778,0.143,0,0.49,0.001,0,36.11,0.289,100,0.56,11.201,56,35.72,0.00,0,6.8,0.086
2144,12198.973,AllocLarge,2B,0.268,14.3,0.000,0.00,14.843,14.843,2,7.778,0.144,0,99.55,0.001,0,36.11,0.289,100,0.56,14.401,49,50.00,0.00,0,4.8,0.080
2145,12203.197,AllocLarge,2B,0.282,16.7,0.000,0.00,15.643,11.642,2,7.778,0.144,0,0.00,0.001,0,36.11,0.289,100,0.56,11.201,56,35.72,0.00,0,6.3,0.096
2146,12209.076,AllocLarge,2B,0.267,16.7,0.000,0.00,14.843,14.843,2,7.778,0.144,0,99.56,0.001,0,36.11,0.289,100,0.56,14.401,49,50.00,0.00,0,4.8,0.083
2147,12213.667,AllocLarge,2B,0.369,20.0,0.108,21.76,15.643,11.643,2,7.778,0.144,0,0.49,0.001,0,36.11,0.289,100,0.56,11.201,56,35.72,0.00,0,7.5,0.142
2148,12219.610,AllocLarge,2B,0.269,0.0,0.000,0.00,14.843,14.843,2,7.778,0.144,0,99.56,0.001,0,36.11,0.289,100,0.56,14.401,49,50.00,0.00,0,4.8,0.079
2149,12224.120,AllocLarge,2B,0.325,16.7,0.000,0.00,15.643,11.643,2,7.778,0.144,0,0.49,0.001,0,36.11,0.289,100,0.56,11.201,56,35.72,0.00,0,6.6,0.080
2150,12230.288,AllocLarge,2B,0.264,0.0,0.000,0.00,14.844,14.844,2,7.778,0.145,0,99.87,0.001,0,36.11,0.289,100,0.56,14.401,49,50.00,0.00,0,4.6,0.079
2151,12234.747,AllocLarge,2B,0.404,16.7,0.000,0.00,15.644,11.643,2,7.778,0.145,0,0.49,0.001,0,36.11,0.289,100,0.56,11.201,56,35.72,0.00,0,8.3,0.107
2152,12240.941,AllocLarge,2B,0.271,0.0,0.000,0.00,14.844,14.844,2,7.778,0.145,0,99.56,0.001,0,36.11,0.289,100,0.56,14.401,49,50.00,0.00,0,4.7,0.081
2153,12245.214,AllocLarge,2B,0.269,0.0,0.000,0.00,15.644,11.644,2,7.778,0.145,0,0.49,0.001,0,36.11,0.289,100,0.56,11.201,56,35.72,0.00,0,5.9,0.082
2154,12250.856,AllocLarge,2B,0.249,0.0,0.000,0.00,14.844,14.844,2,7.778,0.145,0,99.56,0.001,0,36.11,0.289,100,0.56,14.401,49,50.00,0.00,0,4.7,0.075
2155,12255.050,AllocLarge,2B,0.251,0.0,0.000,0.00,15.644,11.644,2,7.778,0.145,0,0.48,0.001,0,36.11,0.289,100,0.56,11.201,56,35.72,0.00,0,5.6,0.078
2156,12260.799,AllocLarge,2B,0.270,0.0,0.000,0.00,14.845,14.845,2,7.778,0.146,0,99.56,0.001,0,36.11,0.289,100,0.56,14.401,49,50.00,0.00,0,4.9,0.080
2157,12265.127,AllocLarge,2B,0.292,0.0,0.000,0.00,15.645,11.644,2,7.778,0.146,0,0.00,0.001,0,36.11,0.289,100,0.56,11.201,56,35.72,0.00,0,6.3,0.099
2158,12270.917,AllocLarge,2B,0.316,0.0,0.000,0.00,14.845,14.845,2,7.778,0.146,0,99.87,0.001,0,36.11,0.289,100,0.56,14.401,49,50.00,0.00,0,5.7,0.093
2159,12275.504,AllocLarge,2B,0.310,16.7,0.108,22.05,15.645,11.645,2,7.778,0.146,0,0.00,0.001,0,36.11,0.289,100,0.56,11.201,56,35.72,0.00,0,6.3,0.106
2160,12281.168,AllocLarge,2B,0.239,0.0,0.000,0.00,14.845,14.845,2,7.778,0.146,0,99.56,0.001,0,36.11,0.289,100,0.56,14.401,49,50.00,0.00,0,4.5,0.078
2161,12285.390,AllocLarge,2B,0.260,0.0,0.000,0.00,15.645,11.645,2,7.778,0.146,0,0.48,0.001,0,36.11,0.289,100,0.56,11.201,56,35.72,0.00,0,5.7,0.080
2162,12291.713,AllocLarge,2B,0.338,14.3,0.000,0.00,14.846,14.846,2,7.778,0.147,0,99.56,0.001,0,36.11,0.289,100,0.56,14.401,49,50.00,0.00,0,5.5,0.081
2163,12296.167,AllocLarge,2B,0.292,14.3,0.000,0.00,15.646,11.645,2,7.778,0.147,0,0.00,0.001,0,36.11,0.289,100,0.56,11.201,56,35.72,0.00,0,6.2,0.102
2164,12301.769,AllocLarge,2B,0.270,0.0,0.000,0.00,14.846,14.846,2,7.778,0.147,0,99.56,0.001,0,36.11,0.289,100,0.56,14.401,49,50.00,0.00,0,5.1,0.082
2165,12306.067,AllocLarge,2B,0.298,20.0,0.000,0.00,15.646,11.646,2,7.778,0.147,0,0.00,0.001,0,36.11,0.289,100,0.56,11.201,56,35.72,0.00,0,6.4,0.085
2166,12311.713,AllocLarge,2B,0.266,16.7,0.000,0.00,14.846,14.846,2,7.778,0.147,0,99.57,0.001,0,36.11,0.289,100,0.56,14.401,49,50.00,0.00,0,5.0,0.084
2167,12316.082,AllocLarge,2B,0.291,16.7,0.000,0.00,15.646,11.646,2,7.778,0.147,0,0.00,0.001,0,36.11,0.289,100,0.56,11.201,56,35.72,0.00,0,6.1,0.064
2168,12321.799,AllocLarge,2B,0.275,0.0,0.000,0.00,15.647,14.847,2,7.778,0.148,0,99.57,0.001,0,36.11,0.289,100,0.56,14.401,47,50.00,0.00,0,5.2,0.098
2169,12326.031,AllocLarge,2B,0.267,0.0,0.000,0.00,15.647,11.646,2,7.778,0.148,0,0.00,0.001,0,36.11,0.289,100,0.56,11.201,56,35.72,0.00,0,5.9,0.096
2170,12331.467,AllocLarge,2B,0.255,0.0,0.000,0.00,14.847,14.847,2,7.778,0.148,0,99.57,0.001,0,36.11,0.289,100,0.56,14.401,49,50.00,0.00,0,5.0,0.080
2171,12335.670,AllocLarge,2B,0.319,20.0,0.108,23.16,15.647,11.647,2,7.778,0.148,0,0.00,0.001,0,36.11,0.289,100,0.56,11.201,56,35.72,0.00,0,6.9,0.102
2172,12341.640,AllocLarge,2B,0.260,0.0,0.000,0.00,14.847,14.847,2,7.778,0.148,0,99.57,0.001,0,36.11,0.289,100,0.56,14.401,49,50.00,0.00,0,4.7,0.076
2173,12345.856,AllocLarge,2B,0.280,16.7,0.000,0.00,15.647,11.647,2,7.778,0.148,0,0.00,0.001,0,36.11,0.289,100,0.56,11.201,56,35.72,0.00,0,6.1,0.084
2174,12351.522,AllocLarge,2B,0.264,16.7,0.000,0.00,14.848,14.848,2,7.778,0.149,0,99.57,0.001,0,36.11,0.289,100,0.56,14.401,49,50.00,0.00,0,4.9,0.082
2175,12355.891,AllocLarge,2B,0.265,20.0,0.000,0.00,15.648,11.647,2,7.778,0.149,0,0.00,0.001,0,36.11,0.289,100,0.56,11.201,56,35.72,0.00,0,5.6,0.080
2176,12361.505,AllocLarge,2B,0.324,16.7,0.000,0.00,14.848,14.848,2,7.778,0.149,0,99.57,0.001,0,36.11,0.289,100,0.56,14.401,49,50.00,0.00,0,6.1,0.083
2177,12366.122,AllocLarge,2B,0.390,20.0,0.000,0.00,15.648,11.648,2,7.778,0.149,0,0.00,0.001,0,36.11,0.289,100,0.56,11.201,56,35.72,0.00,0,7.9,0.106
2178,12371.929,AllocLarge,2B,0.263,14.3,0.000,0.00,14.848,14.848,2,7.778,0.149,0,99.57,0.001,0,36.11,0.289,100,0.56,14.401,49,50.00,0.00,0,4.9,0.079
2179,12376.161,AllocLarge,2B,0.228,0.0,0.000,0.00,15.648,11.648,2,7.778,0.149,0,0.00,0.001,0,36.11,0.289,100,0.56,11.201,56,35.72,0.00,0,5.1,0.076
2180,12382.233,AllocLarge,2B,0.260,0.0,0.000,0.00,14.849,14.849,2,7.778,0.150,0,99.57,0.001,0,36.11,0.289,100,0.56,14.401,49,50.00,0.00,0,4.5,0.083
2181,12386.608,AllocLarge,2B,0.265,16.7,0.000,0.00,15.649,11.648,2,7.778,0.150,0,0.00,0.001,0,36.11,0.289,100,0.56,11.201,56,35.72,0.00,0,5.6,0.081
2182,12392.665,AllocLarge,2B,0.280,14.3,0.000,0.00,14.849,14.849,2,7.778,0.150,0,99.88,0.001,0,36.11,0.289,100,0.56,14.401,49,50.00,0.00,0,4.8,0.090
2183,12397.218,AllocLarge,2B,0.291,16.7,0.108,22.14,15.649,11.649,2,7.778,0.150,0,0.00,0.001,0,36.11,0.289,100,0.56,11.201,56,35.72,0.00,0,6.0,0.083
2184,12403.018,AllocLarge,2B,0.271,16.7,0.000,0.00,14.849,14.849,2,7.778,0.150,0,99.57,0.001,0,36.11,0.289,100,0.56,14.401,49,50.00,0.00,0,4.9,0.083
2185,12407.284,AllocLarge,2B,0.252,20.0,0.000,0.00,15.649,11.649,2,7.778,0.150,0,0.00,0.001,0,36.11,0.289,100,0.56,11.201,56,35.72,0.00,0,5.5,0.075
2186,12413.076,AllocLarge,2B,0.289,0.0,0.000,0.00,14.850,14.850,2,7.778,0.151,0,99.88,0.001,0,36.11,0.289,100,0.56,14.401,49,50.00,0.00,0,5.3,0.101
2187,12417.414,AllocLarge,2B,0.298,20.0,0.000,0.00,15.650,11.649,2,7.778,0.151,0,0.00,0.001,0,36.11,0.289,100,0.56,11.201,56,35.72,0.00,0,6.4,0.083
2188,12423.029,AllocLarge,2B,0.300,0.0,0.000,0.00,14.850,14.850,2,7.778,0.151,0,99.58,0.001,0,36.11,0.289,100,0.56,14.401,49,50.00,0.00,0,5.6,0.085
2189,12427.282,AllocLarge,2B,0.351,16.7,0.000,0.00,15.650,11.650,2,7.778,0.151,0,0.00,0.001,0,36.11,0.289,100,0.56,11.201,56,35.72,0.00,0,7.5,0.153
2190,12433.217,AllocLarge,2B,0.261,0.0,0.000,0.00,14.850,14.850,2,7.778,0.151,0,99.58,0.001,0,36.11,0.289,100,0.56,14.401,49,50.00,0.00,0,4.8,0.081
2191,12437.422,AllocLarge,2B,0.250,20.0,0.000,0.00,15.650,11.650,2,7.778,0.151,0,0.00,0.001,0,36.11,0.289,100,0.56,11.201,56,35.72,0.00,0,5.6,0.080
2192,12443.425,AllocLarge,2B,0.264,0.0,0.000,0.00,14.851,14.851,2,7.778,0.152,0,99.58,0.001,0,36.11,0.289,100,0.56,14.401,49,50.00,0.00,0,4.6,0.079
2193,12447.978,AllocLarge,2B,0.267,0.0,0.000,0.00,15.651,11.650,2,7.778,0.152,0,0.00,0.001,0,36.11,0.289,100,0.56,11.201,56,35.72,0.00,0,5.5,0.083
2194,12453.687,AllocLarge,2B,0.310,0.0,0.000,0.00,14.851,14.851,2,7.778,0.152,0,99.58,0.001,0,36.11,0.289,100,0.56,14.401,49,50.00,0.00,0,5.7,0.103
2195,12457.995,AllocLarge,2B,0.280,20.0,0.108,23.60,15.651,11.651,2,7.778,0.152,0,0.00,0.001,0,36.11,0.289,100,0.56,11.201,56,35.72,0.00,0,6.1,0.081
2196,12463.540,AllocLarge,2B,0.288,16.7,0.000,0.00,14.851,14.851,2,7.778,0.152,0,99.58,0.001,0,36.11,0.289,100,0.56,14.401,49,50.00,0.00,0,5.4,0.081
2197,12467.917,AllocLarge,2B,0.342,16.7,0.000,0.00,15.651,11.651,2,7.778,0.152,0,0.00,0.001,0,36.11,0.289,100,0.56,11.201,56,35.72,0.00,0,7.1,0.119
2198,12473.651,AllocLarge,2B,0.311,16.7,0.000,0.00,14.852,14.852,2,7.778,0.153,0,99.58,0.001,0,36.11,0.289,100,0.56,14.401,49,50.00,0.00,0,5.9,0.126
2199,12477.855,AllocLarge,2B,0.257,0.0,0.000,0.00,15.652,11.652,2,7.778,0.153,0,0.00,0.001,0,36.11,0.289,100,0.56,11.201,56,35.72,0.00,0,5.7,0.069
2200,12483.584,AllocLarge,2B,0.281,0.0,0.000,0.00,15.652,14.852,2,7.778,0.153,0,99.58,0.001,0,36.11,0.289,100,0.56,14.401,47,50.00,0.00,0,5.2,0.105
2201,12487.813,AllocLarge,2B,0.268,20.0,0.000,0.00,15.652,11.652,2,7.778,0.153,0,0.00,0.001,0,36.11,0.289,100,0.56,11.201,56,35.72,0.00,0,6.0,0.078
2202,12493.723,AllocLarge,2B,0.260,0.0,0.000,0.00,14.852,14.852,2,7.778,0.153,0,99.58,0.001,0,36.11,0.289,100,0.56,14.401,49,50.00,0.00,0,4.6,0.078
2203,12498.028,AllocLarge,2B,0.658,0.0,0.000,0.00,15.652,11.652,2,7.778,0.153,0,0.46,0.001,0,36.11,0.289,100,0.56,11.201,56,35.72,0.00,0,13.2,0.082
2204,12504.043,AllocLarge,2B,0.255,0.0,0.000,0.00,14.853,14.853,2,7.778,0.154,0,99.58,0.001,0,36.11,0.289,100,0.56,14.401,49,50.00,0.00,0,4.8,0.081
2205,12508.400,AllocLarge,2B,0.260,20.0,0.000,0.00,15.653,11.653,2,7.778,0.154,0,0.00,0.001,0,36.11,0.289,100,0.56,11.201,56,35.72,0.00,0,5.5,0.053
2206,12514.070,AllocLarge,2B,0.270,16.7,0.000,0.00,15.653,14.853,2,7.778,0.154,0,99.59,0.001,0,36.11,0.289,100,0.56,14.401,47,50.00,0.00,0,5.1,0.094
2207,12518.372,AllocLarge,2B,0.248,0.0,0.108,23.70,15.653,11.653,2,7.778,0.154,0,0.00,0.001,0,36.11,0.289,100,0.56,11.201,56,35.72,0.00,0,5.5,0.080
2208,12523.994,AllocLarge,2B,0.276,0.0,0.000,0.00,14.854,14.854,2,7.778,0.155,0,99.59,0.001,0,36.11,0.289,100,0.56,14.401,49,50.00,0.00,0,5.1,0.099
2209,12528.160,AllocLarge,2B,0.303,20.0,0.000,0.00,15.654,11.653,2,7.778,0.155,0,0.00,0.001,0,36.11,0.289,100,0.56,11.201,56,35.72,0.00,0,6.7,0.096
2210,12533.989,AllocLarge,2B,0.266,0.0,0.000,0.00,14.854,14.854,2,7.778,0.155,0,99.59,0.001,0,36.11,0.289,100,0.56,14.401,49,50.00,0.00,0,4.9,0.084
2211,12538.249,AllocLarge,2B,0.273,20.0,0.000,0.00,15.654,11.654,2,7.778,0.155,0,0.00,0.001,0,36.11,0.289,100,0.56,11.201,56,35.72,0.00,0,6.0,0.077
2212,12543.796,AllocLarge,2B,0.252,0.0,0.000,0.00,14.854,14.854,2,7.778,0.155,0,99.88,0.001,0,36.11,0.289,100,0.56,14.401,49,50.00,0.00,0,4.8,0.080
2213,12548.094,AllocLarge,2B,0.273,20.0,0.000,0.00,15.654,11.654,2,7.778,0.155,0,0.00,0.001,0,36.11,0.289,100,0.56,11.201,56,35.72,0.00,0,5.9,0.083
2214,12553.714,AllocLarge,2B,0.273,16.7,0.000,0.00,14.855,14.855,2,7.778,0.156,0,99.59,0.001,0,36.11,0.289,100,0.56,14.401,49,50.00,0.00,0,5.2,0.095
2215,12558.179,AllocLarge,2B,0.261,20.0,0.000,0.00,15.655,11.654,2,7.778,0.156,0,0.00,0.001,0,36.11,0.289,100,0.56,11.201,56,35.72,0.00,0,5.5,0.080
2216,12563.778,AllocLarge,2B,0.269,0.0,0.000,0.00,14.855,14.855,2,7.778,0.156,0,99.59,0.001,0,36.11,0.289,100,0.56,14.401,49,50.00,0.00,0,5.1,0.080
2217,12568.055,AllocLarge,2B,0.279,16.7,0.000,0.00,15.655,11.655,2,7.778,0.156,0,0.00,0.001,0,36.11,0.289,100,0.56,11.201,56,35.72,0.00,0,6.0,0.080
2218,12574.061,AllocLarge,2B,0.261,16.7,0.000,0.00,14.855,14.855,2,7.778,0.156,0,99.59,0.001,0,36.11,0.289,100,0.56,14.401,49,50.00,0.00,0,4.6,0.080
2219,12578.285,AllocLarge,2B,0.399,14.3,0.108,23.17,15.655,11.655,2,7.778,0.156,0,0.00,0.001,0,36.11,0.289,100,0.56,11.201,56,35.72,0.00,0,8.6,0.233
2220,12584.053,AllocLarge,2B,0.268,0.0,0.000,0.00,14.856,14.856,2,7.778,0.157,0,99.59,0.001,0,36.11,0.289,100,0.56,14.401,49,50.00,0.00,0,5.0,0.097
2221,12588.291,AllocLarge,2B,0.314,16.7,0.000,0.00,15.656,11.656,2,7.778,0.157,0,0.00,0.001,0,36.11,0.289,100,0.56,11.201,56,35.72,0.00,0,6.8,0.087
2222,12594.005,AllocLarge,2B,0.286,20.0,0.000,0.00,14.856,14.856,2,7.778,0.157,0,99.59,0.001,0,36.11,0.289,100,0.56,14.401,49,50.00,0.00,0,5.4,0.082
2223,12598.313,AllocLarge,2B,0.263,0.0,0.000,0.00,15.656,11.656,2,7.778,0.157,0,0.00,0.001,0,36.11,0.289,100,0.56,11.201,56,35.72,0.00,0,5.7,0.080
2224,12604.054,AllocLarge,2B,0.382,16.7,0.000,0.00,14.856,14.856,2,7.778,0.157,0,99.59,0.001,0,36.11,0.289,100,0.56,14.401,49,50.00,0.00,0,6.8,0.146
2225,12608.977,AllocLarge,2B,0.273,0.0,0.000,0.00,15.656,11.656,2,7.778,0.157,0,0.00,0.001,0,36.11,0.289,100,0.56,11.201,56,35.72,0.00,0,5.3,0.081
2226,12614.725,AllocLarge,2B,0.257,0.0,0.000,0.00,14.857,14.857,2,7.778,0.158,0,99.59,0.001,0,36.11,0.289,100,0.56,14.401,49,50.00,0.00,0,4.8,0.082
2227,12618.951,AllocLarge,2B,0.254,20.0,0.000,0.00,15.657,11.657,2,7.778,0.158,0,0.00,0.001,0,36.11,0.289,100,0.56,11.201,56,35.72,0.00,0,5.6,0.079
2228,12624.574,AllocLarge,2B,0.248,0.0,0.000,0.00,14.857,14.857,2,7.778,0.158,0,99.60,0.001,0,36.11,0.289,100,0.56,14.401,49,50.00,0.00,0,4.7,0.078
2229,12628.820,AllocLarge,2B,0.283,16.7,0.000,0.00,15.657,11.657,2,7.778,0.158,0,0.00,0.001,0,36.11,0.289,100,0.56,11.201,56,35.72,0.00,0,6.1,0.085
2230,12634.437,AllocLarge,2B,0.254,0.0,0.000,0.00,14.857,14.857,2,7.778,0.158,0,99.60,0.001,0,36.11,0.289,100,0.56,14.401,49,50.00,0.00,0,4.9,0.077
2231,12638.641,AllocLarge,2B,0.280,33.3,0.108,23.71,15.657,11.657,2,7.778,0.158,0,0.00,0.001,0,36.11,0.289,100,0.56,11.201,56,35.72,0.00,0,6.2,0.106
2232,12644.207,AllocLarge,2B,0.247,0.0,0.000,0.00,14.858,14.858,2,7.778,0.159,0,99.60,0.001,0,36.11,0.289,100,0.56,14.401,49,50.00,0.00,0,4.7,0.080
2233,12648.433,AllocLarge,2B,0.255,20.0,0.000,0.00,15.658,11.658,2,7.778,0.159,0,0.00,0.001,0,36.11,0.289,100,0.56,11.201,56,35.72,0.00,0,5.6,0.081
2234,12654.585,AllocLarge,2B,0.287,0.0,0.000,0.00,14.858,14.858,2,7.778,0.159,0,99.60,0.001,0,36.11,0.289,100,0.56,14.401,49,50.00,0.00,0,4.9,0.086
2235,12658.909,AllocLarge,2B,0.257,20.0,0.000,0.00,15.658,11.658,2,7.778,0.159,0,0.00,0.001,0,36.11,0.289,100,0.56,11.201,56,35.72,0.00,0,5.6,0.090
2236,12664.534,AllocLarge,2B,0.150,0.0,0.000,0.00,14.858,14.700,2,7.778,0.001,0,0.00,0.001,0,34.12,0.289,100,0.56,14.401,49,50.00,0.00,0,2.7,0.084
2237,12664.585,AllocLarge,0N,0.215,20.0,0.159,32.11,14.058,13.900,2,0.000,0.001,0,81.43,0.001,NaN,34.12,0.289,NaN,0.56,13.601,NaN,0.00,0.00,1,4.2,0.000
2238,12669.065,AllocLarge,2B,0.334,0.0,0.000,0.00,15.500,11.500,2,7.778,0.001,0,0.00,0.001,0,45.88,0.289,100,0.56,11.201,56,35.72,0.00,0,6.5,0.122
2239,12675.070,AllocLarge,2B,0.285,16.7,0.000,0.00,14.701,14.701,2,7.778,0.002,0,61.90,0.001,0,45.88,0.289,100,0.56,14.401,49,50.00,0.00,0,5.0,0.101
2240,12679.396,AllocLarge,2B,0.251,0.0,0.000,0.00,15.501,11.501,2,7.778,0.002,0,0.00,0.001,0,45.88,0.289,100,0.56,11.201,56,35.72,0.00,0,5.6,0.077
2241,12684.885,AllocLarge,2B,0.324,0.0,0.000,0.00,14.701,14.701,2,7.778,0.002,0,68.25,0.001,0,45.88,0.289,100,0.56,14.401,49,50.00,0.00,0,6.1,0.097
2242,12689.153,AllocLarge,2B,0.282,14.3,0.000,0.00,15.501,11.501,2,7.778,0.002,0,0.00,0.001,0,45.88,0.289,100,0.56,11.201,56,35.72,0.00,0,6.2,0.097
2243,12694.801,AllocLarge,2B,0.265,0.0,0.000,0.00,14.701,14.701,2,7.778,0.002,0,72.79,0.001,0,45.88,0.289,100,0.56,14.401,49,50.00,0.00,0,5.0,0.085
2244,12699.147,AllocLarge,2B,0.266,0.0,0.000,0.00,15.501,11.501,2,7.778,0.002,0,0.00,0.001,0,45.88,0.289,100,0.56,11.201,56,35.72,0.00,0,5.8,0.083
2245,12704.754,AllocLarge,2B,0.306,14.3,0.000,0.00,14.702,14.702,2,7.778,0.003,0,76.19,0.001,0,45.88,0.289,100,0.56,14.401,49,50.00,0.00,0,5.7,0.084
2246,12709.066,AllocLarge,2B,0.278,25.0,0.000,0.00,15.502,11.502,2,7.778,0.003,0,0.00,0.001,0,45.88,0.289,100,0.56,11.201,56,35.72,0.00,0,5.9,0.067
2247,12714.877,AllocLarge,2B,0.276,0.0,0.107,19.53,15.502,14.702,2,7.778,0.003,0,78.84,0.001,0,45.88,0.289,100,0.56,14.401,47,50.00,0.00,0,5.1,0.084
2248,12719.373,AllocLarge,2B,0.269,0.0,0.000,0.00,15.502,11.502,2,7.778,0.003,0,0.00,0.001,0,45.88,0.289,100,0.56,11.201,56,35.72,0.00,0,5.7,0.084
2249,12725.158,AllocLarge,2B,0.298,16.7,0.000,0.00,14.702,14.702,2,7.778,0.003,0,80.95,0.001,0,45.88,0.289,100,0.56,14.401,49,50.00,0.00,0,5.4,0.082
2250,12729.624,AllocLarge,2B,0.289,16.7,0.000,0.00,15.502,11.502,2,7.778,0.003,0,0.00,0.001,0,45.88,0.289,100,0.56,11.201,56,35.72,0.00,0,6.0,0.063
2251,12735.300,AllocLarge,2B,0.267,0.0,0.000,0.00,15.503,14.703,2,7.778,0.004,0,82.68,0.001,0,45.88,0.289,100,0.56,14.401,47,50.00,0.00,0,5.1,0.082
2252,12739.487,AllocLarge,2B,0.263,20.0,0.000,0.00,15.503,11.503,2,7.778,0.004,0,0.00,0.001,0,45.88,0.289,100,0.56,11.201,56,35.72,0.00,0,5.8,0.082
2253,12745.171,AllocLarge,2B,0.305,14.3,0.000,0.00,14.703,14.703,2,7.778,0.004,0,84.13,0.001,0,45.88,0.289,100,0.56,14.401,49,50.00,0.00,0,5.6,0.081
2254,12749.613,AllocLarge,2B,0.348,20.0,0.000,0.00,15.503,11.503,2,7.778,0.004,0,0.00,0.001,0,45.88,0.289,100,0.56,11.201,56,35.72,0.00,0,7.3,0.138
2255,12755.277,AllocLarge,2B,0.329,0.0,0.000,0.00,14.703,14.703,2,7.778,0.004,0,85.35,0.001,0,45.88,0.289,100,0.56,14.401,49,50.00,0.00,0,6.2,0.151
2256,12759.694,AllocLarge,2B,0.270,20.0,0.000,0.00,15.503,11.503,2,7.778,0.004,0,0.00,0.001,0,45.88,0.289,100,0.56,11.201,56,35.72,0.00,0,5.7,0.079
2257,12765.351,AllocLarge,2B,0.300,16.7,0.000,0.00,15.504,14.704,2,7.778,0.005,0,86.39,0.001,0,45.88,0.289,100,0.56,14.401,47,50.00,0.00,0,5.6,0.100
2258,12769.625,AllocLarge,2B,0.319,0.0,0.000,0.00,15.504,11.504,2,7.778,0.005,0,0.00,0.001,0,45.88,0.289,100,0.56,11.201,56,35.72,0.00,0,7.0,0.082
2259,12775.320,AllocLarge,2B,0.252,0.0,0.000,0.00,14.704,14.704,2,7.778,0.005,0,96.35,0.001,0,45.88,0.289,100,0.56,14.401,49,50.00,0.00,0,4.8,0.081
2260,12779.567,AllocLarge,2B,0.273,20.0,0.000,0.00,15.504,11.504,2,7.778,0.005,0,13.97,0.001,0,45.88,0.289,100,0.56,11.201,56,35.72,0.00,0,6.0,0.081
2261,12785.187,AllocLarge,2B,0.258,0.0,0.000,0.00,14.704,14.704,2,7.778,0.005,0,96.58,0.001,0,45.88,0.289,100,0.56,14.401,49,50.00,0.00,0,4.8,0.106
2262,12789.408,AllocLarge,2B,0.286,16.7,0.000,0.00,15.504,11.504,2,7.778,0.005,0,0.00,0.001,0,45.88,0.289,100,0.56,11.201,56,35.72,0.00,0,6.1,0.083
2263,12795.075,AllocLarge,2B,0.260,0.0,0.106,20.27,14.705,14.705,2,7.778,0.006,0,96.78,0.001,0,45.88,0.289,100,0.56,14.401,49,50.00,0.00,0,5.0,0.092
2264,12799.467,AllocLarge,2B,0.284,16.7,0.000,0.00,15.505,11.505,2,7.778,0.006,0,0.00,0.001,0,45.88,0.289,100,0.56,11.201,56,35.72,0.00,0,6.0,0.104
2265,12805.094,AllocLarge,2B,0.255,0.0,0.000,0.00,14.705,14.705,2,7.778,0.006,0,89.42,0.001,0,45.88,0.289,100,0.56,14.401,49,50.00,0.00,0,4.8,0.081
2266,12809.327,AllocLarge,2B,0.279,20.0,0.000,0.00,15.505,11.505,2,7.778,0.006,0,0.00,0.001,0,45.88,0.289,100,0.56,11.201,56,35.72,0.00,0,6.0,0.084
2267,12814.913,AllocLarge,2B,0.259,0.0,0.000,0.00,14.705,14.705,2,7.778,0.006,0,89.97,0.001,0,45.88,0.289,100,0.56,14.401,49,50.00,0.00,0,5.0,0.085
2268,12819.098,AllocLarge,2B,0.249,20.0,0.000,0.00,15.506,11.505,2,7.778,0.006,0,0.00,0.001,0,45.88,0.289,100,0.56,11.201,56,35.72,0.00,0,5.6,0.080
2269,12824.833,AllocLarge,2B,0.257,0.0,0.000,0.00,14.706,14.706,2,7.778,0.007,0,90.48,0.001,0,45.88,0.289,100,0.56,14.401,49,50.00,0.00,0,4.7,0.081
2270,12829.074,AllocLarge,2B,0.273,20.0,0.000,0.00,15.506,11.506,2,7.778,0.007,0,0.00,0.001,0,45.88,0.289,100,0.56,11.201,56,35.72,0.00,0,5.9,0.082
2271,12834.694,AllocLarge,2B,0.245,0.0,0.000,0.00,14.706,14.706,2,7.778,0.007,0,90.93,0.001,0,45.88,0.289,100,0.56,14.401,49,50.00,0.00,0,4.7,0.078
2272,12838.988,AllocLarge,2B,0.288,20.0,0.000,0.00,15.506,11.506,2,7.778,0.007,0,0.00,0.001,0,45.88,0.289,100,0.56,11.201,56,35.72,0.00,0,6.1,0.084
2273,12844.888,AllocLarge,2B,0.261,0.0,0.000,0.00,14.706,14.706,2,7.778,0.007,0,91.34,0.001,0,45.88,0.289,100,0.56,14.401,49,50.00,0.00,0,4.7,0.080
2274,12849.178,AllocLarge,2B,0.269,20.0,0.000,0.00,15.507,11.506,2,7.778,0.007,0,0.00,0.001,0,45.88,0.289,100,0.56,11.201,56,35.72,0.00,0,5.8,0.081
2275,12854.652,AllocLarge,2B,0.250,0.0,0.000,0.00,14.707,14.707,2,7.778,0.008,0,91.72,0.001,0,45.88,0.289,100,0.56,14.401,49,50.00,0.00,0,4.9,0.091
2276,12859.117,AllocLarge,2B,0.257,20.0,0.000,0.00,15.507,11.507,2,7.778,0.008,0,0.00,0.001,0,45.88,0.289,100,0.56,11.201,56,35.72,0.00,0,5.4,0.079
2277,12864.720,AllocLarge,2B,0.269,16.7,0.111,20.85,14.707,14.707,2,7.778,0.008,0,92.06,0.001,0,45.88,0.289,100,0.56,14.401,49,50.00,0.00,0,5.1,0.079
2278,12868.855,AllocLarge,2B,0.484,16.7,0.000,0.00,15.507,11.507,2,7.778,0.008,0,0.00,0.001,0,45.88,0.289,100,0.56,11.201,56,35.72,0.00,0,10.4,0.122
2279,12874.837,AllocLarge,2B,0.277,16.7,0.000,0.00,14.707,14.707,2,7.778,0.008,0,92.38,0.001,0,45.88,0.289,100,0.56,14.401,49,50.00,0.00,0,5.1,0.080
2280,12879.169,AllocLarge,2B,0.264,20.0,0.000,0.00,15.508,11.507,2,7.778,0.008,0,0.00,0.001,0,45.88,0.289,100,0.56,11.201,56,35.72,0.00,0,5.7,0.081
2281,12884.609,AllocLarge,2B,0.274,0.0,0.000,0.00,14.708,14.708,2,7.778,0.009,0,92.67,0.001,0,45.88,0.289,100,0.56,14.401,49,50.00,0.00,0,5.3,0.085
2282,12888.990,AllocLarge,2B,0.298,16.7,0.000,0.00,15.508,11.508,2,7.778,0.009,0,0.00,0.001,0,45.88,0.289,100,0.56,11.201,56,35.72,0.00,0,6.2,0.098
2283,12894.884,AllocLarge,2B,0.253,0.0,0.000,0.00,14.708,14.708,2,7.778,0.009,0,92.95,0.001,0,45.88,0.289,100,0.56,14.401,49,50.00,0.00,0,4.6,0.078
2284,12899.254,AllocLarge,2B,0.263,0.0,0.000,0.00,15.508,11.508,2,7.778,0.009,0,0.00,0.001,0,45.88,0.289,100,0.56,11.201,56,35.72,0.00,0,5.7,0.081
2285,12904.941,AllocLarge,2B,0.259,16.7,0.000,0.00,14.708,14.708,2,7.778,0.009,0,93.20,0.001,0,45.88,0.289,100,0.56,14.401,49,50.00,0.00,0,4.7,0.080
2286,12909.451,AllocLarge,2B,0.288,16.7,0.000,0.00,15.509,11.508,2,7.778,0.009,0,0.00,0.001,0,45.88,0.289,100,0.56,11.201,56,35.72,0.00,0,5.9,0.085
2287,12915.222,AllocLarge,2B,0.253,0.0,0.000,0.00,14.709,14.709,2,7.778,0.010,0,93.43,0.001,0,45.88,0.289,100,0.56,14.401,49,50.00,0.00,0,4.7,0.080
2288,12919.489,AllocLarge,2B,0.298,40.0,0.000,0.00,15.509,11.509,2,7.778,0.010,0,0.00,0.001,0,45.88,0.289,100,0.56,11.201,56,35.72,0.00,0,6.5,0.081
2289,12925.348,AllocLarge,2B,0.255,0.0,0.106,19.23,14.709,14.709,2,7.778,0.010,0,98.17,0.001,0,45.88,0.289,100,0.56,14.401,49,50.00,0.00,0,4.6,0.076
2290,12929.617,AllocLarge,2B,0.289,16.7,0.000,0.00,15.509,11.509,2,7.778,0.010,0,0.00,0.001,0,45.88,0.289,100,0.56,11.201,56,35.72,0.00,0,6.3,0.079
2291,12935.289,AllocLarge,2B,0.287,0.0,0.000,0.00,14.709,14.709,2,7.778,0.010,0,93.86,0.001,0,45.88,0.289,100,0.56,14.401,49,50.00,0.00,0,5.3,0.086
2292,12939.791,AllocLarge,2B,0.265,0.0,0.000,0.00,15.510,11.509,2,7.778,0.010,0,0.00,0.001,0,45.88,0.289,100,0.56,11.201,56,35.72,0.00,0,5.6,0.082
2293,12945.831,AllocLarge,2B,0.262,0.0,0.000,0.00,14.710,14.710,2,7.778,0.011,0,94.05,0.001,0,45.88,0.289,100,0.56,14.401,49,50.00,0.00,0,4.6,0.081
2294,12950.104,AllocLarge,2B,0.292,33.3,0.000,0.00,15.510,11.510,2,7.778,0.011,0,0.00,0.001,0,45.88,0.289,100,0.56,11.201,56,35.72,0.00,0,6.2,0.083
2295,12955.831,AllocLarge,2B,0.271,0.0,0.000,0.00,15.510,14.710,2,7.778,0.011,0,94.23,0.001,0,45.88,0.289,100,0.56,14.401,47,50.00,0.00,0,5.1,0.078
2296,12960.050,AllocLarge,2B,0.263,16.7,0.000,0.00,15.510,11.510,2,7.778,0.011,0,0.00,0.001,0,45.88,0.289,100,0.56,11.201,56,35.72,0.00,0,5.8,0.083
2297,12965.638,AllocLarge,2B,0.261,0.0,0.000,0.00,14.710,14.710,2,7.778,0.011,0,94.40,0.001,0,45.88,0.289,100,0.56,14.401,49,50.00,0.00,0,5.0,0.082
2298,12969.828,AllocLarge,2B,0.279,20.0,0.000,0.00,15.511,11.510,2,7.778,0.011,0,0.00,0.001,0,45.88,0.289,100,0.56,11.201,56,35.72,0.00,0,6.2,0.098
2299,12975.318,AllocLarge,2B,0.253,0.0,0.000,0.00,14.711,14.711,2,7.778,0.012,0,94.56,0.001,0,45.88,0.289,100,0.56,14.401,49,50.00,0.00,0,4.9,0.084
2300,12979.524,AllocLarge,2B,0.251,0.0,0.000,0.00,15.511,11.511,2,7.778,0.012,0,0.00,0.001,0,45.88,0.289,100,0.56,11.201,56,35.72,0.00,0,5.6,0.081
2301,12985.044,AllocLarge,2B,0.307,14.3,0.108,20.32,14.711,14.711,2,7.778,0.012,0,94.71,0.001,0,45.88,0.289,100,0.56,14.401,49,50.00,0.00,0,5.8,0.099
2302,12989.291,AllocLarge,2B,0.271,25.0,0.000,0.00,15.511,11.511,2,7.778,0.012,0,0.00,0.001,0,45.88,0.289,100,0.56,11.201,56,35.72,0.00,0,6.0,0.101
2303,12994.842,AllocLarge,2B,0.249,0.0,0.000,0.00,14.711,14.711,2,7.778,0.012,0,98.52,0.001,0,45.88,0.289,100,0.56,14.401,49,50.00,0.00,0,4.8,0.091
2304,12999.318,AllocLarge,2B,0.314,16.7,0.000,0.00,15.512,11.511,2,7.778,0.012,0,0.00,0.001,0,45.88,0.289,100,0.56,11.201,56,35.72,0.00,0,6.5,0.123
2305,13004.842,AllocLarge,2B,0.242,0.0,0.000,0.00,14.712,14.712,2,7.778,0.013,0,94.99,0.001,0,45.88,0.289,100,0.56,14.401,49,50.00,0.00,0,4.7,0.080
2306,13009.312,AllocLarge,2B,0.274,0.0,0.000,0.00,15.512,11.512,2,7.778,0.013,0,0.00,0.001,0,45.88,0.289,100,0.56,11.201,56,35.72,0.00,0,5.7,0.085
2307,13014.975,AllocLarge,2B,0.253,0.0,0.000,0.00,14.712,14.712,2,7.778,0.013,0,95.12,0.001,0,45.88,0.289,100,0.56,14.401,49,50.00,0.00,0,4.7,0.081
2308,13019.165,AllocLarge,2B,0.244,20.0,0.000,0.00,15.512,11.520,2,7.778,0.021,0,3.30,0.001,0,45.88,0.289,100,0.56,11.201,56,35.72,0.00,0,5.5,0.080
2309,13024.722,AllocLarge,2B,0.255,0.0,0.000,0.00,14.713,14.713,2,7.778,0.013,0,4.17,0.001,0,45.88,0.289,100,0.56,14.401,49,50.00,0.00,0,4.8,0.082
2310,13029.179,AllocLarge,2B,0.317,16.7,0.000,0.00,15.513,11.513,2,7.778,0.014,0,35.51,0.001,0,45.88,0.289,100,0.56,11.201,56,35.72,0.00,0,6.5,0.107
2311,13034.859,AllocLarge,2B,0.278,0.0,0.000,0.00,14.713,14.713,2,7.778,0.014,0,6.75,0.001,0,45.88,0.289,100,0.56,14.401,49,50.00,0.00,0,5.2,0.079
2312,13039.111,AllocLarge,2B,0.291,20.0,0.000,0.00,15.513,11.513,2,7.778,0.014,0,0.00,0.001,0,45.88,0.289,100,0.56,11.201,56,35.72,0.00,0,6.4,0.100
2313,13044.907,AllocLarge,2B,0.255,0.0,0.000,0.00,14.713,14.713,2,7.778,0.014,0,95.45,0.001,0,45.88,0.289,100,0.56,14.401,49,50.00,0.00,0,4.6,0.082
2314,13049.053,AllocLarge,2B,0.262,0.0,0.109,24.29,15.513,11.513,2,7.778,0.014,0,0.00,0.001,0,45.88,0.289,100,0.56,11.201,56,35.72,0.00,0,5.9,0.088
2315,13054.494,AllocLarge,2B,0.263,0.0,0.000,0.00,14.713,14.713,2,7.778,0.014,0,95.56,0.001,0,45.88,0.289,100,0.56,14.401,49,50.00,0.00,0,5.1,0.098
2316,13058.933,AllocLarge,2B,0.271,0.0,0.000,0.00,15.514,11.513,2,7.778,0.014,0,0.00,0.001,0,45.88,0.289,100,0.56,11.201,56,35.72,0.00,0,5.7,0.082
2317,13064.542,AllocLarge,2B,0.255,0.0,0.000,0.00,14.714,14.714,2,7.778,0.015,0,95.66,0.001,0,45.88,0.289,100,0.56,14.401,49,50.00,0.00,0,4.8,0.082
2318,13068.700,AllocLarge,2B,0.261,25.0,0.000,0.00,15.514,11.514,2,7.778,0.015,0,0.00,0.001,0,45.88,0.289,100,0.56,11.201,56,35.72,0.00,0,5.8,0.084
2319,13074.307,AllocLarge,2B,0.325,20.0,0.000,0.00,15.514,14.714,2,7.778,0.015,0,98.78,0.001,0,45.88,0.289,100,0.56,14.401,47,50.00,0.00,0,6.1,0.113
2320,13078.926,AllocLarge,2B,0.281,14.3,0.000,0.00,15.514,11.514,2,7.778,0.015,0,0.00,0.001,0,45.88,0.289,100,0.56,11.201,56,35.72,0.00,0,5.8,0.079
2321,13084.469,AllocLarge,2B,0.250,0.0,0.000,0.00,14.714,14.714,2,7.778,0.015,0,95.85,0.001,0,45.88,0.289,100,0.56,14.401,49,50.00,0.00,0,4.8,0.079
2322,13088.680,AllocLarge,2B,0.423,16.7,0.000,0.00,15.515,11.514,2,7.778,0.015,0,0.00,0.001,0,45.88,0.289,100,0.56,11.201,56,35.72,0.00,0,8.9,0.236
2323,13094.568,AllocLarge,2B,0.254,0.0,0.000,0.00,14.715,14.715,2,7.778,0.016,0,95.94,0.001,0,45.88,0.289,100,0.56,14.401,49,50.00,0.00,0,4.8,0.081
2324,13098.795,AllocLarge,2B,0.275,20.0,0.000,0.00,15.515,11.515,2,7.778,0.016,0,0.00,0.001,0,45.88,0.289,100,0.56,11.201,56,35.72,0.00,0,6.0,0.089
2325,13104.256,AllocLarge,2B,0.223,0.0,0.000,0.00,14.715,14.715,2,7.778,0.016,0,96.02,0.001,0,45.88,0.289,100,0.56,14.401,49,50.00,0.00,0,4.4,0.074
2326,13108.574,AllocLarge,2B,0.348,20.0,0.108,22.58,15.515,11.515,2,7.778,0.016,0,0.00,0.001,0,45.88,0.289,100,0.56,11.201,56,35.72,0.00,0,7.3,0.137
2327,13114.170,AllocLarge,2B,0.258,0.0,0.000,0.00,14.715,14.715,2,7.778,0.016,0,96.11,0.001,0,45.88,0.289,100,0.56,14.401,49,50.00,0.00,0,5.0,0.098
2328,13118.346,AllocLarge,2B,0.193,20.0,0.000,0.00,15.516,11.515,2,7.778,0.016,0,0.00,0.001,0,45.88,0.289,100,0.56,11.201,56,35.72,0.00,0,4.4,0.073
2329,13123.911,AllocLarge,2B,0.254,0.0,0.000,0.00,14.716,14.716,2,7.778,0.017,0,96.18,0.001,0,45.88,0.289,100,0.56,14.401,49,50.00,0.00,0,4.7,0.079
2330,13128.058,AllocLarge,2B,0.279,16.7,0.000,0.00,15.516,11.516,2,7.778,0.017,0,0.00,0.001,0,45.88,0.289,100,0.56,11.201,56,35.72,0.00,0,6.2,0.101
2331,13133.691,AllocLarge,2B,0.247,0.0,0.000,0.00,14.716,14.716,2,7.778,0.017,0,96.26,0.001,0,45.88,0.289,100,0.56,14.401,49,50.00,0.00,0,4.7,0.077
2332,13137.846,AllocLarge,2B,0.219,16.7,0.000,0.00,15.516,11.516,2,7.778,0.017,0,0.00,0.001,0,45.88,0.289,100,0.56,11.201,56,35.72,0.00,0,5.0,0.075
2333,13143.535,AllocLarge,2B,0.244,0.0,0.000,0.00,14.717,14.717,2,7.778,0.017,0,96.33,0.001,0,45.88,0.289,100,0.56,14.401,49,50.00,0.00,0,4.5,0.077
2334,13147.792,AllocLarge,2B,0.243,20.0,0.000,0.00,15.517,11.516,2,7.778,0.017,0,0.00,0.001,0,45.88,0.289,100,0.56,11.201,56,35.72,0.00,0,5.3,0.078
2335,13153.817,AllocLarge,2B,0.242,0.0,0.000,0.00,14.717,14.717,2,7.778,0.018,0,96.40,0.001,0,45.88,0.289,100,0.56,14.401,49,50.00,0.00,0,4.3,0.079
2336,13158.044,AllocLarge,2B,0.240,0.0,0.000,0.00,15.517,11.517,2,7.778,0.018,0,0.00,0.001,0,45.88,0.289,100,0.56,11.201,56,35.72,0.00,0,5.4,0.081
2337,13163.912,AllocLarge,2B,0.289,28.6,0.000,0.00,14.717,14.717,2,7.778,0.018,0,96.47,0.001,0,45.88,0.289,100,0.56,14.401,49,50.00,0.00,0,5.1,0.093
2338,13168.207,AllocLarge,2B,0.238,20.0,0.108,23.86,15.517,11.517,2,7.778,0.018,0,0.00,0.001,0,45.88,0.289,100,0.56,11.201,56,35.72,0.00,0,5.3,0.077
2339,13173.824,AllocLarge,2B,0.305,0.0,0.000,0.00,14.718,14.718,2,7.778,0.018,0,96.53,0.001,0,45.88,0.289,100,0.56,14.401,49,50.00,0.00,0,5.6,0.100
2340,13178.204,AllocLarge,2B,0.267,0.0,0.000,0.00,15.518,11.517,2,7.778,0.018,0,0.00,0.001,0,45.88,0.289,100,0.56,11.201,56,35.72,0.00,0,5.9,0.076
2341,13183.684,AllocLarge,2B,0.325,0.0,0.000,0.00,14.718,14.718,2,7.778,0.019,0,96.59,0.001,0,45.88,0.289,100,0.56,14.401,49,50.00,0.00,0,6.1,0.145
2342,13187.886,AllocLarge,2B,0.263,20.0,0.000,0.00,15.518,11.518,2,7.778,0.019,0,0.00,0.001,0,45.88,0.289,100,0.56,11.201,56,35.72,0.00,0,5.9,0.099
2343,13193.677,AllocLarge,2B,0.285,33.3,0.000,0.00,14.718,14.718,2,7.778,0.019,0,96.65,0.001,0,45.88,0.289,100,0.56,14.401,49,50.00,0.00,0,5.2,0.095
2344,13197.950,AllocLarge,2B,0.255,0.0,0.000,0.00,15.518,11.518,2,7.778,0.019,0,0.00,0.001,0,45.88,0.289,100,0.56,11.201,56,35.72,0.00,0,5.6,0.080
2345,13203.641,AllocLarge,2B,0.264,0.0,0.000,0.00,14.719,14.719,2,7.778,0.019,0,96.71,0.001,0,45.88,0.289,100,0.56,14.401,49,50.00,0.00,0,4.8,0.083
2346,13208.069,AllocLarge,2B,0.246,16.7,0.000,0.00,15.519,11.518,2,7.778,0.019,0,0.00,0.001,0,45.88,0.289,100,0.56,11.201,56,35.72,0.00,0,5.2,0.077
2347,13213.731,AllocLarge,2B,0.244,0.0,0.000,0.00,14.719,14.719,2,7.778,0.020,0,96.77,0.001,0,45.88,0.289,100,0.56,14.401,49,50.00,0.00,0,4.6,0.079
2348,13218.020,AllocLarge,2B,0.272,20.0,0.000,0.00,15.519,11.519,2,7.778,0.020,0,0.00,0.001,0,45.88,0.289,100,0.56,11.201,56,35.72,0.00,0,5.9,0.083
2349,13223.749,AllocLarge,2B,0.282,16.7,0.000,0.00,14.719,14.719,2,7.778,0.020,0,99.09,0.001,0,45.88,0.289,100,0.56,14.401,49,50.00,0.00,0,5.2,0.106
2350,13228.285,AllocLarge,2B,0.260,16.7,0.108,22.28,15.519,11.519,2,7.778,0.020,0,0.00,0.001,0,45.88,0.289,100,0.56,11.201,56,35.72,0.00,0,5.4,0.081
2351,13234.113,AllocLarge,2B,0.277,0.0,0.000,0.00,14.720,14.720,2,7.778,0.020,0,99.10,0.001,0,45.88,0.289,100,0.56,14.401,49,50.00,0.00,0,5.0,0.081
2352,13238.354,AllocLarge,2B,0.236,20.0,0.000,0.00,15.520,11.519,2,7.778,0.020,0,0.00,0.001,0,45.88,0.289,100,0.56,11.201,56,35.72,0.00,0,5.3,0.075
2353,13243.902,AllocLarge,2B,0.256,0.0,0.000,0.00,14.720,14.720,2,7.778,0.021,0,96.92,0.001,0,45.88,0.289,100,0.56,14.401,49,50.00,0.00,0,4.8,0.082
2354,13248.235,AllocLarge,2B,0.247,20.0,0.000,0.00,15.520,11.520,2,7.778,0.021,0,0.00,0.001,0,45.88,0.289,100,0.56,11.201,56,35.72,0.00,0,5.3,0.069
2355,13253.682,AllocLarge,2B,0.281,0.0,0.000,0.00,15.520,14.720,2,7.778,0.021,0,96.97,0.001,0,45.88,0.289,100,0.56,14.401,47,50.00,0.00,0,5.5,0.101
2356,13258.010,AllocLarge,2B,0.256,0.0,0.000,0.00,15.520,11.520,2,7.778,0.021,0,0.00,0.001,0,45.88,0.289,100,0.56,11.201,56,35.72,0.00,0,5.6,0.078
2357,13264.282,AllocLarge,2B,0.294,0.0,0.000,0.00,14.721,14.721,2,7.778,0.021,0,97.02,0.001,0,45.88,0.289,100,0.56,14.401,49,50.00,0.00,0,4.8,0.084
2358,13268.577,AllocLarge,2B,0.252,0.0,0.000,0.00,15.521,11.520,2,7.778,0.021,0,0.00,0.001,0,45.88,0.289,100,0.56,11.201,56,35.72,0.00,0,5.6,0.079
2359,13274.194,AllocLarge,2B,0.245,16.7,0.000,0.00,14.721,14.721,2,7.778,0.022,0,97.07,0.001,0,45.88,0.289,100,0.56,14.401,49,50.00,0.00,0,4.6,0.081
2360,13278.338,AllocLarge,2B,0.242,0.0,0.000,0.00,15.521,11.521,2,7.778,0.022,0,0.00,0.001,0,45.88,0.289,100,0.56,11.201,56,35.72,0.00,0,5.5,0.079
2361,13283.904,AllocLarge,2B,0.312,14.3,0.000,0.00,14.721,14.721,2,7.778,0.022,0,97.11,0.001,0,45.88,0.289,100,0.56,14.401,49,50.00,0.00,0,5.8,0.083
2362,13288.125,AllocLarge,2B,0.240,0.0,0.108,24.37,15.521,11.521,2,7.778,0.022,0,0.00,0.001,0,45.88,0.289,100,0.56,11.201,56,35.72,0.00,0,5.4,0.079
2363,13293.636,AllocLarge,2B,0.294,16.7,0.000,0.00,14.722,14.722,2,7.778,0.022,0,97.15,0.001,0,45.88,0.289,100,0.56,14.401,49,50.00,0.00,0,5.6,0.104
2364,13297.988,AllocLarge,2B,0.252,0.0,0.000,0.00,15.522,11.521,2,7.778,0.022,0,0.00,0.001,0,45.88,0.289,100,0.56,11.201,56,35.72,0.00,0,5.5,0.079
2365,13303.554,AllocLarge,2B,0.246,0.0,0.000,0.00,14.722,14.722,2,7.778,0.023,0,97.19,0.001,0,45.88,0.289,100,0.56,14.401,49,50.00,0.00,0,4.6,0.080
2366,13307.751,AllocLarge,2B,0.280,0.0,0.000,0.00,15.522,11.522,2,7.778,0.023,0,0.00,0.001,0,45.88,0.289,100,0.56,11.201,56,35.72,0.00,0,6.2,0.085
2367,13313.656,AllocLarge,2B,0.268,0.0,0.000,0.00,14.722,14.722,2,7.778,0.023,0,97.24,0.001,0,45.88,0.289,100,0.56,14.401,49,50.00,0.00,0,4.8,0.079
2368,13317.839,AllocLarge,2B,0.246,20.0,0.000,0.00,15.522,11.522,2,7.778,0.023,0,0.00,0.001,0,45.88,0.289,100,0.56,11.201,56,35.72,0.00,0,5.5,0.080
2369,13323.334,AllocLarge,2B,0.283,16.7,0.000,0.00,14.723,14.723,2,7.778,0.023,0,97.28,0.001,0,45.88,0.289,100,0.56,14.401,49,50.00,0.00,0,5.4,0.079
2370,13327.651,AllocLarge,2B,0.243,0.0,0.000,0.00,15.523,11.522,2,7.778,0.023,0,0.00,0.001,0,45.88,0.289,100,0.56,11.201,56,35.72,0.00,0,5.3,0.077
2371,13333.251,AllocLarge,2B,0.294,16.7,0.000,0.00,14.723,14.723,2,7.778,0.024,0,97.31,0.001,0,45.88,0.289,100,0.56,14.401,49,50.00,0.00,0,5.5,0.081
2372,13337.432,AllocLarge,2B,0.263,25.0,0.000,0.00,15.523,11.523,2,7.778,0.024,0,0.00,0.001,0,45.88,0.289,100,0.56,11.201,56,35.72,0.00,0,6.0,0.094
2373,13342.982,AllocLarge,2B,0.240,0.0,0.000,0.00,14.723,14.723,2,7.778,0.024,0,97.35,0.001,0,45.88,0.289,100,0.56,14.401,49,50.00,0.00,0,4.6,0.073
2374,13347.231,AllocLarge,2B,0.331,40.0,0.108,22.92,15.523,11.523,2,7.778,0.024,0,0.00,0.001,0,45.88,0.289,100,0.56,11.201,56,35.72,0.00,0,7.0,0.086
2375,13352.836,AllocLarge,2B,0.253,20.0,0.000,0.00,14.724,14.724,2,7.778,0.024,0,97.39,0.001,0,45.88,0.289,100,0.56,14.401,49,50.00,0.00,0,4.9,0.096
2376,13357.019,AllocLarge,2B,0.237,0.0,0.000,0.00,15.524,11.523,2,7.778,0.024,0,0.00,0.001,0,45.88,0.289,100,0.56,11.201,56,35.72,0.00,0,5.3,0.077
2377,13362.680,AllocLarge,2B,0.270,0.0,0.000,0.00,14.724,14.724,2,7.778,0.025,0,99.26,0.001,0,45.88,0.289,100,0.56,14.401,49,50.00,0.00,0,5.0,0.090
2378,13366.857,AllocLarge,2B,0.268,20.0,0.000,0.00,15.524,11.524,2,7.778,0.025,0,0.00,0.001,0,45.88,0.289,100,0.56,11.201,56,35.72,0.00,0,6.0,0.081
2379,13372.436,AllocLarge,2B,0.249,0.0,0.000,0.00,14.724,14.724,2,7.778,0.025,0,97.46,0.001,0,45.88,0.289,100,0.56,14.401,49,50.00,0.00,0,4.7,0.083
2380,13376.678,AllocLarge,2B,0.255,0.0,0.000,0.00,15.524,11.524,2,7.778,0.025,0,0.00,0.001,0,45.88,0.289,100,0.56,11.201,56,35.72,0.00,0,5.6,0.079
2381,13382.213,AllocLarge,2B,0.274,16.7,0.000,0.00,14.725,14.725,2,7.778,0.026,0,97.49,0.001,0,45.88,0.289,100,0.56,14.401,49,50.00,0.00,0,5.2,0.081
2382,13386.462,AllocLarge,2B,0.314,0.0,0.000,0.00,15.525,11.524,2,7.778,0.026,0,0.00,0.001,0,45.88,0.289,100,0.56,11.201,56,35.72,0.00,0,6.9,0.109
2383,13392.277,AllocLarge,2B,0.307,16.7,0.000,0.00,14.725,14.725,2,7.778,0.026,0,97.52,0.001,0,45.88,0.289,100,0.56,14.401,49,50.00,0.00,0,5.5,0.100
2384,13396.702,AllocLarge,2B,0.252,16.7,0.000,0.00,15.525,11.525,2,7.778,0.026,0,0.00,0.001,0,45.88,0.289,100,0.56,11.201,56,35.72,0.00,0,5.4,0.081
2385,13402.279,AllocLarge,2B,0.252,0.0,0.000,0.00,14.725,14.725,2,7.778,0.026,0,97.56,0.001,0,45.88,0.289,100,0.56,14.401,49,50.00,0.00,0,4.8,0.080
2386,13406.594,AllocLarge,2B,0.267,20.0,0.108,22.66,15.525,11.525,2,7.778,0.026,0,0.00,0.001,0,45.88,0.289,100,0.56,11.201,56,35.72,0.00,0,5.6,0.052
2387,13412.392,AllocLarge,2B,0.256,0.0,0.000,0.00,15.526,14.726,2,7.778,0.027,0,97.59,0.001,0,45.88,0.289,100,0.56,14.401,47,50.00,0.00,0,4.8,0.081
2388,13416.659,AllocLarge,2B,0.249,20.0,0.000,0.00,15.526,11.525,2,7.778,0.027,0,0.00,0.001,0,45.88,0.289,100,0.56,11.201,56,35.72,0.00,0,5.5,0.080
2389,13422.161,AllocLarge,2B,0.278,0.0,0.000,0.00,14.726,14.726,2,7.778,0.027,0,97.62,0.001,0,45.88,0.289,100,0.56,14.401,49,50.00,0.00,0,5.3,0.082
2390,13426.401,AllocLarge,2B,0.295,0.0,0.000,0.00,15.526,11.526,2,7.778,0.027,0,0.00,0.001,0,45.88,0.289,100,0.56,11.201,56,35.72,0.00,0,6.4,0.104
2391,13432.505,AllocLarge,2B,0.252,14.3,0.000,0.00,14.726,14.726,2,7.778,0.027,0,97.65,0.001,0,45.88,0.289,100,0.56,14.401,49,50.00,0.00,0,4.4,0.078
2392,13436.640,AllocLarge,2B,0.354,0.0,0.000,0.00,15.526,11.526,2,7.778,0.027,0,0.00,0.001,0,45.88,0.289,100,0.56,11.201,56,35.72,0.00,0,7.9,0.176
2393,13443.025,AllocLarge,2B,0.311,14.3,0.000,0.00,14.727,14.727,2,7.778,0.028,0,99.33,0.001,0,45.88,0.289,100,0.56,14.401,49,50.00,0.00,0,5.1,0.089
2394,13447.619,AllocLarge,2B,0.283,0.0,0.000,0.00,15.527,11.526,2,7.778,0.028,0,0.00,0.001,0,45.88,0.289,100,0.56,11.201,56,35.72,0.00,0,5.8,0.085
2395,13453.335,AllocLarge,2B,0.288,0.0,0.000,0.00,14.727,14.727,2,7.778,0.028,0,97.70,0.001,0,45.88,0.289,100,0.56,14.401,49,50.00,0.00,0,5.3,0.082
2396,13457.915,AllocLarge,2B,0.309,28.6,0.000,0.00,15.527,11.527,2,7.778,0.028,0,0.00,0.001,0,45.88,0.289,100,0.56,11.201,56,35.72,0.00,0,6.4,0.085
2397,13463.828,AllocLarge,2B,0.314,14.3,0.000,0.00,14.727,14.727,2,7.778,0.028,0,99.35,0.001,0,45.88,0.289,100,0.56,14.401,49,50.00,0.00,0,5.6,0.083
2398,13468.147,AllocLarge,2B,0.329,16.7,0.108,18.14,15.527,11.527,2,7.778,0.028,0,0.00,0.001,0,45.88,0.289,100,0.56,11.201,56,35.72,0.00,0,5.5,0.107
2399,13475.498,AllocLarge,2B,0.295,0.0,0.000,0.00,15.528,14.728,2,7.778,0.029,0,99.36,0.001,0,45.88,0.289,100,0.56,14.401,47,50.00,0.00,0,5.2,0.109
2400,13479.843,AllocLarge,2B,0.281,20.0,0.000,0.00,15.528,11.527,2,7.778,0.029,0,0.00,0.001,0,45.88,0.289,100,0.56,11.201,56,35.72,0.00,0,6.0,0.082
2401,13485.532,AllocLarge,2B,0.281,0.0,0.000,0.00,14.728,14.728,2,7.778,0.029,0,97.78,0.001,0,45.88,0.289,100,0.56,14.401,49,50.00,0.00,0,5.2,0.081
2402,13490.457,AllocLarge,2B,0.282,16.7,0.000,0.00,15.528,11.528,2,7.778,0.029,0,0.00,0.001,0,45.88,0.289,100,0.56,11.201,56,35.72,0.00,0,5.4,0.082
2403,13496.574,AllocLarge,2B,0.254,0.0,0.000,0.00,14.728,14.728,2,7.778,0.029,0,97.81,0.001,0,45.88,0.289,100,0.56,14.401,49,50.00,0.00,0,4.4,0.080
2404,13500.809,AllocLarge,2B,0.283,16.7,0.000,0.00,15.528,11.528,2,7.778,0.029,0,0.00,0.001,0,45.88,0.289,100,0.56,11.201,56,35.72,0.00,0,6.2,0.088
2405,13506.654,AllocLarge,2B,0.253,0.0,0.000,0.00,14.729,14.729,2,7.778,0.030,0,97.83,0.001,0,45.88,0.289,100,0.56,14.401,49,50.00,0.00,0,4.6,0.081
2406,13510.793,AllocLarge,2B,0.276,25.0,0.000,0.00,15.529,11.528,2,7.778,0.030,0,0.00,0.001,0,45.88,0.289,100,0.56,11.201,56,35.72,0.00,0,6.1,0.100
2407,13516.794,AllocLarge,2B,0.267,0.0,0.000,0.00,14.729,14.729,2,7.778,0.030,0,97.86,0.001,0,45.88,0.289,100,0.56,14.401,49,50.00,0.00,0,4.7,0.082
2408,13520.944,AllocLarge,2B,0.230,20.0,0.000,0.00,15.529,11.529,2,7.778,0.030,0,0.00,0.001,0,45.88,0.289,100,0.56,11.201,56,35.72,0.00,0,5.2,0.078
2409,13526.516,AllocLarge,2B,0.249,0.0,0.000,0.00,14.729,14.729,2,7.778,0.030,0,97.88,0.001,0,45.88,0.289,100,0.56,14.401,49,50.00,0.00,0,4.7,0.080
2410,13530.948,AllocLarge,2B,0.446,16.7,0.108,21.50,15.529,11.529,2,7.778,0.030,0,0.00,0.001,0,45.88,0.289,100,0.56,11.201,56,35.72,0.00,0,8.9,0.232
2411,13536.853,AllocLarge,2B,0.307,16.7,0.000,0.00,14.730,14.730,2,7.778,0.031,0,97.90,0.001,0,45.88,0.289,100,0.56,14.401,49,50.00,0.00,0,5.7,0.101
2412,13541.185,AllocLarge,2B,0.260,20.0,0.000,0.00,15.530,11.529,2,7.778,0.031,0,0.00,0.001,0,45.88,0.289,100,0.56,11.201,56,35.72,0.00,0,5.7,0.077
2413,13546.834,AllocLarge,2B,0.298,14.3,0.000,0.00,14.730,14.730,2,7.778,0.031,0,97.93,0.001,0,45.88,0.289,100,0.56,14.401,49,50.00,0.00,0,5.5,0.098
2414,13551.341,AllocLarge,2B,0.323,16.7,0.000,0.00,15.530,11.530,2,7.778,0.031,0,0.00,0.001,0,45.88,0.289,100,0.56,11.201,56,35.72,0.00,0,6.6,0.105
2415,13557.189,AllocLarge,2B,0.256,0.0,0.000,0.00,14.730,14.730,2,7.778,0.031,0,97.95,0.001,0,45.88,0.289,100,0.56,14.401,49,50.00,0.00,0,4.7,0.084
2416,13561.307,AllocLarge,2B,0.234,20.0,0.000,0.00,15.530,11.530,2,7.778,0.031,0,0.00,0.001,0,45.88,0.289,100,0.56,11.201,56,35.72,0.00,0,5.4,0.077
2417,13567.258,AllocLarge,2B,0.256,0.0,0.000,0.00,14.731,14.731,2,7.778,0.032,0,97.97,0.001,0,45.88,0.289,100,0.56,14.401,49,50.00,0.00,0,4.5,0.080
2418,13571.398,AllocLarge,2B,0.243,16.7,0.000,0.00,15.531,11.530,2,7.778,0.032,0,0.00,0.001,0,45.88,0.289,100,0.56,11.201,56,35.72,0.00,0,5.5,0.078
2419,13577.033,AllocLarge,2B,0.310,16.7,0.000,0.00,14.731,14.731,2,7.778,0.032,0,99.42,0.001,0,45.88,0.289,100,0.56,14.401,49,50.00,0.00,0,5.8,0.107
2420,13581.631,AllocLarge,2B,0.257,0.0,0.000,0.00,15.531,11.531,2,7.778,0.032,0,0.00,0.001,0,45.88,0.289,100,0.56,11.201,56,35.72,0.00,0,5.3,0.081
2421,13587.110,AllocLarge,2B,0.252,0.0,0.000,0.00,14.731,14.731,2,7.778,0.032,0,98.01,0.001,0,45.88,0.289,100,0.56,14.401,49,50.00,0.00,0,4.9,0.077
2422,13591.342,AllocLarge,2B,0.267,20.0,0.108,23.55,15.531,11.531,2,7.778,0.032,0,0.00,0.001,0,45.88,0.289,100,0.56,11.201,56,35.72,0.00,0,5.8,0.080
2423,13597.145,AllocLarge,2B,0.274,16.7,0.000,0.00,14.732,14.732,2,7.778,0.033,0,98.03,0.001,0,45.88,0.289,100,0.56,14.401,49,50.00,0.00,0,5.0,0.080
2424,13601.308,AllocLarge,2B,0.239,0.0,0.000,0.00,15.532,11.531,2,7.778,0.033,0,0.00,0.001,0,45.88,0.289,100,0.56,11.201,56,35.72,0.00,0,5.5,0.077
2425,13606.798,AllocLarge,2B,0.248,16.7,0.000,0.00,14.732,14.732,2,7.778,0.033,0,98.05,0.001,0,45.88,0.289,100,0.56,14.401,49,50.00,0.00,0,4.7,0.093
2426,13610.998,AllocLarge,2B,0.251,16.7,0.000,0.00,15.532,11.532,2,7.778,0.033,0,0.00,0.001,0,45.88,0.289,100,0.56,11.201,56,35.72,0.00,0,5.5,0.077
2427,13616.846,AllocLarge,2B,0.258,16.7,0.000,0.00,14.732,14.732,2,7.778,0.033,0,98.07,0.001,0,45.88,0.289,100,0.56,14.401,49,50.00,0.00,0,4.7,0.081
2428,13620.968,AllocLarge,2B,0.229,0.0,0.000,0.00,15.532,11.532,2,7.778,0.033,0,0.00,0.001,0,45.88,0.289,100,0.56,11.201,56,35.72,0.00,0,5.3,0.077
2429,13626.614,AllocLarge,2B,0.308,0.0,0.000,0.00,14.733,14.733,2,7.778,0.034,0,98.09,0.001,0,45.88,0.289,100,0.56,14.401,49,50.00,0.00,0,5.6,0.101
2430,13631.227,AllocLarge,2B,0.349,16.7,0.000,0.00,15.533,11.532,2,7.778,0.034,0,0.00,0.001,0,45.88,0.289,100,0.56,11.201,56,35.72,0.00,0,7.1,0.104
2431,13636.844,AllocLarge,2B,0.250,16.7,0.000,0.00,14.733,14.733,2,7.778,0.034,0,98.11,0.001,0,45.88,0.289,100,0.56,14.401,49,50.00,0.00,0,4.8,0.076
2432,13641.021,AllocLarge,2B,0.320,40.0,0.000,0.00,15.533,11.533,2,7.778,0.034,0,0.00,0.001,0,45.88,0.289,100,0.56,11.201,56,35.72,0.00,0,7.1,0.148
2433,13646.798,AllocLarge,2B,0.287,0.0,0.000,0.00,14.733,14.733,2,7.778,0.034,0,98.13,0.001,0,45.88,0.289,100,0.56,14.401,49,50.00,0.00,0,5.2,0.101
2434,13651.297,AllocLarge,2B,0.253,16.7,0.108,22.44,15.533,11.533,2,7.778,0.034,0,0.00,0.001,0,45.88,0.289,100,0.56,11.201,56,35.72,0.00,0,5.3,0.079
2435,13656.926,AllocLarge,2B,0.232,0.0,0.000,0.00,14.734,14.734,2,7.778,0.035,0,98.15,0.001,0,45.88,0.289,100,0.56,14.401,49,50.00,0.00,0,4.4,0.078
2436,13661.088,AllocLarge,2B,0.275,20.0,0.000,0.00,15.534,11.533,2,7.778,0.035,0,0.00,0.001,0,45.88,0.289,100,0.56,11.201,56,35.72,0.00,0,6.2,0.094
2437,13666.891,AllocLarge,2B,0.254,16.7,0.000,0.00,14.734,14.734,2,7.778,0.035,0,98.17,0.001,0,45.88,0.289,100,0.56,14.401,49,50.00,0.00,0,4.6,0.081
2438,13671.085,AllocLarge,2B,0.265,0.0,0.000,0.00,15.534,11.534,2,7.778,0.035,0,0.00,0.001,0,45.88,0.289,100,0.56,11.201,56,35.72,0.00,0,5.9,0.081
2439,13676.712,AllocLarge,2B,0.288,0.0,0.000,0.00,14.734,14.734,2,7.778,0.035,0,98.18,0.001,0,45.88,0.289,100,0.56,14.401,49,50.00,0.00,0,5.4,0.115
2440,13681.224,AllocLarge,2B,0.272,0.0,0.000,0.00,15.534,11.534,2,7.778,0.035,0,0.00,0.001,0,45.88,0.289,100,0.56,11.201,56,35.72,0.00,0,5.7,0.078
2441,13686.751,AllocLarge,2B,0.250,16.7,0.000,0.00,14.735,14.735,2,7.778,0.036,0,98.20,0.001,0,45.88,0.289,100,0.56,14.401,49,50.00,0.00,0,4.8,0.099
2442,13690.994,AllocLarge,2B,0.277,0.0,0.000,0.00,15.535,11.534,2,7.778,0.036,0,0.00,0.001,0,45.88,0.289,100,0.56,11.201,56,35.72,0.00,0,6.1,0.079
2443,13696.537,AllocLarge,2B,0.284,16.7,0.000,0.00,14.735,14.735,2,7.778,0.036,0,98.22,0.001,0,45.88,0.289,100,0.56,14.401,49,50.00,0.00,0,5.4,0.111
2444,13700.644,AllocLarge,2B,0.223,0.0,0.000,0.00,15.535,11.535,2,7.778,0.036,0,0.00,0.001,0,45.88,0.289,100,0.56,11.201,56,35.72,0.00,0,5.2,0.077
