Num,PauseStart,Reason,Gen,PauseMSec,Time In GC,AllocMB,Alloc MB/sec,PeakMB,AfterMB,Peak/After Ratio,PromotedMB,Gen0 Size,Gen0 Surv%,Gen0 Frag%,Gen1 Size,Gen1 Surv%,Gen1 Frag%,Gen2 Size,Gen2 Surv%,Gen2 Frag%,LOH Size,LOH Surv%,LOH Frag%,FinalizeSurviveMB,Pinned Object,% Pause Time,Suspend Msec
1,532.965,AllocLarge,2B,0.656,0.0,0.652,1.22,7.082,7.099,2,6.400,0.690,0,54.04,0.000,0,NaN,0.000,0,NaN,6.400,99,0.00,0.00,0,77.1,0.068
2,615.441,AllocSmall,0N,0.909,1.2,7.691,94.31,23.246,15.502,2,0.290,0.001,3,81.43,0.293,NaN,1.11,0.000,NaN,NaN,15.201,NaN,0.00,0.00,1,1.1,0.006
3,626.377,AllocSmall,1N,0.741,8.3,8.381,835.23,23.890,15.499,2,0.290,0.001,0,81.43,0.000,99,10.71,0.289,NaN,0.00,15.201,NaN,0.00,0.00,1,6.9,0.006
4,636.861,AllocSmall,0N,0.279,0.0,8.381,859.96,23.887,15.499,2,0.000,0.001,0,81.43,0.000,NaN,10.17,0.289,NaN,0.00,15.201,NaN,0.00,0.00,1,2.8,0.006
5,646.976,AllocSmall,0N,0.192,0.0,8.388,852.52,23.887,15.499,2,0.000,0.001,0,81.43,0.001,NaN,10.00,0.289,NaN,0.00,15.201,NaN,0.00,0.00,1,1.9,0.007
6,656.801,AllocSmall,0N,0.196,10.0,8.388,869.61,23.888,15.500,2,0.000,0.001,0,81.43,0.001,NaN,11.01,0.289,NaN,0.00,15.201,NaN,0.00,0.00,1,2.0,0.005
7,669.712,AllocSmall,0N,0.173,0.0,8.389,659.61,30.288,21.900,2,0.000,0.001,0,81.43,0.001,NaN,10.56,0.289,NaN,0.00,21.601,NaN,0.00,0.00,1,1.3,0.007
8,679.684,AllocSmall,0N,0.302,9.1,8.389,855.68,30.288,21.900,2,0.000,0.001,0,81.43,0.001,NaN,11.76,0.289,NaN,0.00,21.601,NaN,0.00,0.00,1,3.0,0.006
9,689.720,AllocSmall,0N,0.158,0.0,8.389,861.48,30.288,21.900,2,0.000,0.001,0,81.43,0.001,NaN,11.60,0.289,NaN,0.00,21.601,NaN,0.00,0.00,1,1.6,0.005
10,700.193,AllocSmall,0N,0.147,0.0,8.389,812.96,30.288,21.900,2,0.000,0.001,0,81.43,0.002,NaN,12.50,0.289,NaN,0.00,21.601,NaN,0.00,0.00,1,1.4,0.006
11,710.145,AllocSmall,0N,0.229,0.0,8.389,855.23,30.289,21.901,2,0.000,0.001,0,81.43,0.002,NaN,12.27,0.289,NaN,0.00,21.601,NaN,0.00,0.00,1,2.3,0.005
12,720.327,AllocSmall,0N,0.175,0.0,8.389,842.46,30.289,21.901,2,0.000,0.001,0,81.43,0.002,NaN,12.99,0.289,NaN,0.00,21.601,NaN,0.00,0.00,1,1.7,0.005
13,746.663,AllocLarge,2B,0.723,6.7,6.396,226.06,36.271,36.287,2,7.778,6.386,0,34.03,0.002,0,100.00,0.289,99,0.56,29.601,24,75.68,0.00,0,2.6,0.125
14,753.950,AllocLarge,2B,0.292,20.0,0.000,0.00,37.079,16.278,2,7.778,6.378,0,33.62,0.002,0,100.00,0.289,100,0.56,9.600,64,25.00,0.00,0,3.8,0.067
15,772.857,AllocLarge,2B,0.291,0.0,0.000,0.00,25.079,24.279,2,7.778,6.378,0,33.75,0.002,0,100.00,0.289,100,0.56,17.601,39,59.09,0.00,0,1.7,0.082
16,780.989,AllocLarge,2B,0.354,11.1,0.105,11.74,25.079,17.078,2,7.778,6.378,0,33.75,0.002,0,100.00,0.289,100,0.56,10.400,59,30.77,0.00,0,3.9,0.085
17,794.878,AllocLarge,2B,0.311,7.7,0.000,0.00,21.879,21.879,2,7.778,6.378,0,33.75,0.002,0,100.00,0.289,100,0.56,15.201,47,52.63,0.00,0,2.4,0.084
18,804.049,AllocLarge,2B,0.285,10.0,0.000,0.00,22.679,17.879,2,7.778,6.378,0,33.75,0.002,0,100.00,0.289,100,0.56,11.201,56,35.72,0.00,0,3.0,0.081
19,816.795,AllocLarge,2B,0.329,8.3,0.105,8.54,21.079,21.079,2,7.778,6.378,0,33.75,0.002,0,100.00,0.289,100,0.56,14.401,49,50.00,0.00,0,2.7,0.082
20,825.984,AllocLarge,2B,0.348,10.0,0.000,0.00,21.879,17.879,2,7.778,6.378,0,33.75,0.002,0,100.00,0.289,100,0.56,11.201,56,35.72,0.00,0,3.7,0.131
21,837.831,AllocLarge,2B,0.334,8.3,0.000,0.00,21.079,21.079,2,7.778,6.378,0,33.75,0.002,0,100.00,0.289,100,0.56,14.401,49,50.00,0.00,0,2.9,0.099
22,847.397,AllocLarge,2B,0.346,9.1,0.107,10.76,21.879,17.879,2,7.778,6.378,0,33.75,0.002,0,100.00,0.289,100,0.56,11.201,56,35.72,0.00,0,3.5,0.080
23,859.002,AllocLarge,2B,0.405,9.1,0.000,0.00,21.079,21.079,2,7.778,6.378,0,33.75,0.002,0,100.00,0.289,100,0.56,14.401,49,50.00,0.00,0,3.5,0.084
24,868.099,AllocLarge,2B,0.309,11.1,0.000,0.00,21.879,17.879,2,7.778,6.378,0,33.75,0.002,0,100.00,0.289,100,0.56,11.201,56,35.72,0.00,0,3.3,0.103
25,879.974,AllocLarge,2B,0.311,0.0,0.106,9.19,21.079,21.079,2,7.778,6.378,0,33.75,0.002,0,100.00,0.289,100,0.56,14.401,49,50.00,0.00,0,2.7,0.097
26,888.789,AllocLarge,2B,0.286,10.0,0.000,0.00,21.879,17.879,2,7.778,6.378,0,33.75,0.002,0,100.00,0.289,100,0.56,11.201,56,35.72,0.00,0,3.1,0.075
27,900.457,AllocLarge,2B,0.326,8.3,0.000,0.00,21.079,21.079,2,7.778,6.378,0,33.75,0.002,0,100.00,0.289,100,0.56,14.401,49,50.00,0.00,0,2.9,0.097
28,909.318,AllocLarge,2B,0.293,0.0,0.000,0.00,21.879,17.879,2,7.778,6.378,0,33.75,0.002,0,100.00,0.289,100,0.56,11.201,56,35.72,0.00,0,3.2,0.081
29,921.047,AllocLarge,2B,0.300,8.3,0.109,9.56,21.079,21.079,2,7.778,6.378,0,33.75,0.002,0,100.00,0.289,100,0.56,14.401,49,50.00,0.00,0,2.6,0.096
30,930.008,AllocLarge,2B,0.337,9.1,0.000,0.00,21.879,17.879,2,7.778,6.378,0,33.75,0.002,0,100.00,0.289,100,0.56,11.201,56,35.72,0.00,0,3.6,0.099
31,941.660,AllocLarge,2B,0.312,8.3,0.000,0.00,21.079,21.079,2,7.778,6.378,0,33.75,0.002,0,100.00,0.289,100,0.56,14.401,49,50.00,0.00,0,2.8,0.077
32,950.609,AllocLarge,2B,0.324,11.1,0.105,11.28,21.879,17.879,2,7.778,6.378,0,33.75,0.002,0,100.00,0.289,100,0.56,11.201,56,35.72,0.00,0,3.5,0.095
33,962.852,AllocLarge,2B,0.309,0.0,0.000,0.00,21.079,21.079,2,7.778,6.378,0,33.75,0.002,0,100.00,0.289,100,0.56,14.401,49,50.00,0.00,0,2.6,0.086
34,971.837,AllocLarge,2B,0.291,0.0,0.000,0.00,21.879,17.879,2,7.778,6.378,0,33.75,0.002,0,100.00,0.289,100,0.56,11.201,56,35.72,0.00,0,3.1,0.082
35,983.476,AllocLarge,2B,0.276,0.0,0.106,9.42,21.079,21.079,2,7.778,6.378,0,33.75,0.002,0,100.00,0.289,100,0.56,14.401,49,50.00,0.00,0,2.4,0.079
36,992.612,AllocLarge,2B,0.357,9.1,0.000,0.00,21.879,17.879,2,7.778,6.378,0,33.75,0.002,0,100.00,0.289,100,0.56,11.201,56,35.72,0.00,0,3.7,0.077
37,1004.604,AllocLarge,2B,0.282,8.3,0.000,0.00,21.079,21.079,2,7.778,6.378,0,33.75,0.002,0,100.00,0.289,100,0.56,14.401,49,50.00,0.00,0,2.4,0.076
38,1013.467,AllocLarge,2B,0.317,16.7,0.000,0.00,21.879,17.879,2,7.778,6.378,0,33.75,0.002,0,100.00,0.289,100,0.56,11.201,56,35.72,0.00,0,3.4,0.079
39,1025.627,AllocLarge,2B,0.421,5.3,0.109,9.19,21.079,21.079,2,7.778,6.378,0,33.75,0.002,0,100.00,0.289,100,0.56,14.401,49,50.00,0.00,0,3.5,0.163
40,1034.550,AllocLarge,2B,0.321,9.1,0.000,0.00,21.879,17.879,2,7.778,6.378,0,33.75,0.002,0,100.00,0.289,100,0.56,11.201,56,35.72,0.00,0,3.5,0.105
41,1046.537,AllocLarge,2B,0.330,0.0,0.000,0.00,21.079,21.079,2,7.778,6.378,0,33.75,0.002,0,100.00,0.289,100,0.56,14.401,49,50.00,0.00,0,2.8,0.116
42,1055.789,AllocLarge,2B,0.363,0.0,0.104,10.81,21.879,17.879,2,7.778,6.378,0,33.75,0.002,0,100.00,0.289,100,0.56,11.201,56,35.72,0.00,0,3.8,0.114
43,1067.427,AllocLarge,2B,0.344,8.3,0.000,0.00,21.079,21.079,2,7.778,6.378,0,33.75,0.002,0,100.00,0.289,100,0.56,14.401,49,50.00,0.00,0,3.0,0.101
44,1076.098,AllocLarge,2B,0.353,0.0,0.000,0.00,21.879,17.879,2,7.778,6.378,0,33.75,0.002,0,100.00,0.289,100,0.56,11.201,56,35.72,0.00,0,3.9,0.083
45,1087.590,AllocLarge,2B,0.368,7.7,0.103,9.19,21.079,21.079,2,7.778,6.378,0,33.75,0.002,0,100.00,0.289,100,0.56,14.401,49,50.00,0.00,0,3.3,0.147
46,1096.429,AllocLarge,2B,0.302,9.1,0.000,0.00,21.879,17.879,2,7.778,6.378,0,33.75,0.002,0,100.00,0.289,100,0.56,11.201,56,35.72,0.00,0,3.3,0.078
47,1107.893,AllocLarge,2B,0.263,0.0,0.000,0.00,21.079,21.079,2,7.778,6.378,0,33.75,0.002,0,100.00,0.289,100,0.56,14.401,49,50.00,0.00,0,2.4,0.074
48,1116.566,AllocLarge,2B,0.254,0.0,0.103,11.40,21.879,17.879,2,7.778,6.378,0,33.75,0.002,0,100.00,0.289,100,0.56,11.201,56,35.72,0.00,0,2.8,0.075
49,1128.262,AllocLarge,2B,0.369,6.7,0.000,0.00,21.079,21.079,2,7.778,6.378,0,33.75,0.002,0,100.00,0.289,100,0.56,14.401,49,50.00,0.00,0,3.2,0.090
50,1137.642,AllocLarge,2B,0.303,5.3,0.000,0.00,21.879,17.879,2,7.778,6.378,0,33.75,0.002,0,100.00,0.289,100,0.56,11.201,56,35.72,0.00,0,3.2,0.097
51,1149.551,AllocLarge,2B,0.325,0.0,0.103,8.86,21.079,21.079,2,7.778,6.378,0,33.75,0.002,0,100.00,0.289,100,0.56,14.401,49,50.00,0.00,0,2.8,0.091
52,1158.368,AllocLarge,2B,0.373,8.3,0.000,0.00,21.879,17.879,2,7.778,6.378,0,33.75,0.002,0,100.00,0.289,100,0.56,11.201,56,35.72,0.00,0,4.0,0.085
53,1171.283,AllocLarge,2B,0.386,0.0,0.000,0.00,21.079,21.079,2,7.778,6.378,0,33.75,0.002,0,100.00,0.289,100,0.56,14.401,49,50.00,0.00,0,3.1,0.105
54,1180.354,AllocLarge,2B,0.350,0.0,0.000,0.00,21.879,17.879,2,7.778,6.378,0,33.75,0.002,0,100.00,0.289,100,0.56,11.201,56,35.72,0.00,0,3.8,0.111
55,1193.143,AllocLarge,2B,0.357,7.1,0.109,8.69,21.079,21.079,2,7.778,6.378,0,33.75,0.002,0,100.00,0.289,100,0.56,14.401,49,50.00,0.00,0,2.8,0.086
56,1203.064,AllocLarge,2B,0.347,8.3,0.000,0.00,21.879,17.879,2,7.778,6.378,0,33.75,0.002,0,100.00,0.289,100,0.56,11.201,56,35.72,0.00,0,3.4,0.107
57,1216.518,AllocLarge,2B,0.534,7.7,0.000,0.00,21.079,21.079,2,7.778,6.378,0,33.75,0.002,0,100.00,0.289,100,0.56,14.401,49,50.00,0.00,0,4.0,0.105
58,1226.204,AllocLarge,2B,0.343,20.0,0.105,10.50,21.879,17.879,2,7.778,6.378,0,33.75,0.002,0,100.00,0.289,100,0.56,11.201,56,35.72,0.00,0,3.4,0.090
59,1238.392,AllocLarge,2B,0.423,8.3,0.000,0.00,21.079,21.079,2,7.778,6.378,0,33.75,0.002,0,100.00,0.289,100,0.56,14.401,49,50.00,0.00,0,3.6,0.137
60,1247.922,AllocLarge,2B,0.355,9.1,0.000,0.00,21.879,17.879,2,7.778,6.378,0,33.75,0.002,0,100.00,0.289,100,0.56,11.201,56,35.72,0.00,0,3.6,0.110
61,1260.002,AllocLarge,2B,0.437,5.0,0.103,8.71,21.079,21.079,2,7.778,6.378,0,33.75,0.002,0,100.00,0.289,100,0.56,14.401,49,50.00,0.00,0,3.7,0.167
62,1267.514,AllocLarge,2B,0.406,0.0,0.000,0.00,21.879,17.879,2,7.778,6.378,0,33.75,0.002,0,100.00,0.289,100,0.56,11.201,56,35.72,0.00,0,5.2,0.159
63,1279.765,AllocLarge,2B,0.315,0.0,0.000,0.00,21.079,21.079,2,7.778,6.378,0,33.75,0.002,0,100.00,0.289,100,0.56,14.401,49,50.00,0.00,0,2.7,0.095
64,1285.732,AllocLarge,2B,0.344,6.7,0.111,16.84,21.879,17.879,2,7.778,6.378,0,33.62,0.002,0,100.00,0.289,100,0.56,11.201,56,35.72,0.00,0,5.2,0.095
65,1293.799,AllocLarge,2B,0.272,0.0,0.000,0.00,21.079,21.079,2,7.778,6.378,0,33.75,0.002,0,100.00,0.289,100,0.56,14.401,49,50.00,0.00,0,3.7,0.091
66,1299.542,AllocLarge,2B,0.279,7.7,0.000,0.00,21.879,17.879,2,7.778,6.378,0,33.62,0.002,0,100.00,0.289,100,0.56,11.201,56,35.72,0.00,0,4.6,0.087
67,1307.328,AllocLarge,2B,0.289,0.0,0.106,14.28,21.079,21.079,2,7.778,6.378,0,33.75,0.002,0,100.00,0.289,100,0.56,14.401,49,50.00,0.00,0,3.9,0.085
68,1313.154,AllocLarge,2B,0.332,7.1,0.000,0.00,21.879,17.879,2,7.778,6.378,0,33.62,0.002,0,100.00,0.289,100,0.56,11.201,56,35.72,0.00,0,5.2,0.087
69,1321.163,AllocLarge,2B,0.287,0.0,0.000,0.00,21.079,21.079,2,7.778,6.378,0,33.75,0.002,0,100.00,0.289,100,0.56,14.401,49,50.00,0.00,0,3.9,0.088
70,1326.922,AllocLarge,2B,0.296,8.3,0.000,0.00,21.879,17.879,2,7.778,6.378,0,33.62,0.002,0,100.00,0.289,100,0.56,11.201,56,35.72,0.00,0,4.8,0.091
71,1334.738,AllocLarge,2B,0.317,0.0,0.109,14.56,21.079,21.079,2,7.778,6.378,0,33.75,0.002,0,100.00,0.289,100,0.56,14.401,49,50.00,0.00,0,4.2,0.099
72,1340.528,AllocLarge,2B,0.305,0.0,0.000,0.00,21.879,17.879,2,7.778,6.378,0,33.75,0.002,0,100.00,0.289,100,0.56,11.201,56,35.72,0.00,0,5.0,0.122
73,1347.984,AllocLarge,2B,0.283,0.0,0.000,0.00,42.157,14.702,2,0.003,0.001,0,384510.00,0.003,0,73.60,0.289,50,1.11,14.401,24,100.00,0.00,1,3.9,0.088
75,1353.676,AllocLarge,2B,0.279,16.7,0.105,17.86,15.523,11.530,2,7.780,0.030,0,35.27,0.003,0,85.40,0.289,100,0.56,11.201,56,35.72,0.00,0,4.7,0.081
76,1360.943,AllocLarge,2B,0.283,0.0,0.000,0.00,14.739,14.747,2,7.780,0.046,0,76.28,0.003,0,85.40,0.289,100,0.56,14.401,49,50.00,0.00,0,4.1,0.087
77,1366.371,AllocLarge,2B,0.288,14.3,0.000,0.00,15.547,11.547,2,7.780,0.046,0,30.64,0.003,0,85.40,0.289,100,0.56,11.201,56,35.72,0.00,0,4.9,0.078
78,1373.874,AllocLarge,2B,0.381,12.5,0.109,14.91,14.752,14.760,2,7.780,0.059,0,81.46,0.003,0,85.40,0.289,100,0.56,14.401,49,50.00,0.00,0,5.2,0.159
79,1379.460,AllocLarge,2B,0.280,16.7,0.000,0.00,15.560,11.560,2,7.780,0.059,0,23.45,0.003,0,85.40,0.289,100,0.56,11.201,56,35.72,0.00,0,4.8,0.081
80,1387.539,AllocLarge,2B,0.422,11.1,0.000,0.00,14.765,14.774,2,7.780,0.073,0,85.48,0.003,0,85.40,0.289,100,0.56,14.401,49,50.00,0.00,0,5.4,0.134
81,1393.423,AllocLarge,2B,0.357,16.7,0.103,16.68,15.574,11.573,2,7.780,0.073,0,19.13,0.003,0,85.40,0.289,100,0.56,11.201,56,35.72,0.00,0,5.8,0.109
82,1401.951,AllocLarge,2B,0.327,11.1,0.000,0.00,14.779,14.787,2,7.780,0.086,0,87.19,0.003,0,85.40,0.289,100,0.56,14.401,49,50.00,0.00,0,4.1,0.088
83,1407.848,AllocLarge,2B,0.289,0.0,0.000,0.00,15.587,11.587,2,7.780,0.086,0,25.70,0.003,0,85.40,0.289,100,0.56,11.201,56,35.72,0.00,0,4.7,0.100
84,1416.821,AllocLarge,2B,0.457,10.0,0.104,11.72,14.792,14.800,2,7.780,0.099,0,89.37,0.003,0,85.40,0.289,100,0.56,14.401,49,50.00,0.00,0,5.1,0.134
85,1423.591,AllocLarge,2B,0.366,11.1,0.000,0.00,15.600,11.600,2,7.780,0.099,0,22.61,0.003,0,85.40,0.289,100,0.56,11.201,56,35.72,0.00,0,5.2,0.110
86,1433.247,AllocLarge,2B,0.672,9.1,0.102,10.51,14.805,14.813,2,7.780,0.112,0,90.60,0.003,0,85.40,0.289,100,0.56,14.401,49,50.00,0.00,0,6.9,0.159
87,1440.815,AllocLarge,2B,0.395,12.5,0.000,0.00,15.613,11.613,2,7.780,0.112,0,19.73,0.003,0,85.40,0.289,100,0.56,11.201,56,35.72,0.00,0,5.2,0.115
88,1449.312,AllocLarge,2B,0.346,11.1,0.000,0.00,14.818,14.826,2,7.780,0.126,0,91.59,0.003,0,85.40,0.289,100,0.56,14.401,49,50.00,0.00,0,4.3,0.131
89,1455.002,AllocLarge,2B,0.304,14.3,0.104,17.19,15.627,11.626,2,7.780,0.126,0,17.62,0.003,0,85.40,0.289,100,0.56,11.201,56,35.72,0.00,0,5.0,0.101
90,1462.999,AllocLarge,2B,0.329,0.0,0.000,0.00,14.832,14.840,2,7.780,0.139,0,92.40,0.003,0,85.40,0.289,100,0.56,14.401,49,50.00,0.00,0,4.3,0.131
91,1469.018,AllocLarge,2B,0.333,25.0,0.000,0.00,15.640,11.640,2,7.780,0.139,0,15.91,0.003,0,85.40,0.289,100,0.56,11.201,56,35.72,0.00,0,5.2,0.107
92,1477.648,AllocLarge,2B,0.419,22.2,0.110,13.00,14.845,14.853,2,7.780,0.152,0,92.77,0.003,0,85.40,0.289,100,0.56,14.401,49,50.00,0.00,0,5.0,0.141
93,1484.056,AllocLarge,2B,0.291,0.0,0.000,0.00,15.653,11.653,2,7.780,0.152,0,14.75,0.003,0,85.40,0.289,100,0.56,11.201,56,35.72,0.00,0,4.4,0.085
94,1494.650,AllocLarge,2B,0.539,0.0,0.000,0.00,14.858,14.866,2,7.780,0.165,0,93.33,0.003,0,85.40,0.289,100,0.56,14.401,49,50.00,0.00,0,5.1,0.105
95,1501.054,AllocLarge,2B,0.290,0.0,0.105,16.31,15.666,11.666,2,7.780,0.165,0,13.42,0.003,0,85.40,0.289,100,0.56,11.201,56,35.72,0.00,0,4.5,0.082
96,1509.443,AllocLarge,2B,0.298,0.0,0.000,0.00,14.871,14.879,2,7.780,0.178,0,94.08,0.003,0,85.40,0.289,100,0.56,14.401,49,50.00,0.00,0,3.7,0.082
97,1515.389,AllocLarge,2B,0.350,12.5,0.000,0.00,15.679,11.679,2,7.780,0.178,0,12.40,0.003,0,85.40,0.289,100,0.56,11.201,56,35.72,0.00,0,5.4,0.126
98,1525.278,AllocLarge,2B,0.459,18.2,0.110,11.37,14.884,14.893,2,7.780,0.192,0,94.26,0.003,0,85.40,0.289,100,0.56,14.401,49,50.00,0.00,0,4.7,0.135
99,1532.604,AllocLarge,2B,0.407,0.0,0.000,0.00,15.693,11.692,2,7.780,0.192,0,7.23,0.003,0,85.40,0.289,100,0.56,11.201,56,35.72,0.00,0,5.3,0.122
100,1542.234,AllocLarge,2B,0.545,10.0,0.000,0.00,14.898,14.906,2,7.780,0.205,0,94.63,0.003,0,85.40,0.289,100,0.56,14.401,49,50.00,0.00,0,5.8,0.138
101,1549.343,AllocLarge,2B,0.463,11.1,0.105,14.20,15.706,11.706,2,7.780,0.205,0,10.95,0.003,0,85.40,0.289,100,0.56,11.201,56,35.72,0.00,0,6.3,0.121
102,1558.250,AllocLarge,2B,0.338,10.0,0.000,0.00,14.911,14.919,2,7.780,0.218,0,95.16,0.003,0,85.40,0.289,100,0.56,14.401,49,50.00,0.00,0,4.1,0.136
103,1564.049,AllocLarge,2B,0.928,14.3,0.000,0.00,15.719,11.719,2,7.780,0.218,0,10.16,0.003,0,85.40,0.289,100,0.56,11.201,56,35.72,0.00,0,13.4,0.113
104,1573.069,AllocLarge,2B,0.451,8.3,0.110,13.53,14.924,14.932,2,7.780,0.231,0,95.24,0.003,0,85.40,0.289,100,0.56,14.401,49,50.00,0.00,0,5.5,0.115
105,1579.061,AllocLarge,2B,0.339,7.1,0.000,0.00,15.732,11.732,2,7.780,0.231,0,6.01,0.003,0,85.40,0.289,100,0.56,11.201,56,35.72,0.00,0,5.4,0.111
106,1586.884,AllocLarge,2B,0.462,6.3,0.000,0.00,14.937,14.946,2,7.780,0.245,0,95.50,0.003,0,85.40,0.289,100,0.56,14.401,49,50.00,0.00,0,6.1,0.105
107,1593.652,AllocLarge,2B,0.340,12.5,0.104,14.64,15.746,11.745,2,7.780,0.245,0,5.67,0.003,0,85.40,0.289,100,0.56,11.201,56,35.72,0.00,0,4.8,0.086
108,1602.023,AllocLarge,2B,0.303,0.0,0.000,0.00,14.951,14.959,2,7.780,0.258,0,95.73,0.003,0,85.40,0.289,100,0.56,14.401,49,50.00,0.00,0,3.9,0.083
109,1608.505,AllocLarge,2B,0.326,12.5,0.000,0.00,15.759,11.759,2,7.780,0.258,0,5.52,0.003,0,85.40,0.289,100,0.56,11.201,56,35.72,0.00,0,4.6,0.100
110,1616.781,AllocLarge,2B,0.382,0.0,0.102,13.21,14.964,14.972,2,7.780,0.271,0,96.10,0.003,0,85.40,0.289,100,0.56,14.401,49,50.00,0.00,0,4.9,0.116
111,1623.500,AllocLarge,2B,0.662,14.3,0.000,0.00,15.772,11.772,2,7.780,0.271,0,8.18,0.003,0,85.40,0.289,100,0.56,11.201,56,35.72,0.00,0,8.8,0.278
112,1633.504,AllocLarge,2B,0.340,0.0,0.000,0.00,14.977,14.985,2,7.780,0.284,0,96.13,0.003,0,85.40,0.289,100,0.56,14.401,49,50.00,0.00,0,3.7,0.103
113,1640.170,AllocLarge,2B,0.356,12.5,0.104,14.79,15.785,11.785,2,7.780,0.284,0,7.79,0.003,0,85.40,0.289,100,0.56,11.201,56,35.72,0.00,0,5.1,0.137
114,1649.980,AllocLarge,2B,0.438,0.0,0.000,0.00,14.990,14.998,2,7.780,0.297,0,96.30,0.003,0,85.40,0.289,100,0.56,14.401,49,50.00,0.00,0,4.6,0.123
115,1657.176,AllocLarge,2B,0.416,22.2,0.000,0.00,15.798,11.798,2,7.780,0.297,0,4.66,0.003,0,85.40,0.289,100,0.56,11.201,56,35.72,0.00,0,5.5,0.082
116,1665.208,AllocLarge,2B,0.347,12.5,0.110,14.65,15.004,15.012,2,7.780,0.311,0,96.46,0.003,0,85.40,0.289,100,0.56,14.401,49,50.00,0.00,0,4.6,0.128
117,1671.667,AllocLarge,2B,0.413,11.1,0.000,0.00,15.812,11.812,2,7.780,0.311,0,4.58,0.003,0,85.40,0.289,100,0.56,11.201,56,35.72,0.00,0,5.8,0.126
118,1679.928,AllocLarge,2B,0.363,12.5,0.000,0.00,15.016,15.025,2,7.780,0.324,0,96.60,0.003,0,85.40,0.289,100,0.56,14.401,49,50.00,0.00,0,4.7,0.114
119,1686.061,AllocLarge,2B,0.326,11.1,0.105,16.42,15.825,11.824,2,7.780,0.324,0,6.84,0.003,0,85.40,0.289,100,0.56,11.201,56,35.72,0.00,0,5.1,0.082
120,1694.950,AllocLarge,2B,0.316,10.0,0.000,0.00,15.030,15.038,2,7.780,0.337,0,96.73,0.003,0,85.40,0.289,100,0.56,14.401,49,50.00,0.00,0,3.8,0.102
121,1701.141,AllocLarge,2B,0.534,11.1,0.000,0.00,15.838,11.838,2,7.780,0.337,0,6.56,0.003,0,85.40,0.289,100,0.56,11.201,56,35.72,0.00,0,7.3,0.150
122,1711.976,AllocLarge,2B,0.554,9.1,0.110,10.67,15.043,15.051,2,7.780,0.350,0,96.99,0.003,0,85.40,0.289,100,0.56,14.401,49,50.00,0.00,0,5.4,0.191
123,1718.594,AllocLarge,2B,0.336,14.3,0.000,0.00,15.851,11.851,2,7.780,0.350,0,3.96,0.003,0,85.40,0.289,100,0.56,11.201,56,35.72,0.00,0,5.2,0.082
124,1726.049,AllocLarge,2B,0.323,0.0,0.000,0.00,15.056,15.065,2,7.780,0.364,0,96.97,0.003,0,85.40,0.289,100,0.56,14.401,49,50.00,0.00,0,4.6,0.118
125,1731.608,AllocLarge,2B,0.259,12.5,0.105,17.85,15.865,11.864,2,7.780,0.364,0,3.91,0.003,0,85.40,0.289,100,0.56,11.201,56,35.72,0.00,0,4.4,0.080
126,1738.969,AllocLarge,2B,0.252,12.5,0.000,0.00,15.069,15.078,2,7.780,0.377,0,97.08,0.003,0,85.40,0.289,100,0.56,14.401,49,50.00,0.00,0,3.6,0.077
127,1744.371,AllocLarge,2B,0.226,0.0,0.000,0.00,15.878,11.877,2,7.780,0.377,0,5.88,0.003,0,85.40,0.289,100,0.56,11.201,56,35.72,0.00,0,4.0,0.076
128,1751.706,AllocLarge,2B,0.333,12.5,0.110,15.37,15.083,15.091,2,7.780,0.390,0,97.18,0.003,0,85.40,0.289,100,0.56,14.401,49,50.00,0.00,0,4.6,0.117
129,1757.247,AllocLarge,2B,0.255,0.0,0.000,0.00,15.891,11.891,2,7.780,0.390,0,3.56,0.003,0,85.40,0.289,100,0.56,11.201,56,35.72,0.00,0,4.4,0.077
130,1764.923,AllocLarge,2B,0.331,11.1,0.000,0.00,15.096,15.104,2,7.780,0.403,0,97.27,0.003,0,85.40,0.289,100,0.56,14.401,49,50.00,0.00,0,4.4,0.081
131,1770.436,AllocLarge,2B,0.260,0.0,0.104,18.71,15.904,11.904,2,7.780,0.403,0,5.48,0.003,0,85.40,0.289,100,0.56,11.201,56,35.72,0.00,0,4.7,0.077
132,1777.691,AllocLarge,2B,0.336,12.5,0.000,0.00,15.109,15.117,2,7.780,0.417,0,97.36,0.003,0,85.40,0.289,100,0.56,14.401,49,50.00,0.00,0,4.7,0.098
133,1783.157,AllocLarge,2B,0.247,0.0,0.000,0.00,15.918,11.917,2,7.780,0.417,0,5.39,0.003,0,85.40,0.289,100,0.56,11.201,56,35.72,0.00,0,4.4,0.093
134,1790.433,AllocLarge,2B,0.229,14.3,0.102,14.82,15.122,15.130,2,7.780,0.429,0,97.44,0.003,0,85.40,0.289,100,0.56,14.401,49,50.00,0.00,0,3.3,0.075
135,1795.924,AllocLarge,2B,0.309,16.7,0.000,0.00,15.931,11.930,2,7.780,0.429,0,5.16,0.003,0,85.40,0.289,100,0.56,11.201,56,35.72,0.00,0,5.1,0.085
136,1803.623,AllocLarge,2B,0.396,11.1,0.000,0.00,15.135,15.144,2,7.780,0.443,0,97.62,0.003,0,85.40,0.289,100,0.56,14.401,49,50.00,0.00,0,5.2,0.107
137,1809.379,AllocLarge,2B,0.376,14.3,0.105,17.11,15.944,11.943,2,7.780,0.443,0,3.14,0.003,0,85.40,0.289,100,0.56,11.201,56,35.72,0.00,0,6.1,0.086
138,1817.928,AllocLarge,2B,0.338,11.1,0.000,0.00,15.149,15.157,2,7.780,0.456,0,97.59,0.003,0,85.40,0.289,100,0.56,14.401,49,50.00,0.00,0,4.3,0.124
139,1823.896,AllocLarge,2B,0.305,14.3,0.000,0.00,15.957,11.957,2,7.780,0.456,0,3.04,0.003,0,85.40,0.289,100,0.56,11.201,56,35.72,0.00,0,4.8,0.097
140,1831.970,AllocLarge,2B,0.354,25.0,0.104,13.48,15.162,15.170,2,7.780,0.469,0,97.65,0.003,0,85.40,0.289,100,0.56,14.401,49,50.00,0.00,0,4.6,0.110
141,1838.172,AllocLarge,2B,0.405,12.5,0.000,0.00,15.970,11.970,2,7.780,0.469,0,3.03,0.003,0,85.40,0.289,100,0.56,11.201,56,35.72,0.00,0,6.0,0.115
142,1846.398,AllocLarge,2B,0.441,0.0,0.000,0.00,15.175,15.183,2,7.780,0.482,0,97.81,0.003,0,85.40,0.289,100,0.56,14.401,49,50.00,0.00,0,5.7,0.189
143,1853.926,AllocLarge,2B,0.385,11.1,0.103,13.07,15.983,11.983,2,7.780,0.482,0,4.59,0.003,0,85.40,0.289,100,0.56,11.201,56,35.72,0.00,0,4.9,0.107
144,1863.431,AllocLarge,2B,0.349,0.0,0.000,0.00,15.188,15.197,2,7.780,0.496,0,97.78,0.003,0,85.40,0.289,100,0.56,14.401,49,50.00,0.00,0,3.9,0.102
145,1869.574,AllocLarge,2B,0.434,12.5,0.000,0.00,15.997,11.996,2,7.780,0.496,0,4.46,0.003,0,85.40,0.289,100,0.56,11.201,56,35.72,0.00,0,6.4,0.122
146,1877.974,AllocLarge,2B,0.425,0.0,0.104,13.22,15.202,15.210,2,7.780,0.509,0,97.84,0.003,0,85.40,0.289,100,0.56,14.401,49,50.00,0.00,0,5.4,0.183
147,1883.757,AllocLarge,2B,0.296,11.1,0.000,0.00,16.010,12.010,2,7.780,0.509,0,4.34,0.003,0,85.40,0.289,100,0.56,11.201,56,35.72,0.00,0,5.0,0.115
148,1891.594,AllocLarge,2B,0.357,14.3,0.000,0.00,15.215,15.223,2,7.780,0.522,0,97.98,0.003,0,85.40,0.289,100,0.56,14.401,49,50.00,0.00,0,4.7,0.103
149,1897.821,AllocLarge,2B,0.338,25.0,0.110,16.64,16.023,12.023,2,7.780,0.522,0,4.30,0.003,0,85.40,0.289,100,0.56,11.201,56,35.72,0.00,0,5.1,0.111
150,1906.466,AllocLarge,2B,0.389,0.0,0.000,0.00,15.228,15.236,2,7.780,0.535,0,97.94,0.003,0,85.40,0.289,100,0.56,14.401,49,50.00,0.00,0,4.6,0.117
151,1912.470,AllocLarge,2B,0.470,14.3,0.105,15.30,16.036,12.036,2,7.780,0.535,0,2.62,0.003,0,85.40,0.289,100,0.56,11.201,56,35.72,0.00,0,6.9,0.100
152,1921.482,AllocLarge,2B,0.501,9.1,0.000,0.00,16.041,15.249,2,7.780,0.548,0,98.08,0.003,0,85.40,0.289,100,0.56,14.401,47,50.00,0.00,0,5.8,0.111
153,1928.552,AllocLarge,2B,0.481,14.3,0.000,0.00,16.049,12.049,2,7.780,0.548,0,4.02,0.003,0,85.40,0.289,100,0.56,11.201,56,35.72,0.00,0,6.8,0.103
154,1936.257,AllocLarge,2B,0.387,12.5,0.000,0.00,15.255,15.263,2,7.780,0.562,0,98.04,0.003,0,85.40,0.289,100,0.56,14.401,49,50.00,0.00,0,5.2,0.084
155,1943.496,AllocLarge,2B,0.512,11.1,0.110,13.91,16.063,12.063,2,7.780,0.562,0,4.00,0.003,0,85.40,0.289,100,0.56,11.201,56,35.72,0.00,0,6.5,0.125
156,1953.625,AllocLarge,2B,0.500,18.2,0.000,0.00,15.268,15.276,2,7.780,0.575,0,98.09,0.003,0,85.40,0.289,100,0.56,14.401,49,50.00,0.00,0,5.3,0.111
157,1959.911,AllocLarge,2B,0.331,14.3,0.000,0.00,16.076,12.076,2,7.780,0.575,0,3.85,0.003,0,85.40,0.289,100,0.56,11.201,56,35.72,0.00,0,5.1,0.111
158,1969.161,AllocLarge,2B,0.441,10.0,0.105,11.59,15.281,15.289,2,7.780,0.588,0,98.21,0.003,0,85.40,0.289,100,0.56,14.401,49,50.00,0.00,0,4.9,0.125
159,1975.916,AllocLarge,2B,0.323,12.5,0.000,0.00,16.089,12.089,2,7.780,0.588,0,3.76,0.003,0,85.40,0.289,100,0.56,11.201,56,35.72,0.00,0,4.7,0.107
160,1983.774,AllocLarge,2B,0.423,22.2,0.000,0.00,15.294,15.302,2,7.780,0.601,0,98.17,0.003,0,85.40,0.289,100,0.56,14.401,49,50.00,0.00,0,5.6,0.104
161,1990.055,AllocLarge,2B,0.336,14.3,0.110,17.22,16.102,12.102,2,7.780,0.601,0,3.67,0.003,0,85.40,0.289,100,0.56,11.201,56,35.72,0.00,0,5.3,0.098
162,1997.551,AllocLarge,2B,0.287,0.0,0.000,0.00,15.307,15.316,2,7.780,0.615,0,98.21,0.003,0,85.40,0.289,100,0.56,14.401,49,50.00,0.00,0,4.0,0.098
163,2003.035,AllocLarge,2B,0.274,14.3,0.105,17.68,16.116,12.115,2,7.780,0.615,0,2.31,0.003,0,85.40,0.289,100,0.56,11.201,56,35.72,0.00,0,4.6,0.081
164,2010.285,AllocLarge,2B,0.286,12.5,0.000,0.00,15.320,15.337,2,7.780,0.636,0,97.05,0.003,0,85.40,0.289,100,0.56,14.401,49,50.00,0.00,0,4.2,0.079
165,2015.779,AllocLarge,2B,0.304,14.3,0.000,0.00,16.129,12.129,2,7.780,0.628,0,2.22,0.003,0,85.40,0.289,100,0.56,11.201,56,35.72,0.00,0,4.8,0.070
166,2023.352,AllocLarge,2B,0.245,0.0,0.110,16.28,16.134,15.342,2,7.780,0.641,0,98.28,0.003,0,85.40,0.289,100,0.56,14.401,47,50.00,0.00,0,3.6,0.077
167,2028.653,AllocLarge,2B,0.258,0.0,0.000,0.00,16.142,12.142,2,7.780,0.641,0,2.17,0.003,0,85.40,0.289,100,0.56,11.201,56,35.72,0.00,0,4.5,0.078
168,2036.005,AllocLarge,2B,0.350,12.5,0.000,0.00,15.347,15.356,2,7.780,0.655,0,98.39,0.003,0,85.40,0.289,100,0.56,14.401,49,50.00,0.00,0,4.9,0.112
169,2041.435,AllocLarge,2B,0.254,0.0,0.104,18.37,16.156,12.155,2,7.780,0.655,0,2.12,0.003,0,85.40,0.289,100,0.56,11.201,56,35.72,0.00,0,4.5,0.078
170,2048.849,AllocLarge,2B,0.333,12.5,0.000,0.00,15.361,15.369,2,7.780,0.668,0,98.42,0.003,0,85.40,0.289,100,0.56,14.401,49,50.00,0.00,0,4.6,0.113
171,2054.266,AllocLarge,2B,0.226,0.0,0.000,0.00,16.169,12.169,2,7.780,0.668,0,3.36,0.003,0,85.40,0.289,100,0.56,11.201,56,35.72,0.00,0,4.1,0.074
172,2061.527,AllocLarge,2B,0.359,11.1,0.102,14.23,15.374,15.382,2,7.780,0.681,0,98.45,0.003,0,85.40,0.289,100,0.56,14.401,49,50.00,0.00,0,5.0,0.086
173,2067.033,AllocLarge,2B,0.267,0.0,0.000,0.00,16.182,12.182,2,7.780,0.681,0,3.25,0.003,0,85.40,0.289,100,0.56,11.201,56,35.72,0.00,0,4.8,0.077
174,2073.941,AllocLarge,2B,0.231,0.0,0.000,0.00,15.387,15.395,2,7.780,0.694,0,98.41,0.003,0,85.40,0.289,100,0.56,14.401,49,50.00,0.00,0,3.5,0.076
175,2079.293,AllocLarge,2B,0.256,0.0,0.104,17.80,16.195,12.195,2,7.780,0.694,0,2.00,0.003,0,85.40,0.289,100,0.56,11.201,56,35.72,0.00,0,4.4,0.081
176,2086.380,AllocLarge,2B,0.261,0.0,0.000,0.00,15.400,15.408,2,7.780,0.707,0,98.44,0.003,0,85.40,0.289,100,0.56,14.401,49,50.00,0.00,0,3.9,0.080
177,2091.710,AllocLarge,2B,0.298,14.3,0.000,0.00,16.209,12.208,2,7.780,0.707,0,1.96,0.003,0,85.40,0.289,100,0.56,11.201,56,35.72,0.00,0,5.1,0.095
178,2099.337,AllocLarge,2B,0.312,0.0,0.110,15.29,15.414,15.422,2,7.780,0.721,0,98.47,0.003,0,85.40,0.289,100,0.56,14.401,49,50.00,0.00,0,4.3,0.084
179,2104.703,AllocLarge,2B,0.258,16.7,0.000,0.00,16.222,12.222,2,7.780,0.721,0,1.97,0.003,0,85.40,0.289,100,0.56,11.201,56,35.72,0.00,0,4.5,0.078
180,2112.222,AllocLarge,2B,0.390,0.0,0.000,0.00,15.427,15.435,2,7.780,0.734,0,98.56,0.003,0,85.40,0.289,100,0.56,14.401,49,50.00,0.00,0,5.4,0.120
181,2117.847,AllocLarge,2B,0.240,0.0,0.105,18.43,16.235,12.235,2,7.780,0.734,0,3.02,0.003,0,85.40,0.289,100,0.56,11.201,56,35.72,0.00,0,4.2,0.075
182,2125.161,AllocLarge,2B,0.299,0.0,0.000,0.00,15.440,15.448,2,7.780,0.747,0,98.53,0.003,0,85.40,0.289,100,0.56,14.401,49,50.00,0.00,0,4.2,0.080
183,2130.639,AllocLarge,2B,0.278,14.3,0.000,0.00,16.248,12.248,2,7.780,0.747,0,1.86,0.003,0,85.40,0.289,100,0.56,11.201,56,35.72,0.00,0,4.7,0.078
184,2138.029,AllocLarge,2B,0.239,0.0,0.110,16.27,15.453,15.461,2,7.780,0.760,0,98.55,0.003,0,85.40,0.289,100,0.56,14.401,49,50.00,0.00,0,3.5,0.076
185,2143.600,AllocLarge,2B,0.405,14.3,0.000,0.00,16.261,12.261,2,7.780,0.760,0,1.82,0.003,0,85.40,0.289,100,0.56,11.201,56,35.72,0.00,0,6.3,0.110
186,2153.348,AllocLarge,2B,0.579,9.1,0.000,0.00,15.466,15.475,2,7.780,0.774,0,98.64,0.003,0,85.40,0.289,100,0.56,14.401,49,50.00,0.00,0,6.1,0.201
187,2159.869,AllocLarge,2B,0.367,14.3,0.105,15.69,16.275,12.274,2,7.780,0.774,0,1.84,0.003,0,85.40,0.289,100,0.56,11.201,56,35.72,0.00,0,5.5,0.087
188,2167.792,AllocLarge,2B,0.289,12.5,0.000,0.00,15.479,15.488,2,7.780,0.787,0,98.60,0.003,0,85.40,0.289,100,0.56,14.401,49,50.00,0.00,0,4.0,0.098
189,2173.240,AllocLarge,2B,0.358,12.5,0.000,0.00,16.288,12.287,2,7.780,0.787,0,1.77,0.003,0,85.40,0.289,100,0.56,11.201,56,35.72,0.00,0,6.0,0.133
190,2181.533,AllocLarge,2B,0.313,0.0,0.110,14.17,15.493,15.501,2,7.780,0.800,0,98.62,0.003,0,85.40,0.289,100,0.56,14.401,49,50.00,0.00,0,4.0,0.119
191,2187.288,AllocLarge,2B,0.400,16.7,0.000,0.00,16.301,12.309,2,7.780,0.808,0,2.79,0.003,0,85.40,0.289,100,0.56,11.201,56,35.72,0.00,0,6.5,0.087
192,2195.898,AllocLarge,2B,0.397,0.0,0.000,0.00,15.514,15.522,2,7.780,0.821,0,98.66,0.003,0,85.40,0.289,100,0.56,14.401,49,50.00,0.00,0,4.7,0.127
193,2202.328,AllocLarge,2B,0.358,12.5,0.105,15.78,16.322,12.322,2,7.780,0.821,0,2.64,0.003,0,85.40,0.289,100,0.56,11.201,56,35.72,0.00,0,5.4,0.131
194,2214.366,AllocLarge,2B,0.386,0.0,0.000,0.00,15.528,15.536,2,7.780,0.835,0,98.68,0.003,0,85.40,0.289,100,0.56,14.401,49,50.00,0.00,0,3.3,0.104
195,2220.625,AllocLarge,2B,0.279,14.3,0.000,0.00,16.336,12.336,2,7.780,0.835,0,2.69,0.003,0,85.40,0.289,100,0.56,11.201,56,35.72,0.00,0,4.3,0.082
196,2229.235,AllocLarge,2B,0.332,0.0,0.103,12.58,15.541,15.549,2,7.780,0.848,0,98.76,0.003,0,85.40,0.289,100,0.56,14.401,49,50.00,0.00,0,4.1,0.105
197,2235.240,AllocLarge,2B,0.450,14.3,0.000,0.00,16.349,12.349,2,7.780,0.848,0,2.61,0.003,0,85.40,0.289,100,0.56,11.201,56,35.72,0.00,0,7.0,0.100
198,2244.698,AllocLarge,2B,0.781,10.0,0.000,0.00,15.554,15.562,2,7.780,0.861,0,98.72,0.003,0,85.40,0.289,100,0.56,14.401,49,50.00,0.00,0,8.1,0.161
199,2252.135,AllocLarge,2B,0.479,10.0,0.103,12.94,16.362,12.362,2,7.780,0.861,0,2.57,0.003,0,85.40,0.289,100,0.56,11.201,56,35.72,0.00,0,6.0,0.116
200,2261.159,AllocLarge,2B,0.414,11.1,0.000,0.00,15.567,15.575,2,7.780,0.874,0,98.74,0.003,0,85.40,0.289,100,0.56,14.401,49,50.00,0.00,0,5.1,0.108
201,2267.032,AllocLarge,2B,0.292,14.3,0.104,17.38,16.375,12.375,2,7.780,0.874,0,1.59,0.003,0,85.40,0.289,100,0.56,11.201,56,35.72,0.00,0,4.9,0.081
202,2274.486,AllocLarge,2B,0.290,25.0,0.000,0.00,15.580,15.589,2,7.780,0.888,0,98.76,0.003,0,85.40,0.289,100,0.56,14.401,49,50.00,0.00,0,4.1,0.084
203,2280.046,AllocLarge,2B,0.273,16.7,0.000,0.00,16.389,12.388,2,7.780,0.888,0,1.60,0.003,0,85.40,0.289,100,0.56,11.201,56,35.72,0.00,0,4.6,0.082
204,2287.322,AllocLarge,2B,0.293,0.0,0.102,14.91,15.593,15.602,2,7.780,0.901,0,98.78,0.003,0,85.40,0.289,100,0.56,14.401,49,50.00,0.00,0,4.3,0.109
205,2292.681,AllocLarge,2B,0.250,0.0,0.000,0.00,16.402,12.401,2,7.780,0.901,0,1.55,0.003,0,85.40,0.289,100,0.56,11.201,56,35.72,0.00,0,4.4,0.077
206,2299.864,AllocLarge,2B,0.282,0.0,0.000,0.00,15.607,15.615,2,7.780,0.914,0,98.85,0.003,0,85.40,0.289,100,0.56,14.401,49,50.00,0.00,0,4.1,0.091
207,2305.225,AllocLarge,2B,0.250,0.0,0.104,18.55,16.415,12.415,2,7.780,0.914,0,2.42,0.003,0,85.40,0.289,100,0.56,11.201,56,35.72,0.00,0,4.5,0.075
208,2312.605,AllocLarge,2B,0.378,11.1,0.000,0.00,15.620,15.628,2,7.780,0.927,0,98.86,0.003,0,85.40,0.289,100,0.56,14.401,49,50.00,0.00,0,5.2,0.147
209,2318.309,AllocLarge,2B,0.272,0.0,0.000,0.00,16.428,12.428,2,7.780,0.927,0,2.38,0.003,0,85.40,0.289,100,0.56,11.201,56,35.72,0.00,0,4.7,0.079
210,2325.649,AllocLarge,2B,0.262,0.0,0.110,15.55,15.633,15.642,2,7.780,0.941,0,98.83,0.003,0,85.40,0.289,100,0.56,14.401,49,50.00,0.00,0,3.7,0.077
211,2331.064,AllocLarge,2B,0.260,12.5,0.000,0.00,16.442,12.441,2,7.780,0.941,0,1.51,0.003,0,85.40,0.289,100,0.56,11.201,56,35.72,0.00,0,4.4,0.050
212,2338.371,AllocLarge,2B,0.334,14.3,0.000,0.00,15.646,15.654,2,7.780,0.954,0,98.89,0.003,0,85.40,0.289,100,0.56,14.401,49,50.00,0.00,0,4.9,0.108
213,2343.875,AllocLarge,2B,0.283,16.7,0.105,18.26,16.455,12.454,2,7.780,0.954,0,1.46,0.003,0,85.40,0.289,100,0.56,11.201,56,35.72,0.00,0,4.9,0.108
214,2351.017,AllocLarge,2B,0.286,12.5,0.000,0.00,15.660,15.668,2,7.780,0.967,0,98.86,0.003,0,85.40,0.289,100,0.56,14.401,49,50.00,0.00,0,4.1,0.097
215,2356.427,AllocLarge,2B,0.260,16.7,0.000,0.00,16.468,12.468,2,7.780,0.967,0,2.29,0.003,0,85.40,0.289,100,0.56,11.201,56,35.72,0.00,0,4.6,0.080
216,2364.296,AllocLarge,2B,0.284,0.0,0.110,14.53,15.673,15.681,2,7.780,0.980,0,98.88,0.003,0,85.40,0.289,100,0.56,14.401,49,50.00,0.00,0,3.8,0.081
217,2369.950,AllocLarge,2B,0.377,14.3,0.000,0.00,16.481,12.481,2,7.780,0.980,0,1.41,0.003,0,85.40,0.289,100,0.56,11.201,56,35.72,0.00,0,6.2,0.122
218,2377.299,AllocLarge,2B,0.284,0.0,0.000,0.00,15.686,15.694,2,7.780,0.993,0,98.89,0.003,0,85.40,0.289,100,0.56,14.401,49,50.00,0.00,0,4.1,0.079
219,2382.955,AllocLarge,2B,0.269,0.0,0.105,17.46,16.494,12.494,2,7.780,0.993,0,1.43,0.003,0,85.40,0.289,100,0.56,11.201,56,35.72,0.00,0,4.5,0.085
220,2390.182,AllocLarge,2B,0.288,12.5,0.000,0.00,15.699,15.707,2,7.780,1.006,0,98.91,0.003,0,85.40,0.289,100,0.56,14.401,49,50.00,0.00,0,4.2,0.079
221,2395.672,AllocLarge,2B,0.330,12.5,0.000,0.00,16.507,12.507,2,7.780,1.006,0,2.20,0.003,0,85.40,0.289,100,0.56,11.201,56,35.72,0.00,0,5.6,0.082
222,2402.941,AllocLarge,2B,0.276,0.0,0.110,16.01,15.712,15.721,2,7.780,1.020,0,98.92,0.003,0,85.40,0.289,100,0.56,14.401,49,50.00,0.00,0,4.0,0.087
223,2408.373,AllocLarge,2B,0.416,14.3,0.000,0.00,16.521,12.520,2,7.780,1.020,0,1.36,0.003,0,85.40,0.289,100,0.56,11.201,56,35.72,0.00,0,6.6,0.149
224,2416.056,AllocLarge,2B,0.273,12.5,0.000,0.00,16.526,15.734,2,7.780,1.033,0,98.93,0.003,0,85.40,0.289,100,0.56,14.401,47,50.00,0.00,0,4.0,0.096
225,2421.480,AllocLarge,2B,0.241,0.0,0.104,18.16,16.534,12.534,2,7.780,1.033,0,1.34,0.003,0,85.40,0.289,100,0.56,11.201,56,35.72,0.00,0,4.2,0.079
226,2429.109,AllocLarge,2B,0.396,11.1,0.000,0.00,15.739,15.747,2,7.780,1.046,0,98.99,0.003,0,85.40,0.289,100,0.56,14.401,49,50.00,0.00,0,5.2,0.154
227,2435.675,AllocLarge,2B,0.436,18.2,0.000,0.00,16.547,12.547,2,7.780,1.046,0,2.15,0.003,0,85.40,0.289,100,0.56,11.201,56,35.72,0.00,0,6.1,0.159
228,2445.931,AllocLarge,2B,0.441,10.0,0.102,10.69,15.752,15.760,2,7.780,1.059,0,99.00,0.003,0,85.40,0.289,100,0.56,14.401,49,50.00,0.00,0,4.6,0.127
229,2452.547,AllocLarge,2B,0.378,0.0,0.000,0.00,16.560,12.560,2,7.780,1.059,0,2.09,0.003,0,85.40,0.289,100,0.56,11.201,56,35.72,0.00,0,5.4,0.108
230,2461.985,AllocLarge,2B,0.579,8.3,0.000,0.00,15.765,15.773,2,7.780,1.073,0,99.02,0.003,0,85.40,0.289,100,0.56,14.401,49,50.00,0.00,0,6.1,0.153
231,2468.785,AllocLarge,2B,0.436,12.5,0.104,15.20,16.574,12.573,2,7.780,1.073,0,1.30,0.003,0,85.40,0.289,100,0.56,11.201,56,35.72,0.00,0,6.4,0.128
232,2477.064,AllocLarge,2B,0.433,12.5,0.000,0.00,15.779,15.787,2,7.780,1.086,0,98.99,0.003,0,85.40,0.289,100,0.56,14.401,49,50.00,0.00,0,5.5,0.130
233,2482.922,AllocLarge,2B,0.294,12.5,0.000,0.00,16.587,12.587,2,7.780,1.086,0,2.03,0.003,0,85.40,0.289,100,0.56,11.201,56,35.72,0.00,0,5.0,0.111
234,2490.867,AllocLarge,2B,0.382,0.0,0.110,14.07,15.792,15.800,2,7.780,1.099,0,99.04,0.003,0,85.40,0.289,100,0.56,14.401,49,50.00,0.00,0,4.9,0.102
235,2497.271,AllocLarge,2B,0.366,12.5,0.000,0.00,16.600,12.600,2,7.780,1.099,0,2.04,0.003,0,85.40,0.289,100,0.56,11.201,56,35.72,0.00,0,5.3,0.085
236,2505.734,AllocLarge,2B,0.318,0.0,0.000,0.00,15.805,15.813,2,7.780,1.112,0,99.05,0.003,0,85.40,0.289,100,0.56,14.401,49,50.00,0.00,0,4.0,0.114
237,2514.043,AllocLarge,2B,0.485,11.1,0.105,11.62,16.613,12.613,2,7.780,1.112,0,1.99,0.003,0,85.40,0.289,100,0.56,11.201,56,35.72,0.00,0,5.4,0.151
238,2522.644,AllocLarge,2B,0.411,12.5,0.000,0.00,15.818,15.826,2,7.780,1.125,0,99.02,0.003,0,85.40,0.289,100,0.56,14.401,49,50.00,0.00,0,5.1,0.151
239,2528.697,AllocLarge,2B,0.392,14.3,0.000,0.00,16.626,12.626,2,7.780,1.125,0,1.97,0.003,0,85.40,0.289,100,0.56,11.201,56,35.72,0.00,0,6.0,0.157
240,2536.943,AllocLarge,2B,0.489,11.1,0.110,13.76,15.831,15.840,2,7.780,1.139,0,99.07,0.003,0,85.40,0.289,100,0.56,14.401,49,50.00,0.00,0,6.1,0.181
241,2543.652,AllocLarge,2B,0.419,12.5,0.000,0.00,16.640,12.639,2,7.780,1.139,0,1.94,0.003,0,85.40,0.289,100,0.56,11.201,56,35.72,0.00,0,6.0,0.106
242,2552.498,AllocLarge,2B,0.390,0.0,0.000,0.00,15.845,15.853,2,7.780,1.152,0,99.08,0.003,0,85.40,0.289,100,0.56,14.401,49,50.00,0.00,0,4.7,0.129
243,2559.518,AllocLarge,2B,0.277,0.0,0.105,14.34,16.653,12.653,2,7.780,1.152,0,1.95,0.003,0,85.40,0.289,100,0.56,11.201,56,35.72,0.00,0,3.8,0.083
244,2568.553,AllocLarge,2B,0.516,11.1,0.000,0.00,15.858,15.866,2,7.780,1.165,0,99.09,0.003,0,85.40,0.289,100,0.56,14.401,49,50.00,0.00,0,5.8,0.185
245,2574.631,AllocLarge,2B,0.475,12.5,0.000,0.00,16.666,12.666,2,7.780,1.165,0,1.20,0.003,0,85.40,0.289,100,0.56,11.201,56,35.72,0.00,0,7.2,0.176
246,2582.468,AllocLarge,2B,0.535,12.5,0.110,14.54,15.871,15.879,2,7.780,1.178,0,99.07,0.003,0,85.40,0.289,100,0.56,14.401,49,50.00,0.00,0,7.1,0.131
247,2588.767,AllocLarge,2B,0.334,22.2,0.000,0.00,16.679,12.679,2,7.780,1.178,0,1.18,0.003,0,85.40,0.289,100,0.56,11.201,56,35.72,0.00,0,5.2,0.065
248,2597.134,AllocLarge,2B,0.452,11.1,0.000,0.00,16.684,15.893,2,7.780,1.192,0,99.08,0.003,0,85.40,0.289,100,0.56,14.401,47,50.00,0.00,0,5.5,0.160
249,2603.608,AllocLarge,2B,0.369,14.3,0.104,16.18,16.693,12.692,2,7.780,1.192,0,1.85,0.003,0,85.40,0.289,100,0.56,11.201,56,35.72,0.00,0,5.7,0.099
250,2614.057,AllocLarge,2B,0.357,9.1,0.000,0.00,15.898,15.906,2,7.780,1.205,0,99.09,0.003,0,85.40,0.289,100,0.56,14.401,49,50.00,0.00,0,3.5,0.107
251,2620.308,AllocLarge,2B,0.412,25.0,0.000,0.00,16.706,12.706,2,7.780,1.205,0,1.18,0.003,0,85.40,0.289,100,0.56,11.201,56,35.72,0.00,0,6.2,0.082
252,2628.764,AllocLarge,2B,0.458,0.0,0.102,12.74,15.911,15.919,2,7.780,1.218,0,99.13,0.003,0,85.40,0.289,100,0.56,14.401,49,50.00,0.00,0,5.7,0.131
253,2635.019,AllocLarge,2B,0.469,10.0,0.000,0.00,16.719,12.719,2,7.780,1.218,0,1.14,0.003,0,85.40,0.289,100,0.56,11.201,56,35.72,0.00,0,6.4,0.120
254,2645.172,AllocLarge,2B,0.603,10.0,0.000,0.00,15.924,15.932,2,7.780,1.231,0,99.14,0.003,0,85.40,0.289,100,0.56,14.401,49,50.00,0.00,0,6.3,0.173
255,2652.477,AllocLarge,2B,0.501,25.0,0.105,14.26,16.732,12.732,2,7.780,1.231,0,1.13,0.003,0,85.40,0.289,100,0.56,11.201,56,35.72,0.00,0,6.8,0.095
256,2662.990,AllocLarge,2B,0.620,8.3,0.000,0.00,15.937,15.945,2,7.780,1.244,0,99.12,0.003,0,85.40,0.289,100,0.56,14.401,49,50.00,0.00,0,6.0,0.120
257,2669.911,AllocLarge,2B,0.364,12.5,0.000,0.00,16.745,12.745,2,7.780,1.244,0,1.77,0.003,0,85.40,0.289,100,0.56,11.201,56,35.72,0.00,0,5.3,0.105
258,2677.988,AllocLarge,2B,0.457,12.5,0.104,13.07,15.951,15.959,2,7.780,1.258,0,99.16,0.003,0,85.40,0.289,100,0.56,14.401,49,50.00,0.00,0,5.8,0.129
259,2683.900,AllocLarge,2B,0.293,12.5,0.000,0.00,16.759,12.759,2,7.780,1.258,0,1.78,0.003,0,85.40,0.289,100,0.56,11.201,56,35.72,0.00,0,4.9,0.117
260,2691.801,AllocLarge,2B,0.416,12.5,0.000,0.00,15.963,15.972,2,7.780,1.271,0,99.17,0.003,0,85.40,0.289,100,0.56,14.401,49,50.00,0.00,0,5.4,0.136
261,2698.029,AllocLarge,2B,0.522,25.0,0.103,15.06,16.772,12.771,2,7.780,1.271,0,1.10,0.003,0,85.40,0.289,100,0.56,11.201,56,35.72,0.00,0,7.6,0.167
262,2706.621,AllocLarge,2B,0.339,12.5,0.000,0.00,15.977,15.985,2,7.780,1.284,0,99.18,0.003,0,85.40,0.289,100,0.56,14.401,49,50.00,0.00,0,4.3,0.115
263,2715.140,AllocLarge,2B,0.378,11.1,0.000,0.00,16.785,12.785,2,7.780,1.284,0,1.72,0.003,0,85.40,0.289,100,0.56,11.201,56,35.72,0.00,0,4.2,0.104
264,2723.616,AllocLarge,2B,0.390,9.1,0.104,13.19,15.990,15.998,2,7.780,1.297,0,99.19,0.003,0,85.40,0.289,100,0.56,14.401,49,50.00,0.00,0,4.9,0.173
265,2729.816,AllocLarge,2B,0.328,14.3,0.000,0.00,16.798,12.798,2,7.780,1.297,0,1.07,0.003,0,85.40,0.289,100,0.56,11.201,56,35.72,0.00,0,5.0,0.104
266,2738.001,AllocLarge,2B,0.328,0.0,0.000,0.00,16.003,16.012,2,7.780,1.311,0,99.16,0.003,0,85.40,0.289,100,0.56,14.401,49,50.00,0.00,0,4.3,0.115
267,2745.030,AllocLarge,2B,0.449,11.1,0.110,14.28,16.812,12.811,2,7.780,1.311,0,1.09,0.003,0,85.40,0.289,100,0.56,11.201,56,35.72,0.00,0,5.8,0.117
268,2754.163,AllocLarge,2B,0.406,10.0,0.000,0.00,16.016,16.025,2,7.780,1.324,0,99.20,0.003,0,85.40,0.289,100,0.56,14.401,49,50.00,0.00,0,4.7,0.164
269,2760.858,AllocLarge,2B,0.282,14.3,0.000,0.00,16.825,12.824,2,7.780,1.324,0,1.67,0.003,0,85.40,0.289,100,0.56,11.201,56,35.72,0.00,0,4.1,0.084
270,2769.854,AllocLarge,2B,0.401,0.0,0.105,12.02,16.030,16.038,2,7.780,1.337,0,99.18,0.003,0,85.40,0.289,100,0.56,14.401,49,50.00,0.00,0,4.6,0.180
271,2776.465,AllocLarge,2B,0.285,0.0,0.000,0.00,16.838,12.838,2,7.780,1.337,0,1.65,0.003,0,85.40,0.289,100,0.56,11.201,56,35.72,0.00,0,4.1,0.086
272,2784.595,AllocLarge,2B,0.314,0.0,0.000,0.00,16.043,16.051,2,7.780,1.350,0,99.22,0.003,0,85.40,0.289,100,0.56,14.401,49,50.00,0.00,0,4.1,0.113
273,2790.381,AllocLarge,2B,0.283,14.3,0.110,18.21,16.851,12.851,2,7.780,1.350,0,1.64,0.003,0,85.40,0.289,100,0.56,11.201,56,35.72,0.00,0,4.7,0.081
274,2798.913,AllocLarge,2B,0.344,11.1,0.000,0.00,16.056,16.064,2,7.780,1.364,0,99.23,0.003,0,85.40,0.289,100,0.56,14.401,49,50.00,0.00,0,4.1,0.115
275,2805.296,AllocLarge,2B,0.382,0.0,0.000,0.00,16.865,12.864,2,7.780,1.364,0,1.65,0.003,0,85.40,0.289,100,0.56,11.201,56,35.72,0.00,0,5.6,0.083
276,2815.717,AllocLarge,2B,0.656,9.1,0.105,9.78,16.069,16.077,2,7.780,1.377,0,99.23,0.003,0,85.40,0.289,100,0.56,14.401,49,50.00,0.00,0,6.1,0.208
277,2822.752,AllocLarge,2B,0.297,0.0,0.000,0.00,16.878,12.877,2,7.780,1.377,0,1.61,0.003,0,85.40,0.289,100,0.56,11.201,56,35.72,0.00,0,4.4,0.081
278,2830.406,AllocLarge,2B,0.345,11.1,0.000,0.00,16.083,16.091,2,7.780,1.390,0,99.24,0.003,0,85.40,0.289,100,0.56,14.401,49,50.00,0.00,0,4.6,0.128
279,2835.971,AllocLarge,2B,0.271,0.0,0.110,18.72,16.891,12.891,2,7.780,1.390,0,1.00,0.003,0,85.40,0.289,100,0.56,11.201,56,35.72,0.00,0,4.6,0.083
280,2843.578,AllocLarge,2B,0.363,0.0,0.000,0.00,16.096,16.104,2,7.780,1.403,0,99.22,0.003,0,85.40,0.289,100,0.56,14.401,49,50.00,0.00,0,4.9,0.133
281,2849.142,AllocLarge,2B,0.342,33.3,0.104,17.32,16.904,12.904,2,7.780,1.403,0,0.99,0.003,0,85.40,0.289,100,0.56,11.201,56,35.72,0.00,0,5.7,0.080
282,2856.738,AllocLarge,2B,0.340,12.5,0.000,0.00,16.909,16.117,2,7.780,1.416,0,99.22,0.003,0,85.40,0.289,100,0.56,14.401,47,50.00,0.00,0,4.8,0.085
283,2862.309,AllocLarge,2B,0.255,0.0,0.000,0.00,16.917,12.917,2,7.780,1.416,0,1.00,0.003,0,85.40,0.289,100,0.56,11.201,56,35.72,0.00,0,4.4,0.078
284,2870.061,AllocLarge,2B,0.346,12.5,0.102,13.62,16.122,16.130,2,7.780,1.429,0,99.23,0.003,0,85.40,0.289,100,0.56,14.401,49,50.00,0.00,0,4.6,0.082
285,2875.545,AllocLarge,2B,0.295,16.7,0.000,0.00,16.930,12.930,2,7.780,1.429,0,0.97,0.003,0,85.40,0.289,100,0.56,11.201,56,35.72,0.00,0,4.9,0.082
286,2883.034,AllocLarge,2B,0.359,14.3,0.000,0.00,16.135,16.144,2,7.780,1.443,0,99.24,0.003,0,85.40,0.289,100,0.56,14.401,49,50.00,0.00,0,5.1,0.084
287,2888.555,AllocLarge,2B,0.265,14.3,0.104,18.44,16.944,12.943,2,7.780,1.443,0,0.96,0.003,0,85.40,0.289,100,0.56,11.201,56,35.72,0.00,0,4.7,0.095
288,2895.822,AllocLarge,2B,0.325,0.0,0.000,0.00,16.149,16.157,2,7.780,1.456,0,99.28,0.003,0,85.40,0.289,100,0.56,14.401,49,50.00,0.00,0,4.6,0.109
289,2901.350,AllocLarge,2B,0.308,16.7,0.000,0.00,16.957,12.957,2,7.780,1.456,0,0.95,0.003,0,85.40,0.289,100,0.56,11.201,56,35.72,0.00,0,5.2,0.081
290,2908.600,AllocLarge,2B,0.297,0.0,0.110,16.16,16.162,16.170,2,7.780,1.469,0,99.25,0.003,0,85.40,0.289,100,0.56,14.401,49,50.00,0.00,0,4.4,0.125
291,2914.104,AllocLarge,2B,0.325,14.3,0.000,0.00,16.970,12.970,2,7.780,1.469,0,0.97,0.003,0,85.40,0.289,100,0.56,11.201,56,35.72,0.00,0,5.2,0.078
292,2921.650,AllocLarge,2B,0.251,0.0,0.000,0.00,16.975,16.183,2,7.780,1.482,0,99.29,0.003,0,85.40,0.289,100,0.56,14.401,47,50.00,0.00,0,3.7,0.078
293,2927.068,AllocLarge,2B,0.347,12.5,0.105,17.62,16.983,12.983,2,7.780,1.482,0,0.94,0.003,0,85.40,0.289,100,0.56,11.201,56,35.72,0.00,0,5.8,0.137
294,2934.355,AllocLarge,2B,0.291,0.0,0.000,0.00,16.188,16.196,2,7.780,1.496,0,99.26,0.003,0,85.40,0.289,100,0.56,14.401,49,50.00,0.00,0,4.3,0.080
295,2939.853,AllocLarge,2B,0.239,16.7,0.000,0.00,16.997,12.996,2,7.780,1.496,0,0.93,0.003,0,85.40,0.289,100,0.56,11.201,56,35.72,0.00,0,4.1,0.076
296,2947.746,AllocLarge,2B,0.395,11.1,0.110,14.22,16.202,16.210,2,7.780,1.509,0,99.27,0.003,0,85.40,0.289,100,0.56,14.401,49,50.00,0.00,0,5.1,0.112
297,2954.183,AllocLarge,2B,0.306,14.3,0.000,0.00,17.010,13.010,2,7.780,1.509,0,0.92,0.003,0,85.40,0.289,100,0.56,11.201,56,35.72,0.00,0,4.6,0.086
298,2962.558,AllocLarge,2B,0.370,10.0,0.000,0.00,16.215,16.223,2,7.780,1.522,0,99.28,0.003,0,85.40,0.289,100,0.56,14.401,49,50.00,0.00,0,4.6,0.087
299,2968.137,AllocLarge,2B,0.322,14.3,0.105,17.49,17.023,13.023,2,7.780,1.522,0,0.93,0.003,0,85.40,0.289,100,0.56,11.201,56,35.72,0.00,0,5.4,0.085
300,2975.633,AllocLarge,2B,0.334,25.0,0.000,0.00,16.228,16.236,2,7.780,1.535,0,99.28,0.003,0,85.40,0.289,100,0.56,14.401,49,50.00,0.00,0,4.7,0.115
301,2981.767,AllocLarge,2B,0.387,16.7,0.000,0.00,17.036,13.036,2,7.780,1.535,0,0.91,0.003,0,85.40,0.289,100,0.56,11.201,56,35.72,0.00,0,5.8,0.092
302,2989.537,AllocLarge,2B,0.370,0.0,0.110,15.24,16.241,16.249,2,7.780,1.548,0,99.29,0.003,0,85.40,0.289,100,0.56,14.401,49,50.00,0.00,0,5.1,0.127
303,2995.197,AllocLarge,2B,0.359,14.3,0.000,0.00,17.049,13.049,2,7.780,1.548,0,0.90,0.003,0,85.40,0.289,100,0.56,11.201,56,35.72,0.00,0,5.9,0.091
304,3002.659,AllocLarge,2B,0.341,0.0,0.000,0.00,16.254,16.263,2,7.780,1.562,0,99.32,0.003,0,85.40,0.289,100,0.56,14.401,49,50.00,0.00,0,4.9,0.083
305,3009.058,AllocLarge,2B,0.366,12.5,0.104,15.45,17.063,13.062,2,7.780,1.562,0,1.41,0.003,0,85.40,0.289,100,0.56,11.201,56,35.72,0.00,0,5.4,0.087
306,3020.291,AllocLarge,2B,0.361,9.1,0.000,0.00,16.268,16.276,2,7.780,1.575,0,99.30,0.003,0,85.40,0.289,100,0.56,14.401,49,50.00,0.00,0,3.3,0.113
307,3026.369,AllocLarge,2B,0.363,20.0,0.000,0.00,17.076,11.501,2,7.780,0.001,0,0.00,0.003,0,5.95,0.289,100,0.56,11.201,56,35.72,0.00,0,5.3,0.083
308,3026.799,AllocSmall,0F,0.325,12.5,1.552,260.72,16.276,14.702,2,0.002,0.001,0,81.43,0.003,NaN,5.95,0.289,NaN,0.56,14.401,NaN,0.00,0.00,1,5.2,0.056
309,3035.261,AllocLarge,2B,0.411,0.0,0.107,13.20,14.728,14.737,2,7.780,0.036,0,70.33,0.003,0,86.01,0.289,100,0.56,14.401,49,50.00,0.00,0,4.7,0.207
310,3041.347,AllocLarge,2B,0.313,14.3,0.000,0.00,15.537,11.536,2,7.780,0.036,0,54.89,0.003,0,86.01,0.289,100,0.56,11.201,56,35.72,0.00,0,4.8,0.082
311,3050.766,AllocLarge,2B,0.392,0.0,0.000,0.00,14.744,14.753,2,7.780,0.051,0,78.61,0.003,0,86.01,0.289,100,0.56,14.401,49,50.00,0.00,0,4.3,0.110
312,3057.581,AllocLarge,2B,0.295,12.5,0.000,0.00,15.553,11.552,2,7.780,0.051,0,43.61,0.003,0,86.01,0.289,100,0.56,11.201,56,35.72,0.00,0,4.2,0.104
313,3066.504,AllocLarge,2B,0.331,10.0,0.110,12.57,14.757,14.766,2,7.780,0.064,0,82.92,0.003,0,86.01,0.289,100,0.56,14.401,49,50.00,0.00,0,3.8,0.102
314,3072.128,AllocLarge,2B,0.473,28.6,0.000,0.00,15.566,11.565,2,7.780,0.064,0,21.61,0.003,0,86.01,0.289,100,0.56,11.201,56,35.72,0.00,0,7.5,0.105
315,3080.081,AllocLarge,2B,0.322,0.0,0.000,0.00,15.571,14.779,2,7.780,0.078,0,85.83,0.003,0,86.01,0.289,100,0.56,14.401,47,50.00,0.00,0,4.5,0.103
316,3085.748,AllocLarge,2B,0.292,14.3,0.103,17.03,15.579,11.579,2,7.780,0.078,0,17.88,0.003,0,86.01,0.289,100,0.56,11.201,56,35.72,0.00,0,4.8,0.099
317,3093.318,AllocLarge,2B,0.476,12.5,0.000,0.00,14.784,14.792,2,7.780,0.091,0,88.40,0.003,0,86.01,0.289,100,0.56,14.401,49,50.00,0.00,0,6.5,0.221
318,3099.586,AllocLarge,2B,0.302,0.0,0.104,16.13,15.592,11.592,2,7.780,0.091,0,15.24,0.003,0,86.01,0.289,100,0.56,11.201,56,35.72,0.00,0,4.7,0.110
319,3108.055,AllocLarge,2B,0.377,11.1,0.000,0.00,14.797,14.805,2,7.780,0.104,0,89.89,0.003,0,86.01,0.289,100,0.56,14.401,49,50.00,0.00,0,4.6,0.137
320,3116.879,AllocLarge,2B,0.499,9.1,0.000,0.00,15.605,11.605,2,7.780,0.104,0,21.51,0.003,0,86.01,0.289,100,0.56,11.201,56,35.72,0.00,0,5.2,0.128
321,3125.361,AllocLarge,2B,0.296,0.0,0.102,13.40,14.810,14.818,2,7.780,0.117,0,91.01,0.003,0,86.01,0.289,100,0.56,14.401,49,50.00,0.00,0,3.9,0.105
322,3131.423,AllocLarge,2B,0.469,0.0,0.000,0.00,15.618,11.618,2,7.780,0.117,0,11.87,0.003,0,86.01,0.289,100,0.56,11.201,56,35.72,0.00,0,6.7,0.129
323,3139.471,AllocLarge,2B,0.365,11.1,0.000,0.00,14.823,14.832,2,7.780,0.131,0,91.57,0.003,0,86.01,0.289,100,0.56,14.401,49,50.00,0.00,0,4.9,0.103
324,3145.027,AllocLarge,2B,0.321,14.3,0.104,16.89,15.632,11.631,2,7.780,0.131,0,10.64,0.003,0,86.01,0.289,100,0.56,11.201,56,35.72,0.00,0,5.2,0.059
325,3152.738,AllocLarge,2B,0.395,14.3,0.000,0.00,14.837,14.845,2,7.780,0.144,0,92.35,0.003,0,86.01,0.289,100,0.56,14.401,49,50.00,0.00,0,5.5,0.125
326,3158.381,AllocLarge,2B,0.285,14.3,0.000,0.00,15.645,11.645,2,7.780,0.144,0,9.64,0.003,0,86.01,0.289,100,0.56,11.201,56,35.72,0.00,0,4.8,0.052
327,3165.685,AllocLarge,2B,0.351,14.3,0.110,15.80,14.850,14.858,2,7.780,0.157,0,93.00,0.003,0,86.01,0.289,100,0.56,14.401,49,50.00,0.00,0,5.0,0.092
328,3171.489,AllocLarge,2B,0.297,0.0,0.000,0.00,15.658,11.658,2,7.780,0.157,0,9.05,0.003,0,86.01,0.289,100,0.56,11.201,56,35.72,0.00,0,4.9,0.084
329,3178.975,AllocLarge,2B,0.285,0.0,0.000,0.00,14.863,14.871,2,7.780,0.170,0,93.80,0.003,0,86.01,0.289,100,0.56,14.401,49,50.00,0.00,0,4.1,0.081
330,3184.468,AllocLarge,2B,0.381,12.5,0.105,16.91,15.671,11.671,2,7.780,0.170,0,8.18,0.003,0,86.01,0.289,100,0.56,11.201,56,35.72,0.00,0,6.1,0.060
331,3192.720,AllocLarge,2B,0.318,11.1,0.000,0.00,15.676,14.885,2,7.780,0.183,0,94.00,0.003,0,86.01,0.289,100,0.56,14.401,47,50.00,0.00,0,4.2,0.088
332,3199.057,AllocLarge,2B,0.370,12.5,0.000,0.00,15.685,11.684,2,7.780,0.183,0,12.06,0.003,0,86.01,0.289,100,0.56,11.201,56,35.72,0.00,0,5.5,0.133
333,3207.791,AllocLarge,2B,0.466,0.0,0.110,13.13,14.890,14.898,2,7.780,0.197,0,94.49,0.003,0,86.01,0.289,100,0.56,14.401,49,50.00,0.00,0,5.6,0.151
334,3217.406,AllocLarge,2B,0.374,10.0,0.000,0.00,15.698,11.698,2,7.780,0.197,0,7.05,0.003,0,86.01,0.289,100,0.56,11.201,56,35.72,0.00,0,3.7,0.084
335,3224.942,AllocLarge,2B,0.282,0.0,0.000,0.00,14.903,14.911,2,7.780,0.210,0,94.76,0.003,0,86.01,0.289,100,0.56,14.401,49,50.00,0.00,0,4.1,0.079
336,3230.647,AllocLarge,2B,0.253,0.0,0.105,17.60,15.711,11.711,2,7.780,0.210,0,10.69,0.003,0,86.01,0.289,100,0.56,11.201,56,35.72,0.00,0,4.3,0.080
337,3237.805,AllocLarge,2B,0.272,12.5,0.000,0.00,14.916,14.924,2,7.780,0.223,0,95.27,0.003,0,86.01,0.289,100,0.56,14.401,49,50.00,0.00,0,4.0,0.089
338,3243.185,AllocLarge,2B,0.221,0.0,0.000,0.00,15.724,11.724,2,7.780,0.223,0,9.93,0.003,0,86.01,0.289,100,0.56,11.201,56,35.72,0.00,0,4.0,0.078
339,3250.547,AllocLarge,2B,0.235,0.0,0.110,15.47,14.929,14.937,2,7.780,0.236,0,95.34,0.003,0,86.01,0.289,100,0.56,14.401,49,50.00,0.00,0,3.3,0.078
340,3255.848,AllocLarge,2B,0.228,14.3,0.000,0.00,15.737,11.737,2,7.780,0.236,0,9.36,0.003,0,86.01,0.289,100,0.56,11.201,56,35.72,0.00,0,4.1,0.075
341,3263.267,AllocLarge,2B,0.272,0.0,0.000,0.00,14.942,14.951,2,7.780,0.250,0,95.59,0.003,0,86.01,0.289,100,0.56,14.401,49,50.00,0.00,0,3.8,0.082
342,3268.837,AllocLarge,2B,0.291,0.0,0.104,17.38,15.751,11.750,2,7.780,0.250,0,8.85,0.003,0,86.01,0.289,100,0.56,11.201,56,35.72,0.00,0,4.9,0.085
343,3276.089,AllocLarge,2B,0.251,0.0,0.000,0.00,14.956,14.964,2,7.780,0.263,0,95.81,0.003,0,86.01,0.289,100,0.56,14.401,49,50.00,0.00,0,3.7,0.078
344,3281.470,AllocLarge,2B,0.274,16.7,0.000,0.00,15.764,11.764,2,7.780,0.263,0,8.54,0.003,0,86.01,0.289,100,0.56,11.201,56,35.72,0.00,0,4.8,0.077
345,3288.582,AllocLarge,2B,0.243,0.0,0.102,15.24,14.969,14.977,2,7.780,0.276,0,96.01,0.003,0,86.01,0.289,100,0.56,14.401,49,50.00,0.00,0,3.6,0.094
346,3293.925,AllocLarge,2B,0.273,12.5,0.000,0.00,15.777,11.777,2,7.780,0.276,0,8.03,0.003,0,86.01,0.289,100,0.56,11.201,56,35.72,0.00,0,4.7,0.081
347,3301.129,AllocLarge,2B,0.282,14.3,0.000,0.00,14.982,14.990,2,7.780,0.289,0,96.19,0.003,0,86.01,0.289,100,0.56,14.401,49,50.00,0.00,0,4.1,0.092
348,3306.530,AllocLarge,2B,0.233,0.0,0.104,18.58,15.790,11.790,2,7.780,0.289,0,7.65,0.003,0,86.01,0.289,100,0.56,11.201,56,35.72,0.00,0,4.2,0.076
349,3313.572,AllocLarge,2B,0.276,14.3,0.000,0.00,14.995,15.004,2,7.780,0.302,0,96.36,0.003,0,86.01,0.289,100,0.56,14.401,49,50.00,0.00,0,4.0,0.077
350,3318.885,AllocLarge,2B,0.227,16.7,0.000,0.00,15.804,11.803,2,7.780,0.302,0,4.58,0.003,0,86.01,0.289,100,0.56,11.201,56,35.72,0.00,0,4.0,0.075
351,3325.945,AllocLarge,2B,0.253,0.0,0.110,16.37,15.009,15.017,2,7.780,0.316,0,96.51,0.003,0,86.01,0.289,100,0.56,14.401,49,50.00,0.00,0,3.8,0.077
352,3331.340,AllocLarge,2B,0.239,16.7,0.000,0.00,15.817,11.817,2,7.780,0.316,0,7.11,0.003,0,86.01,0.289,100,0.56,11.201,56,35.72,0.00,0,4.2,0.077
353,3338.459,AllocLarge,2B,0.270,0.0,0.000,0.00,15.022,15.030,2,7.780,0.329,0,96.65,0.003,0,86.01,0.289,100,0.56,14.401,49,50.00,0.00,0,4.0,0.112
354,3343.781,AllocLarge,2B,0.274,28.6,0.105,18.72,15.830,11.830,2,7.780,0.329,0,6.74,0.003,0,86.01,0.289,100,0.56,11.201,56,35.72,0.00,0,4.9,0.094
355,3350.985,AllocLarge,2B,0.241,0.0,0.000,0.00,15.035,15.043,2,7.780,0.342,0,96.78,0.003,0,86.01,0.289,100,0.56,14.401,49,50.00,0.00,0,3.5,0.077
356,3356.263,AllocLarge,2B,0.254,28.6,0.000,0.00,15.843,11.843,2,7.780,0.342,0,6.47,0.003,0,86.01,0.289,100,0.56,11.201,56,35.72,0.00,0,4.6,0.113
357,3363.328,AllocLarge,2B,0.310,0.0,0.110,16.00,15.048,15.056,2,7.780,0.355,0,96.90,0.003,0,86.01,0.289,100,0.56,14.401,49,50.00,0.00,0,4.5,0.147
358,3368.701,AllocLarge,2B,0.233,14.3,0.000,0.00,15.856,11.856,2,7.780,0.355,0,6.22,0.003,0,86.01,0.289,100,0.56,11.201,56,35.72,0.00,0,4.2,0.093
359,3375.823,AllocLarge,2B,0.253,0.0,0.000,0.00,15.062,15.070,2,7.780,0.369,0,97.01,0.003,0,86.01,0.289,100,0.56,14.401,49,50.00,0.00,0,3.7,0.081
360,3381.329,AllocLarge,2B,0.246,0.0,0.105,17.96,15.870,11.870,2,7.780,0.369,0,6.09,0.003,0,86.01,0.289,100,0.56,11.201,56,35.72,0.00,0,4.2,0.078
361,3388.359,AllocLarge,2B,0.240,14.3,0.000,0.00,15.075,15.083,2,7.780,0.382,0,97.12,0.003,0,86.01,0.289,100,0.56,14.401,49,50.00,0.00,0,3.6,0.080
362,3393.746,AllocLarge,2B,0.258,14.3,0.000,0.00,15.883,11.883,2,7.780,0.382,0,5.80,0.003,0,86.01,0.289,100,0.56,11.201,56,35.72,0.00,0,4.5,0.098
363,3400.976,AllocLarge,2B,0.292,0.0,0.110,15.72,15.088,15.096,2,7.780,0.395,0,97.21,0.003,0,86.01,0.289,100,0.56,14.401,49,50.00,0.00,0,4.2,0.080
364,3406.344,AllocLarge,2B,0.228,0.0,0.000,0.00,15.896,11.896,2,7.780,0.395,0,5.60,0.003,0,86.01,0.289,100,0.56,11.201,56,35.72,0.00,0,4.1,0.076
365,3413.537,AllocLarge,2B,0.290,0.0,0.000,0.00,15.101,15.109,2,7.780,0.408,0,97.42,0.003,0,86.01,0.289,100,0.56,14.401,49,50.00,0.00,0,4.2,0.090
366,3419.086,AllocLarge,2B,0.332,16.7,0.104,17.50,15.909,11.909,2,7.780,0.408,0,3.40,0.003,0,86.01,0.289,100,0.56,11.201,56,35.72,0.00,0,5.6,0.079
367,3427.066,AllocLarge,2B,0.312,0.0,0.000,0.00,15.114,15.123,2,7.780,0.422,0,97.39,0.003,0,86.01,0.289,100,0.56,14.401,49,50.00,0.00,0,4.1,0.085
368,3432.640,AllocLarge,2B,0.286,12.5,0.000,0.00,15.923,11.922,2,7.780,0.422,0,3.37,0.003,0,86.01,0.289,100,0.56,11.201,56,35.72,0.00,0,4.8,0.083
369,3440.157,AllocLarge,2B,0.298,0.0,0.102,14.35,15.127,15.136,2,7.780,0.435,0,97.47,0.003,0,86.01,0.289,100,0.56,14.401,49,50.00,0.00,0,4.2,0.102
370,3445.974,AllocLarge,2B,0.297,16.7,0.000,0.00,15.936,11.935,2,7.780,0.435,0,3.21,0.003,0,86.01,0.289,100,0.56,11.201,56,35.72,0.00,0,4.8,0.099
371,3453.438,AllocLarge,2B,0.436,0.0,0.000,0.00,15.141,15.149,2,7.780,0.448,0,97.54,0.003,0,86.01,0.289,100,0.56,14.401,49,50.00,0.00,0,5.9,0.140
372,3459.355,AllocLarge,2B,0.291,14.3,0.105,17.08,15.949,11.949,2,7.780,0.448,0,3.10,0.003,0,86.01,0.289,100,0.56,11.201,56,35.72,0.00,0,4.8,0.083
373,3466.876,AllocLarge,2B,0.337,12.5,0.000,0.00,15.154,15.162,2,7.780,0.461,0,97.61,0.003,0,86.01,0.289,100,0.56,14.401,49,50.00,0.00,0,4.7,0.118
374,3472.413,AllocLarge,2B,0.275,0.0,0.000,0.00,15.962,11.962,2,7.780,0.461,0,3.01,0.003,0,86.01,0.289,100,0.56,11.201,56,35.72,0.00,0,4.7,0.084
375,3480.121,AllocLarge,2B,0.304,12.5,0.104,13.98,15.167,15.176,2,7.780,0.474,0,97.68,0.003,0,86.01,0.289,100,0.56,14.401,49,50.00,0.00,0,4.1,0.100
376,3485.945,AllocLarge,2B,0.301,14.3,0.000,0.00,15.976,11.975,2,7.780,0.474,0,4.73,0.003,0,86.01,0.289,100,0.56,11.201,56,35.72,0.00,0,4.9,0.106
377,3493.477,AllocLarge,2B,0.260,0.0,0.000,0.00,15.180,15.188,2,7.780,0.487,0,97.74,0.003,0,86.01,0.289,100,0.56,14.401,49,50.00,0.00,0,3.6,0.079
378,3499.022,AllocLarge,2B,0.302,14.3,0.103,17.19,15.989,11.988,2,7.780,0.487,0,2.86,0.003,0,86.01,0.289,100,0.56,11.201,56,35.72,0.00,0,5.0,0.082
379,3506.402,AllocLarge,2B,0.299,12.5,0.000,0.00,15.194,15.202,2,7.780,0.501,0,97.89,0.003,0,86.01,0.289,100,0.56,14.401,49,50.00,0.00,0,4.3,0.109
380,3512.357,AllocLarge,2B,0.291,12.5,0.104,16.28,16.002,12.002,2,7.780,0.501,0,2.78,0.003,0,86.01,0.289,100,0.56,11.201,56,35.72,0.00,0,4.6,0.083
381,3520.685,AllocLarge,2B,0.302,0.0,0.000,0.00,15.207,15.215,2,7.780,0.514,0,97.86,0.003,0,86.01,0.289,100,0.56,14.401,49,50.00,0.00,0,3.8,0.084
382,3526.412,AllocLarge,2B,0.335,14.3,0.000,0.00,16.015,12.015,2,7.780,0.514,0,2.70,0.003,0,86.01,0.289,100,0.56,11.201,56,35.72,0.00,0,5.5,0.107
383,3534.285,AllocLarge,2B,0.349,10.0,0.000,0.00,15.220,15.228,2,7.780,0.527,0,98.00,0.003,0,86.01,0.289,100,0.56,14.401,49,50.00,0.00,0,4.7,0.145
384,3539.951,AllocLarge,2B,0.270,0.0,0.110,18.55,16.028,12.028,2,7.780,0.527,0,2.70,0.003,0,86.01,0.289,100,0.56,11.201,56,35.72,0.00,0,4.5,0.081
385,3547.516,AllocLarge,2B,0.267,0.0,0.000,0.00,15.233,15.241,2,7.780,0.540,0,97.96,0.003,0,86.01,0.289,100,0.56,14.401,49,50.00,0.00,0,3.7,0.080
386,3552.892,AllocLarge,2B,0.347,14.3,0.105,18.03,16.041,12.041,2,7.780,0.540,0,2.58,0.003,0,86.01,0.289,100,0.56,11.201,56,35.72,0.00,0,6.0,0.109
387,3560.552,AllocLarge,2B,0.309,12.5,0.000,0.00,15.246,15.255,2,7.780,0.554,0,98.09,0.003,0,86.01,0.289,100,0.56,14.401,49,50.00,0.00,0,4.2,0.100
388,3566.372,AllocLarge,2B,0.286,0.0,0.000,0.00,16.055,12.054,2,7.780,0.554,0,2.51,0.003,0,86.01,0.289,100,0.56,11.201,56,35.72,0.00,0,4.7,0.083
389,3573.711,AllocLarge,2B,0.343,12.5,0.000,0.00,15.260,15.268,2,7.780,0.567,0,98.06,0.003,0,86.01,0.289,100,0.56,14.401,49,50.00,0.00,0,4.9,0.155
390,3579.534,AllocLarge,2B,0.303,0.0,0.110,17.96,16.068,12.068,2,7.780,0.567,0,3.90,0.003,0,86.01,0.289,100,0.56,11.201,56,35.72,0.00,0,4.9,0.101
391,3587.136,AllocLarge,2B,0.292,0.0,0.000,0.00,15.273,15.281,2,7.780,0.580,0,98.10,0.003,0,86.01,0.289,100,0.56,14.401,49,50.00,0.00,0,4.0,0.096
392,3592.742,AllocLarge,2B,0.261,16.7,0.105,17.60,16.081,12.081,2,7.780,0.580,0,2.45,0.003,0,86.01,0.289,100,0.56,11.201,56,35.72,0.00,0,4.4,0.081
393,3600.289,AllocLarge,2B,0.283,0.0,0.000,0.00,15.286,15.294,2,7.780,0.593,0,98.14,0.003,0,86.01,0.289,100,0.56,14.401,49,50.00,0.00,0,3.9,0.081
394,3605.889,AllocLarge,2B,0.283,14.3,0.000,0.00,16.094,12.094,2,7.780,0.593,0,2.35,0.003,0,86.01,0.289,100,0.56,11.201,56,35.72,0.00,0,4.7,0.090
395,3613.788,AllocLarge,2B,0.329,0.0,0.000,0.00,15.299,15.307,2,7.780,0.606,0,98.18,0.003,0,86.01,0.289,100,0.56,14.401,49,50.00,0.00,0,4.3,0.121
396,3619.389,AllocLarge,2B,0.328,14.3,0.110,18.57,16.108,12.107,2,7.780,0.606,0,3.65,0.003,0,86.01,0.289,100,0.56,11.201,56,35.72,0.00,0,5.5,0.090
397,3627.053,AllocLarge,2B,0.381,12.5,0.000,0.00,15.313,15.321,2,7.780,0.620,0,98.30,0.003,0,86.01,0.289,100,0.56,14.401,49,50.00,0.00,0,5.2,0.127
398,3632.562,AllocLarge,2B,0.307,14.3,0.104,17.80,16.121,12.121,2,7.780,0.620,0,2.24,0.003,0,86.01,0.289,100,0.56,11.201,56,35.72,0.00,0,5.2,0.085
399,3640.033,AllocLarge,2B,0.290,0.0,0.000,0.00,15.326,15.334,2,7.780,0.633,0,98.26,0.003,0,86.01,0.289,100,0.56,14.401,49,50.00,0.00,0,4.1,0.101
400,3645.497,AllocLarge,2B,0.300,14.3,0.000,0.00,16.134,12.134,2,7.780,0.633,0,2.25,0.003,0,86.01,0.289,100,0.56,11.201,56,35.72,0.00,0,5.1,0.081
401,3652.910,AllocLarge,2B,0.272,0.0,0.102,14.68,15.339,15.347,2,7.780,0.646,0,98.37,0.003,0,86.01,0.289,100,0.56,14.401,49,50.00,0.00,0,3.9,0.077
402,3658.561,AllocLarge,2B,0.339,25.0,0.000,0.00,16.147,12.147,2,7.780,0.646,0,2.16,0.003,0,86.01,0.289,100,0.56,11.201,56,35.72,0.00,0,5.5,0.096
403,3666.209,AllocLarge,2B,0.304,14.3,0.000,0.00,15.352,15.360,2,7.780,0.659,0,98.33,0.003,0,86.01,0.289,100,0.56,14.401,49,50.00,0.00,0,4.2,0.100
404,3671.641,AllocLarge,2B,0.320,16.7,0.104,18.02,16.160,12.160,2,7.780,0.659,0,2.11,0.003,0,86.01,0.289,100,0.56,11.201,56,35.72,0.00,0,5.6,0.134
405,3679.098,AllocLarge,2B,0.281,0.0,0.000,0.00,15.365,15.374,2,7.780,0.673,0,98.36,0.003,0,86.01,0.289,100,0.56,14.401,49,50.00,0.00,0,4.0,0.081
406,3684.880,AllocLarge,2B,0.277,12.5,0.000,0.00,16.174,12.173,2,7.780,0.673,0,2.06,0.003,0,86.01,0.289,100,0.56,11.201,56,35.72,0.00,0,4.5,0.082
407,3692.377,AllocLarge,2B,0.299,14.3,0.110,15.37,15.379,15.387,2,7.780,0.686,0,98.40,0.003,0,86.01,0.289,100,0.56,14.401,49,50.00,0.00,0,4.2,0.081
408,3698.208,AllocLarge,2B,0.338,28.6,0.000,0.00,16.187,12.187,2,7.780,0.686,0,2.07,0.003,0,86.01,0.289,100,0.56,11.201,56,35.72,0.00,0,5.4,0.102
409,3705.833,AllocLarge,2B,0.289,0.0,0.000,0.00,15.392,15.400,2,7.780,0.699,0,98.42,0.003,0,86.01,0.289,100,0.56,14.401,49,50.00,0.00,0,4.0,0.085
410,3711.655,AllocLarge,2B,0.328,12.5,0.105,16.86,16.200,12.200,2,7.780,0.699,0,3.17,0.003,0,86.01,0.289,100,0.56,11.201,56,35.72,0.00,0,5.3,0.081
411,3719.176,AllocLarge,2B,0.283,0.0,0.000,0.00,15.405,15.413,2,7.780,0.712,0,98.52,0.003,0,86.01,0.289,100,0.56,14.401,49,50.00,0.00,0,4.0,0.083
412,3725.008,AllocLarge,2B,0.266,14.3,0.000,0.00,16.213,12.213,2,7.780,0.712,0,1.95,0.003,0,86.01,0.289,100,0.56,11.201,56,35.72,0.00,0,4.3,0.082
413,3732.260,AllocLarge,2B,0.318,0.0,0.110,15.86,15.418,15.427,2,7.780,0.725,0,98.48,0.003,0,86.01,0.289,100,0.56,14.401,49,50.00,0.00,0,4.6,0.129
414,3738.276,AllocLarge,2B,0.320,0.0,0.000,0.00,16.227,12.226,2,7.780,0.725,0,3.04,0.003,0,86.01,0.289,100,0.56,11.201,56,35.72,0.00,0,5.0,0.086
415,3746.383,AllocLarge,2B,0.278,12.5,0.000,0.00,15.432,15.440,2,7.780,0.739,0,98.50,0.003,0,86.01,0.289,100,0.56,14.401,49,50.00,0.00,0,3.6,0.083
416,3751.729,AllocLarge,2B,0.294,12.5,0.104,18.32,16.240,12.240,2,7.780,0.739,0,2.96,0.003,0,86.01,0.289,100,0.56,11.201,56,35.72,0.00,0,5.2,0.094
417,3759.279,AllocLarge,2B,0.332,0.0,0.000,0.00,15.445,15.453,2,7.780,0.752,0,98.59,0.003,0,86.01,0.289,100,0.56,14.401,49,50.00,0.00,0,4.6,0.102
418,3765.056,AllocLarge,2B,0.312,0.0,0.000,0.00,16.254,12.253,2,7.780,0.752,0,2.91,0.003,0,86.01,0.289,100,0.56,11.201,56,35.72,0.00,0,5.2,0.111
419,3772.521,AllocLarge,2B,0.312,12.5,0.109,15.30,15.459,15.467,2,7.780,0.766,0,98.56,0.003,0,86.01,0.289,100,0.56,14.401,49,50.00,0.00,0,4.4,0.098
420,3778.127,AllocLarge,2B,0.296,0.0,0.000,0.00,16.267,12.267,2,7.780,0.766,0,2.86,0.003,0,86.01,0.289,100,0.56,11.201,56,35.72,0.00,0,5.0,0.108
421,3785.734,AllocLarge,2B,0.318,12.5,0.000,0.00,15.472,15.481,2,7.780,0.780,0,98.64,0.003,0,86.01,0.289,100,0.56,14.401,49,50.00,0.00,0,4.3,0.108
422,3791.269,AllocLarge,2B,0.260,0.0,0.104,18.01,16.281,12.280,2,7.780,0.780,0,2.81,0.003,0,86.01,0.289,100,0.56,11.201,56,35.72,0.00,0,4.5,0.080
423,3798.475,AllocLarge,2B,0.267,0.0,0.000,0.00,15.486,15.494,2,7.780,0.793,0,98.61,0.003,0,86.01,0.289,100,0.56,14.401,49,50.00,0.00,0,3.9,0.076
424,3803.941,AllocLarge,2B,0.300,14.3,0.000,0.00,16.294,12.294,2,7.780,0.793,0,2.76,0.003,0,86.01,0.289,100,0.56,11.201,56,35.72,0.00,0,5.2,0.109
425,3811.177,AllocLarge,2B,0.260,14.3,0.109,15.96,15.499,15.508,2,7.780,0.807,0,98.63,0.003,0,86.01,0.289,100,0.56,14.401,49,50.00,0.00,0,3.8,0.076
426,3816.705,AllocLarge,2B,0.262,16.7,0.000,0.00,16.308,12.307,2,7.780,0.807,0,1.70,0.003,0,86.01,0.289,100,0.56,11.201,56,35.72,0.00,0,4.5,0.077
427,3823.776,AllocLarge,2B,0.441,12.5,0.000,0.00,15.513,15.521,2,7.780,0.820,0,98.65,0.003,0,86.01,0.289,100,0.56,14.401,49,50.00,0.00,0,6.4,0.251
428,3829.627,AllocLarge,2B,0.264,0.0,0.104,17.28,16.321,12.321,2,7.780,0.820,0,2.67,0.003,0,86.01,0.289,100,0.56,11.201,56,35.72,0.00,0,4.4,0.079
429,3836.878,AllocLarge,2B,0.285,12.5,0.000,0.00,15.527,15.535,2,7.780,0.834,0,98.67,0.003,0,86.01,0.289,100,0.56,14.401,49,50.00,0.00,0,4.1,0.097
430,3842.459,AllocLarge,2B,0.511,25.0,0.000,0.00,16.335,12.335,2,7.780,0.834,0,1.64,0.003,0,86.01,0.289,100,0.56,11.201,56,35.72,0.00,0,8.1,0.089
431,3850.313,AllocLarge,2B,0.368,11.1,0.109,15.17,15.540,15.548,2,7.780,0.847,0,98.70,0.003,0,86.01,0.289,100,0.56,14.401,49,50.00,0.00,0,5.1,0.162
432,3855.889,AllocLarge,2B,0.303,14.3,0.000,0.00,16.348,12.348,2,7.780,0.847,0,1.61,0.003,0,86.01,0.289,100,0.56,11.201,56,35.72,0.00,0,5.2,0.099
433,3863.448,AllocLarge,2B,0.286,12.5,0.000,0.00,15.554,15.562,2,7.780,0.861,0,98.72,0.003,0,86.01,0.289,100,0.56,14.401,49,50.00,0.00,0,3.9,0.083
434,3869.025,AllocLarge,2B,0.290,0.0,0.104,18.02,16.362,12.362,2,7.780,0.861,0,2.54,0.003,0,86.01,0.289,100,0.56,11.201,56,35.72,0.00,0,5.0,0.081
435,3876.620,AllocLarge,2B,0.320,12.5,0.000,0.00,15.567,15.575,2,7.780,0.874,0,98.74,0.003,0,86.01,0.289,100,0.56,14.401,49,50.00,0.00,0,4.3,0.096
436,3882.103,AllocLarge,2B,0.337,12.5,0.000,0.00,16.375,12.375,2,7.780,0.874,0,2.51,0.003,0,86.01,0.289,100,0.56,11.201,56,35.72,0.00,0,5.7,0.093
437,3889.642,AllocLarge,2B,0.279,0.0,0.109,15.52,15.581,15.589,2,7.780,0.888,0,98.81,0.003,0,86.01,0.289,100,0.56,14.401,49,50.00,0.00,0,4.0,0.089
438,3895.191,AllocLarge,2B,0.245,16.7,0.000,0.00,16.389,12.389,2,7.780,0.888,0,1.54,0.003,0,86.01,0.289,100,0.56,11.201,56,35.72,0.00,0,4.1,0.076
439,3902.727,AllocLarge,2B,0.301,0.0,0.000,0.00,15.594,15.602,2,7.780,0.901,0,98.77,0.003,0,86.01,0.289,100,0.56,14.401,49,50.00,0.00,0,4.2,0.099
440,3908.280,AllocLarge,2B,0.274,14.3,0.104,18.05,16.403,12.402,2,7.780,0.901,0,2.43,0.003,0,86.01,0.289,100,0.56,11.201,56,35.72,0.00,0,4.8,0.077
441,3915.817,AllocLarge,2B,0.324,0.0,0.000,0.00,15.608,15.616,2,7.780,0.915,0,98.79,0.003,0,86.01,0.289,100,0.56,14.401,49,50.00,0.00,0,4.4,0.079
442,3921.544,AllocLarge,2B,0.304,28.6,0.000,0.00,16.416,12.416,2,7.780,0.915,0,2.39,0.003,0,86.01,0.289,100,0.56,11.201,56,35.72,0.00,0,5.1,0.079
443,3929.144,AllocLarge,2B,0.299,0.0,0.109,14.89,15.621,15.630,2,7.780,0.928,0,98.81,0.003,0,86.01,0.289,100,0.56,14.401,49,50.00,0.00,0,4.1,0.098
444,3934.549,AllocLarge,2B,0.323,16.7,0.000,0.00,16.430,12.429,2,7.780,0.928,0,2.36,0.003,0,86.01,0.289,100,0.56,11.201,56,35.72,0.00,0,5.8,0.077
445,3941.876,AllocLarge,2B,0.308,0.0,0.000,0.00,15.635,15.643,2,7.780,0.942,0,98.83,0.003,0,86.01,0.289,100,0.56,14.401,49,50.00,0.00,0,4.3,0.122
446,3947.651,AllocLarge,2B,0.285,0.0,0.104,17.29,16.443,12.443,2,7.780,0.942,0,2.33,0.003,0,86.01,0.289,100,0.56,11.201,56,35.72,0.00,0,4.7,0.079
447,3954.859,AllocLarge,2B,0.281,12.5,0.000,0.00,15.648,15.657,2,7.780,0.956,0,98.84,0.003,0,86.01,0.289,100,0.56,14.401,49,50.00,0.00,0,4.0,0.081
448,3960.496,AllocLarge,2B,0.425,12.5,0.000,0.00,16.457,12.456,2,7.780,0.956,0,2.29,0.003,0,86.01,0.289,100,0.56,11.201,56,35.72,0.00,0,6.9,0.090
449,3969.439,AllocLarge,2B,0.484,11.1,0.109,12.42,15.662,15.670,2,7.780,0.969,0,98.86,0.003,0,86.01,0.289,100,0.56,14.401,49,50.00,0.00,0,5.5,0.115
450,3975.305,AllocLarge,2B,0.303,14.3,0.000,0.00,16.470,12.470,2,7.780,0.969,0,2.26,0.003,0,86.01,0.289,100,0.56,11.201,56,35.72,0.00,0,5.3,0.105
451,3982.917,AllocLarge,2B,0.282,12.5,0.000,0.00,15.676,15.684,2,7.780,0.983,0,98.88,0.003,0,86.01,0.289,100,0.56,14.401,49,50.00,0.00,0,3.8,0.082
452,3988.329,AllocLarge,2B,0.231,0.0,0.104,19.01,16.484,12.484,2,7.780,0.983,0,2.23,0.003,0,86.01,0.289,100,0.56,11.201,56,35.72,0.00,0,4.2,0.073
453,3995.725,AllocLarge,2B,0.284,0.0,0.000,0.00,15.689,15.697,2,7.780,0.996,0,98.89,0.003,0,86.01,0.289,100,0.56,14.401,49,50.00,0.00,0,3.8,0.082
454,4001.081,AllocLarge,2B,0.261,14.3,0.000,0.00,16.497,12.497,2,7.780,0.996,0,2.20,0.003,0,86.01,0.289,100,0.56,11.201,56,35.72,0.00,0,4.8,0.078
455,4008.423,AllocLarge,2B,0.277,0.0,0.109,15.21,15.703,15.711,2,7.780,1.010,0,98.95,0.003,0,86.01,0.289,100,0.56,14.401,49,50.00,0.00,0,3.9,0.090
456,4014.043,AllocLarge,2B,0.274,0.0,0.000,0.00,16.511,12.511,2,7.780,1.010,0,2.17,0.003,0,86.01,0.289,100,0.56,11.201,56,35.72,0.00,0,4.7,0.084
457,4021.079,AllocLarge,2B,0.279,0.0,0.000,0.00,15.716,15.724,2,7.780,1.023,0,98.92,0.003,0,86.01,0.289,100,0.56,14.401,49,50.00,0.00,0,4.1,0.077
458,4026.863,AllocLarge,2B,0.283,14.3,0.104,16.57,16.524,12.524,2,7.780,1.023,0,1.34,0.003,0,86.01,0.289,100,0.56,11.201,56,35.72,0.00,0,4.5,0.078
459,4034.116,AllocLarge,2B,0.330,0.0,0.000,0.00,15.730,15.738,2,7.780,1.037,0,98.93,0.003,0,86.01,0.289,100,0.56,14.401,49,50.00,0.00,0,4.8,0.107
460,4040.458,AllocLarge,2B,0.290,12.5,0.000,0.00,16.538,12.538,2,7.780,1.037,0,2.11,0.003,0,86.01,0.289,100,0.56,11.201,56,35.72,0.00,0,4.5,0.081
461,4048.309,AllocLarge,2B,0.300,0.0,0.109,14.32,15.743,15.751,2,7.780,1.050,0,98.95,0.003,0,86.01,0.289,100,0.56,14.401,49,50.00,0.00,0,3.9,0.082
462,4053.751,AllocLarge,2B,0.319,14.3,0.000,0.00,16.552,12.551,2,7.780,1.050,0,2.09,0.003,0,86.01,0.289,100,0.56,11.201,56,35.72,0.00,0,5.6,0.078
463,4061.486,AllocLarge,2B,0.325,11.1,0.000,0.00,15.757,15.765,2,7.780,1.064,0,98.96,0.003,0,86.01,0.289,100,0.56,14.401,49,50.00,0.00,0,4.3,0.113
464,4067.203,AllocLarge,2B,0.309,16.7,0.104,17.61,16.565,12.565,2,7.780,1.064,0,2.06,0.003,0,86.01,0.289,100,0.56,11.201,56,35.72,0.00,0,5.3,0.098
465,4074.718,AllocLarge,2B,0.324,0.0,0.000,0.00,15.770,15.779,2,7.780,1.077,0,99.02,0.003,0,86.01,0.289,100,0.56,14.401,49,50.00,0.00,0,4.4,0.106
466,4080.470,AllocLarge,2B,0.313,0.0,0.000,0.00,16.579,12.578,2,7.780,1.077,0,2.03,0.003,0,86.01,0.289,100,0.56,11.201,56,35.72,0.00,0,5.3,0.088
467,4087.920,AllocLarge,2B,0.309,0.0,0.109,15.13,15.784,15.792,2,7.780,1.091,0,98.99,0.003,0,86.01,0.289,100,0.56,14.401,49,50.00,0.00,0,4.3,0.097
468,4093.587,AllocLarge,2B,0.374,14.3,0.000,0.00,16.592,12.592,2,7.780,1.091,0,2.01,0.003,0,86.01,0.289,100,0.56,11.201,56,35.72,0.00,0,6.3,0.106
469,4101.395,AllocLarge,2B,0.319,12.5,0.000,0.00,15.797,15.806,2,7.780,1.105,0,99.00,0.003,0,86.01,0.289,100,0.56,14.401,49,50.00,0.00,0,4.2,0.114
470,4106.849,AllocLarge,2B,0.345,11.1,0.104,18.33,16.606,12.605,2,7.780,1.105,0,1.98,0.003,0,86.01,0.289,100,0.56,11.201,56,35.72,0.00,0,6.1,0.100
471,4114.535,AllocLarge,2B,0.378,12.5,0.000,0.00,15.811,15.819,2,7.780,1.118,0,99.01,0.003,0,86.01,0.289,100,0.56,14.401,49,50.00,0.00,0,5.0,0.173
472,4120.924,AllocLarge,2B,0.313,0.0,0.000,0.00,16.619,12.619,2,7.780,1.118,0,1.96,0.003,0,86.01,0.289,100,0.56,11.201,56,35.72,0.00,0,4.8,0.086
473,4128.655,AllocLarge,2B,0.530,12.5,0.109,14.13,15.825,15.833,2,7.780,1.132,0,99.02,0.003,0,86.01,0.289,100,0.56,14.401,49,50.00,0.00,0,6.8,0.245
474,4134.944,AllocLarge,2B,0.302,14.3,0.000,0.00,16.633,12.633,2,7.780,1.132,0,1.94,0.003,0,86.01,0.289,100,0.56,11.201,56,35.72,0.00,0,4.8,0.084
475,4142.341,AllocLarge,2B,0.298,12.5,0.000,0.00,15.838,15.846,2,7.780,1.145,0,99.04,0.003,0,86.01,0.289,100,0.56,14.401,49,50.00,0.00,0,4.2,0.080
476,4148.000,AllocLarge,2B,0.394,0.0,0.104,17.46,16.646,12.646,2,7.780,1.145,0,1.91,0.003,0,86.01,0.289,100,0.56,11.201,56,35.72,0.00,0,6.6,0.102
477,4155.424,AllocLarge,2B,0.320,12.5,0.000,0.00,15.852,15.860,2,7.780,1.159,0,99.05,0.003,0,86.01,0.289,100,0.56,14.401,49,50.00,0.00,0,4.5,0.080
478,4160.997,AllocLarge,2B,0.286,16.7,0.000,0.00,16.660,12.660,2,7.780,1.159,0,1.89,0.003,0,86.01,0.289,100,0.56,11.201,56,35.72,0.00,0,5.0,0.079
479,4168.300,AllocLarge,2B,0.317,12.5,0.109,15.23,15.865,15.873,2,7.780,1.172,0,99.06,0.003,0,86.01,0.289,100,0.56,14.401,49,50.00,0.00,0,4.4,0.080
480,4174.185,AllocLarge,2B,0.276,0.0,0.000,0.00,16.673,12.673,2,7.780,1.172,0,1.87,0.003,0,86.01,0.289,100,0.56,11.201,56,35.72,0.00,0,4.6,0.080
481,4181.500,AllocLarge,2B,0.311,12.5,0.000,0.00,15.879,15.887,2,7.780,1.186,0,99.07,0.003,0,86.01,0.289,100,0.56,14.401,49,50.00,0.00,0,4.3,0.085
482,4187.018,AllocLarge,2B,0.256,0.0,0.104,18.57,16.687,12.687,2,7.780,1.186,0,1.85,0.003,0,86.01,0.289,100,0.56,11.201,56,35.72,0.00,0,4.6,0.097
483,4194.118,AllocLarge,2B,0.244,0.0,0.000,0.00,15.892,15.900,2,7.780,1.199,0,99.08,0.003,0,86.01,0.289,100,0.56,14.401,49,50.00,0.00,0,3.5,0.076
484,4199.410,AllocLarge,2B,0.270,14.3,0.000,0.00,16.701,12.700,2,7.780,1.199,0,1.83,0.003,0,86.01,0.289,100,0.56,11.201,56,35.72,0.00,0,4.9,0.095
485,4206.694,AllocLarge,2B,0.282,0.0,0.109,15.48,15.906,15.914,2,7.780,1.213,0,99.09,0.003,0,86.01,0.289,100,0.56,14.401,49,50.00,0.00,0,4.0,0.081
486,4212.127,AllocLarge,2B,0.307,14.3,0.000,0.00,16.714,12.714,2,7.780,1.213,0,1.81,0.003,0,86.01,0.289,100,0.56,11.201,56,35.72,0.00,0,5.4,0.081
487,4219.167,AllocLarge,2B,0.267,0.0,0.000,0.00,15.919,15.928,2,7.780,1.226,0,99.10,0.003,0,86.01,0.289,100,0.56,14.401,49,50.00,0.00,0,4.0,0.092
488,4224.565,AllocLarge,2B,0.241,16.7,0.104,18.68,16.728,12.727,2,7.780,1.226,0,1.79,0.003,0,86.01,0.289,100,0.56,11.201,56,35.72,0.00,0,4.3,0.076
489,4231.771,AllocLarge,2B,0.291,12.5,0.000,0.00,15.933,15.941,2,7.780,1.240,0,99.11,0.003,0,86.01,0.289,100,0.56,14.401,49,50.00,0.00,0,4.1,0.092
490,4237.313,AllocLarge,2B,0.312,0.0,0.000,0.00,16.741,12.741,2,7.780,1.240,0,1.77,0.003,0,86.01,0.289,100,0.56,11.201,56,35.72,0.00,0,5.4,0.083
491,4244.586,AllocLarge,2B,0.258,0.0,0.109,15.71,15.946,15.955,2,7.780,1.254,0,99.12,0.003,0,86.01,0.289,100,0.56,14.401,49,50.00,0.00,0,3.7,0.080
492,4250.169,AllocLarge,2B,0.281,0.0,0.000,0.00,16.755,12.754,2,7.780,1.254,0,1.75,0.003,0,86.01,0.289,100,0.56,11.201,56,35.72,0.00,0,4.8,0.083
493,4257.159,AllocLarge,2B,0.307,14.3,0.000,0.00,15.960,15.968,2,7.780,1.267,0,99.13,0.003,0,86.01,0.289,100,0.56,14.401,49,50.00,0.00,0,4.5,0.081
494,4262.644,AllocLarge,2B,0.311,16.7,0.104,18.15,16.768,12.768,2,7.780,1.267,0,1.73,0.003,0,86.01,0.289,100,0.56,11.201,56,35.72,0.00,0,5.4,0.085
495,4269.775,AllocLarge,2B,0.295,14.3,0.000,0.00,15.973,15.982,2,7.780,1.281,0,99.14,0.003,0,86.01,0.289,100,0.56,14.401,49,50.00,0.00,0,4.3,0.082
496,4275.476,AllocLarge,2B,0.418,14.3,0.000,0.00,16.782,12.781,2,7.780,1.281,0,1.71,0.003,0,86.01,0.289,100,0.56,11.201,56,35.72,0.00,0,6.9,0.108
497,4283.349,AllocLarge,2B,0.299,0.0,0.109,14.72,15.987,15.995,2,7.780,1.294,0,99.15,0.003,0,86.01,0.289,100,0.56,14.401,49,50.00,0.00,0,4.0,0.100
498,4288.834,AllocLarge,2B,0.289,16.7,0.000,0.00,16.795,12.795,2,7.780,1.294,0,1.69,0.003,0,86.01,0.289,100,0.56,11.201,56,35.72,0.00,0,5.1,0.081
499,4296.760,AllocLarge,2B,0.309,11.1,0.000,0.00,16.001,16.009,2,7.780,1.308,0,99.16,0.003,0,86.01,0.289,100,0.56,14.401,49,50.00,0.00,0,4.0,0.113
500,4302.337,AllocLarge,2B,0.276,16.7,0.104,18.07,16.809,12.809,2,7.780,1.308,0,1.67,0.003,0,86.01,0.289,100,0.56,11.201,56,35.72,0.00,0,4.8,0.082
501,4309.971,AllocLarge,2B,0.294,0.0,0.000,0.00,16.014,16.022,2,7.780,1.321,0,99.16,0.003,0,86.01,0.289,100,0.56,14.401,49,50.00,0.00,0,3.9,0.084
502,4315.572,AllocLarge,2B,0.333,28.6,0.000,0.00,16.822,12.822,2,7.780,1.321,0,1.66,0.003,0,86.01,0.289,100,0.56,11.201,56,35.72,0.00,0,5.7,0.083
503,4323.077,AllocLarge,2B,0.319,11.1,0.109,14.90,16.028,16.036,2,7.780,1.335,0,99.17,0.003,0,86.01,0.289,100,0.56,14.401,49,50.00,0.00,0,4.3,0.107
504,4329.086,AllocLarge,2B,0.332,14.3,0.000,0.00,16.836,12.836,2,7.780,1.335,0,1.64,0.003,0,86.01,0.289,100,0.56,11.201,56,35.72,0.00,0,5.4,0.085
505,4336.563,AllocLarge,2B,8.554,27.3,0.000,0.00,16.041,16.049,2,7.780,1.348,0,99.18,0.003,0,86.01,0.289,100,0.56,14.401,49,50.00,0.00,0,54.7,0.145
506,4351.565,AllocLarge,2B,0.338,0.0,0.104,14.81,16.849,12.849,2,7.780,1.348,0,1.62,0.003,0,86.01,0.289,100,0.56,11.201,56,35.72,0.00,0,4.8,0.090
507,4359.912,AllocLarge,2B,0.297,0.0,0.000,0.00,16.055,16.063,2,7.780,1.362,0,99.19,0.003,0,86.01,0.289,100,0.56,14.401,49,50.00,0.00,0,3.7,0.084
508,4365.687,AllocLarge,2B,0.302,0.0,0.000,0.00,16.863,12.863,2,7.780,1.362,0,1.61,0.003,0,86.01,0.289,100,0.56,11.201,56,35.72,0.00,0,5.1,0.084
509,4373.338,AllocLarge,2B,0.343,12.5,0.109,14.57,16.068,16.077,2,7.780,1.375,0,99.20,0.003,0,86.01,0.289,100,0.56,14.401,49,50.00,0.00,0,4.6,0.086
510,4380.046,AllocLarge,2B,0.582,12.5,0.000,0.00,16.877,12.876,2,7.780,1.375,0,1.59,0.003,0,86.01,0.289,100,0.56,11.201,56,35.72,0.00,0,8.1,0.083
511,4388.147,AllocLarge,2B,0.287,11.1,0.000,0.00,16.082,16.090,2,7.780,1.389,0,99.20,0.003,0,86.01,0.289,100,0.56,14.401,49,50.00,0.00,0,3.8,0.081
512,4393.650,AllocLarge,2B,0.331,0.0,0.104,17.86,16.890,12.890,2,7.780,1.389,0,1.58,0.003,0,86.01,0.289,100,0.56,11.201,56,35.72,0.00,0,5.7,0.103
513,4401.025,AllocLarge,2B,0.273,0.0,0.000,0.00,16.095,16.104,2,7.780,1.403,0,99.21,0.003,0,86.01,0.289,100,0.56,14.401,49,50.00,0.00,0,3.9,0.079
514,4406.498,AllocLarge,2B,0.261,0.0,0.000,0.00,16.904,12.903,2,7.780,1.403,0,1.56,0.003,0,86.01,0.289,100,0.56,11.201,56,35.72,0.00,0,4.6,0.078
515,4413.828,AllocLarge,2B,0.295,0.0,0.109,15.27,16.109,16.117,2,7.780,1.416,0,99.25,0.003,0,86.01,0.289,100,0.56,14.401,49,50.00,0.00,0,4.1,0.093
516,4419.410,AllocLarge,2B,0.299,12.5,0.000,0.00,16.917,12.917,2,7.780,1.416,0,1.55,0.003,0,86.01,0.289,100,0.56,11.201,56,35.72,0.00,0,5.1,0.099
517,4426.511,AllocLarge,2B,0.292,0.0,0.000,0.00,16.122,16.131,2,7.780,1.430,0,99.23,0.003,0,86.01,0.289,100,0.56,14.401,49,50.00,0.00,0,4.3,0.099
518,4431.990,AllocLarge,2B,0.267,16.7,0.104,18.22,16.931,12.930,2,7.780,1.430,0,1.53,0.003,0,86.01,0.289,100,0.56,11.201,56,35.72,0.00,0,4.7,0.081
519,4439.236,AllocLarge,2B,0.321,0.0,0.000,0.00,16.136,16.144,2,7.780,1.443,0,99.23,0.003,0,86.01,0.289,100,0.56,14.401,49,50.00,0.00,0,4.5,0.083
520,4444.847,AllocLarge,2B,0.286,12.5,0.000,0.00,16.944,12.944,2,7.780,1.443,0,1.52,0.003,0,86.01,0.289,100,0.56,11.201,56,35.72,0.00,0,5.0,0.079
521,4452.311,AllocLarge,2B,0.487,11.1,0.109,14.63,16.150,16.158,2,7.780,1.457,0,99.24,0.003,0,86.01,0.289,100,0.56,14.401,49,50.00,0.00,0,6.5,0.116
522,4460.125,AllocLarge,2B,0.500,11.1,0.000,0.00,16.958,12.958,2,7.780,1.457,0,1.50,0.003,0,86.01,0.289,100,0.56,11.201,56,35.72,0.00,0,6.2,0.216
523,4468.164,AllocLarge,2B,0.321,0.0,0.000,0.00,16.163,16.171,2,7.780,1.470,0,99.25,0.003,0,86.01,0.289,100,0.56,14.401,49,50.00,0.00,0,4.2,0.088
524,4474.096,AllocLarge,2B,0.292,12.5,0.104,16.89,16.971,12.971,2,7.780,1.470,0,1.49,0.003,0,86.01,0.289,100,0.56,11.201,56,35.72,0.00,0,4.7,0.081
525,4481.773,AllocLarge,2B,0.302,0.0,0.000,0.00,16.177,16.185,2,7.780,1.484,0,99.26,0.003,0,86.01,0.289,100,0.56,14.401,49,50.00,0.00,0,4.1,0.083
526,4487.557,AllocLarge,2B,0.315,14.3,0.000,0.00,16.985,12.985,2,7.780,1.484,0,1.48,0.003,0,86.01,0.289,100,0.56,11.201,56,35.72,0.00,0,5.2,0.099
527,4496.272,AllocLarge,2B,0.402,0.0,0.109,12.04,16.190,16.198,2,7.780,1.497,0,99.26,0.003,0,86.01,0.289,100,0.56,14.401,49,50.00,0.00,0,4.4,0.118
528,4503.135,AllocLarge,2B,0.396,0.0,0.000,0.00,16.998,12.998,2,7.780,1.497,0,1.46,0.003,0,86.01,0.289,100,0.56,11.201,56,35.72,0.00,0,5.8,0.110
529,4511.986,AllocLarge,2B,0.317,10.0,0.000,0.00,16.204,16.212,2,7.780,1.511,0,99.27,0.003,0,86.01,0.289,100,0.56,14.401,49,50.00,0.00,0,3.8,0.101
530,4518.615,AllocLarge,2B,0.475,16.7,0.104,14.06,17.012,13.012,2,7.780,1.511,0,1.45,0.003,0,86.01,0.289,100,0.56,11.201,56,35.72,0.00,0,6.4,0.127
531,4528.085,AllocLarge,2B,0.339,10.0,0.000,0.00,16.217,16.226,2,7.780,1.524,0,99.28,0.003,0,86.01,0.289,100,0.56,14.401,49,50.00,0.00,0,3.8,0.080
532,4535.299,AllocLarge,2B,0.663,11.1,0.000,0.00,17.026,13.025,2,7.780,1.524,0,1.47,0.003,0,86.01,0.289,100,0.56,11.201,56,35.72,0.00,0,8.8,0.088
533,4543.087,AllocLarge,2B,0.333,12.5,0.109,15.35,16.239,16.247,2,7.780,1.546,0,99.29,0.003,0,86.01,0.289,100,0.56,14.401,49,50.00,0.00,0,4.7,0.104
534,4548.939,AllocLarge,2B,0.295,0.0,0.000,0.00,17.047,13.047,2,7.780,1.546,0,1.42,0.003,0,86.01,0.289,100,0.56,11.201,56,35.72,0.00,0,4.8,0.084
535,4556.607,AllocLarge,2B,0.288,0.0,0.000,0.00,16.252,16.261,2,7.780,1.559,0,99.29,0.003,0,86.01,0.289,100,0.56,14.401,49,50.00,0.00,0,3.9,0.083
536,4562.476,AllocLarge,2B,0.356,16.7,0.104,16.54,17.061,13.060,2,7.780,1.559,0,1.40,0.003,0,86.01,0.289,100,0.56,11.201,56,35.72,0.00,0,5.7,0.085
537,4570.156,AllocLarge,2B,0.306,12.5,0.000,0.00,16.266,16.274,2,7.780,1.573,0,99.30,0.003,0,86.01,0.289,100,0.56,14.401,49,50.00,0.00,0,4.2,0.097
538,4575.879,AllocLarge,2B,0.345,16.7,0.000,0.00,17.074,13.074,2,7.780,1.573,0,1.39,0.003,0,86.01,0.289,100,0.56,11.201,56,35.72,0.00,0,5.6,0.090
539,4583.816,AllocLarge,2B,0.301,0.0,0.109,14.52,16.279,16.288,2,7.780,1.587,0,99.30,0.003,0,86.01,0.289,100,0.56,14.401,49,50.00,0.00,0,4.0,0.083
540,4589.661,AllocLarge,2B,0.324,0.0,0.000,0.00,17.088,13.087,2,7.780,1.587,0,1.38,0.003,0,86.01,0.289,100,0.56,11.201,56,35.72,0.00,0,5.3,0.079
541,4597.274,AllocLarge,2B,0.310,0.0,0.000,0.00,16.293,16.301,2,7.780,1.600,0,99.31,0.003,0,86.01,0.289,100,0.56,14.401,49,50.00,0.00,0,4.2,0.087
542,4603.006,AllocLarge,2B,0.284,0.0,0.104,17.25,17.101,13.101,2,7.780,1.600,0,1.37,0.003,0,86.01,0.289,100,0.56,11.201,56,35.72,0.00,0,4.7,0.080
543,4605.714,AllocSmall,0N,0.166,0.0,0.007,3.66,13.101,11.501,2,0.001,0.001,0,81.43,0.003,NaN,63.69,0.289,NaN,0.56,11.201,NaN,21.43,0.00,1,8.0,0.006
544,4611.126,AllocLarge,2B,0.310,0.0,0.000,0.00,14.722,14.730,2,7.778,0.029,0,63.25,0.003,0,84.52,0.289,100,0.56,14.401,49,50.00,0.00,0,5.4,0.097
545,4617.140,AllocLarge,2B,0.311,12.5,0.000,0.00,15.534,11.542,2,7.778,0.041,0,72.96,0.003,0,84.52,0.289,100,0.56,11.201,56,35.72,0.00,0,4.9,0.090
546,4624.769,AllocLarge,2B,0.319,14.3,0.108,14.78,14.742,14.742,2,7.778,0.041,0,71.49,0.003,0,84.52,0.289,100,0.56,14.401,49,50.00,0.00,0,4.4,0.081
547,4630.562,AllocLarge,2B,0.363,14.3,0.000,0.00,15.542,11.542,2,7.778,0.041,0,48.44,0.003,0,84.52,0.289,100,0.56,11.201,56,35.72,0.00,0,5.8,0.111
548,4638.290,AllocLarge,2B,0.314,11.1,0.000,0.00,14.749,14.758,2,7.778,0.056,0,81.30,0.003,0,84.52,0.289,100,0.56,14.401,49,50.00,0.00,0,4.3,0.085
549,4644.093,AllocLarge,2B,0.287,0.0,0.000,0.00,15.558,11.557,2,7.778,0.056,0,39.78,0.003,0,84.52,0.289,100,0.56,11.201,56,35.72,0.00,0,4.7,0.078
550,4651.673,AllocLarge,2B,0.316,0.0,0.108,14.68,14.762,14.770,2,7.778,0.069,0,84.14,0.003,0,84.52,0.289,100,0.56,14.401,49,50.00,0.00,0,4.3,0.099
551,4657.598,AllocLarge,2B,0.336,0.0,0.000,0.00,15.571,11.570,2,7.778,0.069,0,31.92,0.003,0,84.52,0.289,100,0.56,11.201,56,35.72,0.00,0,5.4,0.100
552,4665.405,AllocLarge,2B,0.331,0.0,0.000,0.00,14.776,14.784,2,7.778,0.083,0,86.68,0.003,0,84.52,0.289,100,0.56,14.401,49,50.00,0.00,0,4.4,0.099
553,4671.288,AllocLarge,2B,0.333,14.3,0.110,17.84,15.584,11.584,2,7.778,0.083,0,26.76,0.003,0,84.52,0.289,100,0.56,11.201,56,35.72,0.00,0,5.4,0.083
554,4679.252,AllocLarge,2B,0.345,11.1,0.000,0.00,14.789,14.797,2,7.778,0.096,0,88.53,0.003,0,84.52,0.289,100,0.56,14.401,49,50.00,0.00,0,4.5,0.098
555,4685.395,AllocLarge,2B,0.388,11.1,0.000,0.00,15.597,11.597,2,7.778,0.096,0,23.02,0.003,0,84.52,0.289,100,0.56,11.201,56,35.72,0.00,0,6.0,0.154
556,4693.302,AllocLarge,2B,0.296,12.5,0.104,13.92,14.802,14.810,2,7.778,0.109,0,89.93,0.003,0,84.52,0.289,100,0.56,14.401,49,50.00,0.00,0,4.0,0.097
557,4699.166,AllocLarge,2B,0.309,0.0,0.000,0.00,15.610,11.610,2,7.778,0.109,0,20.54,0.003,0,84.52,0.289,100,0.56,11.201,56,35.72,0.00,0,5.0,0.102
558,4706.887,AllocLarge,2B,0.321,0.0,0.102,13.70,14.815,14.823,2,7.778,0.122,0,91.00,0.003,0,84.52,0.289,100,0.56,14.401,49,50.00,0.00,0,4.3,0.092
559,4712.909,AllocLarge,2B,0.304,14.3,0.000,0.00,15.623,11.623,2,7.778,0.122,0,18.12,0.003,0,84.52,0.289,100,0.56,11.201,56,35.72,0.00,0,4.7,0.077
560,4720.601,AllocLarge,2B,0.294,11.1,0.000,0.00,14.828,14.837,2,7.778,0.136,0,92.21,0.003,0,84.52,0.289,100,0.56,14.401,49,50.00,0.00,0,4.0,0.088
561,4726.351,AllocLarge,2B,0.299,14.3,0.104,17.19,15.637,11.636,2,7.778,0.136,0,16.32,0.003,0,84.52,0.289,100,0.56,11.201,56,35.72,0.00,0,5.0,0.080
562,4735.201,AllocLarge,2B,0.350,20.0,0.000,0.00,14.842,14.850,2,7.778,0.149,0,92.60,0.003,0,84.52,0.289,100,0.56,14.401,49,50.00,0.00,0,4.1,0.104
563,4741.130,AllocLarge,2B,0.951,0.0,0.000,0.00,15.650,11.650,2,7.778,0.149,0,14.84,0.003,0,84.52,0.289,100,0.56,11.201,56,35.72,0.00,0,13.7,0.092
564,4750.840,AllocLarge,2B,0.453,9.1,0.110,12.41,14.855,14.863,2,7.778,0.162,0,93.21,0.003,0,84.52,0.289,100,0.56,14.401,49,50.00,0.00,0,5.1,0.159
565,4757.117,AllocLarge,2B,0.399,22.2,0.000,0.00,15.663,11.663,2,7.778,0.162,0,13.84,0.003,0,84.52,0.289,100,0.56,11.201,56,35.72,0.00,0,6.2,0.113
566,4765.394,AllocLarge,2B,0.531,11.1,0.000,0.00,14.868,14.876,2,7.778,0.175,0,93.98,0.003,0,84.52,0.289,100,0.56,14.401,49,50.00,0.00,0,6.6,0.269
567,4772.307,AllocLarge,2B,0.480,14.3,0.105,14.32,15.676,11.676,2,7.778,0.175,0,12.65,0.003,0,84.52,0.289,100,0.56,11.201,56,35.72,0.00,0,6.5,0.132
568,4782.030,AllocLarge,2B,0.645,10.0,0.000,0.00,14.881,14.889,2,7.778,0.188,0,94.16,0.003,0,84.52,0.289,100,0.56,14.401,49,50.00,0.00,0,6.8,0.123
569,4788.879,AllocLarge,2B,0.412,22.2,0.000,0.00,15.690,11.689,2,7.778,0.188,0,11.74,0.003,0,84.52,0.289,100,0.56,11.201,56,35.72,0.00,0,5.8,0.089
570,4797.550,AllocLarge,2B,0.393,0.0,0.110,13.41,14.895,14.903,2,7.778,0.202,0,94.77,0.003,0,84.52,0.289,100,0.56,14.401,49,50.00,0.00,0,4.8,0.112
571,4804.077,AllocLarge,2B,0.350,16.7,0.000,0.00,15.703,11.703,2,7.778,0.202,0,10.95,0.003,0,84.52,0.289,100,0.56,11.201,56,35.72,0.00,0,5.2,0.109
572,4813.009,AllocLarge,2B,0.346,11.1,0.000,0.00,14.908,14.916,2,7.778,0.215,0,94.88,0.003,0,84.52,0.289,100,0.56,14.401,49,50.00,0.00,0,4.0,0.058
573,4820.239,AllocLarge,2B,0.420,11.1,0.105,13.71,15.716,11.716,2,7.778,0.215,0,10.44,0.003,0,84.52,0.289,100,0.56,11.201,56,35.72,0.00,0,5.5,0.119
574,4828.084,AllocLarge,2B,0.321,14.3,0.000,0.00,14.921,14.929,2,7.778,0.228,0,95.17,0.003,0,84.52,0.289,100,0.56,14.401,49,50.00,0.00,0,4.4,0.085
575,4833.973,AllocLarge,2B,0.308,0.0,0.000,0.00,15.729,11.729,2,7.778,0.228,0,9.72,0.003,0,84.52,0.289,100,0.56,11.201,56,35.72,0.00,0,5.0,0.088
576,4842.205,AllocLarge,2B,0.338,11.1,0.110,13.89,14.934,14.942,2,7.778,0.241,0,95.31,0.003,0,84.52,0.289,100,0.56,14.401,49,50.00,0.00,0,4.3,0.101
577,4849.303,AllocLarge,2B,0.459,12.5,0.000,0.00,15.742,11.742,2,7.778,0.241,0,9.17,0.003,0,84.52,0.289,100,0.56,11.201,56,35.72,0.00,0,6.0,0.129
578,4858.007,AllocLarge,2B,0.334,10.0,0.000,0.00,14.947,14.956,2,7.778,0.255,0,95.68,0.003,0,84.52,0.289,100,0.56,14.401,49,50.00,0.00,0,4.1,0.123
579,4865.006,AllocLarge,2B,0.392,14.3,0.104,13.90,15.756,11.755,2,7.778,0.255,0,8.68,0.003,0,84.52,0.289,100,0.56,11.201,56,35.72,0.00,0,5.2,0.121
580,4874.836,AllocLarge,2B,0.516,0.0,0.000,0.00,14.961,14.969,2,7.778,0.268,0,96.06,0.003,0,84.52,0.289,100,0.56,14.401,49,50.00,0.00,0,5.4,0.174
581,4882.254,AllocLarge,2B,0.350,11.1,0.000,0.00,15.769,11.769,2,7.778,0.268,0,8.38,0.003,0,84.52,0.289,100,0.56,11.201,56,35.72,0.00,0,4.7,0.086
582,4889.965,AllocLarge,2B,0.330,0.0,0.102,13.87,14.974,14.982,2,7.778,0.281,0,96.08,0.003,0,84.52,0.289,100,0.56,14.401,49,50.00,0.00,0,4.5,0.091
583,4895.982,AllocLarge,2B,0.349,14.3,0.000,0.00,15.782,11.782,2,7.778,0.281,0,7.89,0.003,0,84.52,0.289,100,0.56,11.201,56,35.72,0.00,0,5.5,0.086
584,4904.345,AllocLarge,2B,0.379,0.0,0.000,0.00,14.987,14.995,2,7.778,0.294,0,96.26,0.003,0,84.52,0.289,100,0.56,14.401,49,50.00,0.00,0,4.7,0.102
585,4910.619,AllocLarge,2B,0.339,0.0,0.104,16.08,15.795,11.795,2,7.778,0.294,0,7.52,0.003,0,84.52,0.289,100,0.56,11.201,56,35.72,0.00,0,5.2,0.116
586,4919.848,AllocLarge,2B,1.265,16.7,0.000,0.00,15.000,15.009,2,7.778,0.307,0,96.57,0.003,0,84.52,0.289,100,0.56,14.401,49,50.00,0.00,0,12.5,0.263
587,4929.957,AllocLarge,2B,0.411,9.1,0.000,0.00,15.809,11.808,2,7.778,0.307,0,7.18,0.003,0,84.52,0.289,100,0.56,11.201,56,35.72,0.00,0,4.2,0.110
588,4940.101,AllocLarge,2B,0.497,10.0,0.110,11.35,15.014,15.030,2,7.778,0.329,0,94.29,0.003,0,84.52,0.289,100,0.56,14.401,49,50.00,0.00,0,5.1,0.053
589,4947.608,AllocLarge,2B,0.362,11.1,0.000,0.00,15.822,11.822,2,7.778,0.321,0,6.99,0.003,0,84.52,0.289,100,0.56,11.201,56,35.72,0.00,0,4.7,0.107
590,4956.594,AllocLarge,2B,0.451,0.0,0.000,0.00,15.027,15.035,2,7.778,0.334,0,96.84,0.003,0,84.52,0.289,100,0.56,14.401,49,50.00,0.00,0,5.2,0.137
591,4963.648,AllocLarge,2B,0.392,11.1,0.105,14.37,15.835,11.835,2,7.778,0.334,0,6.63,0.003,0,84.52,0.289,100,0.56,11.201,56,35.72,0.00,0,5.3,0.112
592,4974.184,AllocLarge,2B,0.371,9.1,0.000,0.00,15.040,15.048,2,7.778,0.347,0,96.83,0.003,0,84.52,0.289,100,0.56,14.401,49,50.00,0.00,0,3.6,0.048
593,4982.175,AllocLarge,2B,0.368,11.1,0.000,0.00,15.848,11.848,2,7.778,0.347,0,6.37,0.003,0,84.52,0.289,100,0.56,11.201,56,35.72,0.00,0,4.5,0.101
594,4992.731,AllocLarge,2B,0.473,9.1,0.104,9.67,15.054,15.062,2,7.778,0.361,0,96.95,0.003,0,84.52,0.289,100,0.56,14.401,49,50.00,0.00,0,4.4,0.100
595,4999.302,AllocLarge,2B,0.302,12.5,0.000,0.00,15.862,11.862,2,7.778,0.361,0,6.12,0.003,0,84.52,0.289,100,0.56,11.201,56,35.72,0.00,0,4.8,0.083
596,5008.488,AllocLarge,2B,0.308,0.0,0.000,0.00,15.867,15.875,2,7.778,0.374,0,97.42,0.003,0,84.52,0.289,100,0.56,15.201,47,52.63,0.00,0,3.0,0.082
597,5015.724,AllocLarge,2B,0.512,0.0,0.111,16.79,16.675,11.875,2,7.778,0.374,0,6.00,0.003,0,84.52,0.289,100,0.56,11.201,56,35.72,0.00,0,7.8,0.108
598,5024.094,AllocLarge,2B,0.331,0.0,0.000,0.00,15.080,15.088,2,7.778,0.387,0,97.16,0.003,0,84.52,0.289,100,0.56,14.401,49,50.00,0.00,0,4.2,0.090
599,5030.501,AllocLarge,2B,0.921,22.2,0.000,0.00,15.888,11.888,2,7.778,0.387,0,5.72,0.003,0,84.52,0.289,100,0.56,11.201,56,35.72,0.00,0,12.6,0.107
600,5039.239,AllocLarge,2B,0.322,10.0,0.104,13.31,15.093,15.101,2,7.778,0.400,0,97.25,0.003,0,84.52,0.289,100,0.56,14.401,49,50.00,0.00,0,4.1,0.110
601,5045.755,AllocLarge,2B,0.549,20.0,0.000,0.00,15.901,11.901,2,7.778,0.400,0,5.53,0.003,0,84.52,0.289,100,0.56,11.201,56,35.72,0.00,0,7.6,0.176
602,5056.084,AllocLarge,2B,0.407,10.0,0.000,0.00,15.106,15.115,2,7.778,0.414,0,97.34,0.003,0,84.52,0.289,100,0.56,14.401,49,50.00,0.00,0,4.2,0.079
603,5064.521,AllocLarge,2B,0.356,10.0,0.102,11.93,15.915,11.914,2,7.778,0.414,0,5.34,0.003,0,84.52,0.289,100,0.56,11.201,56,35.72,0.00,0,4.1,0.105
604,5073.039,AllocLarge,2B,0.369,0.0,0.000,0.00,15.120,15.128,2,7.778,0.427,0,97.53,0.003,0,84.52,0.289,100,0.56,14.401,49,50.00,0.00,0,4.4,0.094
605,5082.907,AllocLarge,2B,0.330,8.3,0.000,0.00,15.928,11.928,2,7.778,0.427,0,5.26,0.003,0,84.52,0.289,100,0.56,11.201,56,35.72,0.00,0,3.3,0.104
606,5091.001,AllocLarge,2B,0.413,11.1,0.105,13.21,15.133,15.149,2,7.778,0.448,0,95.81,0.003,0,84.52,0.289,100,0.56,14.401,49,50.00,0.00,0,5.2,0.084
607,5097.579,AllocLarge,2B,0.344,0.0,0.000,0.00,15.941,11.941,2,7.778,0.440,0,5.03,0.003,0,84.52,0.289,100,0.56,11.201,56,35.72,0.00,0,5.1,0.104
608,5105.746,AllocLarge,2B,0.374,11.1,0.110,13.77,15.146,15.155,2,7.778,0.453,0,97.57,0.003,0,84.52,0.289,100,0.56,14.401,49,50.00,0.00,0,4.7,0.111
609,5112.239,AllocLarge,2B,0.604,11.1,0.000,0.00,15.955,11.954,2,7.778,0.453,0,4.88,0.003,0,84.52,0.289,100,0.56,11.201,56,35.72,0.00,0,8.6,0.237
610,5122.194,AllocLarge,2B,0.542,9.1,0.000,0.00,15.160,15.168,2,7.778,0.467,0,97.64,0.003,0,84.52,0.289,100,0.56,14.401,49,50.00,0.00,0,5.3,0.123
611,5128.863,AllocLarge,2B,0.444,0.0,0.104,16.55,15.968,11.968,2,7.778,0.467,0,4.73,0.003,0,84.52,0.289,100,0.56,11.201,56,35.72,0.00,0,7.1,0.162
612,5138.463,AllocLarge,2B,0.337,0.0,0.000,0.00,15.173,15.181,2,7.778,0.480,0,97.71,0.003,0,84.52,0.289,100,0.56,14.401,49,50.00,0.00,0,3.7,0.103
613,5145.764,AllocLarge,2B,0.806,10.0,0.000,0.00,15.981,11.981,2,7.778,0.480,0,4.68,0.003,0,84.52,0.289,100,0.56,11.201,56,35.72,0.00,0,10.0,0.110
614,5156.299,AllocLarge,2B,0.387,10.0,0.102,10.41,15.186,15.194,2,7.778,0.493,0,97.77,0.003,0,84.52,0.289,100,0.56,14.401,49,50.00,0.00,0,3.9,0.116
615,5162.641,AllocLarge,2B,0.657,14.3,0.000,0.00,15.994,11.994,2,7.778,0.493,0,4.49,0.003,0,84.52,0.289,100,0.56,11.201,56,35.72,0.00,0,9.4,0.093
616,5171.827,AllocLarge,2B,0.394,0.0,0.000,0.00,15.199,15.207,2,7.778,0.506,0,97.92,0.003,0,84.52,0.289,100,0.56,14.401,49,50.00,0.00,0,4.7,0.119
617,5178.401,AllocLarge,2B,0.469,22.2,0.104,14.66,16.007,12.007,2,7.778,0.506,0,4.37,0.003,0,84.52,0.289,100,0.56,11.201,56,35.72,0.00,0,6.6,0.111
618,5188.373,AllocLarge,2B,0.822,10.0,0.000,0.00,15.212,15.221,2,7.778,0.520,0,97.88,0.003,0,84.52,0.289,100,0.56,14.401,49,50.00,0.00,0,8.3,0.150
619,5197.609,AllocLarge,2B,0.571,0.0,0.000,0.00,16.021,12.020,2,7.778,0.520,0,4.25,0.003,0,84.52,0.289,100,0.56,11.201,56,35.72,0.00,0,6.2,0.146
620,5207.944,AllocLarge,2B,0.986,8.3,0.110,10.16,15.226,15.234,2,7.778,0.533,0,97.93,0.003,0,84.52,0.289,100,0.56,14.401,49,50.00,0.00,0,9.1,0.260
621,5216.225,AllocLarge,2B,0.336,0.0,0.000,0.00,16.034,12.034,2,7.778,0.533,0,2.67,0.003,0,84.52,0.289,100,0.56,11.201,56,35.72,0.00,0,4.3,0.087
622,5225.310,AllocLarge,2B,0.375,20.0,0.000,0.00,15.239,15.247,2,7.778,0.546,0,97.98,0.003,0,84.52,0.289,100,0.56,14.401,49,50.00,0.00,0,4.3,0.087
623,5231.744,AllocLarge,2B,0.366,14.3,0.105,15.96,16.047,12.047,2,7.778,0.546,0,4.06,0.003,0,84.52,0.289,100,0.56,11.201,56,35.72,0.00,0,5.6,0.107
624,5240.156,AllocLarge,2B,0.398,11.1,0.000,0.00,15.252,15.260,2,7.778,0.559,0,98.03,0.003,0,84.52,0.289,100,0.56,14.401,49,50.00,0.00,0,4.7,0.106
625,5247.132,AllocLarge,2B,0.958,12.5,0.000,0.00,16.060,12.060,2,7.778,0.559,0,3.96,0.003,0,84.52,0.289,100,0.56,11.201,56,35.72,0.00,0,12.2,0.111
626,5257.247,AllocLarge,2B,0.283,0.0,0.110,12.50,15.265,15.274,2,7.778,0.572,0,98.08,0.003,0,84.52,0.289,100,0.56,14.401,49,50.00,0.00,0,3.2,0.081
627,5264.143,AllocLarge,2B,0.605,14.3,0.000,0.00,16.074,12.073,2,7.778,0.572,0,3.86,0.003,0,84.52,0.289,100,0.56,11.201,56,35.72,0.00,0,7.8,0.093
628,5273.336,AllocLarge,2B,0.680,18.2,0.000,0.00,15.279,15.287,2,7.778,0.586,0,98.12,0.003,0,84.52,0.289,100,0.56,14.401,49,50.00,0.00,0,7.8,0.121
629,5280.539,AllocLarge,2B,0.422,11.1,0.105,14.31,16.087,12.087,2,7.778,0.586,0,3.83,0.003,0,84.52,0.289,100,0.56,11.201,56,35.72,0.00,0,5.8,0.109
630,5289.226,AllocLarge,2B,0.326,0.0,0.000,0.00,15.292,15.300,2,7.778,0.599,0,98.16,0.003,0,84.52,0.289,100,0.56,14.401,49,50.00,0.00,0,4.0,0.087
631,5296.082,AllocLarge,2B,0.607,11.1,0.000,0.00,16.100,12.100,2,7.778,0.599,0,3.70,0.003,0,84.52,0.289,100,0.56,11.201,56,35.72,0.00,0,8.1,0.131
632,5305.002,AllocLarge,2B,0.425,0.0,0.110,13.20,15.305,15.313,2,7.778,0.612,0,98.28,0.003,0,84.52,0.289,100,0.56,14.401,49,50.00,0.00,0,5.1,0.124
633,5311.939,AllocLarge,2B,0.432,10.0,0.000,0.00,16.113,12.113,2,7.778,0.612,0,2.27,0.003,0,84.52,0.289,100,0.56,11.201,56,35.72,0.00,0,5.7,0.139
634,5322.070,AllocLarge,2B,0.439,10.0,0.000,0.00,15.318,15.326,2,7.778,0.625,0,98.24,0.003,0,84.52,0.289,100,0.56,14.401,49,50.00,0.00,0,4.6,0.101
635,5329.013,AllocLarge,2B,0.587,12.5,0.104,14.01,16.126,12.126,2,7.778,0.625,0,3.53,0.003,0,84.52,0.289,100,0.56,11.201,56,35.72,0.00,0,7.9,0.156
636,5341.657,AllocLarge,2B,0.400,0.0,0.000,0.00,15.332,15.340,2,7.778,0.639,0,98.28,0.003,0,84.52,0.289,100,0.56,14.401,49,50.00,0.00,0,3.3,0.087
637,5347.913,AllocLarge,2B,0.311,12.5,0.000,0.00,16.140,12.140,2,7.778,0.639,0,3.51,0.003,0,84.52,0.289,100,0.56,11.201,56,35.72,0.00,0,4.8,0.087
638,5356.929,AllocLarge,2B,0.694,18.2,0.102,11.32,15.345,15.353,2,7.778,0.652,0,98.38,0.003,0,84.52,0.289,100,0.56,14.401,49,50.00,0.00,0,7.7,0.096
639,5364.027,AllocLarge,2B,0.346,12.5,0.000,0.00,16.153,12.153,2,7.778,0.652,0,3.40,0.003,0,84.52,0.289,100,0.56,11.201,56,35.72,0.00,0,4.9,0.088
640,5372.829,AllocLarge,2B,0.632,20.0,0.000,0.00,15.358,15.366,2,7.778,0.665,0,98.34,0.003,0,84.52,0.289,100,0.56,14.401,49,50.00,0.00,0,7.3,0.153
641,5381.628,AllocLarge,2B,0.324,12.5,0.105,11.50,16.166,12.166,2,7.778,0.665,0,3.33,0.003,0,84.52,0.289,100,0.56,11.201,56,35.72,0.00,0,3.6,0.084
642,5391.555,AllocLarge,2B,0.333,11.1,0.000,0.00,15.371,15.379,2,7.778,0.678,0,98.38,0.003,0,84.52,0.289,100,0.56,14.401,49,50.00,0.00,0,3.6,0.100
643,5398.759,AllocLarge,2B,0.441,11.1,0.000,0.00,16.179,12.179,2,7.778,0.678,0,3.26,0.003,0,84.52,0.289,100,0.56,11.201,56,35.72,0.00,0,5.6,0.147
644,5409.066,AllocLarge,2B,0.662,10.0,0.104,10.23,15.384,15.393,2,7.778,0.692,0,98.47,0.003,0,84.52,0.289,100,0.56,14.401,49,50.00,0.00,0,6.5,0.181
645,5417.301,AllocLarge,2B,0.362,11.1,0.000,0.00,16.193,12.192,2,7.778,0.692,0,3.25,0.003,0,84.52,0.289,100,0.56,11.201,56,35.72,0.00,0,4.5,0.108
646,5426.996,AllocLarge,2B,0.690,10.0,0.103,10.58,15.397,15.414,2,7.778,0.713,0,97.37,0.003,0,84.52,0.289,100,0.56,14.401,49,50.00,0.00,0,7.1,0.106
647,5434.327,AllocLarge,2B,0.322,0.0,0.000,0.00,16.206,12.206,2,7.778,0.705,0,3.14,0.003,0,84.52,0.289,100,0.56,11.201,56,35.72,0.00,0,4.4,0.088
648,5443.367,AllocLarge,2B,0.371,0.0,0.000,0.00,15.411,15.419,2,7.778,0.718,0,98.53,0.003,0,84.52,0.289,100,0.56,14.401,49,50.00,0.00,0,4.2,0.111
649,5451.484,AllocLarge,2B,0.521,11.1,0.104,11.99,16.219,12.219,2,7.778,0.718,0,3.08,0.003,0,84.52,0.289,100,0.56,11.201,56,35.72,0.00,0,6.0,0.101
650,5462.721,AllocLarge,2B,0.613,9.1,0.000,0.00,15.424,15.433,2,7.778,0.731,0,98.56,0.003,0,84.52,0.289,100,0.56,14.401,49,50.00,0.00,0,5.6,0.189
651,5470.370,AllocLarge,2B,0.519,11.1,0.000,0.00,16.233,12.232,2,7.778,0.731,0,1.90,0.003,0,84.52,0.289,100,0.56,11.201,56,35.72,0.00,0,6.3,0.164
652,5483.005,AllocLarge,2B,0.320,0.0,0.110,9.41,16.238,15.446,2,7.778,0.745,0,98.52,0.003,0,84.52,0.289,100,0.56,14.401,47,50.00,0.00,0,2.7,0.063
653,5489.582,AllocLarge,2B,0.449,10.0,0.000,0.00,17.846,13.846,2,8.578,0.745,0,3.57,0.003,0,84.52,0.289,100,0.56,12.801,55,37.50,0.00,0,4.7,0.110
654,5501.381,AllocLarge,2B,0.421,18.2,0.000,0.00,17.050,17.058,2,7.778,0.757,0,98.61,0.003,0,84.52,0.289,100,0.56,16.001,44,55.00,0.00,0,4.7,0.150
655,5508.660,AllocLarge,2B,0.469,18.2,0.103,12.40,17.858,12.258,2,7.778,0.757,0,1.88,0.003,0,84.52,0.289,100,0.56,11.201,56,35.72,0.00,0,5.6,0.099
656,5517.816,AllocLarge,2B,0.342,11.1,0.000,0.00,15.463,15.471,2,7.778,0.770,0,98.63,0.003,0,84.52,0.289,100,0.56,14.401,49,50.00,0.00,0,4.3,0.120
657,5524.912,AllocLarge,2B,0.322,0.0,0.000,0.00,16.271,12.271,2,7.778,0.770,0,2.88,0.003,0,84.52,0.289,100,0.56,11.201,56,35.72,0.00,0,4.2,0.086
658,5535.358,AllocLarge,2B,0.359,0.0,0.110,11.06,15.476,15.484,2,7.778,0.783,0,98.59,0.003,0,84.52,0.289,100,0.56,14.401,49,50.00,0.00,0,3.6,0.108
659,5540.990,AllocLarge,2B,0.331,16.7,0.000,0.00,16.284,12.284,2,7.778,0.783,0,2.83,0.003,0,84.52,0.289,100,0.56,11.201,56,35.72,0.00,0,5.3,0.070
660,5551.657,AllocLarge,2B,0.488,0.0,0.000,0.00,15.489,15.497,2,7.778,0.796,0,98.67,0.003,0,84.52,0.289,100,0.56,14.401,49,50.00,0.00,0,4.7,0.115
661,5559.593,AllocLarge,2B,0.318,12.5,0.104,12.96,16.297,12.297,2,7.778,0.796,0,1.74,0.003,0,84.52,0.289,100,0.56,11.201,56,35.72,0.00,0,4.0,0.088
662,5568.393,AllocLarge,2B,0.393,11.1,0.000,0.00,15.502,15.511,2,7.778,0.810,0,98.64,0.003,0,84.52,0.289,100,0.56,14.401,49,50.00,0.00,0,4.6,0.123
663,5574.861,AllocLarge,2B,0.341,0.0,0.000,0.00,16.311,12.310,2,7.778,0.810,0,2.77,0.003,0,84.52,0.289,100,0.56,11.201,56,35.72,0.00,0,5.0,0.085
664,5583.844,AllocLarge,2B,0.523,10.0,0.102,11.51,15.515,15.524,2,7.778,0.823,0,98.66,0.003,0,84.52,0.289,100,0.56,14.401,49,50.00,0.00,0,5.9,0.281
665,5590.698,AllocLarge,2B,0.349,12.5,0.000,0.00,16.324,12.323,2,7.778,0.823,0,1.69,0.003,0,84.52,0.289,100,0.56,11.201,56,35.72,0.00,0,4.9,0.092
666,5599.950,AllocLarge,2B,0.414,11.1,0.000,0.00,15.529,15.537,2,7.778,0.836,0,98.68,0.003,0,84.52,0.289,100,0.56,14.401,49,50.00,0.00,0,4.7,0.166
667,5607.766,AllocLarge,2B,0.399,11.1,0.104,12.53,16.337,12.337,2,7.778,0.836,0,1.66,0.003,0,84.52,0.289,100,0.56,11.201,56,35.72,0.00,0,4.8,0.113
668,5618.586,AllocLarge,2B,0.404,9.1,0.000,0.00,15.542,15.550,2,7.778,0.849,0,98.76,0.003,0,84.52,0.289,100,0.56,14.401,49,50.00,0.00,0,3.9,0.108
669,5628.386,AllocLarge,2B,0.374,9.1,0.000,0.00,16.350,12.350,2,7.778,0.849,0,1.63,0.003,0,84.52,0.289,100,0.56,11.201,56,35.72,0.00,0,3.7,0.105
670,5637.000,AllocLarge,2B,0.361,0.0,0.110,13.58,15.555,15.564,2,7.778,0.862,0,98.72,0.003,0,84.52,0.289,100,0.56,14.401,49,50.00,0.00,0,4.5,0.102
671,5643.327,AllocLarge,2B,0.322,12.5,0.000,0.00,16.364,12.363,2,7.778,0.862,0,1.65,0.003,0,84.52,0.289,100,0.56,11.201,56,35.72,0.00,0,4.7,0.079
672,5652.258,AllocLarge,2B,0.399,20.0,0.000,0.00,15.568,15.577,2,7.778,0.875,0,98.79,0.003,0,84.52,0.289,100,0.56,14.401,49,50.00,0.00,0,4.7,0.117
673,5658.573,AllocLarge,2B,0.528,12.5,0.105,15.06,16.377,12.376,2,7.778,0.875,0,1.59,0.003,0,84.52,0.289,100,0.56,11.201,56,35.72,0.00,0,7.6,0.082
674,5669.308,AllocLarge,2B,0.633,18.2,0.000,0.00,15.582,15.590,2,7.778,0.889,0,98.76,0.003,0,84.52,0.289,100,0.56,14.401,49,50.00,0.00,0,5.9,0.155
675,5676.791,AllocLarge,2B,0.345,14.3,0.000,0.00,16.390,12.390,2,7.778,0.889,0,2.49,0.003,0,84.52,0.289,100,0.56,11.201,56,35.72,0.00,0,4.6,0.107
676,5686.957,AllocLarge,2B,0.390,8.3,0.110,11.50,15.595,15.603,2,7.778,0.902,0,98.78,0.003,0,84.52,0.289,100,0.56,14.401,49,50.00,0.00,0,4.1,0.107
677,5695.201,AllocLarge,2B,0.426,10.0,0.000,0.00,16.403,12.403,2,7.778,0.902,0,1.54,0.003,0,84.52,0.289,100,0.56,11.201,56,35.72,0.00,0,4.8,0.110
678,5704.461,AllocLarge,2B,0.326,10.0,0.000,0.00,15.608,15.616,2,7.778,0.915,0,98.85,0.003,0,84.52,0.289,100,0.56,14.401,49,50.00,0.00,0,3.8,0.111
679,5711.540,AllocLarge,2B,0.429,11.1,0.105,13.09,16.416,12.416,2,7.778,0.915,0,2.45,0.003,0,84.52,0.289,100,0.56,11.201,56,35.72,0.00,0,5.4,0.096
680,5721.640,AllocLarge,2B,0.404,0.0,0.000,0.00,15.621,15.629,2,7.778,0.928,0,98.81,0.003,0,84.52,0.289,100,0.56,14.401,49,50.00,0.00,0,4.3,0.084
681,5728.449,AllocLarge,2B,0.326,10.0,0.000,0.00,16.429,12.429,2,7.778,0.928,0,2.39,0.003,0,84.52,0.289,100,0.56,11.201,56,35.72,0.00,0,4.4,0.089
682,5740.038,AllocLarge,2B,0.432,0.0,0.110,9.98,15.634,15.643,2,7.778,0.942,0,98.83,0.003,0,84.52,0.289,100,0.56,14.401,49,50.00,0.00,0,3.9,0.101
683,5749.386,AllocLarge,2B,0.471,8.3,0.000,0.00,16.443,12.442,2,7.778,0.942,0,2.35,0.003,0,84.52,0.289,100,0.56,11.201,56,35.72,0.00,0,4.7,0.176
684,5761.224,AllocLarge,2B,0.627,8.3,0.000,0.00,15.648,15.656,2,7.778,0.955,0,98.89,0.003,0,84.52,0.289,100,0.56,14.401,49,50.00,0.00,0,5.4,0.138
685,5768.712,AllocLarge,2B,0.357,12.5,0.104,13.68,16.456,12.456,2,7.778,0.955,0,2.31,0.003,0,84.52,0.289,100,0.56,11.201,56,35.72,0.00,0,4.7,0.090
686,5779.099,AllocLarge,2B,0.790,8.3,0.000,0.00,15.661,15.669,2,7.778,0.968,0,98.86,0.003,0,84.52,0.289,100,0.56,14.401,49,50.00,0.00,0,7.6,0.130
687,5786.624,AllocLarge,2B,0.636,12.5,0.000,0.00,16.469,12.469,2,7.778,0.968,0,2.32,0.003,0,84.52,0.289,100,0.56,11.201,56,35.72,0.00,0,8.3,0.093
688,5797.596,AllocLarge,2B,0.788,9.1,0.102,9.54,15.674,15.682,2,7.778,0.981,0,98.88,0.003,0,84.52,0.289,100,0.56,14.401,49,50.00,0.00,0,7.3,0.167
689,5805.020,AllocLarge,2B,0.346,12.5,0.000,0.00,16.482,12.482,2,7.778,0.981,0,2.26,0.003,0,84.52,0.289,100,0.56,11.201,56,35.72,0.00,0,4.7,0.087
690,5814.676,AllocLarge,2B,0.521,20.0,0.000,0.00,15.687,15.696,2,7.778,0.994,0,98.89,0.003,0,84.52,0.289,100,0.56,14.401,49,50.00,0.00,0,5.4,0.108
691,5822.475,AllocLarge,2B,0.400,11.1,0.105,13.00,16.496,12.495,2,7.778,0.994,0,2.22,0.003,0,84.52,0.289,100,0.56,11.201,56,35.72,0.00,0,5.0,0.100
692,5832.010,AllocLarge,2B,0.414,8.3,0.000,0.00,15.701,15.709,2,7.778,1.008,0,98.95,0.003,0,84.52,0.289,100,0.56,14.401,49,50.00,0.00,0,4.6,0.143
693,5839.689,AllocLarge,2B,0.415,11.1,0.000,0.00,16.509,12.509,2,7.778,1.008,0,1.38,0.003,0,84.52,0.289,100,0.56,11.201,56,35.72,0.00,0,5.0,0.111
694,5849.121,AllocLarge,2B,0.801,11.1,0.104,11.12,15.714,15.722,2,7.778,1.021,0,98.97,0.003,0,84.52,0.289,100,0.56,14.401,49,50.00,0.00,0,8.6,0.217
695,5857.543,AllocLarge,2B,0.887,10.0,0.000,0.00,16.522,12.522,2,7.778,1.021,0,1.39,0.003,0,84.52,0.289,100,0.56,11.201,56,35.72,0.00,0,9.8,0.128
696,5870.183,AllocLarge,2B,0.454,7.7,0.000,0.00,15.727,15.735,2,7.778,1.034,0,98.94,0.003,0,84.52,0.289,100,0.56,14.401,49,50.00,0.00,0,3.9,0.158
697,5880.816,AllocLarge,2B,0.951,7.7,0.103,8.93,16.535,12.535,2,7.778,1.034,0,1.35,0.003,0,84.52,0.289,100,0.56,11.201,56,35.72,0.00,0,8.2,0.122
698,5890.376,AllocLarge,2B,0.410,10.0,0.000,0.00,15.740,15.748,2,7.778,1.047,0,98.95,0.003,0,84.52,0.289,100,0.56,14.401,49,50.00,0.00,0,4.8,0.103
699,5897.424,AllocLarge,2B,0.500,14.3,0.104,13.44,16.548,12.548,2,7.778,1.047,0,2.11,0.003,0,84.52,0.289,100,0.56,11.201,56,35.72,0.00,0,6.4,0.169
700,5905.468,AllocLarge,2B,0.305,0.0,0.000,0.00,15.753,15.762,2,7.778,1.061,0,98.96,0.003,0,84.52,0.289,100,0.56,14.401,49,50.00,0.00,0,4.3,0.096
701,5910.861,AllocLarge,2B,0.301,14.3,0.000,0.00,16.562,12.561,2,7.778,1.061,0,1.31,0.003,0,84.52,0.289,100,0.56,11.201,56,35.72,0.00,0,5.2,0.093
702,5918.185,AllocLarge,2B,0.327,12.5,0.000,0.00,15.767,15.775,2,7.778,1.074,0,98.98,0.003,0,84.52,0.289,100,0.56,14.401,49,50.00,0.00,0,4.7,0.095
703,5923.658,AllocLarge,2B,0.323,14.3,0.110,18.76,16.575,12.575,2,7.778,1.074,0,1.32,0.003,0,84.52,0.289,100,0.56,11.201,56,35.72,0.00,0,5.5,0.082
704,5931.127,AllocLarge,2B,0.286,14.3,0.000,0.00,15.780,15.796,2,7.778,1.095,0,98.29,0.003,0,84.52,0.289,100,0.56,14.401,49,50.00,0.00,0,4.1,0.081
705,5936.577,AllocLarge,2B,0.288,0.0,0.105,17.98,16.588,12.588,2,7.778,1.087,0,1.28,0.003,0,84.52,0.289,100,0.56,11.201,56,35.72,0.00,0,5.0,0.082
706,5943.793,AllocLarge,2B,0.271,0.0,0.000,0.00,15.793,15.802,2,7.778,1.101,0,99.00,0.003,0,84.52,0.289,100,0.56,14.401,49,50.00,0.00,0,4.0,0.079
707,5949.469,AllocLarge,2B,0.286,0.0,0.000,0.00,16.602,12.601,2,7.778,1.101,0,2.01,0.003,0,84.52,0.289,100,0.56,11.201,56,35.72,0.00,0,4.8,0.081
708,5957.438,AllocLarge,2B,0.403,0.0,0.110,13.68,15.807,15.815,2,7.778,1.114,0,99.01,0.003,0,84.52,0.289,100,0.56,14.401,49,50.00,0.00,0,5.0,0.103
709,5965.169,AllocLarge,2B,0.334,12.5,0.000,0.00,16.615,12.615,2,7.778,1.114,0,1.98,0.003,0,84.52,0.289,100,0.56,11.201,56,35.72,0.00,0,4.3,0.083
710,5974.764,AllocLarge,2B,0.923,0.0,0.000,0.00,15.820,15.828,2,7.778,1.127,0,99.02,0.003,0,84.52,0.289,100,0.56,14.401,49,50.00,0.00,0,9.0,0.154
711,5983.328,AllocLarge,2B,0.532,20.0,0.105,11.79,16.628,12.628,2,7.778,1.127,0,1.99,0.003,0,84.52,0.289,100,0.56,11.201,56,35.72,0.00,0,6.0,0.143
712,5993.658,AllocLarge,2B,0.449,11.1,0.000,0.00,15.833,15.841,2,7.778,1.140,0,99.03,0.003,0,84.52,0.289,100,0.56,14.401,49,50.00,0.00,0,4.8,0.068
713,6002.683,AllocLarge,2B,0.342,10.0,0.000,0.00,16.641,12.641,2,7.778,1.140,0,1.94,0.003,0,84.52,0.289,100,0.56,11.201,56,35.72,0.00,0,3.7,0.081
714,6012.609,AllocLarge,2B,0.720,10.0,0.110,11.10,15.846,15.854,2,7.778,1.153,0,99.05,0.003,0,84.52,0.289,100,0.56,14.401,49,50.00,0.00,0,7.2,0.130
715,6022.322,AllocLarge,2B,0.584,16.7,0.000,0.00,16.655,12.654,2,7.778,1.153,0,1.92,0.003,0,84.52,0.289,100,0.56,11.201,56,35.72,0.00,0,5.6,0.151
716,6032.825,AllocLarge,2B,0.408,9.1,0.000,0.00,15.860,15.868,2,7.778,1.167,0,99.06,0.003,0,84.52,0.289,100,0.56,14.401,49,50.00,0.00,0,4.3,0.106
717,6043.593,AllocLarge,2B,0.361,9.1,0.104,9.47,16.668,12.668,2,7.778,1.167,0,1.89,0.003,0,84.52,0.289,100,0.56,11.201,56,35.72,0.00,0,3.3,0.086
718,6053.613,AllocLarge,2B,0.467,0.0,0.000,0.00,15.873,15.881,2,7.778,1.180,0,99.11,0.003,0,84.52,0.289,100,0.56,14.401,49,50.00,0.00,0,4.8,0.099
719,6061.788,AllocLarge,2B,0.424,10.0,0.000,0.00,16.681,12.681,2,7.778,1.180,0,1.90,0.003,0,84.52,0.289,100,0.56,11.201,56,35.72,0.00,0,4.9,0.122
720,6072.693,AllocLarge,2B,0.648,9.1,0.102,9.59,15.886,15.894,2,7.778,1.193,0,99.08,0.003,0,84.52,0.289,100,0.56,14.401,49,50.00,0.00,0,6.1,0.119
721,6081.133,AllocLarge,2B,0.548,10.0,0.000,0.00,16.694,12.694,2,7.778,1.193,0,1.86,0.003,0,84.52,0.289,100,0.56,11.201,56,35.72,0.00,0,6.3,0.133
722,6090.818,AllocLarge,2B,0.370,10.0,0.000,0.00,15.899,15.907,2,7.778,1.206,0,99.09,0.003,0,84.52,0.289,100,0.56,14.401,49,50.00,0.00,0,4.1,0.101
723,6098.559,AllocLarge,2B,0.535,11.1,0.104,12.46,16.707,12.707,2,7.778,1.206,0,1.83,0.003,0,84.52,0.289,100,0.56,11.201,56,35.72,0.00,0,6.4,0.144
724,6108.101,AllocLarge,2B,0.560,9.1,0.000,0.00,15.912,15.921,2,7.778,1.220,0,99.13,0.003,0,84.52,0.289,100,0.56,14.401,49,50.00,0.00,0,6.0,0.198
725,6116.418,AllocLarge,2B,0.533,10.0,0.000,0.00,16.721,12.720,2,7.778,1.220,0,1.81,0.003,0,84.52,0.289,100,0.56,11.201,56,35.72,0.00,0,6.1,0.156
726,6128.286,AllocLarge,2B,0.519,8.3,0.110,9.73,15.926,15.934,2,7.778,1.233,0,99.11,0.003,0,84.52,0.289,100,0.56,14.401,49,50.00,0.00,0,4.6,0.174
727,6138.941,AllocLarge,2B,0.419,15.4,0.000,0.00,16.734,12.734,2,7.778,1.233,0,1.15,0.003,0,84.52,0.289,100,0.56,11.201,56,35.72,0.00,0,3.8,0.119
728,6149.005,AllocLarge,2B,0.512,20.0,0.000,0.00,15.939,15.947,2,7.778,1.246,0,99.12,0.003,0,84.52,0.289,100,0.56,14.401,49,50.00,0.00,0,5.3,0.167
729,6156.528,AllocLarge,2B,0.404,11.1,0.105,13.53,16.747,12.747,2,7.778,1.246,0,1.78,0.003,0,84.52,0.289,100,0.56,11.201,56,35.72,0.00,0,5.2,0.095
730,6167.618,AllocLarge,2B,0.365,0.0,0.000,0.00,15.952,15.960,2,7.778,1.259,0,99.13,0.003,0,84.52,0.289,100,0.56,14.401,49,50.00,0.00,0,3.4,0.107
731,6175.472,AllocLarge,2B,0.446,0.0,0.000,0.00,16.760,12.760,2,7.778,1.259,0,1.10,0.003,0,84.52,0.289,100,0.56,11.201,56,35.72,0.00,0,5.4,0.117
732,6185.911,AllocLarge,2B,0.415,10.0,0.110,10.89,15.965,15.974,2,7.778,1.272,0,99.17,0.003,0,84.52,0.289,100,0.56,14.401,49,50.00,0.00,0,4.1,0.150
733,6193.066,AllocLarge,2B,0.439,22.2,0.000,0.00,16.774,12.773,2,7.778,1.272,0,1.74,0.003,0,84.52,0.289,100,0.56,11.201,56,35.72,0.00,0,5.8,0.118
734,6202.640,AllocLarge,2B,0.322,0.0,0.000,0.00,15.979,15.987,2,7.778,1.286,0,99.14,0.003,0,84.52,0.289,100,0.56,14.401,49,50.00,0.00,0,3.5,0.105
735,6209.114,AllocLarge,2B,0.482,25.0,0.105,14.45,16.787,12.787,2,7.778,1.286,0,1.75,0.003,0,84.52,0.289,100,0.56,11.201,56,35.72,0.00,0,6.7,0.134
736,6218.753,AllocLarge,2B,0.299,0.0,0.000,0.00,15.992,16.000,2,7.778,1.299,0,99.19,0.003,0,84.52,0.289,100,0.56,14.401,49,50.00,0.00,0,3.4,0.090
737,6224.765,AllocLarge,2B,0.502,12.5,0.000,0.00,16.800,12.800,2,7.778,1.299,0,1.71,0.003,0,84.52,0.289,100,0.56,11.201,56,35.72,0.00,0,7.2,0.117
738,6236.801,AllocLarge,2B,0.700,7.1,0.110,9.36,16.005,16.013,2,7.778,1.312,0,99.20,0.003,0,84.52,0.289,100,0.56,14.401,49,50.00,0.00,0,5.9,0.201
739,6244.681,AllocLarge,2B,0.661,16.7,0.000,0.00,16.813,12.813,2,7.778,1.312,0,1.69,0.003,0,84.52,0.289,100,0.56,11.201,56,35.72,0.00,0,7.3,0.124
740,6256.625,AllocLarge,2B,0.428,8.3,0.000,0.00,16.018,16.026,2,7.778,1.325,0,99.20,0.003,0,84.52,0.289,100,0.56,14.401,49,50.00,0.00,0,4.1,0.148
741,6263.455,AllocLarge,2B,0.388,12.5,0.104,14.31,16.826,12.826,2,7.778,1.325,0,1.67,0.003,0,84.52,0.289,100,0.56,11.201,56,35.72,0.00,0,5.3,0.091
742,6273.119,AllocLarge,2B,0.649,10.0,0.000,0.00,16.032,16.040,2,7.778,1.339,0,99.18,0.003,0,84.52,0.289,100,0.56,14.401,49,50.00,0.00,0,6.9,0.170
743,6280.392,AllocLarge,2B,0.745,20.0,0.000,0.00,16.840,12.840,2,7.778,1.339,0,1.06,0.003,0,84.52,0.289,100,0.56,11.201,56,35.72,0.00,0,9.1,0.091
744,6291.913,AllocLarge,2B,0.400,0.0,0.102,9.93,16.044,16.053,2,7.778,1.352,0,99.19,0.003,0,84.52,0.289,100,0.56,14.401,49,50.00,0.00,0,3.9,0.089
745,6299.965,AllocLarge,2B,0.817,18.2,0.000,0.00,16.853,12.852,2,7.778,1.352,0,1.64,0.003,0,84.52,0.289,100,0.56,11.201,56,35.72,0.00,0,8.5,0.128
746,6311.944,AllocLarge,2B,0.445,8.3,0.000,0.00,16.058,16.066,2,7.778,1.365,0,99.19,0.003,0,84.52,0.289,100,0.56,14.401,49,50.00,0.00,0,4.2,0.125
747,6320.256,AllocLarge,2B,0.327,9.1,0.105,12.21,16.866,12.866,2,7.778,1.365,0,1.62,0.003,0,84.52,0.289,100,0.56,11.201,56,35.72,0.00,0,3.8,0.107
748,6329.450,AllocLarge,2B,0.562,12.5,0.000,0.00,16.071,16.079,2,7.778,1.378,0,99.20,0.003,0,84.52,0.289,100,0.56,14.401,49,50.00,0.00,0,6.3,0.124
749,6337.941,AllocLarge,2B,0.450,11.1,0.000,0.00,16.879,12.879,2,7.778,1.378,0,1.60,0.003,0,84.52,0.289,100,0.56,11.201,56,35.72,0.00,0,5.0,0.109
750,6349.936,AllocLarge,2B,0.384,7.7,0.104,9.04,16.084,16.093,2,7.778,1.392,0,99.21,0.003,0,84.52,0.289,100,0.56,14.401,49,50.00,0.00,0,3.4,0.092
751,6359.559,AllocLarge,2B,0.567,16.7,0.000,0.00,16.893,12.892,2,7.778,1.392,0,1.61,0.003,0,84.52,0.289,100,0.56,11.201,56,35.72,0.00,0,5.2,0.144
752,6370.639,AllocLarge,2B,0.378,9.1,0.000,0.00,16.097,16.106,2,7.778,1.405,0,99.22,0.003,0,84.52,0.289,100,0.56,14.401,49,50.00,0.00,0,3.9,0.104
753,6378.270,AllocLarge,2B,0.408,10.0,0.103,12.57,16.906,12.905,2,7.778,1.405,0,1.58,0.003,0,84.52,0.289,100,0.56,11.201,56,35.72,0.00,0,5.0,0.113
754,6388.120,AllocLarge,2B,0.748,11.1,0.000,0.00,16.111,16.119,2,7.778,1.418,0,99.26,0.003,0,84.52,0.289,100,0.56,14.401,49,50.00,0.00,0,7.5,0.145
755,6396.583,AllocLarge,2B,0.379,12.5,0.000,0.00,16.919,12.919,2,7.778,1.418,0,1.56,0.003,0,84.52,0.289,100,0.56,11.201,56,35.72,0.00,0,4.5,0.114
756,6407.961,AllocLarge,2B,0.472,9.1,0.104,9.35,16.124,16.132,2,7.778,1.431,0,99.23,0.003,0,84.52,0.289,100,0.56,14.401,49,50.00,0.00,0,4.2,0.122
757,6415.941,AllocLarge,2B,0.504,11.1,0.000,0.00,16.932,12.932,2,7.778,1.431,0,1.54,0.003,0,84.52,0.289,100,0.56,11.201,56,35.72,0.00,0,5.9,0.107
758,6426.648,AllocLarge,2B,0.413,9.1,0.000,0.00,16.137,16.145,2,7.778,1.444,0,99.24,0.003,0,84.52,0.289,100,0.56,14.401,49,50.00,0.00,0,4.1,0.132
759,6434.026,AllocLarge,2B,0.534,10.0,0.110,13.94,16.946,12.945,2,7.778,1.444,0,1.55,0.003,0,84.52,0.289,100,0.56,11.201,56,35.72,0.00,0,6.8,0.145
760,6445.312,AllocLarge,2B,0.601,15.4,0.000,0.00,16.150,16.158,2,7.778,1.457,0,99.28,0.003,0,84.52,0.289,100,0.56,14.401,49,50.00,0.00,0,5.5,0.091
761,6454.051,AllocLarge,2B,0.434,10.0,0.000,0.00,16.959,12.958,2,7.778,1.457,0,1.52,0.003,0,84.52,0.289,100,0.56,11.201,56,35.72,0.00,0,4.8,0.133
762,6467.480,AllocLarge,2B,0.435,7.1,0.105,8.14,16.163,16.172,2,7.778,1.471,0,99.28,0.003,0,84.52,0.289,100,0.56,14.401,49,50.00,0.00,0,3.4,0.151
763,6474.507,AllocLarge,2B,0.772,22.2,0.000,0.00,16.972,12.971,2,7.778,1.471,0,0.94,0.003,0,84.52,0.289,100,0.56,11.201,56,35.72,0.00,0,9.4,0.338
764,6485.533,AllocLarge,2B,0.649,9.1,0.000,0.00,16.977,16.185,2,7.778,1.484,0,99.26,0.003,0,84.52,0.289,100,0.56,14.401,47,50.00,0.00,0,6.4,0.224
765,6494.843,AllocLarge,2B,0.312,11.1,0.110,11.84,16.985,12.993,2,7.778,1.492,0,1.48,0.003,0,84.52,0.289,100,0.56,11.201,56,35.72,0.00,0,3.4,0.083
766,6505.316,AllocLarge,2B,0.408,10.0,0.000,0.00,16.198,16.206,2,7.778,1.505,0,99.30,0.003,0,84.52,0.289,100,0.56,14.401,49,50.00,0.00,0,4.0,0.106
767,6513.613,AllocLarge,2B,0.446,10.0,0.103,11.86,17.006,13.006,2,7.778,1.505,0,1.44,0.003,0,84.52,0.289,100,0.56,11.201,56,35.72,0.00,0,5.1,0.128
768,6523.217,AllocLarge,2B,0.426,9.1,0.000,0.00,16.212,16.220,2,7.778,1.519,0,99.28,0.003,0,84.52,0.289,100,0.56,14.401,49,50.00,0.00,0,4.6,0.116
769,6530.461,AllocLarge,2B,0.553,10.0,0.000,0.00,17.020,13.020,2,7.778,1.519,0,1.48,0.003,0,84.52,0.289,100,0.56,11.201,56,35.72,0.00,0,7.2,0.149
770,6541.230,AllocLarge,2B,0.913,8.3,0.110,10.12,16.225,16.233,2,7.778,1.532,0,99.28,0.003,0,84.52,0.289,100,0.56,14.401,49,50.00,0.00,0,8.4,0.168
771,6551.560,AllocLarge,2B,0.656,16.7,0.000,0.00,17.033,13.033,2,7.778,1.532,0,1.45,0.003,0,84.52,0.289,100,0.56,11.201,56,35.72,0.00,0,6.3,0.153
772,6564.673,AllocLarge,2B,0.385,7.7,0.000,0.00,16.238,16.246,2,7.778,1.545,0,99.29,0.003,0,84.52,0.289,100,0.56,14.401,49,50.00,0.00,0,3.1,0.091
773,6572.052,AllocLarge,2B,0.588,22.2,0.104,13.07,17.046,13.046,2,7.778,1.545,0,1.43,0.003,0,84.52,0.289,100,0.56,11.201,56,35.72,0.00,0,7.4,0.145
774,6581.897,AllocLarge,2B,0.396,0.0,0.000,0.00,16.251,16.259,2,7.778,1.558,0,99.32,0.003,0,84.52,0.289,100,0.56,14.401,49,50.00,0.00,0,4.3,0.126
775,6589.803,AllocLarge,2B,0.658,18.2,0.000,0.00,17.059,13.059,2,7.778,1.558,0,1.42,0.003,0,84.52,0.289,100,0.56,11.201,56,35.72,0.00,0,7.3,0.134
776,6602.385,AllocLarge,2B,0.686,7.7,0.000,0.00,16.266,14.702,2,7.780,0.001,0,0.00,0.003,0,13.94,0.289,100,0.56,14.401,49,50.00,0.00,0,5.6,0.384
777,6602.824,AllocSmall,0F,0.418,9.1,0.004,0.33,16.266,14.702,2,0.002,0.001,52,81.43,0.003,NaN,13.94,0.289,NaN,0.56,14.401,NaN,50.00,0.00,1,3.6,0.040
778,6610.339,AllocLarge,2B,0.876,20.0,0.000,0.00,15.523,11.531,2,7.780,0.030,0,62.95,0.003,0,86.06,0.289,100,0.56,11.201,56,35.72,0.00,0,9.6,0.182
779,6620.412,AllocLarge,2B,0.380,0.0,0.000,0.00,14.740,14.748,2,7.780,0.046,0,76.28,0.003,0,86.06,0.289,100,0.56,14.401,49,50.00,0.00,0,4.3,0.086
780,6628.632,AllocLarge,2B,0.355,10.0,0.110,12.75,15.548,11.548,2,7.780,0.046,0,30.64,0.003,0,86.06,0.289,100,0.56,11.201,56,35.72,0.00,0,4.1,0.109
781,6639.205,AllocLarge,2B,0.844,18.2,0.000,0.00,14.753,14.761,2,7.780,0.059,0,81.46,0.003,0,86.06,0.289,100,0.56,14.401,49,50.00,0.00,0,7.9,0.232
782,6648.650,AllocLarge,2B,0.389,9.1,0.000,0.00,15.561,11.561,2,7.780,0.059,0,37.30,0.003,0,86.06,0.289,100,0.56,11.201,56,35.72,0.00,0,4.2,0.092
783,6661.386,AllocLarge,2B,1.052,21.4,0.110,8.33,14.766,14.774,2,7.780,0.073,0,84.85,0.003,0,86.06,0.289,100,0.56,14.401,49,50.00,0.00,0,8.0,0.186
784,6670.183,AllocLarge,2B,0.483,16.7,0.000,0.00,15.574,11.574,2,7.780,0.073,0,19.13,0.003,0,86.06,0.289,100,0.56,11.201,56,35.72,0.00,0,5.8,0.107
785,6680.373,AllocLarge,2B,0.702,8.3,0.000,0.00,14.779,14.787,2,7.780,0.086,0,87.72,0.003,0,86.06,0.289,100,0.56,14.401,49,50.00,0.00,0,6.9,0.239
786,6688.882,AllocLarge,2B,0.343,11.1,0.104,12.48,15.587,11.587,2,7.780,0.086,0,25.70,0.003,0,86.06,0.289,100,0.56,11.201,56,35.72,0.00,0,4.1,0.099
787,6698.858,AllocLarge,2B,0.474,10.0,0.000,0.00,14.792,14.801,2,7.780,0.099,0,89.37,0.003,0,86.06,0.289,100,0.56,14.401,49,50.00,0.00,0,4.8,0.161
788,6707.074,AllocLarge,2B,0.582,16.7,0.000,0.00,15.601,11.600,2,7.780,0.099,0,22.61,0.003,0,86.06,0.289,100,0.56,11.201,56,35.72,0.00,0,6.4,0.152
789,6717.715,AllocLarge,2B,0.353,10.0,0.102,10.52,14.805,14.814,2,7.780,0.112,0,90.19,0.003,0,86.06,0.289,100,0.56,14.401,49,50.00,0.00,0,3.6,0.055
790,6724.665,AllocLarge,2B,0.453,20.0,0.000,0.00,15.614,11.613,2,7.780,0.112,0,19.73,0.003,0,86.06,0.289,100,0.56,11.201,56,35.72,0.00,0,6.1,0.113
791,6736.463,AllocLarge,2B,0.354,0.0,0.000,0.00,14.819,14.827,2,7.780,0.126,0,91.23,0.003,0,86.06,0.289,100,0.56,14.401,49,50.00,0.00,0,3.1,0.122
792,6745.321,AllocLarge,2B,0.572,10.0,0.104,11.07,15.627,11.627,2,7.780,0.126,0,17.62,0.003,0,86.06,0.289,100,0.56,11.201,56,35.72,0.00,0,6.1,0.106
793,6758.603,AllocLarge,2B,0.903,6.7,0.000,0.00,14.832,14.840,2,7.780,0.139,0,92.40,0.003,0,86.06,0.289,100,0.56,14.401,49,50.00,0.00,0,6.7,0.312
794,6767.983,AllocLarge,2B,0.496,10.0,0.000,0.00,15.640,11.640,2,7.780,0.139,0,9.99,0.003,0,86.06,0.289,100,0.56,11.201,56,35.72,0.00,0,5.4,0.148
795,6777.808,AllocLarge,2B,0.473,0.0,0.110,11.71,14.845,14.854,2,7.780,0.152,0,93.07,0.003,0,86.06,0.289,100,0.56,14.401,49,50.00,0.00,0,5.0,0.107
796,6786.346,AllocLarge,2B,0.527,12.5,0.000,0.00,15.654,11.653,2,7.780,0.152,0,9.35,0.003,0,86.06,0.289,100,0.56,11.201,56,35.72,0.00,0,5.8,0.081
797,6796.636,AllocLarge,2B,0.332,0.0,0.000,0.00,14.858,14.866,2,7.780,0.165,0,93.33,0.003,0,86.06,0.289,100,0.56,14.401,49,50.00,0.00,0,3.5,0.104
798,6804.591,AllocLarge,2B,0.462,10.0,0.105,11.42,15.667,11.666,2,7.780,0.165,0,13.42,0.003,0,86.06,0.289,100,0.56,11.201,56,35.72,0.00,0,5.0,0.132
799,6865.111,AllocLarge,2B,0.352,0.0,0.000,0.00,14.872,14.880,2,7.780,0.178,0,93.83,0.003,0,86.06,0.289,100,0.56,14.401,49,50.00,0.00,0,0.6,0.086
800,6872.072,AllocLarge,2B,2.592,23.1,0.000,0.00,15.680,11.680,2,7.780,0.178,0,7.83,0.003,0,86.06,0.289,100,0.56,11.201,56,35.72,0.00,0,16.5,0.209
801,6888.995,AllocLarge,2B,0.443,10.0,0.110,13.11,15.685,14.893,2,7.780,0.192,0,94.49,0.003,0,86.06,0.289,100,0.56,14.401,47,50.00,0.00,0,5.3,0.118
802,6896.862,AllocLarge,2B,0.726,11.1,0.000,0.00,15.693,11.693,2,7.780,0.192,0,11.50,0.003,0,86.06,0.289,100,0.56,11.201,56,35.72,0.00,0,8.3,0.123
803,6917.179,AllocLarge,2B,0.597,5.9,0.000,0.00,14.898,14.906,2,7.780,0.205,0,94.85,0.003,0,86.06,0.289,100,0.56,14.401,49,50.00,0.00,0,3.0,0.169
804,6926.544,AllocLarge,2B,0.652,23.1,0.104,10.28,15.706,11.706,2,7.780,0.205,0,10.95,0.003,0,86.06,0.289,100,0.56,11.201,56,35.72,0.00,0,6.4,0.197
805,6941.038,AllocLarge,2B,0.696,12.5,0.000,0.00,14.911,14.919,2,7.780,0.218,0,94.95,0.003,0,86.06,0.289,100,0.56,14.401,49,50.00,0.00,0,5.1,0.124
806,6954.348,AllocLarge,2B,0.783,8.3,0.000,0.00,15.719,11.719,2,7.780,0.218,0,6.39,0.003,0,86.06,0.289,100,0.56,11.201,56,35.72,0.00,0,5.7,0.103
807,6968.005,AllocLarge,2B,0.880,16.7,0.110,8.39,14.924,14.933,2,7.780,0.231,0,95.24,0.003,0,86.06,0.289,100,0.56,14.401,49,50.00,0.00,0,6.7,0.148
808,6976.595,AllocLarge,2B,0.498,18.2,0.000,0.00,15.733,11.732,2,7.780,0.231,0,9.56,0.003,0,86.06,0.289,100,0.56,11.201,56,35.72,0.00,0,5.4,0.142
809,6987.194,AllocLarge,2B,0.485,9.1,0.000,0.00,14.938,14.946,2,7.780,0.245,0,95.50,0.003,0,86.06,0.289,100,0.56,14.401,49,50.00,0.00,0,5.1,0.099
810,6994.756,AllocLarge,2B,0.619,11.1,0.104,12.85,15.746,11.746,2,7.780,0.245,0,9.03,0.003,0,86.06,0.289,100,0.56,11.201,56,35.72,0.00,0,7.6,0.091
811,7004.517,AllocLarge,2B,0.523,11.1,0.000,0.00,14.951,14.959,2,7.780,0.258,0,95.73,0.003,0,86.06,0.289,100,0.56,14.401,49,50.00,0.00,0,5.6,0.135
812,7011.593,AllocLarge,2B,0.380,11.1,0.000,0.00,15.759,11.759,2,7.780,0.258,0,8.70,0.003,0,86.06,0.289,100,0.56,11.201,56,35.72,0.00,0,5.3,0.108
813,7020.588,AllocLarge,2B,0.416,0.0,0.102,11.83,14.964,14.972,2,7.780,0.271,0,95.94,0.003,0,86.06,0.289,100,0.56,14.401,49,50.00,0.00,0,4.8,0.109
814,7027.905,AllocLarge,2B,1.002,11.1,0.000,0.00,15.772,11.772,2,7.780,0.271,0,5.14,0.003,0,86.06,0.289,100,0.56,11.201,56,35.72,0.00,0,11.6,0.107
815,7039.377,AllocLarge,2B,0.416,0.0,0.000,0.00,14.977,14.986,2,7.780,0.284,0,96.13,0.003,0,86.06,0.289,100,0.56,14.401,49,50.00,0.00,0,4.1,0.108
816,7049.382,AllocLarge,2B,0.339,10.0,0.105,10.03,15.786,11.785,2,7.780,0.284,0,4.89,0.003,0,86.06,0.289,100,0.56,11.201,56,35.72,0.00,0,3.3,0.086
817,7057.425,AllocLarge,2B,0.365,0.0,0.000,0.00,14.991,14.999,2,7.780,0.297,0,96.45,0.003,0,86.06,0.289,100,0.56,14.401,49,50.00,0.00,0,4.9,0.114
818,7064.115,AllocLarge,2B,0.539,14.3,0.000,0.00,15.799,11.799,2,7.780,0.297,0,7.43,0.003,0,86.06,0.289,100,0.56,11.201,56,35.72,0.00,0,7.2,0.113
819,7074.405,AllocLarge,2B,0.633,0.0,0.104,10.57,15.004,15.012,2,7.780,0.311,0,96.46,0.003,0,86.06,0.289,100,0.56,14.401,49,50.00,0.00,0,6.5,0.088
820,7083.146,AllocLarge,2B,0.419,16.7,0.000,0.00,15.812,11.812,2,7.780,0.311,0,7.22,0.003,0,86.06,0.289,100,0.56,11.201,56,35.72,0.00,0,4.7,0.085
821,7092.814,AllocLarge,2B,0.484,9.1,0.000,0.00,15.017,15.025,2,7.780,0.324,0,96.60,0.003,0,86.06,0.289,100,0.56,14.401,49,50.00,0.00,0,4.9,0.086
822,7101.547,AllocLarge,2B,0.403,0.0,0.103,12.31,15.825,11.825,2,7.780,0.324,0,6.84,0.003,0,86.06,0.289,100,0.56,11.201,56,35.72,0.00,0,4.8,0.089
823,7111.319,AllocLarge,2B,0.472,0.0,0.000,0.00,15.030,15.038,2,7.780,0.337,0,96.87,0.003,0,86.06,0.289,100,0.56,14.401,49,50.00,0.00,0,4.9,0.146
824,7119.161,AllocLarge,2B,0.313,11.1,0.000,0.00,15.838,11.838,2,7.780,0.337,0,6.56,0.003,0,86.06,0.289,100,0.56,11.201,56,35.72,0.00,0,3.9,0.083
825,7128.265,AllocLarge,2B,0.591,11.1,0.104,11.29,15.043,15.052,2,7.780,0.350,0,96.86,0.003,0,86.06,0.289,100,0.56,14.401,49,50.00,0.00,0,6.4,0.164
826,7137.330,AllocLarge,2B,0.483,10.0,0.000,0.00,15.852,11.851,2,7.780,0.350,0,6.31,0.003,0,86.06,0.289,100,0.56,11.201,56,35.72,0.00,0,5.3,0.133
827,7149.407,AllocLarge,2B,0.457,0.0,0.000,0.00,15.057,15.065,2,7.780,0.364,0,97.10,0.003,0,86.06,0.289,100,0.56,14.401,49,50.00,0.00,0,3.9,0.117
828,7160.840,AllocLarge,2B,0.419,6.7,0.110,9.25,15.865,11.865,2,7.780,0.364,0,6.17,0.003,0,86.06,0.289,100,0.56,11.201,56,35.72,0.00,0,3.5,0.097
829,7169.899,AllocLarge,2B,0.732,11.1,0.000,0.00,15.070,15.078,2,7.780,0.377,0,97.08,0.003,0,86.06,0.289,100,0.56,14.401,49,50.00,0.00,0,8.3,0.081
830,7177.078,AllocLarge,2B,0.455,20.0,0.000,0.00,15.878,11.878,2,7.780,0.377,0,5.88,0.003,0,86.06,0.289,100,0.56,11.201,56,35.72,0.00,0,6.2,0.096
831,7187.438,AllocLarge,2B,0.579,9.1,0.105,10.34,15.083,15.091,2,7.780,0.390,0,97.18,0.003,0,86.06,0.289,100,0.56,14.401,49,50.00,0.00,0,5.7,0.102
832,7195.732,AllocLarge,2B,0.485,11.1,0.000,0.00,15.891,11.891,2,7.780,0.390,0,5.67,0.003,0,86.06,0.289,100,0.56,11.201,56,35.72,0.00,0,5.8,0.139
833,7206.765,AllocLarge,2B,0.641,9.1,0.000,0.00,15.096,15.105,2,7.780,0.403,0,97.38,0.003,0,86.06,0.289,100,0.56,14.401,49,50.00,0.00,0,5.9,0.140
834,7215.439,AllocLarge,2B,0.433,9.1,0.110,12.24,15.905,11.904,2,7.780,0.403,0,3.44,0.003,0,86.06,0.289,100,0.56,11.201,56,35.72,0.00,0,4.8,0.144
835,7224.604,AllocLarge,2B,0.584,10.0,0.000,0.00,15.110,15.118,2,7.780,0.417,0,97.47,0.003,0,86.06,0.289,100,0.56,14.401,49,50.00,0.00,0,6.7,0.124
836,7231.465,AllocLarge,2B,0.741,0.0,0.000,0.00,15.918,11.918,2,7.780,0.417,0,5.39,0.003,0,86.06,0.289,100,0.56,11.201,56,35.72,0.00,0,9.9,0.147
837,7242.623,AllocLarge,2B,0.490,8.3,0.105,10.00,15.123,15.131,2,7.780,0.429,0,97.44,0.003,0,86.06,0.289,100,0.56,14.401,49,50.00,0.00,0,4.7,0.088
838,7251.406,AllocLarge,2B,0.408,10.0,0.000,0.00,15.931,11.931,2,7.780,0.429,0,5.16,0.003,0,86.06,0.289,100,0.56,11.201,56,35.72,0.00,0,4.5,0.134
839,7263.240,AllocLarge,2B,0.284,8.3,0.000,0.00,15.136,15.144,2,7.780,0.443,0,97.51,0.003,0,86.06,0.289,100,0.56,14.401,49,50.00,0.00,0,2.5,0.082
840,7268.626,AllocLarge,2B,0.348,14.3,0.110,18.82,15.944,11.944,2,7.780,0.443,0,5.00,0.003,0,86.06,0.289,100,0.56,11.201,56,35.72,0.00,0,5.9,0.107
841,7275.921,AllocLarge,2B,0.277,0.0,0.000,0.00,15.149,15.157,2,7.780,0.456,0,97.69,0.003,0,86.06,0.289,100,0.56,14.401,49,50.00,0.00,0,4.1,0.087
842,7281.277,AllocLarge,2B,0.267,20.0,0.000,0.00,15.957,11.957,2,7.780,0.456,0,4.84,0.003,0,86.06,0.289,100,0.56,11.201,56,35.72,0.00,0,4.7,0.079
843,7288.364,AllocLarge,2B,0.313,14.3,0.104,15.22,15.163,15.171,2,7.780,0.469,0,97.65,0.003,0,86.06,0.289,100,0.56,14.401,49,50.00,0.00,0,4.6,0.080
844,7293.742,AllocLarge,2B,0.287,0.0,0.000,0.00,15.971,11.971,2,7.780,0.469,0,4.78,0.003,0,86.06,0.289,100,0.56,11.201,56,35.72,0.00,0,5.1,0.079
845,7300.834,AllocLarge,2B,0.394,12.5,0.102,14.71,15.176,15.184,2,7.780,0.482,0,97.72,0.003,0,86.06,0.289,100,0.56,14.401,49,50.00,0.00,0,5.7,0.084
846,7306.319,AllocLarge,2B,0.279,0.0,0.000,0.00,15.984,11.984,2,7.780,0.482,0,4.59,0.003,0,86.06,0.289,100,0.56,11.201,56,35.72,0.00,0,5.0,0.081
847,7313.263,AllocLarge,2B,0.277,12.5,0.000,0.00,15.189,15.197,2,7.780,0.496,0,97.78,0.003,0,86.06,0.289,100,0.56,14.401,49,50.00,0.00,0,4.2,0.077
848,7318.588,AllocLarge,2B,0.299,14.3,0.104,18.03,15.997,11.997,2,7.780,0.496,0,4.46,0.003,0,86.06,0.289,100,0.56,11.201,56,35.72,0.00,0,5.2,0.083
849,7325.780,AllocLarge,2B,0.266,0.0,0.000,0.00,15.202,15.210,2,7.780,0.509,0,97.84,0.003,0,86.06,0.289,100,0.56,14.401,49,50.00,0.00,0,3.9,0.080
850,7331.133,AllocLarge,2B,0.291,0.0,0.000,0.00,16.010,12.010,2,7.780,0.509,0,4.34,0.003,0,86.06,0.289,100,0.56,11.201,56,35.72,0.00,0,5.1,0.083
851,7338.283,AllocLarge,2B,0.283,12.5,0.110,15.95,15.215,15.224,2,7.780,0.522,0,97.89,0.003,0,86.06,0.289,100,0.56,14.401,49,50.00,0.00,0,4.1,0.080
852,7343.685,AllocLarge,2B,0.277,16.7,0.000,0.00,16.024,12.023,2,7.780,0.522,0,4.30,0.003,0,86.06,0.289,100,0.56,11.201,56,35.72,0.00,0,4.9,0.077
853,7350.767,AllocLarge,2B,0.260,0.0,0.000,0.00,15.228,15.237,2,7.780,0.535,0,97.94,0.003,0,86.06,0.289,100,0.56,14.401,49,50.00,0.00,0,3.8,0.078
854,7356.064,AllocLarge,2B,0.257,16.7,0.105,18.80,16.037,12.036,2,7.780,0.535,0,4.14,0.003,0,86.06,0.289,100,0.56,11.201,56,35.72,0.00,0,4.6,0.079
855,7363.027,AllocLarge,2B,0.274,0.0,0.000,0.00,15.242,15.250,2,7.780,0.549,0,97.99,0.003,0,86.06,0.289,100,0.56,14.401,49,50.00,0.00,0,4.1,0.081
856,7368.781,AllocLarge,2B,0.330,0.0,0.000,0.00,16.050,12.050,2,7.780,0.549,0,4.03,0.003,0,86.06,0.289,100,0.56,11.201,56,35.72,0.00,0,5.3,0.094
857,7375.876,AllocLarge,2B,0.274,12.5,0.110,16.44,15.255,15.263,2,7.780,0.562,0,98.04,0.003,0,86.06,0.289,100,0.56,14.401,49,50.00,0.00,0,4.1,0.078
858,7381.178,AllocLarge,2B,0.297,14.3,0.000,0.00,16.063,12.063,2,7.780,0.562,0,3.93,0.003,0,86.06,0.289,100,0.56,11.201,56,35.72,0.00,0,5.3,0.085
859,7388.495,AllocLarge,2B,0.277,0.0,0.000,0.00,15.268,15.277,2,7.780,0.575,0,98.09,0.003,0,86.06,0.289,100,0.56,14.401,49,50.00,0.00,0,4.0,0.079
860,7393.873,AllocLarge,2B,0.287,0.0,0.105,18.46,16.077,12.076,2,7.780,0.575,0,3.90,0.003,0,86.06,0.289,100,0.56,11.201,56,35.72,0.00,0,5.1,0.096
861,7400.850,AllocLarge,2B,0.281,0.0,0.000,0.00,15.281,15.289,2,7.780,0.588,0,98.13,0.003,0,86.06,0.289,100,0.56,14.401,49,50.00,0.00,0,4.2,0.079
862,7406.121,AllocLarge,2B,0.279,16.7,0.000,0.00,16.090,12.089,2,7.780,0.588,0,3.77,0.003,0,86.06,0.289,100,0.56,11.201,56,35.72,0.00,0,5.0,0.080
863,7413.095,AllocLarge,2B,0.300,14.3,0.110,16.51,15.295,15.303,2,7.780,0.601,0,98.17,0.003,0,86.06,0.289,100,0.56,14.401,49,50.00,0.00,0,4.5,0.080
864,7418.492,AllocLarge,2B,0.299,14.3,0.000,0.00,16.103,12.103,2,7.780,0.601,0,3.68,0.003,0,86.06,0.289,100,0.56,11.201,56,35.72,0.00,0,5.2,0.084
865,7425.553,AllocLarge,2B,0.301,14.3,0.000,0.00,15.308,15.316,2,7.780,0.615,0,98.21,0.003,0,86.06,0.289,100,0.56,14.401,49,50.00,0.00,0,4.5,0.081
866,7430.900,AllocLarge,2B,0.277,0.0,0.104,18.63,16.116,12.116,2,7.780,0.615,0,3.59,0.003,0,86.06,0.289,100,0.56,11.201,56,35.72,0.00,0,4.9,0.082
867,7437.844,AllocLarge,2B,0.259,14.3,0.000,0.00,15.321,15.329,2,7.780,0.628,0,98.25,0.003,0,86.06,0.289,100,0.56,14.401,49,50.00,0.00,0,3.9,0.077
868,7443.087,AllocLarge,2B,0.287,12.5,0.000,0.00,16.129,12.129,2,7.780,0.628,0,3.57,0.003,0,86.06,0.289,100,0.56,11.201,56,35.72,0.00,0,5.2,0.098
869,7450.113,AllocLarge,2B,0.308,12.5,0.102,15.15,15.334,15.342,2,7.780,0.641,0,98.28,0.003,0,86.06,0.289,100,0.56,14.401,49,50.00,0.00,0,4.6,0.097
870,7455.642,AllocLarge,2B,0.269,0.0,0.000,0.00,16.142,12.142,2,7.780,0.641,0,3.46,0.003,0,86.06,0.289,100,0.56,11.201,56,35.72,0.00,0,4.7,0.079
871,7463.428,AllocLarge,2B,0.388,0.0,0.000,0.00,15.347,15.356,2,7.780,0.654,0,98.39,0.003,0,86.06,0.289,100,0.56,14.401,49,50.00,0.00,0,5.1,0.120
872,7469.643,AllocLarge,2B,0.321,0.0,0.104,15.91,16.156,12.155,2,7.780,0.654,0,2.12,0.003,0,86.06,0.289,100,0.56,11.201,56,35.72,0.00,0,4.9,0.085
873,7476.898,AllocLarge,2B,0.277,0.0,0.000,0.00,15.361,15.369,2,7.780,0.668,0,98.35,0.003,0,86.06,0.289,100,0.56,14.401,49,50.00,0.00,0,4.1,0.079
874,7482.150,AllocLarge,2B,0.255,28.6,0.000,0.00,16.169,12.169,2,7.780,0.668,0,2.08,0.003,0,86.06,0.289,100,0.56,11.201,56,35.72,0.00,0,4.5,0.076
875,7489.042,AllocLarge,2B,0.258,0.0,0.110,16.94,15.374,15.382,2,7.780,0.681,0,98.38,0.003,0,86.06,0.289,100,0.56,14.401,49,50.00,0.00,0,4.0,0.077
876,7494.322,AllocLarge,2B,0.294,14.3,0.000,0.00,16.182,12.182,2,7.780,0.681,0,2.09,0.003,0,86.06,0.289,100,0.56,11.201,56,35.72,0.00,0,5.1,0.079
877,7501.605,AllocLarge,2B,0.274,0.0,0.000,0.00,15.387,15.395,2,7.780,0.694,0,98.41,0.003,0,86.06,0.289,100,0.56,14.401,49,50.00,0.00,0,4.0,0.080
878,7507.114,AllocLarge,2B,0.283,12.5,0.105,17.65,16.195,12.195,2,7.780,0.694,0,2.01,0.003,0,86.06,0.289,100,0.56,11.201,56,35.72,0.00,0,4.8,0.082
879,7514.160,AllocLarge,2B,0.296,0.0,0.000,0.00,15.400,15.408,2,7.780,0.707,0,98.44,0.003,0,86.06,0.289,100,0.56,14.401,49,50.00,0.00,0,4.5,0.083
880,7519.573,AllocLarge,2B,0.281,0.0,0.000,0.00,16.209,12.208,2,7.780,0.707,0,1.97,0.003,0,86.06,0.289,100,0.56,11.201,56,35.72,0.00,0,4.9,0.081
881,7526.606,AllocLarge,2B,0.273,12.5,0.110,16.47,15.414,15.422,2,7.780,0.720,0,98.47,0.003,0,86.06,0.289,100,0.56,14.401,49,50.00,0.00,0,4.1,0.082
882,7531.875,AllocLarge,2B,0.257,16.7,0.000,0.00,16.222,12.222,2,7.780,0.720,0,1.92,0.003,0,86.06,0.289,100,0.56,11.201,56,35.72,0.00,0,4.6,0.079
883,7539.022,AllocLarge,2B,0.293,0.0,0.000,0.00,15.427,15.435,2,7.780,0.734,0,98.56,0.003,0,86.06,0.289,100,0.56,14.401,49,50.00,0.00,0,4.3,0.087
884,7544.446,AllocLarge,2B,0.261,14.3,0.105,17.36,16.235,12.235,2,7.780,0.734,0,1.94,0.003,0,86.06,0.289,100,0.56,11.201,56,35.72,0.00,0,4.3,0.051
885,7551.808,AllocLarge,2B,0.290,0.0,0.000,0.00,16.240,15.448,2,7.780,0.747,0,98.53,0.003,0,86.06,0.289,100,0.56,14.401,47,50.00,0.00,0,4.3,0.083
886,7557.255,AllocLarge,2B,0.294,14.3,0.000,0.00,16.248,12.248,2,7.780,0.747,0,1.87,0.003,0,86.06,0.289,100,0.56,11.201,56,35.72,0.00,0,5.0,0.083
887,7564.492,AllocLarge,2B,0.299,25.0,0.110,16.25,15.453,15.461,2,7.780,0.760,0,98.55,0.003,0,86.06,0.289,100,0.56,14.401,49,50.00,0.00,0,4.4,0.099
888,7569.993,AllocLarge,2B,0.367,14.3,0.000,0.00,16.261,12.261,2,7.780,0.760,0,1.83,0.003,0,86.06,0.289,100,0.56,11.201,56,35.72,0.00,0,6.0,0.102
889,7577.406,AllocLarge,2B,0.286,12.5,0.000,0.00,15.466,15.475,2,7.780,0.773,0,98.58,0.003,0,86.06,0.289,100,0.56,14.401,49,50.00,0.00,0,4.2,0.080
890,7582.870,AllocLarge,2B,0.281,14.3,0.104,17.76,16.275,12.274,2,7.780,0.773,0,1.79,0.003,0,86.06,0.289,100,0.56,11.201,56,35.72,0.00,0,4.8,0.081
891,7590.021,AllocLarge,2B,0.274,0.0,0.000,0.00,15.480,15.488,2,7.780,0.787,0,98.60,0.003,0,86.06,0.289,100,0.56,14.401,49,50.00,0.00,0,4.1,0.080
892,7595.389,AllocLarge,2B,0.291,0.0,0.000,0.00,16.288,12.288,2,7.780,0.787,0,1.81,0.003,0,86.06,0.289,100,0.56,11.201,56,35.72,0.00,0,5.0,0.077
893,7602.668,AllocLarge,2B,0.315,14.3,0.102,14.80,15.493,15.501,2,7.780,0.800,0,98.62,0.003,0,86.06,0.289,100,0.56,14.401,49,50.00,0.00,0,4.6,0.118
894,7608.038,AllocLarge,2B,0.252,14.3,0.000,0.00,16.301,12.301,2,7.780,0.800,0,1.74,0.003,0,86.06,0.289,100,0.56,11.201,56,35.72,0.00,0,4.4,0.078
895,7615.052,AllocLarge,2B,0.298,0.0,0.000,0.00,15.506,15.514,2,7.780,0.813,0,98.65,0.003,0,86.06,0.289,100,0.56,14.401,49,50.00,0.00,0,4.6,0.079
896,7620.417,AllocLarge,2B,0.286,0.0,0.105,18.01,16.314,12.314,2,7.780,0.813,0,1.71,0.003,0,86.06,0.289,100,0.56,11.201,56,35.72,0.00,0,4.9,0.085
897,7627.656,AllocLarge,2B,0.303,0.0,0.000,0.00,15.519,15.528,2,7.780,0.826,0,98.67,0.003,0,86.06,0.289,100,0.56,14.401,49,50.00,0.00,0,4.4,0.081
898,7633.157,AllocLarge,2B,0.337,14.3,0.000,0.00,16.328,12.327,2,7.780,0.826,0,1.68,0.003,0,86.06,0.289,100,0.56,11.201,56,35.72,0.00,0,5.6,0.103
899,7641.440,AllocLarge,2B,0.530,11.1,0.104,12.89,15.533,15.541,2,7.780,0.840,0,98.69,0.003,0,86.06,0.289,100,0.56,14.401,49,50.00,0.00,0,6.6,0.201
900,7647.877,AllocLarge,2B,0.475,12.5,0.000,0.00,16.341,12.341,2,7.780,0.840,0,1.69,0.003,0,86.06,0.289,100,0.56,11.201,56,35.72,0.00,0,6.8,0.120
901,7657.386,AllocLarge,2B,0.508,9.1,0.000,0.00,15.546,15.554,2,7.780,0.852,0,98.71,0.003,0,86.06,0.289,100,0.56,14.401,49,50.00,0.00,0,5.7,0.114
902,7663.899,AllocLarge,2B,0.320,12.5,0.103,15.53,16.354,12.354,2,7.780,0.852,0,1.63,0.003,0,86.06,0.289,100,0.56,11.201,56,35.72,0.00,0,4.8,0.084
903,7671.392,AllocLarge,2B,0.323,0.0,0.000,0.00,15.559,15.567,2,7.780,0.866,0,98.73,0.003,0,86.06,0.289,100,0.56,14.401,49,50.00,0.00,0,4.6,0.086
904,7676.995,AllocLarge,2B,0.332,14.3,0.104,17.52,16.367,12.367,2,7.780,0.866,0,2.56,0.003,0,86.06,0.289,100,0.56,11.201,56,35.72,0.00,0,5.6,0.119
905,7684.472,AllocLarge,2B,0.314,12.5,0.000,0.00,15.572,15.580,2,7.780,0.879,0,98.75,0.003,0,86.06,0.289,100,0.56,14.401,49,50.00,0.00,0,4.4,0.079
906,7689.968,AllocLarge,2B,0.320,14.3,0.000,0.00,16.380,12.380,2,7.780,0.879,0,2.51,0.003,0,86.06,0.289,100,0.56,11.201,56,35.72,0.00,0,5.5,0.081
907,7697.280,AllocLarge,2B,0.475,11.1,0.000,0.00,15.586,15.594,2,7.780,0.892,0,98.77,0.003,0,86.06,0.289,100,0.56,14.401,49,50.00,0.00,0,6.5,0.106
908,7703.160,AllocLarge,2B,0.288,0.0,0.110,18.98,16.394,12.394,2,7.780,0.892,0,2.52,0.003,0,86.06,0.289,100,0.56,11.201,56,35.72,0.00,0,5.0,0.079
909,7710.197,AllocLarge,2B,0.339,12.5,0.000,0.00,15.598,15.607,2,7.780,0.905,0,98.78,0.003,0,86.06,0.289,100,0.56,14.401,49,50.00,0.00,0,5.0,0.082
910,7715.761,AllocLarge,2B,0.283,0.0,0.000,0.00,16.407,12.406,2,7.780,0.905,0,2.45,0.003,0,86.06,0.289,100,0.56,11.201,56,35.72,0.00,0,4.9,0.081
911,7723.027,AllocLarge,2B,0.313,12.5,0.105,14.95,15.612,15.620,2,7.780,0.919,0,98.80,0.003,0,86.06,0.289,100,0.56,14.401,49,50.00,0.00,0,4.5,0.080
912,7728.612,AllocLarge,2B,0.307,0.0,0.000,0.00,16.420,12.420,2,7.780,0.919,0,2.41,0.003,0,86.06,0.289,100,0.56,11.201,56,35.72,0.00,0,5.2,0.085
913,7736.006,AllocLarge,2B,0.350,25.0,0.000,0.00,15.625,15.633,2,7.780,0.932,0,98.82,0.003,0,86.06,0.289,100,0.56,14.401,49,50.00,0.00,0,4.8,0.105
914,7741.539,AllocLarge,2B,0.305,20.0,0.110,19.37,16.433,12.433,2,7.780,0.932,0,2.37,0.003,0,86.06,0.289,100,0.56,11.201,56,35.72,0.00,0,5.4,0.098
915,7748.745,AllocLarge,2B,0.281,0.0,0.000,0.00,15.638,15.647,2,7.780,0.945,0,98.84,0.003,0,86.06,0.289,100,0.56,14.401,49,50.00,0.00,0,4.1,0.079
916,7754.111,AllocLarge,2B,0.320,33.3,0.105,18.34,16.447,12.446,2,7.780,0.945,0,2.37,0.003,0,86.06,0.289,100,0.56,11.201,56,35.72,0.00,0,5.6,0.108
917,7761.753,AllocLarge,2B,0.281,0.0,0.000,0.00,15.651,15.660,2,7.780,0.958,0,98.85,0.003,0,86.06,0.289,100,0.56,14.401,49,50.00,0.00,0,3.8,0.078
918,7767.084,AllocLarge,2B,0.288,0.0,0.000,0.00,16.460,12.459,2,7.780,0.958,0,2.31,0.003,0,86.06,0.289,100,0.56,11.201,56,35.72,0.00,0,5.1,0.100
919,7774.011,AllocLarge,2B,0.320,0.0,0.000,0.00,15.665,15.673,2,7.780,0.971,0,98.87,0.003,0,86.06,0.289,100,0.56,14.401,49,50.00,0.00,0,4.7,0.083
920,7779.782,AllocLarge,2B,0.284,14.3,0.110,18.35,16.473,12.473,2,7.780,0.971,0,2.28,0.003,0,86.06,0.289,100,0.56,11.201,56,35.72,0.00,0,4.7,0.080
921,7787.072,AllocLarge,2B,0.331,14.3,0.000,0.00,15.678,15.686,2,7.780,0.985,0,98.88,0.003,0,86.06,0.289,100,0.56,14.401,49,50.00,0.00,0,4.7,0.102
922,7792.722,AllocLarge,2B,0.321,16.7,0.000,0.00,16.486,12.486,2,7.780,0.985,0,2.24,0.003,0,86.06,0.289,100,0.56,11.201,56,35.72,0.00,0,5.5,0.082
923,7800.131,AllocLarge,2B,0.313,12.5,0.104,14.52,15.691,15.699,2,7.780,0.998,0,98.90,0.003,0,86.06,0.289,100,0.56,14.401,49,50.00,0.00,0,4.4,0.077
924,7805.499,AllocLarge,2B,0.288,16.7,0.000,0.00,16.500,12.499,2,7.780,0.998,0,2.25,0.003,0,86.06,0.289,100,0.56,11.201,56,35.72,0.00,0,5.1,0.096
925,7812.315,AllocLarge,2B,0.251,0.0,0.102,15.81,15.704,15.712,2,7.780,1.011,0,98.91,0.003,0,86.06,0.289,100,0.56,14.401,49,50.00,0.00,0,3.9,0.092
926,7817.516,AllocLarge,2B,0.250,16.7,0.000,0.00,16.513,12.512,2,7.780,1.011,0,2.19,0.003,0,86.06,0.289,100,0.56,11.201,56,35.72,0.00,0,4.6,0.082
927,7824.492,AllocLarge,2B,0.272,0.0,0.000,0.00,15.717,15.726,2,7.780,1.024,0,98.93,0.003,0,86.06,0.289,100,0.56,14.401,49,50.00,0.00,0,4.0,0.077
928,7829.776,AllocLarge,2B,0.316,16.7,0.104,18.34,16.526,12.525,2,7.780,1.024,0,2.16,0.003,0,86.06,0.289,100,0.56,11.201,56,35.72,0.00,0,5.6,0.101
929,7837.007,AllocLarge,2B,0.276,14.3,0.000,0.00,15.731,15.739,2,7.780,1.038,0,98.94,0.003,0,86.06,0.289,100,0.56,14.401,49,50.00,0.00,0,4.0,0.081
930,7842.361,AllocLarge,2B,0.359,14.3,0.000,0.00,16.539,12.539,2,7.780,1.038,0,2.13,0.003,0,86.06,0.289,100,0.56,11.201,56,35.72,0.00,0,6.4,0.104
931,7849.488,AllocLarge,2B,0.275,0.0,0.110,16.04,15.744,15.752,2,7.780,1.051,0,98.95,0.003,0,86.06,0.289,100,0.56,14.401,49,50.00,0.00,0,4.0,0.084
932,7854.880,AllocLarge,2B,0.304,16.7,0.000,0.00,16.552,12.552,2,7.780,1.051,0,2.14,0.003,0,86.06,0.289,100,0.56,11.201,56,35.72,0.00,0,5.4,0.079
933,7861.930,AllocLarge,2B,0.292,12.5,0.000,0.00,15.757,15.765,2,7.780,1.064,0,98.97,0.003,0,86.06,0.289,100,0.56,14.401,49,50.00,0.00,0,4.3,0.074
934,7867.570,AllocLarge,2B,0.530,0.0,0.105,16.89,16.565,12.565,2,7.780,1.064,0,1.31,0.003,0,86.06,0.289,100,0.56,11.201,56,35.72,0.00,0,8.5,0.102
935,7875.356,AllocLarge,2B,0.332,14.3,0.000,0.00,15.770,15.779,2,7.780,1.077,0,98.98,0.003,0,86.06,0.289,100,0.56,14.401,49,50.00,0.00,0,4.6,0.081
936,7881.118,AllocLarge,2B,0.274,12.5,0.000,0.00,16.579,12.578,2,7.780,1.077,0,2.05,0.003,0,86.06,0.289,100,0.56,11.201,56,35.72,0.00,0,4.6,0.082
937,7888.542,AllocLarge,2B,0.296,0.0,0.110,15.36,15.784,15.792,2,7.780,1.091,0,98.99,0.003,0,86.06,0.289,100,0.56,14.401,49,50.00,0.00,0,4.1,0.085
938,7894.326,AllocLarge,2B,0.318,16.7,0.000,0.00,16.592,12.592,2,7.780,1.091,0,2.03,0.003,0,86.06,0.289,100,0.56,11.201,56,35.72,0.00,0,5.2,0.115
939,7901.829,AllocLarge,2B,0.336,25.0,0.000,0.00,15.797,15.805,2,7.780,1.104,0,99.00,0.003,0,86.06,0.289,100,0.56,14.401,49,50.00,0.00,0,4.6,0.106
940,7907.605,AllocLarge,2B,0.323,14.3,0.105,17.29,16.605,12.605,2,7.780,1.104,0,2.03,0.003,0,86.06,0.289,100,0.56,11.201,56,35.72,0.00,0,5.3,0.078
941,7915.092,AllocLarge,2B,0.309,0.0,0.000,0.00,15.810,15.818,2,7.780,1.117,0,99.01,0.003,0,86.06,0.289,100,0.56,14.401,49,50.00,0.00,0,4.3,0.082
942,7921.009,AllocLarge,2B,0.352,14.3,0.000,0.00,16.618,12.618,2,7.780,1.117,0,1.98,0.003,0,86.06,0.289,100,0.56,11.201,56,35.72,0.00,0,5.5,0.085
943,7929.147,AllocLarge,2B,0.273,0.0,0.110,14.50,15.823,15.831,2,7.780,1.130,0,99.03,0.003,0,86.06,0.289,100,0.56,14.401,49,50.00,0.00,0,3.6,0.077
944,7934.750,AllocLarge,2B,0.336,16.7,0.000,0.00,16.632,12.631,2,7.780,1.130,0,1.96,0.003,0,86.06,0.289,100,0.56,11.201,56,35.72,0.00,0,5.7,0.107
945,7942.384,AllocLarge,2B,0.372,0.0,0.000,0.00,15.837,15.845,2,7.780,1.143,0,99.04,0.003,0,86.06,0.289,100,0.56,14.401,49,50.00,0.00,0,5.0,0.115
946,7948.414,AllocLarge,2B,0.338,14.3,0.104,16.60,16.645,12.645,2,7.780,1.143,0,1.93,0.003,0,86.06,0.289,100,0.56,11.201,56,35.72,0.00,0,5.4,0.108
947,7956.137,AllocLarge,2B,0.333,12.5,0.000,0.00,15.850,15.858,2,7.780,1.157,0,99.05,0.003,0,86.06,0.289,100,0.56,14.401,49,50.00,0.00,0,4.5,0.103
948,7961.866,AllocLarge,2B,0.314,14.3,0.000,0.00,16.658,12.658,2,7.780,1.157,0,1.94,0.003,0,86.06,0.289,100,0.56,11.201,56,35.72,0.00,0,5.2,0.082
949,7969.557,AllocLarge,2B,0.315,12.5,0.102,13.84,15.863,15.871,2,7.780,1.170,0,99.10,0.003,0,86.06,0.289,100,0.56,14.401,49,50.00,0.00,0,4.2,0.097
950,7975.243,AllocLarge,2B,0.338,16.7,0.000,0.00,16.671,12.671,2,7.780,1.170,0,1.89,0.003,0,86.06,0.289,100,0.56,11.201,56,35.72,0.00,0,5.6,0.086
951,7982.858,AllocLarge,2B,0.304,0.0,0.000,0.00,15.876,15.884,2,7.780,1.183,0,99.11,0.003,0,86.06,0.289,100,0.56,14.401,49,50.00,0.00,0,4.2,0.090
952,7988.790,AllocLarge,2B,0.291,22.2,0.104,16.70,16.684,12.684,2,7.780,1.183,0,1.87,0.003,0,86.06,0.289,100,0.56,11.201,56,35.72,0.00,0,4.7,0.084
953,7996.315,AllocLarge,2B,0.305,0.0,0.000,0.00,15.889,15.898,2,7.780,1.196,0,99.08,0.003,0,86.06,0.289,100,0.56,14.401,49,50.00,0.00,0,4.2,0.082
954,8002.088,AllocLarge,2B,0.355,12.5,0.000,0.00,16.698,12.697,2,7.780,1.196,0,1.85,0.003,0,86.06,0.289,100,0.56,11.201,56,35.72,0.00,0,5.8,0.085
955,8009.829,AllocLarge,2B,0.327,0.0,0.110,14.83,15.903,15.911,2,7.780,1.210,0,99.09,0.003,0,86.06,0.289,100,0.56,14.401,49,50.00,0.00,0,4.4,0.084
956,8015.728,AllocLarge,2B,0.300,0.0,0.000,0.00,16.711,12.711,2,7.780,1.210,0,1.86,0.003,0,86.06,0.289,100,0.56,11.201,56,35.72,0.00,0,4.9,0.084
957,8023.244,AllocLarge,2B,0.293,14.3,0.000,0.00,15.916,15.924,2,7.780,1.223,0,99.10,0.003,0,86.06,0.289,100,0.56,14.401,49,50.00,0.00,0,4.0,0.078
958,8029.071,AllocLarge,2B,0.317,14.3,0.105,17.14,16.724,12.724,2,7.780,1.223,0,1.81,0.003,0,86.06,0.289,100,0.56,11.201,56,35.72,0.00,0,5.2,0.091
959,8036.695,AllocLarge,2B,0.310,11.1,0.000,0.00,15.929,15.937,2,7.780,1.236,0,99.11,0.003,0,86.06,0.289,100,0.56,14.401,49,50.00,0.00,0,4.2,0.095
960,8042.361,AllocLarge,2B,0.314,14.3,0.000,0.00,16.737,12.737,2,7.780,1.236,0,1.79,0.003,0,86.06,0.289,100,0.56,11.201,56,35.72,0.00,0,5.3,0.102
961,8049.927,AllocLarge,2B,0.331,0.0,0.110,14.95,15.942,15.951,2,7.780,1.249,0,99.12,0.003,0,86.06,0.289,100,0.56,14.401,49,50.00,0.00,0,4.5,0.084
962,8055.740,AllocLarge,2B,0.375,14.3,0.000,0.00,16.751,12.750,2,7.780,1.249,0,1.77,0.003,0,86.06,0.289,100,0.56,11.201,56,35.72,0.00,0,6.0,0.089
963,8063.504,AllocLarge,2B,0.317,0.0,0.000,0.00,15.956,15.964,2,7.780,1.262,0,99.13,0.003,0,86.06,0.289,100,0.56,14.401,49,50.00,0.00,0,4.3,0.084
964,8069.275,AllocLarge,2B,0.300,16.7,0.105,17.29,16.764,12.764,2,7.780,1.262,0,1.78,0.003,0,86.06,0.289,100,0.56,11.201,56,35.72,0.00,0,4.9,0.084
965,8076.761,AllocLarge,2B,0.303,0.0,0.000,0.00,15.969,15.977,2,7.780,1.275,0,99.14,0.003,0,86.06,0.289,100,0.56,14.401,49,50.00,0.00,0,4.2,0.096
966,8082.249,AllocLarge,2B,0.303,16.7,0.000,0.00,16.777,12.777,2,7.780,1.275,0,1.74,0.003,0,86.06,0.289,100,0.56,11.201,56,35.72,0.00,0,5.2,0.083
967,8089.708,AllocLarge,2B,0.346,12.5,0.110,15.29,15.982,15.990,2,7.780,1.289,0,99.15,0.003,0,86.06,0.289,100,0.56,14.401,49,50.00,0.00,0,4.8,0.117
968,8095.475,AllocLarge,2B,0.336,16.7,0.000,0.00,16.790,12.790,2,7.780,1.289,0,1.72,0.003,0,86.06,0.289,100,0.56,11.201,56,35.72,0.00,0,5.5,0.091
969,8103.127,AllocLarge,2B,0.403,12.5,0.000,0.00,15.995,16.003,2,7.780,1.302,0,99.15,0.003,0,86.06,0.289,100,0.56,14.401,49,50.00,0.00,0,5.4,0.084
970,8109.088,AllocLarge,2B,0.318,16.7,0.104,17.18,16.803,12.803,2,7.780,1.302,0,1.70,0.003,0,86.06,0.289,100,0.56,11.201,56,35.72,0.00,0,5.2,0.083
971,8116.533,AllocLarge,2B,0.304,12.5,0.000,0.00,16.008,16.017,2,7.780,1.315,0,99.16,0.003,0,86.06,0.289,100,0.56,14.401,49,50.00,0.00,0,4.2,0.083
972,8122.184,AllocLarge,2B,0.314,0.0,0.000,0.00,16.817,12.816,2,7.780,1.315,0,1.71,0.003,0,86.06,0.289,100,0.56,11.201,56,35.72,0.00,0,5.3,0.082
973,8129.556,AllocLarge,2B,0.283,12.5,0.102,14.47,16.021,16.030,2,7.780,1.328,0,99.17,0.003,0,86.06,0.289,100,0.56,14.401,49,50.00,0.00,0,4.0,0.081
974,8135.105,AllocLarge,2B,0.305,14.3,0.000,0.00,16.830,12.829,2,7.780,1.328,0,1.67,0.003,0,86.06,0.289,100,0.56,11.201,56,35.72,0.00,0,5.2,0.101
975,8142.480,AllocLarge,2B,0.280,0.0,0.000,0.00,16.035,16.043,2,7.780,1.342,0,99.18,0.003,0,86.06,0.289,100,0.56,14.401,49,50.00,0.00,0,4.0,0.080
976,8148.133,AllocLarge,2B,0.339,14.3,0.105,17.36,16.843,12.843,2,7.780,1.342,0,1.65,0.003,0,86.06,0.289,100,0.56,11.201,56,35.72,0.00,0,5.6,0.103
977,8155.575,AllocLarge,2B,0.280,0.0,0.000,0.00,16.048,16.056,2,7.780,1.355,0,99.19,0.003,0,86.06,0.289,100,0.56,14.401,49,50.00,0.00,0,4.0,0.079
978,8161.017,AllocLarge,2B,0.302,16.7,0.000,0.00,16.856,12.856,2,7.780,1.355,0,1.63,0.003,0,86.06,0.289,100,0.56,11.201,56,35.72,0.00,0,5.3,0.097
979,8168.329,AllocLarge,2B,0.336,0.0,0.104,14.65,16.061,16.070,2,7.780,1.368,0,99.20,0.003,0,86.06,0.289,100,0.56,14.401,49,50.00,0.00,0,4.7,0.096
980,8173.806,AllocLarge,2B,0.311,16.7,0.000,0.00,16.870,12.869,2,7.780,1.368,0,1.64,0.003,0,86.06,0.289,100,0.56,11.201,56,35.72,0.00,0,5.4,0.080
981,8180.946,AllocLarge,2B,0.316,12.5,0.000,0.00,16.074,16.083,2,7.780,1.381,0,99.20,0.003,0,86.06,0.289,100,0.56,14.401,49,50.00,0.00,0,4.6,0.083
982,8186.722,AllocLarge,2B,0.301,14.3,0.103,17.11,16.883,12.882,2,7.780,1.381,0,1.60,0.003,0,86.06,0.289,100,0.56,11.201,56,35.72,0.00,0,5.0,0.099
983,8193.892,AllocLarge,2B,0.280,0.0,0.000,0.00,16.088,16.096,2,7.780,1.394,0,99.21,0.003,0,86.06,0.289,100,0.56,14.401,49,50.00,0.00,0,4.1,0.081
984,8199.926,AllocLarge,2B,0.325,0.0,0.104,16.10,16.896,12.896,2,7.780,1.394,0,1.00,0.003,0,86.06,0.289,100,0.56,11.201,56,35.72,0.00,0,5.0,0.110
985,8207.356,AllocLarge,2B,0.327,0.0,0.000,0.00,16.101,16.109,2,7.780,1.408,0,99.22,0.003,0,86.06,0.289,100,0.56,14.401,49,50.00,0.00,0,4.6,0.098
986,8213.024,AllocLarge,2B,0.364,0.0,0.000,0.00,16.909,12.909,2,7.780,1.408,0,1.57,0.003,0,86.06,0.289,100,0.56,11.201,56,35.72,0.00,0,6.0,0.089
987,8220.483,AllocLarge,2B,0.288,16.7,0.000,0.00,16.114,16.122,2,7.780,1.421,0,99.23,0.003,0,86.06,0.289,100,0.56,14.401,49,50.00,0.00,0,4.1,0.079
988,8225.930,AllocLarge,2B,0.280,0.0,0.110,19.33,16.923,12.922,2,7.780,1.421,0,1.58,0.003,0,86.06,0.289,100,0.56,11.201,56,35.72,0.00,0,4.9,0.079
989,8233.362,AllocLarge,2B,0.284,12.5,0.000,0.00,16.127,16.135,2,7.780,1.434,0,99.23,0.003,0,86.06,0.289,100,0.56,14.401,49,50.00,0.00,0,4.0,0.049
990,8239.146,AllocLarge,2B,0.345,12.5,0.000,0.00,16.935,12.935,2,7.780,1.434,0,1.54,0.003,0,86.06,0.289,100,0.56,11.201,56,35.72,0.00,0,5.5,0.106
991,8246.552,AllocLarge,2B,0.492,25.0,0.105,14.63,16.140,16.149,2,7.780,1.447,0,99.24,0.003,0,86.06,0.289,100,0.56,14.401,49,50.00,0.00,0,6.9,0.130
992,8253.511,AllocLarge,2B,0.384,14.3,0.000,0.00,16.949,12.948,2,7.780,1.447,0,1.53,0.003,0,86.06,0.289,100,0.56,11.201,56,35.72,0.00,0,5.3,0.140
993,8261.297,AllocLarge,2B,0.310,0.0,0.000,0.00,16.154,16.162,2,7.780,1.461,0,99.25,0.003,0,86.06,0.289,100,0.56,14.401,49,50.00,0.00,0,4.2,0.082
994,8267.337,AllocLarge,2B,0.324,12.5,0.110,17.05,16.962,12.962,2,7.780,1.461,0,1.51,0.003,0,86.06,0.289,100,0.56,11.201,56,35.72,0.00,0,5.0,0.093
995,8274.756,AllocLarge,2B,0.365,0.0,0.000,0.00,16.167,16.175,2,7.780,1.474,0,99.25,0.003,0,86.06,0.289,100,0.56,14.401,49,50.00,0.00,0,5.2,0.114
996,8280.822,AllocLarge,2B,0.289,0.0,0.000,0.00,16.975,12.975,2,7.780,1.474,0,1.52,0.003,0,86.06,0.289,100,0.56,11.201,56,35.72,0.00,0,4.6,0.080
997,8287.984,AllocLarge,2B,0.302,12.5,0.105,15.15,16.180,16.188,2,7.780,1.487,0,99.26,0.003,0,86.06,0.289,100,0.56,14.401,49,50.00,0.00,0,4.4,0.077
998,8293.574,AllocLarge,2B,0.381,16.7,0.000,0.00,16.988,12.988,2,7.780,1.487,0,1.49,0.003,0,86.06,0.289,100,0.56,11.201,56,35.72,0.00,0,6.3,0.091
999,8301.223,AllocLarge,2B,0.307,12.5,0.000,0.00,16.193,16.202,2,7.780,1.500,0,99.27,0.003,0,86.06,0.289,100,0.56,14.401,49,50.00,0.00,0,4.3,0.081
1000,8306.528,AllocLarge,2B,0.247,0.0,0.110,20.07,17.002,13.001,2,7.780,1.500,0,1.47,0.003,0,86.06,0.289,100,0.56,11.201,56,35.72,0.00,0,4.5,0.077
1001,8313.727,AllocLarge,2B,0.544,12.5,0.000,0.00,16.207,16.215,2,7.780,1.513,0,99.27,0.003,0,86.06,0.289,100,0.56,14.401,49,50.00,0.00,0,7.5,0.257
1002,8319.479,AllocLarge,2B,0.390,14.3,0.000,0.00,17.015,13.015,2,7.780,1.513,0,1.46,0.003,0,86.06,0.289,100,0.56,11.201,56,35.72,0.00,0,6.6,0.103
1003,8327.167,AllocLarge,2B,0.302,0.0,0.104,14.24,16.220,16.228,2,7.780,1.527,0,99.31,0.003,0,86.06,0.289,100,0.56,14.401,49,50.00,0.00,0,4.1,0.091
1004,8332.681,AllocLarge,2B,0.294,0.0,0.000,0.00,17.028,13.028,2,7.780,1.527,0,1.47,0.003,0,86.06,0.289,100,0.56,11.201,56,35.72,0.00,0,5.1,0.098
1005,8339.706,AllocLarge,2B,0.287,0.0,0.000,0.00,16.233,16.241,2,7.780,1.540,0,99.31,0.003,0,86.06,0.289,100,0.56,14.401,49,50.00,0.00,0,4.3,0.089
1006,8344.972,AllocLarge,2B,0.279,0.0,0.102,18.33,17.041,13.041,2,7.780,1.540,0,1.44,0.003,0,86.06,0.289,100,0.56,11.201,56,35.72,0.00,0,5.0,0.082
1007,8352.142,AllocLarge,2B,0.278,0.0,0.000,0.00,16.246,16.254,2,7.780,1.553,0,99.29,0.003,0,86.06,0.289,100,0.56,14.401,49,50.00,0.00,0,4.1,0.079
1008,8357.442,AllocLarge,2B,0.294,16.7,0.104,18.52,17.054,13.054,2,7.780,1.553,0,1.42,0.003,0,86.06,0.289,100,0.56,11.201,56,35.72,0.00,0,5.2,0.079
1009,8364.687,AllocLarge,2B,0.291,0.0,0.000,0.00,16.260,16.268,2,7.780,1.566,0,99.30,0.003,0,86.06,0.289,100,0.56,14.401,49,50.00,0.00,0,4.2,0.079
1010,8370.173,AllocLarge,2B,0.328,0.0,0.000,0.00,17.068,13.068,2,7.780,1.566,0,1.41,0.003,0,86.06,0.289,100,0.56,11.201,56,35.72,0.00,0,5.6,0.105
1011,8372.713,AllocSmall,0N,0.143,0.0,0.009,5.11,13.068,11.502,2,0.002,0.001,0,81.43,0.003,NaN,10.61,0.289,NaN,0.56,11.201,NaN,21.43,0.00,1,7.7,0.003
1012,8377.514,AllocLarge,2B,0.288,0.0,0.106,20.61,14.720,14.728,2,7.780,0.027,0,59.22,0.003,0,85.47,0.289,100,0.56,14.401,49,50.00,0.00,0,5.6,0.099
1013,8382.776,AllocLarge,2B,0.261,16.7,0.000,0.00,15.534,11.542,2,7.780,0.041,0,72.91,0.003,0,85.47,0.289,100,0.56,11.201,56,35.72,0.00,0,4.7,0.078
1014,8389.832,AllocLarge,2B,0.271,0.0,0.000,0.00,14.742,14.742,2,7.780,0.041,0,71.44,0.003,0,85.47,0.289,100,0.56,14.401,49,50.00,0.00,0,4.0,0.079
1015,8395.132,AllocLarge,2B,0.366,16.7,0.103,18.01,15.542,11.542,2,7.780,0.041,0,48.03,0.003,0,85.47,0.289,100,0.56,11.201,56,35.72,0.00,0,6.4,0.160
1016,8402.425,AllocLarge,2B,0.286,0.0,0.000,0.00,14.750,14.758,2,7.780,0.057,0,80.53,0.003,0,85.47,0.289,100,0.56,14.401,49,50.00,0.00,0,4.1,0.080
1017,8407.894,AllocLarge,2B,0.285,0.0,0.000,0.00,15.558,11.558,2,7.780,0.057,0,39.69,0.003,0,85.47,0.289,100,0.56,11.201,56,35.72,0.00,0,5.0,0.081
1018,8414.994,AllocLarge,2B,0.277,0.0,0.000,0.00,14.763,14.771,2,7.780,0.070,0,84.17,0.003,0,85.47,0.289,100,0.56,14.401,49,50.00,0.00,0,4.1,0.082
1019,8421.028,AllocLarge,2B,0.318,14.3,0.108,16.64,15.571,11.571,2,7.780,0.070,0,31.86,0.003,0,85.47,0.289,100,0.56,11.201,56,35.72,0.00,0,4.9,0.092
1020,8428.372,AllocLarge,2B,0.286,0.0,0.000,0.00,14.776,14.784,2,7.780,0.083,0,86.70,0.003,0,85.47,0.289,100,0.56,14.401,49,50.00,0.00,0,4.1,0.079
1021,8433.951,AllocLarge,2B,0.443,14.3,0.000,0.00,15.584,11.584,2,7.780,0.083,0,26.72,0.003,0,85.47,0.289,100,0.56,11.201,56,35.72,0.00,0,7.4,0.127
1022,8441.133,AllocLarge,2B,0.299,14.3,0.104,15.49,14.789,14.797,2,7.780,0.096,0,88.54,0.003,0,85.47,0.289,100,0.56,14.401,49,50.00,0.00,0,4.4,0.097
1023,8446.398,AllocLarge,2B,0.265,0.0,0.000,0.00,15.597,11.597,2,7.780,0.096,0,22.99,0.003,0,85.47,0.289,100,0.56,11.201,56,35.72,0.00,0,4.8,0.090
1024,8453.434,AllocLarge,2B,0.281,14.3,0.000,0.00,14.802,14.811,2,7.780,0.109,0,89.94,0.003,0,85.47,0.289,100,0.56,14.401,49,50.00,0.00,0,4.1,0.076
1025,8458.796,AllocLarge,2B,0.275,14.3,0.110,19.54,15.611,11.610,2,7.780,0.109,0,20.51,0.003,0,85.47,0.289,100,0.56,11.201,56,35.72,0.00,0,4.9,0.079
1026,8465.832,AllocLarge,2B,0.327,14.3,0.000,0.00,14.815,14.824,2,7.780,0.122,0,91.01,0.003,0,85.47,0.289,100,0.56,14.401,49,50.00,0.00,0,4.8,0.100
1027,8471.358,AllocLarge,2B,0.387,12.5,0.105,17.68,15.624,11.623,2,7.780,0.122,0,18.10,0.003,0,85.47,0.289,100,0.56,11.201,56,35.72,0.00,0,6.5,0.165
1028,8478.879,AllocLarge,2B,0.277,0.0,0.000,0.00,14.829,14.837,2,7.780,0.136,0,91.89,0.003,0,85.47,0.289,100,0.56,14.401,49,50.00,0.00,0,3.9,0.079
1029,8484.173,AllocLarge,2B,0.285,0.0,0.000,0.00,15.637,11.637,2,7.780,0.136,0,16.31,0.003,0,85.47,0.289,100,0.56,11.201,56,35.72,0.00,0,5.1,0.099
1030,8491.066,AllocLarge,2B,0.292,0.0,0.000,0.00,14.842,14.850,2,7.780,0.149,0,92.61,0.003,0,85.47,0.289,100,0.56,14.401,49,50.00,0.00,0,4.4,0.099
1031,8496.444,AllocLarge,2B,0.300,0.0,0.110,19.31,15.650,11.650,2,7.780,0.149,0,14.83,0.003,0,85.47,0.289,100,0.56,11.201,56,35.72,0.00,0,5.3,0.101
1032,8503.703,AllocLarge,2B,0.275,0.0,0.000,0.00,14.855,14.864,2,7.780,0.162,0,93.22,0.003,0,85.47,0.289,100,0.56,14.401,49,50.00,0.00,0,4.0,0.079
1033,8509.041,AllocLarge,2B,0.262,14.3,0.000,0.00,15.664,11.663,2,7.780,0.162,0,13.83,0.003,0,85.47,0.289,100,0.56,11.201,56,35.72,0.00,0,4.7,0.079
1034,8515.898,AllocLarge,2B,0.264,0.0,0.105,15.89,14.868,14.877,2,7.780,0.175,0,93.72,0.003,0,85.47,0.289,100,0.56,14.401,49,50.00,0.00,0,4.0,0.077
1035,8521.140,AllocLarge,2B,0.324,16.7,0.000,0.00,15.677,11.676,2,7.780,0.175,0,12.64,0.003,0,85.47,0.289,100,0.56,11.201,56,35.72,0.00,0,5.8,0.084
1036,8528.538,AllocLarge,2B,0.284,0.0,0.000,0.00,14.882,14.890,2,7.780,0.189,0,94.16,0.003,0,85.47,0.289,100,0.56,14.401,49,50.00,0.00,0,4.0,0.082
1037,8533.834,AllocLarge,2B,0.321,14.3,0.110,19.55,15.690,11.690,2,7.780,0.189,0,11.73,0.003,0,85.47,0.289,100,0.56,11.201,56,35.72,0.00,0,5.7,0.096
1038,8540.807,AllocLarge,2B,0.271,12.5,0.000,0.00,14.895,14.903,2,7.780,0.202,0,94.77,0.003,0,85.47,0.289,100,0.56,14.401,49,50.00,0.00,0,4.1,0.086
1039,8546.051,AllocLarge,2B,0.277,16.7,0.000,0.00,15.703,11.703,2,7.780,0.202,0,10.94,0.003,0,85.47,0.289,100,0.56,11.201,56,35.72,0.00,0,5.0,0.081
1040,8553.126,AllocLarge,2B,0.273,0.0,0.104,15.39,14.908,14.916,2,7.780,0.215,0,94.88,0.003,0,85.47,0.289,100,0.56,14.401,49,50.00,0.00,0,4.0,0.081
1041,8558.461,AllocLarge,2B,0.313,14.3,0.000,0.00,15.716,11.716,2,7.780,0.215,0,6.61,0.003,0,85.47,0.289,100,0.56,11.201,56,35.72,0.00,0,5.4,0.086
1042,8565.597,AllocLarge,2B,0.263,0.0,0.102,15.35,14.921,14.929,2,7.780,0.228,0,95.17,0.003,0,85.47,0.289,100,0.56,14.401,49,50.00,0.00,0,3.9,0.080
1043,8570.895,AllocLarge,2B,0.285,16.7,0.000,0.00,15.729,11.729,2,7.780,0.228,0,9.71,0.003,0,85.47,0.289,100,0.56,11.201,56,35.72,0.00,0,5.1,0.079
1044,8577.813,AllocLarge,2B,0.304,0.0,0.000,0.00,14.934,14.943,2,7.780,0.241,0,95.44,0.003,0,85.47,0.289,100,0.56,14.401,49,50.00,0.00,0,4.5,0.080
1045,8583.351,AllocLarge,2B,0.272,0.0,0.104,17.88,15.743,11.742,2,7.780,0.241,0,9.16,0.003,0,85.47,0.289,100,0.56,11.201,56,35.72,0.00,0,4.7,0.078
1046,8590.329,AllocLarge,2B,0.262,12.5,0.000,0.00,14.948,14.956,2,7.780,0.255,0,95.68,0.003,0,85.47,0.289,100,0.56,14.401,49,50.00,0.00,0,3.9,0.079
1047,8595.693,AllocLarge,2B,0.279,0.0,0.000,0.00,15.756,11.756,2,7.780,0.255,0,8.67,0.003,0,85.47,0.289,100,0.56,11.201,56,35.72,0.00,0,4.9,0.083
1048,8602.712,AllocLarge,2B,0.288,0.0,0.110,16.34,14.961,14.969,2,7.780,0.268,0,95.89,0.003,0,85.47,0.289,100,0.56,14.401,49,50.00,0.00,0,4.3,0.098
1049,8608.080,AllocLarge,2B,0.354,0.0,0.000,0.00,15.769,11.769,2,7.780,0.268,0,8.37,0.003,0,85.47,0.289,100,0.56,11.201,56,35.72,0.00,0,6.2,0.110
1050,8615.390,AllocLarge,2B,0.298,14.3,0.000,0.00,14.974,14.982,2,7.780,0.281,0,96.08,0.003,0,85.47,0.289,100,0.56,14.401,49,50.00,0.00,0,4.3,0.080
1051,8620.635,AllocLarge,2B,0.272,16.7,0.105,19.25,15.782,11.782,2,7.780,0.281,0,7.88,0.003,0,85.47,0.289,100,0.56,11.201,56,35.72,0.00,0,5.0,0.101
1052,8627.758,AllocLarge,2B,0.386,0.0,0.000,0.00,14.987,14.996,2,7.780,0.294,0,96.26,0.003,0,85.47,0.289,100,0.56,14.401,49,50.00,0.00,0,5.5,0.102
1053,8633.561,AllocLarge,2B,0.278,12.5,0.000,0.00,15.796,11.795,2,7.780,0.294,0,7.52,0.003,0,85.47,0.289,100,0.56,11.201,56,35.72,0.00,0,4.7,0.083
1054,8640.560,AllocLarge,2B,0.276,0.0,0.110,16.46,15.001,15.009,2,7.780,0.308,0,96.42,0.003,0,85.47,0.289,100,0.56,14.401,49,50.00,0.00,0,4.1,0.080
1055,8645.850,AllocLarge,2B,0.314,0.0,0.000,0.00,15.809,11.809,2,7.780,0.308,0,7.18,0.003,0,85.47,0.289,100,0.56,11.201,56,35.72,0.00,0,5.6,0.107
1056,8653.002,AllocLarge,2B,0.277,0.0,0.000,0.00,15.014,15.022,2,7.780,0.321,0,96.57,0.003,0,85.47,0.289,100,0.56,14.401,49,50.00,0.00,0,4.1,0.082
1057,8658.295,AllocLarge,2B,0.260,16.7,0.105,18.79,15.822,11.822,2,7.780,0.321,0,7.00,0.003,0,85.47,0.289,100,0.56,11.201,56,35.72,0.00,0,4.7,0.079
1058,8665.358,AllocLarge,2B,0.305,12.5,0.000,0.00,15.027,15.035,2,7.780,0.334,0,96.70,0.003,0,85.47,0.289,100,0.56,14.401,49,50.00,0.00,0,4.5,0.102
1059,8670.780,AllocLarge,2B,0.273,0.0,0.000,0.00,15.835,11.835,2,7.780,0.334,0,6.63,0.003,0,85.47,0.289,100,0.56,11.201,56,35.72,0.00,0,4.8,0.079
1060,8677.770,AllocLarge,2B,0.268,0.0,0.110,16.51,15.040,15.048,2,7.780,0.347,0,96.83,0.003,0,85.47,0.289,100,0.56,14.401,49,50.00,0.00,0,4.0,0.080
1061,8683.025,AllocLarge,2B,0.275,14.3,0.000,0.00,15.848,11.848,2,7.780,0.347,0,6.37,0.003,0,85.47,0.289,100,0.56,11.201,56,35.72,0.00,0,4.9,0.081
1062,8690.035,AllocLarge,2B,0.307,14.3,0.000,0.00,15.053,15.062,2,7.780,0.360,0,96.95,0.003,0,85.47,0.289,100,0.56,14.401,49,50.00,0.00,0,4.6,0.100
1063,8695.372,AllocLarge,2B,0.312,0.0,0.104,18.42,15.862,11.861,2,7.780,0.360,0,6.13,0.003,0,85.47,0.289,100,0.56,11.201,56,35.72,0.00,0,5.5,0.086
1064,8702.339,AllocLarge,2B,0.299,12.5,0.000,0.00,15.067,15.075,2,7.780,0.374,0,97.05,0.003,0,85.47,0.289,100,0.56,14.401,49,50.00,0.00,0,4.5,0.078
1065,8707.676,AllocLarge,2B,0.289,0.0,0.000,0.00,15.875,11.875,2,7.780,0.374,0,6.01,0.003,0,85.47,0.289,100,0.56,11.201,56,35.72,0.00,0,5.1,0.085
1066,8714.797,AllocLarge,2B,0.271,0.0,0.102,15.13,15.080,15.088,2,7.780,0.387,0,97.15,0.003,0,85.47,0.289,100,0.56,14.401,49,50.00,0.00,0,4.0,0.080
1067,8720.237,AllocLarge,2B,0.288,16.7,0.000,0.00,15.888,11.888,2,7.780,0.387,0,5.73,0.003,0,85.47,0.289,100,0.56,11.201,56,35.72,0.00,0,5.0,0.082
1068,8727.336,AllocLarge,2B,0.341,0.0,0.000,0.00,15.093,15.101,2,7.780,0.400,0,97.25,0.003,0,85.47,0.289,100,0.56,14.401,49,50.00,0.00,0,5.0,0.081
1069,8733.135,AllocLarge,2B,0.344,14.3,0.104,17.15,15.901,11.901,2,7.780,0.400,0,5.53,0.003,0,85.47,0.289,100,0.56,11.201,56,35.72,0.00,0,5.7,0.109
1070,8740.377,AllocLarge,2B,0.304,0.0,0.000,0.00,15.106,15.115,2,7.780,0.413,0,97.34,0.003,0,85.47,0.289,100,0.56,14.401,49,50.00,0.00,0,4.4,0.077
1071,8745.886,AllocLarge,2B,0.292,0.0,0.000,0.00,15.915,11.914,2,7.780,0.413,0,5.34,0.003,0,85.47,0.289,100,0.56,11.201,56,35.72,0.00,0,5.1,0.084
1072,8753.138,AllocLarge,2B,0.316,12.5,0.110,15.61,15.120,15.128,2,7.780,0.427,0,97.42,0.003,0,85.47,0.289,100,0.56,14.401,49,50.00,0.00,0,4.5,0.110
1073,8758.622,AllocLarge,2B,0.343,0.0,0.000,0.00,15.928,11.928,2,7.780,0.427,0,5.26,0.003,0,85.47,0.289,100,0.56,11.201,56,35.72,0.00,0,6.0,0.083
1074,8765.867,AllocLarge,2B,0.291,0.0,0.000,0.00,15.133,15.141,2,7.780,0.440,0,97.50,0.003,0,85.47,0.289,100,0.56,14.401,49,50.00,0.00,0,4.2,0.083
1075,8771.281,AllocLarge,2B,0.271,16.7,0.105,18.54,15.941,11.941,2,7.780,0.440,0,5.04,0.003,0,85.47,0.289,100,0.56,11.201,56,35.72,0.00,0,4.8,0.080
1076,8778.126,AllocLarge,2B,0.258,0.0,0.000,0.00,15.146,15.154,2,7.780,0.453,0,97.57,0.003,0,85.47,0.289,100,0.56,14.401,49,50.00,0.00,0,3.9,0.077
1077,8783.394,AllocLarge,2B,0.262,0.0,0.000,0.00,15.954,11.954,2,7.780,0.453,0,4.88,0.003,0,85.47,0.289,100,0.56,11.201,56,35.72,0.00,0,4.8,0.078
1078,8790.288,AllocLarge,2B,0.301,12.5,0.110,16.44,15.159,15.167,2,7.780,0.466,0,97.64,0.003,0,85.47,0.289,100,0.56,14.401,49,50.00,0.00,0,4.5,0.097
1079,8795.744,AllocLarge,2B,0.280,0.0,0.000,0.00,15.967,11.967,2,7.780,0.466,0,4.74,0.003,0,85.47,0.289,100,0.56,11.201,56,35.72,0.00,0,4.9,0.080
1080,8802.841,AllocLarge,2B,0.278,0.0,0.000,0.00,15.173,15.181,2,7.780,0.480,0,97.70,0.003,0,85.47,0.289,100,0.56,14.401,49,50.00,0.00,0,4.1,0.081
1081,8808.247,AllocLarge,2B,0.271,16.7,0.105,18.43,15.981,11.981,2,7.780,0.480,0,4.68,0.003,0,85.47,0.289,100,0.56,11.201,56,35.72,0.00,0,4.8,0.079
1082,8815.316,AllocLarge,2B,0.293,12.5,0.000,0.00,15.186,15.194,2,7.780,0.492,0,97.76,0.003,0,85.47,0.289,100,0.56,14.401,49,50.00,0.00,0,4.3,0.077
1083,8820.589,AllocLarge,2B,0.251,0.0,0.000,0.00,15.994,11.994,2,7.780,0.492,0,4.50,0.003,0,85.47,0.289,100,0.56,11.201,56,35.72,0.00,0,4.6,0.078
1084,8827.528,AllocLarge,2B,0.261,25.0,0.110,16.47,15.199,15.207,2,7.780,0.506,0,97.82,0.003,0,85.47,0.289,100,0.56,14.401,49,50.00,0.00,0,3.9,0.077
1085,8832.771,AllocLarge,2B,0.246,0.0,0.000,0.00,16.007,12.015,2,7.780,0.514,0,4.39,0.003,0,85.47,0.289,100,0.56,11.201,56,35.72,0.00,0,4.5,0.078
1086,8839.697,AllocLarge,2B,0.257,0.0,0.000,0.00,15.220,15.228,2,7.780,0.527,0,97.91,0.003,0,85.47,0.289,100,0.56,14.401,49,50.00,0.00,0,3.8,0.077
1087,8844.949,AllocLarge,2B,0.280,14.3,0.105,18.62,16.028,12.028,2,7.780,0.527,0,4.11,0.003,0,85.47,0.289,100,0.56,11.201,56,35.72,0.00,0,5.0,0.082
1088,8852.208,AllocLarge,2B,0.277,0.0,0.000,0.00,15.234,15.242,2,7.780,0.541,0,97.96,0.003,0,85.47,0.289,100,0.56,14.401,49,50.00,0.00,0,4.0,0.077
1089,8857.626,AllocLarge,2B,0.300,0.0,0.000,0.00,16.042,12.042,2,7.780,0.541,0,4.15,0.003,0,85.47,0.289,100,0.56,11.201,56,35.72,0.00,0,5.3,0.079
1090,8864.985,AllocLarge,2B,0.272,0.0,0.103,14.56,15.247,15.255,2,7.780,0.554,0,98.01,0.003,0,85.47,0.289,100,0.56,14.401,49,50.00,0.00,0,3.8,0.080
1091,8870.333,AllocLarge,2B,0.302,16.7,0.000,0.00,16.055,12.055,2,7.780,0.554,0,4.00,0.003,0,85.47,0.289,100,0.56,11.201,56,35.72,0.00,0,5.3,0.081
1092,8877.666,AllocLarge,2B,0.317,12.5,0.000,0.00,15.260,15.268,2,7.780,0.567,0,98.06,0.003,0,85.47,0.289,100,0.56,14.401,49,50.00,0.00,0,4.5,0.100
1093,8883.200,AllocLarge,2B,0.346,0.0,0.103,17.53,16.068,12.068,2,7.780,0.567,0,3.90,0.003,0,85.47,0.289,100,0.56,11.201,56,35.72,0.00,0,5.9,0.106
1094,8890.399,AllocLarge,2B,0.301,14.3,0.000,0.00,15.273,15.281,2,7.780,0.580,0,98.10,0.003,0,85.47,0.289,100,0.56,14.401,49,50.00,0.00,0,4.4,0.096
1095,8895.803,AllocLarge,2B,0.367,16.7,0.000,0.00,16.081,12.081,2,7.780,0.580,0,3.81,0.003,0,85.47,0.289,100,0.56,11.201,56,35.72,0.00,0,6.4,0.085
1096,8903.098,AllocLarge,2B,0.281,0.0,0.104,14.98,15.287,15.295,2,7.780,0.594,0,98.15,0.003,0,85.47,0.289,100,0.56,14.401,49,50.00,0.00,0,4.0,0.078
1097,8908.462,AllocLarge,2B,0.296,14.3,0.000,0.00,16.095,12.095,2,7.780,0.594,0,3.78,0.003,0,85.47,0.289,100,0.56,11.201,56,35.72,0.00,0,5.2,0.079
1098,8915.534,AllocLarge,2B,0.270,0.0,0.102,15.12,15.300,15.308,2,7.780,0.606,0,98.18,0.003,0,85.47,0.289,100,0.56,14.401,49,50.00,0.00,0,4.0,0.078
1099,8920.857,AllocLarge,2B,0.259,0.0,0.000,0.00,16.108,12.108,2,7.780,0.606,0,3.65,0.003,0,85.47,0.289,100,0.56,11.201,56,35.72,0.00,0,4.7,0.077
1100,8927.916,AllocLarge,2B,0.340,14.3,0.000,0.00,15.313,15.321,2,7.780,0.620,0,98.22,0.003,0,85.47,0.289,100,0.56,14.401,49,50.00,0.00,0,4.9,0.084
1101,8933.523,AllocLarge,2B,0.361,0.0,0.104,17.59,16.121,12.121,2,7.780,0.620,0,3.57,0.003,0,85.47,0.289,100,0.56,11.201,56,35.72,0.00,0,6.1,0.106
1102,8940.636,AllocLarge,2B,0.301,11.1,0.000,0.00,15.326,15.334,2,7.780,0.633,0,98.26,0.003,0,85.47,0.289,100,0.56,14.401,49,50.00,0.00,0,4.4,0.081
1103,8946.124,AllocLarge,2B,0.272,0.0,0.000,0.00,16.134,12.134,2,7.780,0.633,0,3.49,0.003,0,85.47,0.289,100,0.56,11.201,56,35.72,0.00,0,4.8,0.081
1104,8953.094,AllocLarge,2B,0.277,0.0,0.110,16.36,15.339,15.348,2,7.780,0.646,0,98.30,0.003,0,85.47,0.289,100,0.56,14.401,49,50.00,0.00,0,4.1,0.083
1105,8958.452,AllocLarge,2B,0.288,16.7,0.000,0.00,16.148,12.147,2,7.780,0.646,0,3.47,0.003,0,85.47,0.289,100,0.56,11.201,56,35.72,0.00,0,5.1,0.098
1106,8965.548,AllocLarge,2B,0.264,0.0,0.000,0.00,15.352,15.361,2,7.780,0.659,0,98.33,0.003,0,85.47,0.289,100,0.56,14.401,49,50.00,0.00,0,3.9,0.078
1107,8970.816,AllocLarge,2B,0.330,14.3,0.105,18.40,16.161,12.160,2,7.780,0.659,0,3.36,0.003,0,85.47,0.289,100,0.56,11.201,56,35.72,0.00,0,5.8,0.104
1108,8978.336,AllocLarge,2B,0.287,0.0,0.000,0.00,15.366,15.374,2,7.780,0.673,0,98.36,0.003,0,85.47,0.289,100,0.56,14.401,49,50.00,0.00,0,4.0,0.077
1109,8983.648,AllocLarge,2B,0.297,16.7,0.000,0.00,16.174,12.174,2,7.780,0.673,0,3.29,0.003,0,85.47,0.289,100,0.56,11.201,56,35.72,0.00,0,5.3,0.105
1110,8991.021,AllocLarge,2B,0.331,0.0,0.110,15.36,15.379,15.387,2,7.780,0.686,0,98.40,0.003,0,85.47,0.289,100,0.56,14.401,49,50.00,0.00,0,4.6,0.082
1111,8996.620,AllocLarge,2B,0.295,14.3,0.000,0.00,16.187,12.187,2,7.780,0.686,0,3.22,0.003,0,85.47,0.289,100,0.56,11.201,56,35.72,0.00,0,5.0,0.081
1112,9004.212,AllocLarge,2B,0.310,0.0,0.000,0.00,15.392,15.401,2,7.780,0.699,0,98.43,0.003,0,85.47,0.289,100,0.56,14.401,49,50.00,0.00,0,4.3,0.086
1113,9009.781,AllocLarge,2B,0.273,14.3,0.105,18.10,16.201,12.200,2,7.780,0.699,0,3.21,0.003,0,85.47,0.289,100,0.56,11.201,56,35.72,0.00,0,4.7,0.079
1114,9016.766,AllocLarge,2B,0.295,12.5,0.000,0.00,15.405,15.413,2,7.780,0.712,0,98.45,0.003,0,85.47,0.289,100,0.56,14.401,49,50.00,0.00,0,4.4,0.097
1115,9022.327,AllocLarge,2B,0.359,16.7,0.000,0.00,16.214,12.213,2,7.780,0.712,0,3.11,0.003,0,85.47,0.289,100,0.56,11.201,56,35.72,0.00,0,6.0,0.124
1116,9029.589,AllocLarge,2B,0.294,11.1,0.110,16.00,15.419,15.427,2,7.780,0.725,0,98.48,0.003,0,85.47,0.289,100,0.56,14.401,49,50.00,0.00,0,4.3,0.079
1117,9035.647,AllocLarge,2B,0.276,0.0,0.000,0.00,16.227,12.227,2,7.780,0.725,0,3.05,0.003,0,85.47,0.289,100,0.56,11.201,56,35.72,0.00,0,4.4,0.080
1118,9042.570,AllocLarge,2B,0.283,14.3,0.000,0.00,15.432,15.440,2,7.780,0.739,0,98.51,0.003,0,85.47,0.289,100,0.56,14.401,49,50.00,0.00,0,4.2,0.077
1119,9047.805,AllocLarge,2B,0.251,0.0,0.104,19.11,16.240,12.240,2,7.780,0.739,0,2.99,0.003,0,85.47,0.289,100,0.56,11.201,56,35.72,0.00,0,4.6,0.077
1120,9054.680,AllocLarge,2B,0.311,0.0,0.000,0.00,15.445,15.453,2,7.780,0.752,0,98.54,0.003,0,85.47,0.289,100,0.56,14.401,49,50.00,0.00,0,4.6,0.090
1121,9060.104,AllocLarge,2B,0.286,16.7,0.000,0.00,16.253,12.253,2,7.780,0.752,0,2.98,0.003,0,85.47,0.289,100,0.56,11.201,56,35.72,0.00,0,5.1,0.078
1122,9067.299,AllocLarge,2B,0.323,0.0,0.102,14.57,15.458,15.466,2,7.780,0.765,0,98.56,0.003,0,85.47,0.289,100,0.56,14.401,49,50.00,0.00,0,4.6,0.084
1123,9072.835,AllocLarge,2B,0.271,0.0,0.000,0.00,16.266,12.266,2,7.780,0.765,0,2.90,0.003,0,85.47,0.289,100,0.56,11.201,56,35.72,0.00,0,4.8,0.079
1124,9080.055,AllocLarge,2B,0.331,14.3,0.000,0.00,15.471,15.480,2,7.780,0.778,0,98.59,0.003,0,85.47,0.289,100,0.56,14.401,49,50.00,0.00,0,4.6,0.087
1125,9085.863,AllocLarge,2B,0.298,16.7,0.104,17.36,16.280,12.279,2,7.780,0.778,0,2.84,0.003,0,85.47,0.289,100,0.56,11.201,56,35.72,0.00,0,5.0,0.083
1126,9092.949,AllocLarge,2B,0.387,0.0,0.000,0.00,15.485,15.493,2,7.780,0.792,0,98.61,0.003,0,85.47,0.289,100,0.56,14.401,49,50.00,0.00,0,5.6,0.155
1127,9098.463,AllocLarge,2B,0.305,16.7,0.000,0.00,16.293,12.293,2,7.780,0.792,0,2.79,0.003,0,85.47,0.289,100,0.56,11.201,56,35.72,0.00,0,5.3,0.079
1128,9105.310,AllocLarge,2B,0.272,14.3,0.110,16.88,15.498,15.506,2,7.780,0.805,0,98.63,0.003,0,85.47,0.289,100,0.56,14.401,49,50.00,0.00,0,4.2,0.075
1129,9110.687,AllocLarge,2B,0.262,0.0,0.000,0.00,16.306,12.306,2,7.780,0.805,0,2.79,0.003,0,85.47,0.289,100,0.56,11.201,56,35.72,0.00,0,4.7,0.078
1130,9117.971,AllocLarge,2B,0.345,12.5,0.000,0.00,15.511,15.519,2,7.780,0.818,0,98.65,0.003,0,85.47,0.289,100,0.56,14.401,49,50.00,0.00,0,4.8,0.100
1131,9123.387,AllocLarge,2B,0.274,14.3,0.105,18.69,16.319,12.319,2,7.780,0.818,0,2.71,0.003,0,85.47,0.289,100,0.56,11.201,56,35.72,0.00,0,4.9,0.092
1132,9130.274,AllocLarge,2B,0.274,0.0,0.000,0.00,15.524,15.532,2,7.780,0.831,0,98.68,0.003,0,85.47,0.289,100,0.56,14.401,49,50.00,0.00,0,4.1,0.078
1133,9135.557,AllocLarge,2B,0.331,0.0,0.000,0.00,16.333,12.332,2,7.780,0.831,0,2.66,0.003,0,85.47,0.289,100,0.56,11.201,56,35.72,0.00,0,5.9,0.105
1134,9143.035,AllocLarge,2B,0.331,0.0,0.110,15.26,15.538,15.546,2,7.780,0.845,0,98.70,0.003,0,85.47,0.289,100,0.56,14.401,49,50.00,0.00,0,4.6,0.083
1135,9148.840,AllocLarge,2B,0.311,14.3,0.000,0.00,16.346,12.346,2,7.780,0.845,0,2.62,0.003,0,85.47,0.289,100,0.56,11.201,56,35.72,0.00,0,5.2,0.084
1136,9156.009,AllocLarge,2B,0.273,0.0,0.000,0.00,15.551,15.559,2,7.780,0.858,0,98.72,0.003,0,85.47,0.289,100,0.56,14.401,49,50.00,0.00,0,4.0,0.081
1137,9161.350,AllocLarge,2B,0.279,16.7,0.105,18.48,16.359,12.359,2,7.780,0.858,0,2.62,0.003,0,85.47,0.289,100,0.56,11.201,56,35.72,0.00,0,4.9,0.078
1138,9168.363,AllocLarge,2B,0.291,14.3,0.000,0.00,15.564,15.572,2,7.780,0.871,0,98.74,0.003,0,85.47,0.289,100,0.56,14.401,49,50.00,0.00,0,4.3,0.077
1139,9173.754,AllocLarge,2B,0.269,14.3,0.000,0.00,16.372,12.372,2,7.780,0.871,0,2.54,0.003,0,85.47,0.289,100,0.56,11.201,56,35.72,0.00,0,4.8,0.077
1140,9181.072,AllocLarge,2B,0.334,0.0,0.110,15.41,15.577,15.585,2,7.780,0.884,0,98.75,0.003,0,85.47,0.289,100,0.56,14.401,49,50.00,0.00,0,4.7,0.084
1141,9186.573,AllocLarge,2B,0.360,16.7,0.000,0.00,16.385,12.385,2,7.780,0.884,0,2.50,0.003,0,85.47,0.289,100,0.56,11.201,56,35.72,0.00,0,6.3,0.107
1142,9193.923,AllocLarge,2B,0.288,0.0,0.000,0.00,15.590,15.599,2,7.780,0.897,0,98.77,0.003,0,85.47,0.289,100,0.56,14.401,49,50.00,0.00,0,4.1,0.081
1143,9199.425,AllocLarge,2B,0.277,14.3,0.104,17.97,16.399,12.398,2,7.780,0.897,0,2.46,0.003,0,85.47,0.289,100,0.56,11.201,56,35.72,0.00,0,4.8,0.086
1144,9206.565,AllocLarge,2B,0.305,0.0,0.000,0.00,15.604,15.612,2,7.780,0.911,0,98.79,0.003,0,85.47,0.289,100,0.56,14.401,49,50.00,0.00,0,4.4,0.100
1145,9212.406,AllocLarge,2B,0.296,0.0,0.000,0.00,16.412,12.412,2,7.780,0.911,0,2.46,0.003,0,85.47,0.289,100,0.56,11.201,56,35.72,0.00,0,4.8,0.081
1146,9219.677,AllocLarge,2B,0.269,0.0,0.102,14.84,15.617,15.625,2,7.780,0.924,0,98.81,0.003,0,85.47,0.289,100,0.56,14.401,49,50.00,0.00,0,3.9,0.077
1147,9225.143,AllocLarge,2B,0.275,0.0,0.000,0.00,16.425,12.425,2,7.780,0.924,0,2.40,0.003,0,85.47,0.289,100,0.56,11.201,56,35.72,0.00,0,4.8,0.080
1148,9232.350,AllocLarge,2B,0.288,0.0,0.000,0.00,15.630,15.638,2,7.780,0.937,0,98.83,0.003,0,85.47,0.289,100,0.56,14.401,49,50.00,0.00,0,4.1,0.081
1149,9238.082,AllocLarge,2B,0.387,16.7,0.105,16.73,16.438,12.438,2,7.780,0.937,0,2.36,0.003,0,85.47,0.289,100,0.56,11.201,56,35.72,0.00,0,6.2,0.092
1150,9245.543,AllocLarge,2B,0.281,0.0,0.000,0.00,15.643,15.652,2,7.780,0.950,0,98.84,0.003,0,85.47,0.289,100,0.56,14.401,49,50.00,0.00,0,4.1,0.080
1151,9250.841,AllocLarge,2B,0.266,0.0,0.000,0.00,16.452,12.451,2,7.780,0.950,0,2.32,0.003,0,85.47,0.289,100,0.56,11.201,56,35.72,0.00,0,4.8,0.078
1152,9258.122,AllocLarge,2B,0.277,14.3,0.104,14.65,15.657,15.665,2,7.780,0.964,0,98.86,0.003,0,85.47,0.289,100,0.56,14.401,49,50.00,0.00,0,3.9,0.084
1153,9263.390,AllocLarge,2B,0.257,0.0,0.000,0.00,16.465,12.465,2,7.780,0.964,0,2.33,0.003,0,85.47,0.289,100,0.56,11.201,56,35.72,0.00,0,4.7,0.078
1154,9270.412,AllocLarge,2B,0.304,0.0,0.000,0.00,15.670,15.678,2,7.780,0.977,0,98.87,0.003,0,85.47,0.289,100,0.56,14.401,49,50.00,0.00,0,4.5,0.082
1155,9275.871,AllocLarge,2B,0.266,16.7,0.103,18.14,16.478,12.478,2,7.780,0.977,0,2.27,0.003,0,85.47,0.289,100,0.56,11.201,56,35.72,0.00,0,4.7,0.079
1156,9282.867,AllocLarge,2B,0.282,12.5,0.000,0.00,15.683,15.691,2,7.780,0.990,0,98.89,0.003,0,85.47,0.289,100,0.56,14.401,49,50.00,0.00,0,4.2,0.092
1157,9288.187,AllocLarge,2B,0.322,16.7,0.104,18.33,16.491,12.491,2,7.780,0.990,0,2.23,0.003,0,85.47,0.289,100,0.56,11.201,56,35.72,0.00,0,5.7,0.113
1158,9295.234,AllocLarge,2B,0.289,0.0,0.000,0.00,15.696,15.704,2,7.780,1.003,0,98.90,0.003,0,85.47,0.289,100,0.56,14.401,49,50.00,0.00,0,4.3,0.105
1159,9301.108,AllocLarge,2B,0.313,0.0,0.000,0.00,16.504,12.504,2,7.780,1.003,0,2.20,0.003,0,85.47,0.289,100,0.56,11.201,56,35.72,0.00,0,5.1,0.101
1160,9308.235,AllocLarge,2B,0.266,12.5,0.000,0.00,15.710,15.718,2,7.780,1.016,0,98.92,0.003,0,85.47,0.289,100,0.56,14.401,49,50.00,0.00,0,3.9,0.079
1161,9313.861,AllocLarge,2B,0.366,25.0,0.110,17.81,16.518,12.518,2,7.780,1.016,0,1.40,0.003,0,85.47,0.289,100,0.56,11.201,56,35.72,0.00,0,5.9,0.120
1162,9321.152,AllocLarge,2B,0.270,0.0,0.000,0.00,15.722,15.731,2,7.780,1.029,0,98.93,0.003,0,85.47,0.289,100,0.56,14.401,49,50.00,0.00,0,4.0,0.080
1163,9326.629,AllocLarge,2B,0.296,16.7,0.105,18.09,16.531,12.530,2,7.780,1.029,0,2.15,0.003,0,85.47,0.289,100,0.56,11.201,56,35.72,0.00,0,5.1,0.109
1164,9333.727,AllocLarge,2B,0.282,0.0,0.000,0.00,15.736,15.744,2,7.780,1.043,0,98.94,0.003,0,85.47,0.289,100,0.56,14.401,49,50.00,0.00,0,4.2,0.078
1165,9339.056,AllocLarge,2B,0.323,16.7,0.000,0.00,16.544,12.544,2,7.780,1.043,0,1.33,0.003,0,85.47,0.289,100,0.56,11.201,56,35.72,0.00,0,5.6,0.088
1166,9346.181,AllocLarge,2B,0.287,14.3,0.000,0.00,15.749,15.757,2,7.780,1.056,0,98.96,0.003,0,85.47,0.289,100,0.56,14.401,49,50.00,0.00,0,4.2,0.086
1167,9351.637,AllocLarge,2B,0.297,14.3,0.110,19.35,16.557,12.557,2,7.780,1.056,0,2.09,0.003,0,85.47,0.289,100,0.56,11.201,56,35.72,0.00,0,5.2,0.101
1168,9358.580,AllocLarge,2B,0.257,0.0,0.000,0.00,15.762,15.771,2,7.780,1.069,0,98.97,0.003,0,85.47,0.289,100,0.56,14.401,49,50.00,0.00,0,3.9,0.078
1169,9363.930,AllocLarge,2B,0.282,12.5,0.000,0.00,16.571,12.570,2,7.780,1.069,0,2.10,0.003,0,85.47,0.289,100,0.56,11.201,56,35.72,0.00,0,4.9,0.081
1170,9371.101,AllocLarge,2B,0.288,14.3,0.105,15.31,15.775,15.784,2,7.780,1.082,0,98.98,0.003,0,85.47,0.289,100,0.56,14.401,49,50.00,0.00,0,4.2,0.079
1171,9376.455,AllocLarge,2B,0.319,14.3,0.000,0.00,16.584,12.583,2,7.780,1.082,0,2.05,0.003,0,85.47,0.289,100,0.56,11.201,56,35.72,0.00,0,5.6,0.083
1172,9383.749,AllocLarge,2B,0.268,0.0,0.000,0.00,15.789,15.797,2,7.780,1.096,0,99.00,0.003,0,85.47,0.289,100,0.56,14.401,49,50.00,0.00,0,3.9,0.078
1173,9389.024,AllocLarge,2B,0.308,0.0,0.110,19.69,16.597,12.597,2,7.780,1.096,0,2.02,0.003,0,85.47,0.289,100,0.56,11.201,56,35.72,0.00,0,5.5,0.102
1174,9396.156,AllocLarge,2B,0.297,0.0,0.000,0.00,15.802,15.810,2,7.780,1.109,0,99.01,0.003,0,85.47,0.289,100,0.56,14.401,49,50.00,0.00,0,4.3,0.083
1175,9401.569,AllocLarge,2B,0.266,16.7,0.000,0.00,16.610,12.610,2,7.780,1.109,0,1.99,0.003,0,85.47,0.289,100,0.56,11.201,56,35.72,0.00,0,4.7,0.080
1176,9408.680,AllocLarge,2B,0.269,0.0,0.104,15.28,15.815,15.823,2,7.780,1.122,0,99.02,0.003,0,85.47,0.289,100,0.56,14.401,49,50.00,0.00,0,3.9,0.076
1177,9415.009,AllocLarge,2B,0.310,12.5,0.000,0.00,16.624,12.623,2,7.780,1.122,0,2.00,0.003,0,85.47,0.289,100,0.56,11.201,56,35.72,0.00,0,4.6,0.104
1178,9422.185,AllocLarge,2B,0.299,0.0,0.102,14.95,15.828,15.836,2,7.780,1.135,0,99.03,0.003,0,85.47,0.289,100,0.56,14.401,49,50.00,0.00,0,4.4,0.080
1179,9427.808,AllocLarge,2B,0.352,14.3,0.000,0.00,16.637,12.636,2,7.780,1.135,0,1.23,0.003,0,85.47,0.289,100,0.56,11.201,56,35.72,0.00,0,5.9,0.102
1180,9435.073,AllocLarge,2B,0.320,12.5,0.000,0.00,15.841,15.850,2,7.780,1.148,0,99.04,0.003,0,85.47,0.289,100,0.56,14.401,49,50.00,0.00,0,4.6,0.108
1181,9440.587,AllocLarge,2B,0.352,0.0,0.104,17.87,16.650,12.649,2,7.780,1.148,0,1.93,0.003,0,85.47,0.289,100,0.56,11.201,56,35.72,0.00,0,6.1,0.084
1182,9448.168,AllocLarge,2B,0.426,0.0,0.000,0.00,15.855,15.863,2,7.780,1.162,0,99.09,0.003,0,85.47,0.289,100,0.56,14.401,49,50.00,0.00,0,5.8,0.170
1183,9453.621,AllocLarge,2B,0.282,20.0,0.000,0.00,16.663,12.663,2,7.780,1.162,0,1.90,0.003,0,85.47,0.289,100,0.56,11.201,56,35.72,0.00,0,5.1,0.078
1184,9460.810,AllocLarge,2B,0.296,0.0,0.110,15.73,15.868,15.876,2,7.780,1.175,0,99.10,0.003,0,85.47,0.289,100,0.56,14.401,49,50.00,0.00,0,4.2,0.081
1185,9466.275,AllocLarge,2B,0.279,0.0,0.000,0.00,16.676,12.676,2,7.780,1.175,0,1.91,0.003,0,85.47,0.289,100,0.56,11.201,56,35.72,0.00,0,4.8,0.083
1186,9473.257,AllocLarge,2B,0.265,0.0,0.000,0.00,15.881,15.889,2,7.780,1.188,0,99.07,0.003,0,85.47,0.289,100,0.56,14.401,49,50.00,0.00,0,4.0,0.079
1187,9478.902,AllocLarge,2B,0.278,0.0,0.105,17.70,16.689,12.689,2,7.780,1.188,0,1.86,0.003,0,85.47,0.289,100,0.56,11.201,56,35.72,0.00,0,4.7,0.081
1188,9485.982,AllocLarge,2B,0.268,0.0,0.000,0.00,15.894,15.903,2,7.780,1.201,0,99.08,0.003,0,85.47,0.289,100,0.56,14.401,49,50.00,0.00,0,3.9,0.079
1189,9491.329,AllocLarge,2B,0.346,28.6,0.000,0.00,16.703,12.702,2,7.780,1.201,0,1.84,0.003,0,85.47,0.289,100,0.56,11.201,56,35.72,0.00,0,6.0,0.085
1190,9498.747,AllocLarge,2B,0.298,0.0,0.110,15.62,15.908,15.916,2,7.780,1.215,0,99.09,0.003,0,85.47,0.289,100,0.56,14.401,49,50.00,0.00,0,4.2,0.081
1191,9504.170,AllocLarge,2B,0.269,0.0,0.000,0.00,16.716,12.716,2,7.780,1.215,0,1.82,0.003,0,85.47,0.289,100,0.56,11.201,56,35.72,0.00,0,4.8,0.079
1192,9511.143,AllocLarge,2B,0.313,12.5,0.000,0.00,15.921,15.929,2,7.780,1.228,0,99.10,0.003,0,85.47,0.289,100,0.56,14.401,49,50.00,0.00,0,4.6,0.116
1193,9516.559,AllocLarge,2B,0.273,14.3,0.105,18.35,16.729,12.729,2,7.780,1.228,0,1.83,0.003,0,85.47,0.289,100,0.56,11.201,56,35.72,0.00,0,4.8,0.082
1194,9524.109,AllocLarge,2B,0.279,12.5,0.000,0.00,15.934,15.942,2,7.780,1.241,0,99.11,0.003,0,85.47,0.289,100,0.56,14.401,49,50.00,0.00,0,3.8,0.075
1195,9529.440,AllocLarge,2B,0.255,0.0,0.000,0.00,16.742,12.742,2,7.780,1.241,0,1.79,0.003,0,85.47,0.289,100,0.56,11.201,56,35.72,0.00,0,4.6,0.077
1196,9536.455,AllocLarge,2B,0.306,0.0,0.110,16.17,15.947,15.955,2,7.780,1.254,0,99.12,0.003,0,85.47,0.289,100,0.56,14.401,49,50.00,0.00,0,4.5,0.101
1197,9541.868,AllocLarge,2B,0.387,14.3,0.000,0.00,16.756,12.755,2,7.780,1.254,0,1.76,0.003,0,85.47,0.289,100,0.56,11.201,56,35.72,0.00,0,6.6,0.172
1198,9549.185,AllocLarge,2B,0.289,0.0,0.000,0.00,15.961,15.969,2,7.780,1.268,0,99.13,0.003,0,85.47,0.289,100,0.56,14.401,49,50.00,0.00,0,4.2,0.097
1199,9554.513,AllocLarge,2B,0.268,16.7,0.104,18.57,16.769,12.769,2,7.780,1.268,0,1.74,0.003,0,85.47,0.289,100,0.56,11.201,56,35.72,0.00,0,4.8,0.085
1200,9561.617,AllocLarge,2B,0.286,0.0,0.000,0.00,15.974,15.982,2,7.780,1.281,0,99.14,0.003,0,85.47,0.289,100,0.56,14.401,49,50.00,0.00,0,4.2,0.085
1201,9566.955,AllocLarge,2B,0.291,33.3,0.000,0.00,16.782,12.782,2,7.780,1.281,0,1.11,0.003,0,85.47,0.289,100,0.56,11.201,56,35.72,0.00,0,5.2,0.079
1202,9574.050,AllocLarge,2B,0.296,14.3,0.102,15.08,15.987,15.995,2,7.780,1.294,0,99.15,0.003,0,85.47,0.289,100,0.56,14.401,49,50.00,0.00,0,4.4,0.099
1203,9579.386,AllocLarge,2B,0.259,0.0,0.000,0.00,16.795,12.795,2,7.780,1.294,0,1.71,0.003,0,85.47,0.289,100,0.56,11.201,56,35.72,0.00,0,4.7,0.093
1204,9586.355,AllocLarge,2B,0.333,0.0,0.000,0.00,16.000,16.008,2,7.780,1.307,0,99.16,0.003,0,85.47,0.289,100,0.56,14.401,49,50.00,0.00,0,4.9,0.104
1205,9591.930,AllocLarge,2B,0.325,0.0,0.104,17.67,16.808,12.808,2,7.780,1.307,0,1.69,0.003,0,85.47,0.289,100,0.56,11.201,56,35.72,0.00,0,5.5,0.093
1206,9599.034,AllocLarge,2B,0.257,0.0,0.000,0.00,16.013,16.022,2,7.780,1.320,0,99.17,0.003,0,85.47,0.289,100,0.56,14.401,49,50.00,0.00,0,3.9,0.078
1207,9604.426,AllocLarge,2B,0.280,16.7,0.000,0.00,16.822,12.821,2,7.780,1.320,0,1.67,0.003,0,85.47,0.289,100,0.56,11.201,56,35.72,0.00,0,4.9,0.079
1208,9611.480,AllocLarge,2B,0.278,0.0,0.110,16.24,16.027,16.035,2,7.780,1.334,0,99.17,0.003,0,85.47,0.289,100,0.56,14.401,49,50.00,0.00,0,4.1,0.081
1209,9616.800,AllocLarge,2B,0.280,0.0,0.000,0.00,16.835,12.835,2,7.780,1.334,0,1.68,0.003,0,85.47,0.289,100,0.56,11.201,56,35.72,0.00,0,5.0,0.081
1210,9624.283,AllocLarge,2B,0.279,11.1,0.000,0.00,16.040,16.048,2,7.780,1.347,0,99.18,0.003,0,85.47,0.289,100,0.56,14.401,49,50.00,0.00,0,3.9,0.080
1211,9629.561,AllocLarge,2B,0.237,0.0,0.105,19.33,16.848,12.848,2,7.780,1.347,0,1.64,0.003,0,85.47,0.289,100,0.56,11.201,56,35.72,0.00,0,4.4,0.075
1212,9637.157,AllocLarge,2B,0.285,12.5,0.000,0.00,16.053,16.061,2,7.780,1.360,0,99.19,0.003,0,85.47,0.289,100,0.56,14.401,49,50.00,0.00,0,3.8,0.078
1213,9642.461,AllocLarge,2B,0.297,0.0,0.000,0.00,16.861,12.861,2,7.780,1.360,0,1.63,0.003,0,85.47,0.289,100,0.56,11.201,56,35.72,0.00,0,5.3,0.079
1214,9650.181,AllocLarge,2B,0.320,12.5,0.110,14.81,16.066,16.074,2,7.780,1.373,0,99.20,0.003,0,85.47,0.289,100,0.56,14.401,49,50.00,0.00,0,4.3,0.081
1215,9655.544,AllocLarge,2B,0.240,0.0,0.000,0.00,16.875,12.874,2,7.780,1.373,0,1.61,0.003,0,85.47,0.289,100,0.56,11.201,56,35.72,0.00,0,4.4,0.076
1216,9662.412,AllocLarge,2B,0.249,12.5,0.000,0.00,16.080,16.088,2,7.780,1.387,0,99.21,0.003,0,85.47,0.289,100,0.56,14.401,49,50.00,0.00,0,3.7,0.078
1217,9668.028,AllocLarge,2B,0.280,16.7,0.105,17.60,16.888,12.888,2,7.780,1.387,0,1.62,0.003,0,85.47,0.289,100,0.56,11.201,56,35.72,0.00,0,4.7,0.081
1218,9674.950,AllocLarge,2B,0.361,0.0,0.000,0.00,16.093,16.101,2,7.780,1.400,0,99.25,0.003,0,85.47,0.289,100,0.56,14.401,49,50.00,0.00,0,5.4,0.118
1219,9680.578,AllocLarge,2B,0.317,16.7,0.000,0.00,16.901,12.901,2,7.780,1.400,0,1.58,0.003,0,85.47,0.289,100,0.56,11.201,56,35.72,0.00,0,5.4,0.084
1220,9687.814,AllocLarge,2B,0.299,0.0,0.110,16.05,16.106,16.114,2,7.780,1.413,0,99.22,0.003,0,85.47,0.289,100,0.56,14.401,49,50.00,0.00,0,4.3,0.091
1221,9693.447,AllocLarge,2B,0.286,0.0,0.000,0.00,16.914,12.914,2,7.780,1.413,0,1.57,0.003,0,85.47,0.289,100,0.56,11.201,56,35.72,0.00,0,4.8,0.081
1222,9700.626,AllocLarge,2B,0.283,0.0,0.000,0.00,16.119,16.127,2,7.780,1.426,0,99.23,0.003,0,85.47,0.289,100,0.56,14.401,49,50.00,0.00,0,4.1,0.081
1223,9706.024,AllocLarge,2B,0.301,16.7,0.104,18.39,16.927,12.927,2,7.780,1.426,0,1.55,0.003,0,85.47,0.289,100,0.56,11.201,56,35.72,0.00,0,5.3,0.117
1224,9713.157,AllocLarge,2B,0.311,0.0,0.000,0.00,16.132,16.141,2,7.780,1.439,0,99.24,0.003,0,85.47,0.289,100,0.56,14.401,49,50.00,0.00,0,4.5,0.114
1225,9718.631,AllocLarge,2B,0.294,14.3,0.000,0.00,16.941,12.940,2,7.780,1.439,0,1.56,0.003,0,85.47,0.289,100,0.56,11.201,56,35.72,0.00,0,5.1,0.083
1226,9725.836,AllocLarge,2B,0.308,0.0,0.102,14.96,16.145,16.154,2,7.780,1.452,0,99.24,0.003,0,85.47,0.289,100,0.56,14.401,49,50.00,0.00,0,4.5,0.098
1227,9731.232,AllocLarge,2B,0.284,16.7,0.000,0.00,16.954,12.953,2,7.780,1.452,0,1.53,0.003,0,85.47,0.289,100,0.56,11.201,56,35.72,0.00,0,5.0,0.081
1228,9738.299,AllocLarge,2B,0.288,0.0,0.000,0.00,16.159,16.167,2,7.780,1.466,0,99.25,0.003,0,85.47,0.289,100,0.56,14.401,49,50.00,0.00,0,4.3,0.080
1229,9743.706,AllocLarge,2B,0.322,14.3,0.105,18.09,16.967,12.967,2,7.780,1.466,0,1.51,0.003,0,85.47,0.289,100,0.56,11.201,56,35.72,0.00,0,5.6,0.084
1230,9751.226,AllocLarge,2B,0.288,11.1,0.000,0.00,16.172,16.180,2,7.780,1.479,0,99.26,0.003,0,85.47,0.289,100,0.56,14.401,49,50.00,0.00,0,4.0,0.083
1231,9756.645,AllocLarge,2B,0.280,0.0,0.000,0.00,16.980,12.980,2,7.780,1.479,0,1.49,0.003,0,85.47,0.289,100,0.56,11.201,56,35.72,0.00,0,5.0,0.080
1232,9763.862,AllocLarge,2B,0.310,0.0,0.104,14.84,16.185,16.194,2,7.780,1.492,0,99.26,0.003,0,85.47,0.289,100,0.56,14.401,49,50.00,0.00,0,4.4,0.102
1233,9769.281,AllocLarge,2B,0.289,16.7,0.000,0.00,16.994,12.993,2,7.780,1.492,0,1.50,0.003,0,85.47,0.289,100,0.56,11.201,56,35.72,0.00,0,5.1,0.083
1234,9776.459,AllocLarge,2B,0.347,12.5,0.000,0.00,16.198,16.207,2,7.780,1.505,0,99.27,0.003,0,85.47,0.289,100,0.56,14.401,49,50.00,0.00,0,5.0,0.082
1235,9781.906,AllocLarge,2B,0.281,0.0,0.103,18.27,17.007,13.006,2,7.780,1.505,0,1.47,0.003,0,85.47,0.289,100,0.56,11.201,56,35.72,0.00,0,5.0,0.082
1236,9789.022,AllocLarge,2B,0.293,14.3,0.000,0.00,16.212,16.220,2,7.780,1.519,0,99.28,0.003,0,85.47,0.289,100,0.56,14.401,49,50.00,0.00,0,4.3,0.080
1237,9794.548,AllocLarge,2B,0.313,0.0,0.000,0.00,17.020,13.020,2,7.780,1.519,0,1.46,0.003,0,85.47,0.289,100,0.56,11.201,56,35.72,0.00,0,5.3,0.087
1238,9801.922,AllocLarge,2B,0.309,0.0,0.104,14.82,16.225,16.233,2,7.780,1.532,0,99.31,0.003,0,85.47,0.289,100,0.56,14.401,49,50.00,0.00,0,4.4,0.094
1239,9807.408,AllocLarge,2B,0.300,14.3,0.000,0.00,17.033,13.033,2,7.780,1.532,0,1.44,0.003,0,85.47,0.289,100,0.56,11.201,56,35.72,0.00,0,5.2,0.113
1240,9814.526,AllocLarge,2B,0.304,14.3,0.000,0.00,16.238,16.246,2,7.780,1.545,0,99.29,0.003,0,85.47,0.289,100,0.56,14.401,49,50.00,0.00,0,4.4,0.081
1241,9820.103,AllocLarge,2B,0.326,25.0,0.110,18.75,17.047,13.046,2,7.780,1.545,0,1.45,0.003,0,85.47,0.289,100,0.56,11.201,56,35.72,0.00,0,5.6,0.127
1242,9827.352,AllocLarge,2B,0.326,14.3,0.000,0.00,16.251,16.259,2,7.780,1.558,0,99.29,0.003,0,85.47,0.289,100,0.56,14.401,49,50.00,0.00,0,4.7,0.084
1243,9833.029,AllocLarge,2B,0.314,14.3,0.000,0.00,17.059,13.059,2,7.780,1.558,0,1.42,0.003,0,85.47,0.289,100,0.56,11.201,56,35.72,0.00,0,5.4,0.113
1244,9840.221,AllocLarge,2B,0.316,0.0,0.105,15.09,16.264,16.273,2,7.780,1.571,0,99.30,0.003,0,85.47,0.289,100,0.56,14.401,49,50.00,0.00,0,4.5,0.099
1245,9845.694,AllocLarge,2B,0.334,14.3,0.000,0.00,17.073,11.502,2,7.780,0.001,0,0.00,0.003,0,10.58,0.289,100,0.56,11.201,56,35.72,0.00,0,5.6,0.121
1246,9846.056,AllocSmall,0F,0.190,0.0,1.549,290.43,16.273,14.702,2,0.002,0.001,0,81.43,0.003,NaN,10.58,0.289,NaN,0.56,14.401,NaN,11.11,0.00,1,3.4,0.037
1247,9852.919,AllocLarge,2B,0.275,0.0,0.000,0.00,14.729,14.737,2,7.780,0.036,0,69.04,0.003,0,85.52,0.289,100,0.56,14.401,49,50.00,0.00,0,3.9,0.079
1248,9858.370,AllocLarge,2B,0.291,14.3,0.107,18.65,15.537,11.537,2,7.780,0.036,0,54.89,0.003,0,85.52,0.289,100,0.56,11.201,56,35.72,0.00,0,5.1,0.102
1249,9865.367,AllocLarge,2B,0.278,0.0,0.000,0.00,14.745,14.753,2,7.780,0.051,0,78.61,0.003,0,85.52,0.289,100,0.56,14.401,49,50.00,0.00,0,4.1,0.082
1250,9870.727,AllocLarge,2B,0.296,16.7,0.000,0.00,15.553,11.553,2,7.780,0.051,0,27.63,0.003,0,85.52,0.289,100,0.56,11.201,56,35.72,0.00,0,5.1,0.079
1251,9877.815,AllocLarge,2B,0.279,0.0,0.103,15.41,14.757,14.766,2,7.780,0.064,0,82.92,0.003,0,85.52,0.289,100,0.56,14.401,49,50.00,0.00,0,4.2,0.079
1252,9883.110,AllocLarge,2B,0.302,16.7,0.000,0.00,15.566,11.565,2,7.780,0.064,0,34.38,0.003,0,85.52,0.289,100,0.56,11.201,56,35.72,0.00,0,5.4,0.082
1253,9890.543,AllocLarge,2B,0.325,0.0,0.000,0.00,14.771,14.779,2,7.780,0.078,0,85.83,0.003,0,85.52,0.289,100,0.56,14.401,49,50.00,0.00,0,4.5,0.100
1254,9896.031,AllocLarge,2B,0.330,0.0,0.109,18.62,15.579,11.579,2,7.780,0.078,0,28.47,0.003,0,85.52,0.289,100,0.56,11.201,56,35.72,0.00,0,5.6,0.088
1255,9903.538,AllocLarge,2B,0.277,0.0,0.000,0.00,14.784,14.792,2,7.780,0.091,0,87.90,0.003,0,85.52,0.289,100,0.56,14.401,49,50.00,0.00,0,3.9,0.081
1256,9908.928,AllocLarge,2B,0.280,16.7,0.000,0.00,15.592,11.592,2,7.780,0.091,0,24.27,0.003,0,85.52,0.289,100,0.56,11.201,56,35.72,0.00,0,4.9,0.083
1257,9915.897,AllocLarge,2B,0.377,12.5,0.104,15.18,14.797,14.806,2,7.780,0.104,0,89.45,0.003,0,85.52,0.289,100,0.56,14.401,49,50.00,0.00,0,5.5,0.087
1258,9921.612,AllocLarge,2B,0.296,0.0,0.000,0.00,15.606,11.605,2,7.780,0.104,0,21.51,0.003,0,85.52,0.289,100,0.56,11.201,56,35.72,0.00,0,5.0,0.079
1259,9928.797,AllocLarge,2B,0.285,0.0,0.000,0.00,14.810,14.819,2,7.780,0.117,0,91.01,0.003,0,85.52,0.289,100,0.56,14.401,49,50.00,0.00,0,4.1,0.083
1260,9934.187,AllocLarge,2B,0.303,16.7,0.103,18.18,15.619,11.618,2,7.780,0.117,0,18.88,0.003,0,85.52,0.289,100,0.56,11.201,56,35.72,0.00,0,5.3,0.078
1261,9941.073,AllocLarge,2B,0.307,12.5,0.000,0.00,14.824,14.832,2,7.780,0.131,0,91.57,0.003,0,85.52,0.289,100,0.56,14.401,49,50.00,0.00,0,4.6,0.097
1262,9946.417,AllocLarge,2B,0.243,0.0,0.000,0.00,15.632,11.632,2,7.780,0.131,0,16.94,0.003,0,85.52,0.289,100,0.56,11.201,56,35.72,0.00,0,4.4,0.079
1263,9953.335,AllocLarge,2B,0.265,0.0,0.104,15.58,14.837,14.845,2,7.780,0.144,0,92.35,0.003,0,85.52,0.289,100,0.56,14.401,49,50.00,0.00,0,4.0,0.078
1264,9958.829,AllocLarge,2B,0.303,14.3,0.000,0.00,15.645,11.645,2,7.780,0.144,0,15.35,0.003,0,85.52,0.289,100,0.56,11.201,56,35.72,0.00,0,5.1,0.102
1265,9965.877,AllocLarge,2B,0.275,0.0,0.000,0.00,14.850,14.858,2,7.780,0.157,0,93.00,0.003,0,85.52,0.289,100,0.56,14.401,49,50.00,0.00,0,4.1,0.079
1266,9971.179,AllocLarge,2B,0.309,14.3,0.110,19.50,15.659,11.658,2,7.780,0.157,0,14.28,0.003,0,85.52,0.289,100,0.56,11.201,56,35.72,0.00,0,5.5,0.103
1267,9978.207,AllocLarge,2B,0.279,0.0,0.000,0.00,14.863,14.871,2,7.780,0.170,0,93.53,0.003,0,85.52,0.289,100,0.56,14.401,49,50.00,0.00,0,4.2,0.093
1268,9983.616,AllocLarge,2B,0.341,14.3,0.000,0.00,15.671,11.671,2,7.780,0.170,0,13.02,0.003,0,85.52,0.289,100,0.56,11.201,56,35.72,0.00,0,5.8,0.084
1269,9990.861,AllocLarge,2B,0.309,0.0,0.105,15.34,14.876,14.885,2,7.780,0.183,0,94.00,0.003,0,85.52,0.289,100,0.56,14.401,49,50.00,0.00,0,4.5,0.101
1270,9996.243,AllocLarge,2B,0.248,14.3,0.000,0.00,15.685,11.684,2,7.780,0.183,0,12.06,0.003,0,85.52,0.289,100,0.56,11.201,56,35.72,0.00,0,4.4,0.078
1271,10003.163,AllocLarge,2B,0.296,14.3,0.000,0.00,14.890,14.898,2,7.780,0.197,0,94.40,0.003,0,85.52,0.289,100,0.56,14.401,49,50.00,0.00,0,4.4,0.080
1272,10008.518,AllocLarge,2B,0.315,14.3,0.110,19.42,15.698,11.698,2,7.780,0.197,0,11.23,0.003,0,85.52,0.289,100,0.56,11.201,56,35.72,0.00,0,5.6,0.083
1273,10015.633,AllocLarge,2B,0.294,14.3,0.000,0.00,14.903,14.911,2,7.780,0.210,0,94.76,0.003,0,85.52,0.289,100,0.56,14.401,49,50.00,0.00,0,4.3,0.101
1274,10020.907,AllocLarge,2B,0.231,0.0,0.000,0.00,15.711,11.711,2,7.780,0.210,0,10.69,0.003,0,85.52,0.289,100,0.56,11.201,56,35.72,0.00,0,4.3,0.076
1275,10027.813,AllocLarge,2B,0.303,11.1,0.105,15.52,14.916,14.924,2,7.780,0.223,0,95.06,0.003,0,85.52,0.289,100,0.56,14.401,49,50.00,0.00,0,4.5,0.121
1276,10033.306,AllocLarge,2B,0.281,0.0,0.000,0.00,15.724,11.724,2,7.780,0.223,0,9.93,0.003,0,85.52,0.289,100,0.56,11.201,56,35.72,0.00,0,4.9,0.080
1277,10040.440,AllocLarge,2B,0.252,0.0,0.000,0.00,14.929,14.938,2,7.780,0.236,0,95.34,0.003,0,85.52,0.289,100,0.56,14.401,49,50.00,0.00,0,3.7,0.076
1278,10045.678,AllocLarge,2B,0.287,16.7,0.110,19.70,15.738,11.737,2,7.780,0.236,0,9.36,0.003,0,85.52,0.289,100,0.56,11.201,56,35.72,0.00,0,5.1,0.080
1279,10053.172,AllocLarge,2B,0.280,0.0,0.000,0.00,14.943,14.951,2,7.780,0.250,0,95.59,0.003,0,85.52,0.289,100,0.56,14.401,49,50.00,0.00,0,3.9,0.080
1280,10058.510,AllocLarge,2B,0.299,16.7,0.104,18.16,15.751,11.751,2,7.780,0.250,0,5.55,0.003,0,85.52,0.289,100,0.56,11.201,56,35.72,0.00,0,5.2,0.086
1281,10065.707,AllocLarge,2B,0.290,14.3,0.000,0.00,14.956,14.964,2,7.780,0.263,0,95.81,0.003,0,85.52,0.289,100,0.56,14.401,49,50.00,0.00,0,4.2,0.083
1282,10071.067,AllocLarge,2B,0.303,16.7,0.000,0.00,15.764,11.764,2,7.780,0.263,0,8.54,0.003,0,85.52,0.289,100,0.56,11.201,56,35.72,0.00,0,5.3,0.085
1283,10078.148,AllocLarge,2B,0.313,0.0,0.102,15.31,14.969,14.977,2,7.780,0.276,0,96.01,0.003,0,85.52,0.289,100,0.56,14.401,49,50.00,0.00,0,4.7,0.098
1284,10084.222,AllocLarge,2B,0.284,12.5,0.000,0.00,15.777,11.777,2,7.780,0.276,0,8.03,0.003,0,85.52,0.289,100,0.56,11.201,56,35.72,0.00,0,4.4,0.078
1285,10091.345,AllocLarge,2B,0.272,0.0,0.000,0.00,14.982,14.990,2,7.780,0.289,0,96.19,0.003,0,85.52,0.289,100,0.56,14.401,49,50.00,0.00,0,4.0,0.081
1286,10096.926,AllocLarge,2B,0.259,16.7,0.104,17.81,15.791,11.790,2,7.780,0.289,0,7.65,0.003,0,85.52,0.289,100,0.56,11.201,56,35.72,0.00,0,4.4,0.081
1287,10104.029,AllocLarge,2B,0.249,0.0,0.000,0.00,14.996,15.004,2,7.780,0.302,0,96.36,0.003,0,85.52,0.289,100,0.56,14.401,49,50.00,0.00,0,3.6,0.052
1288,10109.395,AllocLarge,2B,0.321,16.7,0.000,0.00,15.804,11.804,2,7.780,0.302,0,7.30,0.003,0,85.52,0.289,100,0.56,11.201,56,35.72,0.00,0,5.6,0.105
1289,10116.668,AllocLarge,2B,0.294,12.5,0.110,15.82,15.009,15.017,2,7.780,0.316,0,96.51,0.003,0,85.52,0.289,100,0.56,14.401,49,50.00,0.00,0,4.2,0.096
1290,10122.028,AllocLarge,2B,0.301,0.0,0.000,0.00,15.817,11.817,2,7.780,0.316,0,7.11,0.003,0,85.52,0.289,100,0.56,11.201,56,35.72,0.00,0,5.4,0.103
1291,10129.302,AllocLarge,2B,0.280,0.0,0.000,0.00,15.022,15.030,2,7.780,0.329,0,96.65,0.003,0,85.52,0.289,100,0.56,14.401,49,50.00,0.00,0,4.0,0.082
1292,10134.854,AllocLarge,2B,0.294,16.7,0.105,17.70,15.830,11.830,2,7.780,0.329,0,6.74,0.003,0,85.52,0.289,100,0.56,11.201,56,35.72,0.00,0,5.0,0.087
1293,10141.919,AllocLarge,2B,0.274,0.0,0.000,0.00,15.035,15.043,2,7.780,0.342,0,96.78,0.003,0,85.52,0.289,100,0.56,14.401,49,50.00,0.00,0,4.1,0.080
1294,10147.490,AllocLarge,2B,0.274,12.5,0.000,0.00,15.843,11.843,2,7.780,0.342,0,6.47,0.003,0,85.52,0.289,100,0.56,11.201,56,35.72,0.00,0,4.7,0.099
1295,10155.000,AllocLarge,2B,0.294,14.3,0.110,15.13,15.048,15.057,2,7.780,0.355,0,96.90,0.003,0,85.52,0.289,100,0.56,14.401,49,50.00,0.00,0,4.0,0.081
1296,10160.623,AllocLarge,2B,0.322,16.7,0.000,0.00,15.857,11.856,2,7.780,0.355,0,3.90,0.003,0,85.52,0.289,100,0.56,11.201,56,35.72,0.00,0,5.3,0.088
1297,10167.773,AllocLarge,2B,0.281,12.5,0.000,0.00,15.062,15.070,2,7.780,0.369,0,97.01,0.003,0,85.52,0.289,100,0.56,14.401,49,50.00,0.00,0,4.2,0.080
1298,10173.089,AllocLarge,2B,0.263,0.0,0.105,18.80,15.870,11.870,2,7.780,0.369,0,6.09,0.003,0,85.52,0.289,100,0.56,11.201,56,35.72,0.00,0,4.7,0.082
1299,10180.077,AllocLarge,2B,0.255,0.0,0.000,0.00,15.075,15.083,2,7.780,0.382,0,97.12,0.003,0,85.52,0.289,100,0.56,14.401,49,50.00,0.00,0,3.8,0.076
1300,10185.335,AllocLarge,2B,0.269,0.0,0.000,0.00,15.883,11.883,2,7.780,0.382,0,5.80,0.003,0,85.52,0.289,100,0.56,11.201,56,35.72,0.00,0,4.8,0.081
1301,10192.243,AllocLarge,2B,0.287,14.3,0.110,16.72,15.088,15.096,2,7.780,0.395,0,97.21,0.003,0,85.52,0.289,100,0.56,14.401,49,50.00,0.00,0,4.3,0.099
1302,10197.550,AllocLarge,2B,0.296,14.3,0.000,0.00,15.896,11.896,2,7.780,0.395,0,5.60,0.003,0,85.52,0.289,100,0.56,11.201,56,35.72,0.00,0,5.3,0.080
1303,10204.534,AllocLarge,2B,0.264,0.0,0.000,0.00,15.101,15.109,2,7.780,0.408,0,97.30,0.003,0,85.52,0.289,100,0.56,14.401,49,50.00,0.00,0,4.0,0.078
1304,10209.805,AllocLarge,2B,0.266,16.7,0.104,18.62,15.910,11.909,2,7.780,0.408,0,5.41,0.003,0,85.52,0.289,100,0.56,11.201,56,35.72,0.00,0,4.7,0.084
1305,10216.728,AllocLarge,2B,0.252,0.0,0.000,0.00,15.115,15.123,2,7.780,0.422,0,97.39,0.003,0,85.52,0.289,100,0.56,14.401,49,50.00,0.00,0,3.8,0.078
1306,10221.945,AllocLarge,2B,0.237,16.7,0.000,0.00,15.923,11.923,2,7.780,0.422,0,5.32,0.003,0,85.52,0.289,100,0.56,11.201,56,35.72,0.00,0,4.3,0.076
1307,10228.768,AllocLarge,2B,0.263,0.0,0.102,15.63,15.128,15.136,2,7.780,0.435,0,97.47,0.003,0,85.52,0.289,100,0.56,14.401,49,50.00,0.00,0,4.0,0.093
1308,10234.008,AllocLarge,2B,0.331,0.0,0.000,0.00,15.936,11.936,2,7.780,0.435,0,5.10,0.003,0,85.52,0.289,100,0.56,11.201,56,35.72,0.00,0,5.9,0.078
1309,10240.902,AllocLarge,2B,0.244,14.3,0.000,0.00,15.141,15.149,2,7.780,0.448,0,97.54,0.003,0,85.52,0.289,100,0.56,14.401,49,50.00,0.00,0,3.7,0.075
1310,10246.122,AllocLarge,2B,0.228,0.0,0.104,19.18,15.949,11.949,2,7.780,0.448,0,4.94,0.003,0,85.52,0.289,100,0.56,11.201,56,35.72,0.00,0,4.2,0.075
1311,10253.125,AllocLarge,2B,0.320,0.0,0.000,0.00,15.154,15.162,2,7.780,0.461,0,97.61,0.003,0,85.52,0.289,100,0.56,14.401,49,50.00,0.00,0,4.6,0.099
1312,10258.439,AllocLarge,2B,0.342,16.7,0.000,0.00,15.962,11.962,2,7.780,0.461,0,4.79,0.003,0,85.52,0.289,100,0.56,11.201,56,35.72,0.00,0,6.1,0.101
1313,10265.832,AllocLarge,2B,0.277,0.0,0.110,15.63,15.167,15.176,2,7.780,0.474,0,97.78,0.003,0,85.52,0.289,100,0.56,14.401,49,50.00,0.00,0,3.9,0.081
1314,10271.314,AllocLarge,2B,0.262,16.7,0.000,0.00,15.976,11.975,2,7.780,0.474,0,4.73,0.003,0,85.52,0.289,100,0.56,11.201,56,35.72,0.00,0,4.6,0.091
1315,10278.412,AllocLarge,2B,0.252,0.0,0.000,0.00,15.180,15.189,2,7.780,0.487,0,97.74,0.003,0,85.52,0.289,100,0.56,14.401,49,50.00,0.00,0,3.7,0.078
1316,10283.956,AllocLarge,2B,0.263,0.0,0.105,17.91,15.989,11.988,2,7.780,0.487,0,4.54,0.003,0,85.52,0.289,100,0.56,11.201,56,35.72,0.00,0,4.5,0.079
1317,10290.990,AllocLarge,2B,0.350,14.3,0.000,0.00,15.194,15.202,2,7.780,0.501,0,97.80,0.003,0,85.52,0.289,100,0.56,14.401,49,50.00,0.00,0,5.1,0.165
1318,10296.690,AllocLarge,2B,0.328,14.3,0.000,0.00,16.002,12.002,2,7.780,0.501,0,4.42,0.003,0,85.52,0.289,100,0.56,11.201,56,35.72,0.00,0,5.5,0.099
1319,10303.843,AllocLarge,2B,0.257,0.0,0.110,16.11,15.207,15.215,2,7.780,0.514,0,97.86,0.003,0,85.52,0.289,100,0.56,14.401,49,50.00,0.00,0,3.8,0.079
1320,10309.240,AllocLarge,2B,0.259,16.7,0.000,0.00,16.015,12.015,2,7.780,0.514,0,4.30,0.003,0,85.52,0.289,100,0.56,11.201,56,35.72,0.00,0,4.5,0.082
1321,10316.177,AllocLarge,2B,0.300,14.3,0.000,0.00,15.220,15.229,2,7.780,0.527,0,97.91,0.003,0,85.52,0.289,100,0.56,14.401,49,50.00,0.00,0,4.5,0.078
1322,10321.554,AllocLarge,2B,0.247,16.7,0.105,18.72,16.029,12.028,2,7.780,0.527,0,4.26,0.003,0,85.52,0.289,100,0.56,11.201,56,35.72,0.00,0,4.4,0.076
1323,10328.674,AllocLarge,2B,0.281,0.0,0.000,0.00,15.233,15.242,2,7.780,0.540,0,98.05,0.003,0,85.52,0.289,100,0.56,14.401,49,50.00,0.00,0,4.1,0.088
1324,10334.302,AllocLarge,2B,0.274,14.3,0.000,0.00,16.042,12.041,2,7.780,0.540,0,4.10,0.003,0,85.52,0.289,100,0.56,11.201,56,35.72,0.00,0,4.6,0.079
1325,10341.589,AllocLarge,2B,0.285,0.0,0.110,15.81,15.247,15.255,2,7.780,0.554,0,98.01,0.003,0,85.52,0.289,100,0.56,14.401,49,50.00,0.00,0,4.1,0.076
1326,10347.241,AllocLarge,2B,0.259,0.0,0.000,0.00,16.055,12.055,2,7.780,0.554,0,4.00,0.003,0,85.52,0.289,100,0.56,11.201,56,35.72,0.00,0,4.4,0.077
1327,10354.318,AllocLarge,2B,0.274,0.0,0.000,0.00,15.260,15.268,2,7.780,0.567,0,98.06,0.003,0,85.52,0.289,100,0.56,14.401,49,50.00,0.00,0,4.0,0.099
1328,10359.791,AllocLarge,2B,0.358,12.5,0.104,17.53,16.068,12.068,2,7.780,0.567,0,3.90,0.003,0,85.52,0.289,100,0.56,11.201,56,35.72,0.00,0,6.0,0.101
1329,10367.217,AllocLarge,2B,0.268,0.0,0.000,0.00,15.273,15.281,2,7.780,0.580,0,98.10,0.003,0,85.52,0.289,100,0.56,14.401,49,50.00,0.00,0,3.9,0.079
1330,10372.518,AllocLarge,2B,0.271,14.3,0.000,0.00,16.082,12.081,2,7.780,0.580,0,3.87,0.003,0,85.52,0.289,100,0.56,11.201,56,35.72,0.00,0,4.9,0.078
1331,10379.872,AllocLarge,2B,0.275,12.5,0.102,14.34,15.286,15.294,2,7.780,0.593,0,98.14,0.003,0,85.52,0.289,100,0.56,14.401,49,50.00,0.00,0,3.9,0.082
1332,10385.310,AllocLarge,2B,0.260,16.7,0.000,0.00,16.094,12.094,2,7.780,0.593,0,3.73,0.003,0,85.52,0.289,100,0.56,11.201,56,35.72,0.00,0,4.6,0.078
1333,10392.397,AllocLarge,2B,0.293,0.0,0.000,0.00,15.299,15.308,2,7.780,0.606,0,98.26,0.003,0,85.52,0.289,100,0.56,14.401,49,50.00,0.00,0,4.3,0.078
1334,10398.075,AllocLarge,2B,0.439,16.7,0.105,17.10,16.108,12.107,2,7.780,0.606,0,3.65,0.003,0,85.52,0.289,100,0.56,11.201,56,35.72,0.00,0,7.2,0.228
1335,10405.302,AllocLarge,2B,0.281,0.0,0.000,0.00,15.313,15.321,2,7.780,0.620,0,98.22,0.003,0,85.52,0.289,100,0.56,14.401,49,50.00,0.00,0,4.2,0.081
1336,10410.732,AllocLarge,2B,0.345,0.0,0.000,0.00,16.121,12.121,2,7.780,0.620,0,3.56,0.003,0,85.52,0.289,100,0.56,11.201,56,35.72,0.00,0,5.9,0.084
1337,10418.192,AllocLarge,2B,0.297,12.5,0.104,14.45,15.326,15.334,2,7.780,0.633,0,98.26,0.003,0,85.52,0.289,100,0.56,14.401,49,50.00,0.00,0,4.1,0.079
1338,10423.552,AllocLarge,2B,0.264,0.0,0.000,0.00,16.134,12.134,2,7.780,0.633,0,3.55,0.003,0,85.52,0.289,100,0.56,11.201,56,35.72,0.00,0,4.8,0.079
1339,10430.735,AllocLarge,2B,0.347,0.0,0.000,0.00,15.339,15.347,2,7.780,0.646,0,98.30,0.003,0,85.52,0.289,100,0.56,14.401,49,50.00,0.00,0,4.9,0.145
1340,10436.133,AllocLarge,2B,0.284,0.0,0.103,18.30,16.147,12.147,2,7.780,0.646,0,3.43,0.003,0,85.52,0.289,100,0.56,11.201,56,35.72,0.00,0,5.0,0.082
1341,10443.175,AllocLarge,2B,0.355,0.0,0.000,0.00,15.352,15.361,2,7.780,0.659,0,98.33,0.003,0,85.52,0.289,100,0.56,14.401,49,50.00,0.00,0,5.2,0.098
1342,10448.541,AllocLarge,2B,0.288,0.0,0.000,0.00,16.161,12.160,2,7.780,0.659,0,3.36,0.003,0,85.52,0.289,100,0.56,11.201,56,35.72,0.00,0,5.2,0.099
1343,10455.448,AllocLarge,2B,0.275,0.0,0.104,15.74,15.366,15.374,2,7.780,0.673,0,98.36,0.003,0,85.52,0.289,100,0.56,14.401,49,50.00,0.00,0,4.2,0.078
1344,10460.805,AllocLarge,2B,0.288,16.7,0.000,0.00,16.174,12.174,2,7.780,0.673,0,3.28,0.003,0,85.52,0.289,100,0.56,11.201,56,35.72,0.00,0,5.1,0.083
1345,10467.794,AllocLarge,2B,0.264,0.0,0.000,0.00,15.379,15.387,2,7.780,0.686,0,98.40,0.003,0,85.52,0.289,100,0.56,14.401,49,50.00,0.00,0,4.0,0.078
1346,10473.047,AllocLarge,2B,0.254,16.7,0.110,19.94,16.187,12.187,2,7.780,0.686,0,3.27,0.003,0,85.52,0.289,100,0.56,11.201,56,35.72,0.00,0,4.6,0.078
1347,10479.892,AllocLarge,2B,0.267,0.0,0.000,0.00,15.392,15.400,2,7.780,0.699,0,98.42,0.003,0,85.52,0.289,100,0.56,14.401,49,50.00,0.00,0,4.1,0.094
1348,10485.182,AllocLarge,2B,0.294,14.3,0.105,18.49,16.200,12.200,2,7.780,0.699,0,3.17,0.003,0,85.52,0.289,100,0.56,11.201,56,35.72,0.00,0,5.2,0.109
1349,10492.135,AllocLarge,2B,0.268,14.3,0.000,0.00,15.405,15.413,2,7.780,0.712,0,98.45,0.003,0,85.52,0.289,100,0.56,14.401,49,50.00,0.00,0,4.0,0.075
1350,10497.346,AllocLarge,2B,0.235,0.0,0.000,0.00,16.213,12.213,2,7.780,0.712,0,3.11,0.003,0,85.52,0.289,100,0.56,11.201,56,35.72,0.00,0,4.4,0.076
1351,10504.148,AllocLarge,2B,0.254,0.0,0.000,0.00,15.418,15.427,2,7.780,0.725,0,98.48,0.003,0,85.52,0.289,100,0.56,14.401,49,50.00,0.00,0,3.9,0.077
1352,10509.383,AllocLarge,2B,0.287,16.7,0.110,19.82,16.227,12.226,2,7.780,0.725,0,3.04,0.003,0,85.52,0.289,100,0.56,11.201,56,35.72,0.00,0,5.2,0.116
1353,10516.324,AllocLarge,2B,0.271,12.5,0.000,0.00,15.432,15.440,2,7.780,0.739,0,98.57,0.003,0,85.52,0.289,100,0.56,14.401,49,50.00,0.00,0,4.1,0.080
1354,10521.684,AllocLarge,2B,0.267,0.0,0.000,0.00,16.240,12.240,2,7.780,0.739,0,3.04,0.003,0,85.52,0.289,100,0.56,11.201,56,35.72,0.00,0,4.8,0.078
1355,10528.651,AllocLarge,2B,0.280,14.3,0.105,15.61,15.445,15.453,2,7.780,0.752,0,98.54,0.003,0,85.52,0.289,100,0.56,14.401,49,50.00,0.00,0,4.2,0.078
1356,10534.277,AllocLarge,2B,0.301,12.5,0.000,0.00,16.253,12.253,2,7.780,0.752,0,2.95,0.003,0,85.52,0.289,100,0.56,11.201,56,35.72,0.00,0,5.0,0.078
1357,10541.224,AllocLarge,2B,0.355,0.0,0.000,0.00,15.458,15.466,2,7.780,0.765,0,98.56,0.003,0,85.52,0.289,100,0.56,14.401,49,50.00,0.00,0,5.3,0.078
1358,10546.617,AllocLarge,2B,0.329,16.7,0.110,19.26,16.266,12.266,2,7.780,0.765,0,2.89,0.003,0,85.52,0.289,100,0.56,11.201,56,35.72,0.00,0,5.7,0.101
1359,10553.842,AllocLarge,2B,0.283,0.0,0.000,0.00,15.471,15.480,2,7.780,0.778,0,98.64,0.003,0,85.52,0.289,100,0.56,14.401,49,50.00,0.00,0,4.1,0.090
1360,10559.336,AllocLarge,2B,0.343,16.7,0.104,17.46,16.280,12.279,2,7.780,0.778,0,1.78,0.003,0,85.52,0.289,100,0.56,11.201,56,35.72,0.00,0,5.7,0.112
1361,10566.696,AllocLarge,2B,0.275,0.0,0.000,0.00,15.485,15.493,2,7.780,0.792,0,98.61,0.003,0,85.52,0.289,100,0.56,14.401,49,50.00,0.00,0,4.0,0.081
1362,10571.960,AllocLarge,2B,0.251,16.7,0.000,0.00,16.293,12.293,2,7.780,0.792,0,2.84,0.003,0,85.52,0.289,100,0.56,11.201,56,35.72,0.00,0,4.5,0.077
1363,10579.208,AllocLarge,2B,0.368,12.5,0.102,14.36,15.498,15.506,2,7.780,0.805,0,98.63,0.003,0,85.52,0.289,100,0.56,14.401,49,50.00,0.00,0,5.2,0.131
1364,10584.774,AllocLarge,2B,0.332,16.7,0.000,0.00,16.306,12.306,2,7.780,0.805,0,2.75,0.003,0,85.52,0.289,100,0.56,11.201,56,35.72,0.00,0,5.7,0.121
1365,10591.921,AllocLarge,2B,0.271,0.0,0.000,0.00,15.511,15.519,2,7.780,0.818,0,98.65,0.003,0,85.52,0.289,100,0.56,14.401,49,50.00,0.00,0,4.0,0.079
1366,10597.709,AllocLarge,2B,0.275,0.0,0.104,17.14,16.319,12.319,2,7.780,0.818,0,2.70,0.003,0,85.52,0.289,100,0.56,11.201,56,35.72,0.00,0,4.5,0.082
1367,10604.859,AllocLarge,2B,0.333,25.0,0.000,0.00,15.524,15.532,2,7.780,0.831,0,98.68,0.003,0,85.52,0.289,100,0.56,14.401,49,50.00,0.00,0,4.8,0.079
1368,10610.522,AllocLarge,2B,0.332,14.3,0.000,0.00,16.333,12.332,2,7.780,0.831,0,2.66,0.003,0,85.52,0.289,100,0.56,11.201,56,35.72,0.00,0,5.5,0.111
1369,10617.816,AllocLarge,2B,0.291,0.0,0.110,15.99,15.538,15.546,2,7.780,0.845,0,98.70,0.003,0,85.52,0.289,100,0.56,14.401,49,50.00,0.00,0,4.2,0.098
1370,10623.136,AllocLarge,2B,0.272,16.7,0.000,0.00,16.346,12.346,2,7.780,0.845,0,2.66,0.003,0,85.52,0.289,100,0.56,11.201,56,35.72,0.00,0,4.9,0.086
1371,10630.699,AllocLarge,2B,0.274,0.0,0.000,0.00,15.551,15.559,2,7.780,0.858,0,98.72,0.003,0,85.52,0.289,100,0.56,14.401,49,50.00,0.00,0,3.8,0.080
1372,10636.109,AllocLarge,2B,0.287,14.3,0.105,18.50,16.359,12.359,2,7.780,0.858,0,2.58,0.003,0,85.52,0.289,100,0.56,11.201,56,35.72,0.00,0,5.1,0.079
1373,10643.457,AllocLarge,2B,0.309,0.0,0.000,0.00,15.564,15.572,2,7.780,0.871,0,98.74,0.003,0,85.52,0.289,100,0.56,14.401,49,50.00,0.00,0,4.3,0.098
1374,10649.114,AllocLarge,2B,0.329,12.5,0.000,0.00,16.372,12.372,2,7.780,0.871,0,2.54,0.003,0,85.52,0.289,100,0.56,11.201,56,35.72,0.00,0,5.4,0.089
1375,10656.482,AllocLarge,2B,0.328,0.0,0.110,15.76,15.577,15.585,2,7.780,0.884,0,98.75,0.003,0,85.52,0.289,100,0.56,14.401,49,50.00,0.00,0,4.7,0.104
1376,10662.269,AllocLarge,2B,0.364,25.0,0.000,0.00,16.385,12.385,2,7.780,0.884,0,2.50,0.003,0,85.52,0.289,100,0.56,11.201,56,35.72,0.00,0,6.0,0.080
1377,10669.548,AllocLarge,2B,0.327,0.0,0.000,0.00,15.590,15.599,2,7.780,0.897,0,98.77,0.003,0,85.52,0.289,100,0.56,14.401,49,50.00,0.00,0,4.7,0.082
1378,10675.399,AllocLarge,2B,0.302,11.1,0.105,17.12,16.399,12.398,2,7.780,0.897,0,2.50,0.003,0,85.52,0.289,100,0.56,11.201,56,35.72,0.00,0,4.9,0.090
1379,10683.287,AllocLarge,2B,0.276,0.0,0.000,0.00,15.603,15.612,2,7.780,0.910,0,98.79,0.003,0,85.52,0.289,100,0.56,14.401,49,50.00,0.00,0,3.7,0.079
1380,10688.745,AllocLarge,2B,0.288,16.7,0.000,0.00,16.412,12.411,2,7.780,0.910,0,2.43,0.003,0,85.52,0.289,100,0.56,11.201,56,35.72,0.00,0,5.0,0.101
1381,10696.067,AllocLarge,2B,0.294,0.0,0.110,15.69,15.617,15.625,2,7.780,0.924,0,98.81,0.003,0,85.52,0.289,100,0.56,14.401,49,50.00,0.00,0,4.2,0.099
1382,10701.535,AllocLarge,2B,0.264,12.5,0.000,0.00,16.425,12.425,2,7.780,0.924,0,2.39,0.003,0,85.52,0.289,100,0.56,11.201,56,35.72,0.00,0,4.6,0.079
1383,10708.637,AllocLarge,2B,0.290,14.3,0.000,0.00,15.630,15.638,2,7.780,0.937,0,98.83,0.003,0,85.52,0.289,100,0.56,14.401,49,50.00,0.00,0,4.3,0.079
1384,10713.998,AllocLarge,2B,0.244,0.0,0.104,18.73,16.438,12.438,2,7.780,0.937,0,2.36,0.003,0,85.52,0.289,100,0.56,11.201,56,35.72,0.00,0,4.4,0.073
1385,10721.150,AllocLarge,2B,0.307,0.0,0.000,0.00,15.643,15.652,2,7.780,0.950,0,98.84,0.003,0,85.52,0.289,100,0.56,14.401,49,50.00,0.00,0,4.4,0.082
1386,10726.919,AllocLarge,2B,0.311,12.5,0.000,0.00,16.452,12.451,2,7.780,0.950,0,1.50,0.003,0,85.52,0.289,100,0.56,11.201,56,35.72,0.00,0,5.1,0.090
1387,10734.247,AllocLarge,2B,0.263,0.0,0.102,14.87,15.656,15.665,2,7.780,0.963,0,98.86,0.003,0,85.52,0.289,100,0.56,14.401,49,50.00,0.00,0,3.8,0.081
1388,10739.711,AllocLarge,2B,0.318,14.3,0.000,0.00,16.465,12.464,2,7.780,0.963,0,2.30,0.003,0,85.52,0.289,100,0.56,11.201,56,35.72,0.00,0,5.4,0.097
1389,10746.978,AllocLarge,2B,0.283,0.0,0.000,0.00,15.670,15.678,2,7.780,0.977,0,98.87,0.003,0,85.52,0.289,100,0.56,14.401,49,50.00,0.00,0,4.1,0.080
1390,10752.587,AllocLarge,2B,0.290,0.0,0.104,17.67,16.478,12.478,2,7.780,0.977,0,2.27,0.003,0,85.52,0.289,100,0.56,11.201,56,35.72,0.00,0,4.9,0.083
1391,10759.858,AllocLarge,2B,0.290,0.0,0.000,0.00,15.683,15.691,2,7.780,0.990,0,98.89,0.003,0,85.52,0.289,100,0.56,14.401,49,50.00,0.00,0,4.1,0.088
1392,10765.101,AllocLarge,2B,0.271,16.7,0.000,0.00,16.491,12.491,2,7.780,0.990,0,2.23,0.003,0,85.52,0.289,100,0.56,11.201,56,35.72,0.00,0,5.0,0.081
1393,10771.991,AllocLarge,2B,0.302,12.5,0.110,16.58,15.696,15.704,2,7.780,1.003,0,98.90,0.003,0,85.52,0.289,100,0.56,14.401,49,50.00,0.00,0,4.6,0.096
1394,10777.399,AllocLarge,2B,0.336,16.7,0.000,0.00,16.504,12.504,2,7.780,1.003,0,2.24,0.003,0,85.52,0.289,100,0.56,11.201,56,35.72,0.00,0,5.8,0.103
1395,10784.635,AllocLarge,2B,0.322,0.0,0.000,0.00,15.709,15.717,2,7.780,1.016,0,98.92,0.003,0,85.52,0.289,100,0.56,14.401,49,50.00,0.00,0,4.6,0.105
1396,10790.256,AllocLarge,2B,0.326,16.7,0.105,17.93,16.517,12.517,2,7.780,1.016,0,2.18,0.003,0,85.52,0.289,100,0.56,11.201,56,35.72,0.00,0,5.6,0.101
1397,10797.536,AllocLarge,2B,0.292,12.5,0.000,0.00,15.722,15.731,2,7.780,1.029,0,98.93,0.003,0,85.52,0.289,100,0.56,14.401,49,50.00,0.00,0,4.2,0.079
1398,10802.839,AllocLarge,2B,0.289,14.3,0.000,0.00,16.531,12.530,2,7.780,1.029,0,2.15,0.003,0,85.52,0.289,100,0.56,11.201,56,35.72,0.00,0,5.2,0.078
1399,10809.871,AllocLarge,2B,0.283,12.5,0.110,16.22,15.736,15.744,2,7.780,1.043,0,98.94,0.003,0,85.52,0.289,100,0.56,14.401,49,50.00,0.00,0,4.2,0.079
1400,10815.290,AllocLarge,2B,0.322,0.0,0.000,0.00,16.544,12.544,2,7.780,1.043,0,2.12,0.003,0,85.52,0.289,100,0.56,11.201,56,35.72,0.00,0,5.6,0.094
1401,10822.777,AllocLarge,2B,0.286,0.0,0.000,0.00,15.749,15.757,2,7.780,1.056,0,98.96,0.003,0,85.52,0.289,100,0.56,14.401,49,50.00,0.00,0,4.0,0.079
1402,10828.405,AllocLarge,2B,0.309,14.3,0.105,17.64,16.557,12.557,2,7.780,1.056,0,2.13,0.003,0,85.52,0.289,100,0.56,11.201,56,35.72,0.00,0,5.2,0.079
1403,10837.221,AllocLarge,2B,0.309,12.5,0.000,0.00,15.762,15.770,2,7.780,1.069,0,98.97,0.003,0,85.52,0.289,100,0.56,14.401,49,50.00,0.00,0,3.6,0.081
1404,10843.119,AllocLarge,2B,0.273,0.0,0.000,0.00,16.570,12.570,2,7.780,1.069,0,2.07,0.003,0,85.52,0.289,100,0.56,11.201,56,35.72,0.00,0,4.5,0.072
1405,10850.802,AllocLarge,2B,0.291,0.0,0.110,14.83,15.775,15.784,2,7.780,1.082,0,98.98,0.003,0,85.52,0.289,100,0.56,14.401,49,50.00,0.00,0,3.9,0.086
1406,10856.194,AllocLarge,2B,0.317,16.7,0.000,0.00,16.584,12.583,2,7.780,1.082,0,1.28,0.003,0,85.52,0.289,100,0.56,11.201,56,35.72,0.00,0,5.5,0.086
1407,10863.450,AllocLarge,2B,0.351,11.1,0.000,0.00,15.789,15.797,2,7.780,1.096,0,99.04,0.003,0,85.52,0.289,100,0.56,14.401,49,50.00,0.00,0,5.1,0.095
1408,10869.331,AllocLarge,2B,0.335,0.0,0.104,16.95,16.597,12.597,2,7.780,1.096,0,2.02,0.003,0,85.52,0.289,100,0.56,11.201,56,35.72,0.00,0,5.5,0.084
1409,10876.670,AllocLarge,2B,0.332,14.3,0.000,0.00,15.802,15.810,2,7.780,1.109,0,99.01,0.003,0,85.52,0.289,100,0.56,14.401,49,50.00,0.00,0,4.7,0.083
1410,10882.073,AllocLarge,2B,0.275,0.0,0.000,0.00,16.610,12.610,2,7.780,1.109,0,2.02,0.003,0,85.52,0.289,100,0.56,11.201,56,35.72,0.00,0,4.9,0.080
1411,10889.067,AllocLarge,2B,0.280,14.3,0.102,15.22,15.815,15.823,2,7.780,1.122,0,99.02,0.003,0,85.52,0.289,100,0.56,14.401,49,50.00,0.00,0,4.2,0.080
1412,10894.376,AllocLarge,2B,0.291,16.7,0.000,0.00,16.623,12.623,2,7.780,1.122,0,1.24,0.003,0,85.52,0.289,100,0.56,11.201,56,35.72,0.00,0,5.2,0.077
1413,10901.503,AllocLarge,2B,0.278,0.0,0.000,0.00,15.828,15.836,2,7.780,1.135,0,99.03,0.003,0,85.52,0.289,100,0.56,14.401,49,50.00,0.00,0,4.1,0.079
1414,10907.015,AllocLarge,2B,0.329,16.7,0.105,17.65,16.636,12.636,2,7.780,1.135,0,1.95,0.003,0,85.52,0.289,100,0.56,11.201,56,35.72,0.00,0,5.6,0.102
1415,10914.435,AllocLarge,2B,0.315,0.0,0.000,0.00,15.841,15.850,2,7.780,1.148,0,99.08,0.003,0,85.52,0.289,100,0.56,14.401,49,50.00,0.00,0,4.5,0.093
1416,10920.467,AllocLarge,2B,0.345,12.5,0.000,0.00,16.650,12.649,2,7.780,1.148,0,1.92,0.003,0,85.52,0.289,100,0.56,11.201,56,35.72,0.00,0,5.4,0.085
1417,10928.390,AllocLarge,2B,0.346,0.0,0.104,13.52,15.855,15.863,2,7.780,1.162,0,99.05,0.003,0,85.52,0.289,100,0.56,14.401,49,50.00,0.00,0,4.5,0.106
1418,10934.446,AllocLarge,2B,0.304,0.0,0.000,0.00,16.663,12.663,2,7.780,1.162,0,1.93,0.003,0,85.52,0.289,100,0.56,11.201,56,35.72,0.00,0,4.9,0.083
1419,10942.037,AllocLarge,2B,0.357,0.0,0.000,0.00,15.868,15.876,2,7.780,1.175,0,99.10,0.003,0,85.52,0.289,100,0.56,14.401,49,50.00,0.00,0,4.8,0.133
1420,10947.889,AllocLarge,2B,0.347,0.0,0.103,16.70,16.676,12.676,2,7.780,1.175,0,1.89,0.003,0,85.52,0.289,100,0.56,11.201,56,35.72,0.00,0,5.6,0.087
1421,10955.698,AllocLarge,2B,0.327,0.0,0.000,0.00,15.881,15.889,2,7.780,1.188,0,99.07,0.003,0,85.52,0.289,100,0.56,14.401,49,50.00,0.00,0,4.4,0.085
1422,10961.750,AllocLarge,2B,0.323,12.5,0.000,0.00,16.689,12.689,2,7.780,1.188,0,1.86,0.003,0,85.52,0.289,100,0.56,11.201,56,35.72,0.00,0,5.1,0.101
1423,10969.577,AllocLarge,2B,0.391,0.0,0.104,13.68,15.894,15.903,2,7.780,1.201,0,99.08,0.003,0,85.52,0.289,100,0.56,14.401,49,50.00,0.00,0,5.1,0.092
1424,10975.467,AllocLarge,2B,0.318,0.0,0.000,0.00,16.703,12.702,2,7.780,1.201,0,1.84,0.003,0,85.52,0.289,100,0.56,11.201,56,35.72,0.00,0,5.3,0.083
1425,10982.905,AllocLarge,2B,0.277,0.0,0.000,0.00,15.908,15.916,2,7.780,1.215,0,99.09,0.003,0,85.52,0.289,100,0.56,14.401,49,50.00,0.00,0,3.9,0.081
1426,10988.651,AllocLarge,2B,0.331,16.7,0.110,17.77,16.716,12.716,2,7.780,1.215,0,1.85,0.003,0,85.52,0.289,100,0.56,11.201,56,35.72,0.00,0,5.4,0.106
1427,10996.160,AllocLarge,2B,0.320,11.1,0.000,0.00,15.921,15.929,2,7.780,1.228,0,99.10,0.003,0,85.52,0.289,100,0.56,14.401,49,50.00,0.00,0,4.5,0.080
1428,11001.685,AllocLarge,2B,0.349,28.6,0.105,18.02,16.729,12.729,2,7.780,1.228,0,1.80,0.003,0,85.52,0.289,100,0.56,11.201,56,35.72,0.00,0,6.0,0.128
1429,11009.154,AllocLarge,2B,0.313,12.5,0.000,0.00,15.934,15.942,2,7.780,1.241,0,99.11,0.003,0,85.52,0.289,100,0.56,14.401,49,50.00,0.00,0,4.4,0.100
1430,11015.046,AllocLarge,2B,0.369,14.3,0.000,0.00,16.742,12.742,2,7.780,1.241,0,1.78,0.003,0,85.52,0.289,100,0.56,11.201,56,35.72,0.00,0,5.9,0.156
1431,11022.226,AllocLarge,2B,0.356,14.3,0.000,0.00,15.947,15.955,2,7.780,1.254,0,99.12,0.003,0,85.52,0.289,100,0.56,14.401,49,50.00,0.00,0,5.2,0.083
1432,11028.353,AllocLarge,2B,0.313,16.7,0.110,17.31,16.755,12.755,2,7.780,1.254,0,1.76,0.003,0,85.52,0.289,100,0.56,11.201,56,35.72,0.00,0,4.9,0.107
1433,11035.530,AllocLarge,2B,0.271,0.0,0.000,0.00,15.961,15.969,2,7.780,1.268,0,99.13,0.003,0,85.52,0.289,100,0.56,14.401,49,50.00,0.00,0,4.0,0.078
1434,11040.921,AllocLarge,2B,0.335,0.0,0.000,0.00,16.769,12.769,2,7.780,1.268,0,1.77,0.003,0,85.52,0.289,100,0.56,11.201,56,35.72,0.00,0,5.8,0.106
1435,11048.036,AllocLarge,2B,0.291,14.3,0.105,15.52,15.974,15.982,2,7.780,1.280,0,99.14,0.003,0,85.52,0.289,100,0.56,14.401,49,50.00,0.00,0,4.3,0.079
1436,11053.592,AllocLarge,2B,0.288,12.5,0.000,0.00,16.782,12.782,2,7.780,1.280,0,1.73,0.003,0,85.52,0.289,100,0.56,11.201,56,35.72,0.00,0,4.9,0.081
1437,11060.941,AllocLarge,2B,0.278,0.0,0.000,0.00,15.987,15.995,2,7.780,1.294,0,99.15,0.003,0,85.52,0.289,100,0.56,14.401,49,50.00,0.00,0,4.0,0.081
1438,11066.372,AllocLarge,2B,0.272,16.7,0.110,19.48,16.795,12.795,2,7.780,1.294,0,1.71,0.003,0,85.52,0.289,100,0.56,11.201,56,35.72,0.00,0,4.8,0.078
1439,11073.638,AllocLarge,2B,0.311,12.5,0.000,0.00,16.000,16.008,2,7.780,1.307,0,99.16,0.003,0,85.52,0.289,100,0.56,14.401,49,50.00,0.00,0,4.3,0.075
1440,11079.327,AllocLarge,2B,0.333,0.0,0.104,17.61,16.808,12.808,2,7.780,1.307,0,1.69,0.003,0,85.52,0.289,100,0.56,11.201,56,35.72,0.00,0,5.6,0.113
1441,11086.471,AllocLarge,2B,0.302,0.0,0.000,0.00,16.013,16.022,2,7.780,1.320,0,99.17,0.003,0,85.52,0.289,100,0.56,14.401,49,50.00,0.00,0,4.4,0.101
1442,11092.088,AllocLarge,2B,0.258,14.3,0.000,0.00,16.822,12.821,2,7.780,1.320,0,1.70,0.003,0,85.52,0.289,100,0.56,11.201,56,35.72,0.00,0,4.4,0.080
1443,11099.005,AllocLarge,2B,0.281,16.7,0.102,15.52,16.026,16.035,2,7.780,1.333,0,99.17,0.003,0,85.52,0.289,100,0.56,14.401,49,50.00,0.00,0,4.3,0.085
1444,11104.400,AllocLarge,2B,0.295,16.7,0.000,0.00,16.835,12.834,2,7.780,1.333,0,1.66,0.003,0,85.52,0.289,100,0.56,11.201,56,35.72,0.00,0,5.2,0.087
1445,11111.400,AllocLarge,2B,0.252,0.0,0.000,0.00,16.040,16.048,2,7.780,1.347,0,99.18,0.003,0,85.52,0.289,100,0.56,14.401,49,50.00,0.00,0,3.8,0.075
1446,11116.753,AllocLarge,2B,0.242,0.0,0.104,18.55,16.848,12.848,2,7.780,1.347,0,1.64,0.003,0,85.52,0.289,100,0.56,11.201,56,35.72,0.00,0,4.3,0.076
1447,11123.722,AllocLarge,2B,0.287,0.0,0.000,0.00,16.053,16.061,2,7.780,1.360,0,99.19,0.003,0,85.52,0.289,100,0.56,14.401,49,50.00,0.00,0,4.3,0.078
1448,11129.121,AllocLarge,2B,0.311,0.0,0.000,0.00,16.861,12.861,2,7.780,1.360,0,1.62,0.003,0,85.52,0.289,100,0.56,11.201,56,35.72,0.00,0,5.4,0.102
1449,11136.331,AllocLarge,2B,0.274,0.0,0.110,15.97,16.066,16.075,2,7.780,1.373,0,99.20,0.003,0,85.52,0.289,100,0.56,14.401,49,50.00,0.00,0,4.0,0.081
1450,11142.103,AllocLarge,2B,0.307,0.0,0.000,0.00,16.875,12.874,2,7.780,1.373,0,1.63,0.003,0,85.52,0.289,100,0.56,11.201,56,35.72,0.00,0,5.0,0.083
1451,11149.668,AllocLarge,2B,0.348,0.0,0.000,0.00,16.079,16.087,2,7.780,1.386,0,99.24,0.003,0,85.52,0.289,100,0.56,14.401,49,50.00,0.00,0,4.8,0.116
1452,11155.451,AllocLarge,2B,0.288,0.0,0.105,17.50,16.888,12.887,2,7.780,1.386,0,1.60,0.003,0,85.52,0.289,100,0.56,11.201,56,35.72,0.00,0,4.8,0.083
1453,11162.637,AllocLarge,2B,0.280,0.0,0.000,0.00,16.093,16.101,2,7.780,1.400,0,99.21,0.003,0,85.52,0.289,100,0.56,14.401,49,50.00,0.00,0,4.0,0.081
1454,11168.120,AllocLarge,2B,0.319,0.0,0.000,0.00,16.901,12.901,2,7.780,1.400,0,1.58,0.003,0,85.52,0.289,100,0.56,11.201,56,35.72,0.00,0,5.5,0.086
1455,11175.563,AllocLarge,2B,0.359,12.5,0.110,15.30,16.106,16.114,2,7.780,1.413,0,99.22,0.003,0,85.52,0.289,100,0.56,14.401,49,50.00,0.00,0,5.0,0.084
1456,11181.262,AllocLarge,2B,0.309,14.3,0.000,0.00,16.914,12.914,2,7.780,1.413,0,0.98,0.003,0,85.52,0.289,100,0.56,11.201,56,35.72,0.00,0,5.1,0.082
1457,11188.790,AllocLarge,2B,0.326,14.3,0.000,0.00,16.119,16.127,2,7.780,1.426,0,99.23,0.003,0,85.52,0.289,100,0.56,14.401,49,50.00,0.00,0,4.6,0.114
1458,11194.592,AllocLarge,2B,0.299,0.0,0.105,17.22,16.927,12.927,2,7.780,1.426,0,1.57,0.003,0,85.52,0.289,100,0.56,11.201,56,35.72,0.00,0,4.9,0.084
1459,11201.909,AllocLarge,2B,0.302,0.0,0.000,0.00,16.132,16.140,2,7.780,1.439,0,99.24,0.003,0,85.52,0.289,100,0.56,14.401,49,50.00,0.00,0,4.3,0.082
1460,11207.650,AllocLarge,2B,0.333,16.7,0.000,0.00,16.940,12.940,2,7.780,1.439,0,1.54,0.003,0,85.52,0.289,100,0.56,11.201,56,35.72,0.00,0,5.5,0.083
1461,11214.923,AllocLarge,2B,0.320,14.3,0.110,15.76,16.145,16.154,2,7.780,1.452,0,99.24,0.003,0,85.52,0.289,100,0.56,14.401,49,50.00,0.00,0,4.6,0.106
1462,11220.542,AllocLarge,2B,0.297,16.7,0.000,0.00,16.954,12.953,2,7.780,1.452,0,1.52,0.003,0,85.52,0.289,100,0.56,11.201,56,35.72,0.00,0,5.0,0.093
1463,11228.014,AllocLarge,2B,0.311,0.0,0.000,0.00,16.159,16.167,2,7.780,1.466,0,99.25,0.003,0,85.52,0.289,100,0.56,14.401,49,50.00,0.00,0,4.4,0.099
1464,11233.565,AllocLarge,2B,0.283,14.3,0.104,17.90,16.967,12.967,2,7.780,1.466,0,1.51,0.003,0,85.52,0.289,100,0.56,11.201,56,35.72,0.00,0,4.9,0.083
1465,11240.601,AllocLarge,2B,0.275,0.0,0.000,0.00,16.172,16.180,2,7.780,1.479,0,99.26,0.003,0,85.52,0.289,100,0.56,14.401,49,50.00,0.00,0,4.1,0.076
1466,11245.984,AllocLarge,2B,0.350,14.3,0.000,0.00,16.980,12.980,2,7.780,1.479,0,1.52,0.003,0,85.52,0.289,100,0.56,11.201,56,35.72,0.00,0,6.0,0.119
1467,11253.231,AllocLarge,2B,0.286,12.5,0.102,14.92,16.185,16.193,2,7.780,1.492,0,99.26,0.003,0,85.52,0.289,100,0.56,14.401,49,50.00,0.00,0,4.2,0.083
1468,11258.653,AllocLarge,2B,0.314,16.7,0.000,0.00,16.993,12.993,2,7.780,1.492,0,0.93,0.003,0,85.52,0.289,100,0.56,11.201,56,35.72,0.00,0,5.4,0.085
1469,11266.392,AllocLarge,2B,0.307,11.1,0.000,0.00,16.198,16.207,2,7.780,1.505,0,99.27,0.003,0,85.52,0.289,100,0.56,14.401,49,50.00,0.00,0,4.2,0.082
1470,11271.927,AllocLarge,2B,0.279,0.0,0.104,17.91,17.007,13.006,2,7.780,1.505,0,1.47,0.003,0,85.52,0.289,100,0.56,11.201,56,35.72,0.00,0,4.8,0.076
1471,11279.077,AllocLarge,2B,0.314,14.3,0.000,0.00,16.212,16.220,2,7.780,1.519,0,99.28,0.003,0,85.52,0.289,100,0.56,14.401,49,50.00,0.00,0,4.5,0.077
1472,11284.630,AllocLarge,2B,0.328,14.3,0.000,0.00,17.020,13.020,2,7.780,1.519,0,1.45,0.003,0,85.52,0.289,100,0.56,11.201,56,35.72,0.00,0,5.6,0.084
1473,11291.798,AllocLarge,2B,0.290,0.0,0.110,16.02,16.225,16.233,2,7.780,1.532,0,99.31,0.003,0,85.52,0.289,100,0.56,14.401,49,50.00,0.00,0,4.2,0.079
1474,11297.331,AllocLarge,2B,0.348,14.3,0.000,0.00,17.033,13.033,2,7.780,1.532,0,1.47,0.003,0,85.52,0.289,100,0.56,11.201,56,35.72,0.00,0,5.9,0.124
1475,11304.746,AllocLarge,2B,0.281,0.0,0.000,0.00,16.238,16.246,2,7.780,1.545,0,99.29,0.003,0,85.52,0.289,100,0.56,14.401,49,50.00,0.00,0,4.0,0.078
1476,11310.156,AllocLarge,2B,0.275,16.7,0.105,18.36,17.046,13.046,2,7.780,1.545,0,1.43,0.003,0,85.52,0.289,100,0.56,11.201,56,35.72,0.00,0,4.8,0.083
1477,11317.312,AllocLarge,2B,0.299,0.0,0.000,0.00,16.251,16.259,2,7.780,1.558,0,99.29,0.003,0,85.52,0.289,100,0.56,14.401,49,50.00,0.00,0,4.4,0.100
1478,11322.803,AllocLarge,2B,0.280,0.0,0.000,0.00,17.059,13.059,2,7.780,1.558,0,1.42,0.003,0,85.52,0.289,100,0.56,11.201,56,35.72,0.00,0,4.9,0.084
1479,11329.937,AllocLarge,2B,0.327,0.0,0.110,15.98,16.264,16.273,2,7.780,1.571,0,99.33,0.003,0,85.52,0.289,100,0.56,14.401,49,50.00,0.00,0,4.8,0.095
1480,11334.733,AllocSmall,0N,0.151,0.0,0.017,3.85,16.273,14.702,2,0.001,0.001,3,81.43,0.003,NaN,55.71,0.289,NaN,0.56,14.401,NaN,22.22,0.00,1,3.4,0.006
1481,11335.625,AllocLarge,2B,0.271,0.0,0.000,0.00,15.507,11.515,2,7.778,0.014,0,20.81,0.003,0,81.62,0.289,100,0.56,11.201,56,35.72,0.00,0,18.8,0.079
1482,11342.827,AllocLarge,2B,0.310,0.0,0.000,0.00,14.739,14.748,2,7.778,0.046,0,76.22,0.003,0,85.52,0.289,100,0.56,14.401,49,50.00,0.00,0,4.4,0.099
1483,11348.352,AllocLarge,2B,0.312,16.7,0.110,18.84,15.548,11.547,2,7.778,0.046,0,48.49,0.003,0,85.52,0.289,100,0.56,11.201,56,35.72,0.00,0,5.3,0.109
1484,11355.613,AllocLarge,2B,0.308,0.0,0.000,0.00,14.752,14.761,2,7.778,0.059,0,81.43,0.003,0,85.52,0.289,100,0.56,14.401,49,50.00,0.00,0,4.4,0.083
1485,11361.237,AllocLarge,2B,0.299,0.0,0.000,0.00,15.561,11.560,2,7.778,0.059,0,37.38,0.003,0,85.52,0.289,100,0.56,11.201,56,35.72,0.00,0,5.1,0.099
1486,11368.540,AllocLarge,2B,0.276,0.0,0.110,15.72,14.766,14.774,2,7.778,0.073,0,84.82,0.003,0,85.52,0.289,100,0.56,14.401,49,50.00,0.00,0,3.9,0.083
1487,11374.011,AllocLarge,2B,0.277,0.0,0.000,0.00,15.574,11.574,2,7.778,0.073,0,30.50,0.003,0,85.52,0.289,100,0.56,11.201,56,35.72,0.00,0,4.8,0.078
1488,11381.049,AllocLarge,2B,0.270,0.0,0.000,0.00,14.779,14.787,2,7.778,0.086,0,87.17,0.003,0,85.52,0.289,100,0.56,14.401,49,50.00,0.00,0,4.0,0.077
1489,11386.452,AllocLarge,2B,0.264,12.5,0.104,18.26,15.587,11.587,2,7.778,0.086,0,25.74,0.003,0,85.52,0.289,100,0.56,11.201,56,35.72,0.00,0,4.6,0.078
1490,11393.796,AllocLarge,2B,0.284,0.0,0.000,0.00,14.792,14.800,2,7.778,0.099,0,88.90,0.003,0,85.52,0.289,100,0.56,14.401,49,50.00,0.00,0,4.0,0.098
1491,11399.190,AllocLarge,2B,0.321,0.0,0.000,0.00,15.600,11.600,2,7.778,0.099,0,22.64,0.003,0,85.52,0.289,100,0.56,11.201,56,35.72,0.00,0,5.6,0.100
1492,11406.458,AllocLarge,2B,0.273,12.5,0.102,14.82,14.805,14.813,2,7.778,0.112,0,90.18,0.003,0,85.52,0.289,100,0.56,14.401,49,50.00,0.00,0,3.9,0.083
1493,11411.875,AllocLarge,2B,0.265,0.0,0.000,0.00,15.613,11.613,2,7.778,0.112,0,19.75,0.003,0,85.52,0.289,100,0.56,11.201,56,35.72,0.00,0,4.7,0.079
1494,11418.954,AllocLarge,2B,0.283,0.0,0.000,0.00,14.818,14.827,2,7.778,0.125,0,91.22,0.003,0,85.52,0.289,100,0.56,14.401,49,50.00,0.00,0,4.1,0.082
1495,11424.368,AllocLarge,2B,0.278,0.0,0.104,18.19,15.627,11.626,2,7.778,0.125,0,11.08,0.003,0,85.52,0.289,100,0.56,11.201,56,35.72,0.00,0,4.8,0.083
1496,11431.273,AllocLarge,2B,0.269,0.0,0.000,0.00,14.832,14.840,2,7.778,0.139,0,92.39,0.003,0,85.52,0.289,100,0.56,14.401,49,50.00,0.00,0,4.1,0.079
1497,11437.536,AllocLarge,2B,0.285,12.5,0.000,0.00,15.640,11.640,2,7.778,0.139,0,15.93,0.003,0,85.52,0.289,100,0.56,11.201,56,35.72,0.00,0,4.3,0.080
1498,11444.828,AllocLarge,2B,0.279,0.0,0.110,15.72,14.845,14.853,2,7.778,0.152,0,92.76,0.003,0,85.52,0.289,100,0.56,14.401,49,50.00,0.00,0,4.0,0.083
1499,11450.542,AllocLarge,2B,0.335,22.2,0.000,0.00,15.653,11.653,2,7.778,0.152,0,14.76,0.003,0,85.52,0.289,100,0.56,11.201,56,35.72,0.00,0,5.5,0.105
1500,11457.713,AllocLarge,2B,0.435,14.3,0.000,0.00,14.858,14.866,2,7.778,0.165,0,93.33,0.003,0,85.52,0.289,100,0.56,14.401,49,50.00,0.00,0,6.2,0.229
1501,11463.533,AllocLarge,2B,0.308,0.0,0.105,17.61,15.666,11.666,2,7.778,0.165,0,13.42,0.003,0,85.52,0.289,100,0.56,11.201,56,35.72,0.00,0,5.2,0.082
1502,11470.852,AllocLarge,2B,0.294,0.0,0.000,0.00,14.871,14.880,2,7.778,0.178,0,93.83,0.003,0,85.52,0.289,100,0.56,14.401,49,50.00,0.00,0,4.2,0.085
1503,11476.439,AllocLarge,2B,0.286,16.7,0.000,0.00,15.680,11.679,2,7.778,0.178,0,12.41,0.003,0,85.52,0.289,100,0.56,11.201,56,35.72,0.00,0,4.9,0.079
1504,11483.696,AllocLarge,2B,0.325,0.0,0.110,15.76,14.885,14.893,2,7.778,0.192,0,94.49,0.003,0,85.52,0.289,100,0.56,14.401,49,50.00,0.00,0,4.7,0.090
1505,11489.152,AllocLarge,2B,0.280,14.3,0.000,0.00,15.693,11.693,2,7.778,0.192,0,11.53,0.003,0,85.52,0.289,100,0.56,11.201,56,35.72,0.00,0,4.9,0.078
1506,11496.601,AllocLarge,2B,0.303,0.0,0.000,0.00,14.898,14.906,2,7.778,0.205,0,94.63,0.003,0,85.52,0.289,100,0.56,14.401,49,50.00,0.00,0,4.2,0.106
1507,11502.192,AllocLarge,2B,0.330,14.3,0.105,17.56,15.706,11.706,2,7.778,0.205,0,10.95,0.003,0,85.52,0.289,100,0.56,11.201,56,35.72,0.00,0,5.5,0.104
1508,11509.459,AllocLarge,2B,0.255,0.0,0.000,0.00,14.911,14.919,2,7.778,0.218,0,94.95,0.003,0,85.52,0.289,100,0.56,14.401,49,50.00,0.00,0,3.7,0.073
1509,11514.946,AllocLarge,2B,0.292,16.7,0.000,0.00,15.719,11.719,2,7.778,0.218,0,6.39,0.003,0,85.52,0.289,100,0.56,11.201,56,35.72,0.00,0,4.9,0.080
1510,11521.916,AllocLarge,2B,0.262,0.0,0.110,16.79,14.924,14.932,2,7.778,0.231,0,95.24,0.003,0,85.52,0.289,100,0.56,14.401,49,50.00,0.00,0,4.0,0.082
1511,11527.320,AllocLarge,2B,0.269,14.3,0.000,0.00,15.732,11.732,2,7.778,0.231,0,9.57,0.003,0,85.52,0.289,100,0.56,11.201,56,35.72,0.00,0,4.7,0.077
1512,11534.656,AllocLarge,2B,0.300,0.0,0.000,0.00,14.937,14.946,2,7.778,0.244,0,95.50,0.003,0,85.52,0.289,100,0.56,14.401,49,50.00,0.00,0,4.3,0.098
1513,11540.144,AllocLarge,2B,0.484,12.5,0.104,17.18,15.746,11.745,2,7.778,0.244,0,9.04,0.003,0,85.52,0.289,100,0.56,11.201,56,35.72,0.00,0,8.0,0.239
1514,11547.708,AllocLarge,2B,0.373,22.2,0.000,0.00,14.951,14.959,2,7.778,0.258,0,95.73,0.003,0,85.52,0.289,100,0.56,14.401,49,50.00,0.00,0,5.3,0.104
1515,11553.414,AllocLarge,2B,0.282,0.0,0.000,0.00,15.759,11.759,2,7.778,0.258,0,8.71,0.003,0,85.52,0.289,100,0.56,11.201,56,35.72,0.00,0,4.8,0.082
1516,11560.685,AllocLarge,2B,0.419,12.5,0.102,14.18,14.964,14.972,2,7.778,0.271,0,95.93,0.003,0,85.52,0.289,100,0.56,14.401,49,50.00,0.00,0,5.8,0.089
1517,11566.301,AllocLarge,2B,0.271,20.0,0.000,0.00,15.772,11.772,2,7.778,0.271,0,8.18,0.003,0,85.52,0.289,100,0.56,11.201,56,35.72,0.00,0,4.8,0.077
1518,11573.260,AllocLarge,2B,0.284,12.5,0.000,0.00,14.977,14.985,2,7.778,0.284,0,96.12,0.003,0,85.52,0.289,100,0.56,14.401,49,50.00,0.00,0,4.3,0.098
1519,11578.780,AllocLarge,2B,0.271,0.0,0.105,18.06,15.785,11.785,2,7.778,0.284,0,7.79,0.003,0,85.52,0.289,100,0.56,11.201,56,35.72,0.00,0,4.7,0.081
1520,11586.037,AllocLarge,2B,0.267,0.0,0.000,0.00,14.990,14.999,2,7.778,0.297,0,96.30,0.003,0,85.52,0.289,100,0.56,14.401,49,50.00,0.00,0,3.8,0.078
1521,11591.696,AllocLarge,2B,0.344,12.5,0.000,0.00,15.799,11.798,2,7.778,0.297,0,7.43,0.003,0,85.52,0.289,100,0.56,11.201,56,35.72,0.00,0,5.7,0.127
1522,11599.006,AllocLarge,2B,0.312,0.0,0.104,14.78,15.004,15.012,2,7.778,0.311,0,96.60,0.003,0,85.52,0.289,100,0.56,14.401,49,50.00,0.00,0,4.4,0.092
1523,11604.378,AllocLarge,2B,0.267,16.7,0.000,0.00,15.812,11.812,2,7.778,0.311,0,7.23,0.003,0,85.52,0.289,100,0.56,11.201,56,35.72,0.00,0,4.8,0.079
1524,11611.622,AllocLarge,2B,0.284,0.0,0.000,0.00,15.017,15.025,2,7.778,0.324,0,96.60,0.003,0,85.52,0.289,100,0.56,14.401,49,50.00,0.00,0,4.1,0.096
1525,11617.832,AllocLarge,2B,0.322,0.0,0.103,15.68,15.825,11.825,2,7.778,0.324,0,6.84,0.003,0,85.52,0.289,100,0.56,11.201,56,35.72,0.00,0,4.9,0.104
1526,11625.378,AllocLarge,2B,0.418,11.1,0.000,0.00,15.030,15.038,2,7.778,0.337,0,96.87,0.003,0,85.52,0.289,100,0.56,14.401,49,50.00,0.00,0,5.7,0.134
1527,11631.121,AllocLarge,2B,0.332,0.0,0.000,0.00,15.838,11.838,2,7.778,0.337,0,6.57,0.003,0,85.52,0.289,100,0.56,11.201,56,35.72,0.00,0,5.6,0.106
1528,11639.119,AllocLarge,2B,0.322,11.1,0.104,13.51,15.043,15.051,2,7.778,0.350,0,96.86,0.003,0,85.52,0.289,100,0.56,14.401,49,50.00,0.00,0,4.2,0.084
1529,11645.092,AllocLarge,2B,0.294,0.0,0.000,0.00,15.851,11.851,2,7.778,0.350,0,6.31,0.003,0,85.52,0.289,100,0.56,11.201,56,35.72,0.00,0,4.7,0.083
1530,11652.281,AllocLarge,2B,0.283,0.0,0.000,0.00,15.057,15.065,2,7.778,0.364,0,96.97,0.003,0,85.52,0.289,100,0.56,14.401,49,50.00,0.00,0,4.1,0.075
1531,11657.950,AllocLarge,2B,0.419,0.0,0.110,17.92,15.865,11.865,2,7.778,0.364,0,6.18,0.003,0,85.52,0.289,100,0.56,11.201,56,35.72,0.00,0,6.8,0.091
1532,11665.946,AllocLarge,2B,0.285,0.0,0.000,0.00,15.070,15.078,2,7.778,0.376,0,97.08,0.003,0,85.52,0.289,100,0.56,14.401,49,50.00,0.00,0,3.8,0.081
1533,11671.681,AllocLarge,2B,0.394,14.3,0.000,0.00,15.878,11.878,2,7.778,0.376,0,5.88,0.003,0,85.52,0.289,100,0.56,11.201,56,35.72,0.00,0,6.4,0.087
1534,11679.174,AllocLarge,2B,0.307,12.5,0.105,14.85,15.083,15.091,2,7.778,0.390,0,97.18,0.003,0,85.52,0.289,100,0.56,14.401,49,50.00,0.00,0,4.3,0.094
1535,11684.885,AllocLarge,2B,0.311,14.3,0.000,0.00,15.891,11.891,2,7.778,0.390,0,5.68,0.003,0,85.52,0.289,100,0.56,11.201,56,35.72,0.00,0,5.2,0.079
1536,11692.312,AllocLarge,2B,0.307,0.0,0.000,0.00,15.096,15.104,2,7.778,0.403,0,97.27,0.003,0,85.52,0.289,100,0.56,14.401,49,50.00,0.00,0,4.3,0.082
1537,11697.809,AllocLarge,2B,0.315,25.0,0.110,18.95,15.904,11.904,2,7.778,0.403,0,5.48,0.003,0,85.52,0.289,100,0.56,11.201,56,35.72,0.00,0,5.4,0.079
1538,11705.514,AllocLarge,2B,0.290,0.0,0.000,0.00,15.109,15.118,2,7.778,0.416,0,97.36,0.003,0,85.52,0.289,100,0.56,14.401,49,50.00,0.00,0,3.9,0.080
1539,11710.988,AllocLarge,2B,0.313,12.5,0.105,18.00,15.918,11.917,2,7.778,0.416,0,5.39,0.003,0,85.52,0.289,100,0.56,11.201,56,35.72,0.00,0,5.4,0.120
1540,11718.165,AllocLarge,2B,0.378,12.5,0.000,0.00,15.122,15.131,2,7.778,0.429,0,97.54,0.003,0,85.52,0.289,100,0.56,14.401,49,50.00,0.00,0,5.4,0.180
1541,11723.940,AllocLarge,2B,0.306,0.0,0.000,0.00,15.931,11.930,2,7.778,0.429,0,5.16,0.003,0,85.52,0.289,100,0.56,11.201,56,35.72,0.00,0,5.1,0.097
1542,11731.082,AllocLarge,2B,0.279,0.0,0.000,0.00,15.136,15.144,2,7.778,0.443,0,97.51,0.003,0,85.52,0.289,100,0.56,14.401,49,50.00,0.00,0,4.1,0.078
1543,11736.494,AllocLarge,2B,0.295,14.3,0.110,19.35,15.944,11.944,2,7.778,0.443,0,5.00,0.003,0,85.52,0.289,100,0.56,11.201,56,35.72,0.00,0,5.2,0.083
1544,11743.699,AllocLarge,2B,0.280,0.0,0.000,0.00,15.149,15.157,2,7.778,0.456,0,97.69,0.003,0,85.52,0.289,100,0.56,14.401,49,50.00,0.00,0,4.0,0.076
1545,11749.479,AllocLarge,2B,0.331,14.3,0.104,16.89,15.957,11.957,2,7.778,0.456,0,4.84,0.003,0,85.52,0.289,100,0.56,11.201,56,35.72,0.00,0,5.4,0.113
1546,11757.143,AllocLarge,2B,0.288,12.5,0.000,0.00,15.162,15.171,2,7.778,0.469,0,97.65,0.003,0,85.52,0.289,100,0.56,14.401,49,50.00,0.00,0,3.9,0.081
1547,11762.820,AllocLarge,2B,0.353,14.3,0.000,0.00,15.971,11.970,2,7.778,0.469,0,3.03,0.003,0,85.52,0.289,100,0.56,11.201,56,35.72,0.00,0,5.8,0.083
1548,11770.885,AllocLarge,2B,0.313,0.0,0.102,13.35,15.175,15.183,2,7.778,0.482,0,97.72,0.003,0,85.52,0.289,100,0.56,14.401,49,50.00,0.00,0,4.1,0.090
1549,11776.561,AllocLarge,2B,0.370,28.6,0.000,0.00,15.984,11.983,2,7.778,0.482,0,2.89,0.003,0,85.52,0.289,100,0.56,11.201,56,35.72,0.00,0,6.1,0.088
1550,11783.872,AllocLarge,2B,0.290,0.0,0.000,0.00,15.189,15.197,2,7.778,0.496,0,97.78,0.003,0,85.52,0.289,100,0.56,14.401,49,50.00,0.00,0,4.2,0.083
1551,11789.326,AllocLarge,2B,0.288,16.7,0.104,18.03,15.997,11.997,2,7.778,0.496,0,4.46,0.003,0,85.52,0.289,100,0.56,11.201,56,35.72,0.00,0,5.0,0.083
1552,11796.691,AllocLarge,2B,0.307,11.1,0.000,0.00,15.202,15.210,2,7.778,0.509,0,97.84,0.003,0,85.52,0.289,100,0.56,14.401,49,50.00,0.00,0,4.3,0.101
1553,11802.675,AllocLarge,2B,0.282,0.0,0.000,0.00,16.010,12.010,2,7.778,0.509,0,4.34,0.003,0,85.52,0.289,100,0.56,11.201,56,35.72,0.00,0,4.5,0.081
1554,11809.907,AllocLarge,2B,0.283,0.0,0.110,15.83,15.215,15.223,2,7.778,0.522,0,97.89,0.003,0,85.52,0.289,100,0.56,14.401,49,50.00,0.00,0,4.1,0.081
1555,11815.548,AllocLarge,2B,0.378,14.3,0.000,0.00,16.023,12.023,2,7.778,0.522,0,4.30,0.003,0,85.52,0.289,100,0.56,11.201,56,35.72,0.00,0,6.2,0.088
1556,11823.079,AllocLarge,2B,0.314,0.0,0.000,0.00,15.228,15.236,2,7.778,0.535,0,97.94,0.003,0,85.52,0.289,100,0.56,14.401,49,50.00,0.00,0,4.4,0.117
1557,11828.853,AllocLarge,2B,0.313,12.5,0.105,17.15,16.036,12.036,2,7.778,0.535,0,4.14,0.003,0,85.52,0.289,100,0.56,11.201,56,35.72,0.00,0,5.1,0.088
1558,11836.121,AllocLarge,2B,0.326,16.7,0.000,0.00,15.241,15.250,2,7.778,0.548,0,97.99,0.003,0,85.52,0.289,100,0.56,14.401,49,50.00,0.00,0,4.7,0.082
1559,11841.507,AllocLarge,2B,0.281,0.0,0.000,0.00,16.050,12.049,2,7.778,0.548,0,4.03,0.003,0,85.52,0.289,100,0.56,11.201,56,35.72,0.00,0,5.0,0.082
1560,11848.691,AllocLarge,2B,0.300,0.0,0.110,15.95,15.255,15.263,2,7.778,0.562,0,98.04,0.003,0,85.52,0.289,100,0.56,14.401,49,50.00,0.00,0,4.4,0.087
1561,11854.206,AllocLarge,2B,0.303,16.7,0.000,0.00,16.063,12.063,2,7.778,0.562,0,3.93,0.003,0,85.52,0.289,100,0.56,11.201,56,35.72,0.00,0,5.2,0.101
1562,11861.284,AllocLarge,2B,0.281,0.0,0.000,0.00,15.268,15.276,2,7.778,0.575,0,98.09,0.003,0,85.52,0.289,100,0.56,14.401,49,50.00,0.00,0,4.1,0.083
1563,11867.095,AllocLarge,2B,0.301,16.7,0.105,17.15,16.076,12.076,2,7.778,0.575,0,3.90,0.003,0,85.52,0.289,100,0.56,11.201,56,35.72,0.00,0,4.9,0.080
1564,11874.591,AllocLarge,2B,0.299,0.0,0.000,0.00,15.281,15.289,2,7.778,0.588,0,98.13,0.003,0,85.52,0.289,100,0.56,14.401,49,50.00,0.00,0,4.1,0.082
1565,11880.483,AllocLarge,2B,0.341,0.0,0.000,0.00,16.089,12.089,2,7.778,0.588,0,3.77,0.003,0,85.52,0.289,100,0.56,11.201,56,35.72,0.00,0,5.4,0.089
1566,11887.721,AllocLarge,2B,0.267,0.0,0.110,16.24,15.294,15.303,2,7.778,0.601,0,98.17,0.003,0,85.52,0.289,100,0.56,14.401,49,50.00,0.00,0,3.9,0.081
1567,11893.060,AllocLarge,2B,0.281,14.3,0.000,0.00,16.103,12.102,2,7.778,0.601,0,3.68,0.003,0,85.52,0.289,100,0.56,11.201,56,35.72,0.00,0,5.0,0.079
1568,11900.337,AllocLarge,2B,0.309,0.0,0.000,0.00,15.308,15.316,2,7.778,0.615,0,98.21,0.003,0,85.52,0.289,100,0.56,14.401,49,50.00,0.00,0,4.4,0.091
1569,11905.728,AllocLarge,2B,0.294,0.0,0.104,18.44,16.116,12.116,2,7.778,0.615,0,3.59,0.003,0,85.52,0.289,100,0.56,11.201,56,35.72,0.00,0,5.2,0.081
1570,11913.222,AllocLarge,2B,0.291,0.0,0.000,0.00,15.321,15.329,2,7.778,0.628,0,98.32,0.003,0,85.52,0.289,100,0.56,14.401,49,50.00,0.00,0,4.0,0.100
1571,11918.712,AllocLarge,2B,0.304,14.3,0.000,0.00,16.129,12.129,2,7.778,0.628,0,3.58,0.003,0,85.52,0.289,100,0.56,11.201,56,35.72,0.00,0,5.3,0.094
1572,11926.176,AllocLarge,2B,0.315,14.3,0.102,14.09,15.334,15.342,2,7.778,0.641,0,98.28,0.003,0,85.52,0.289,100,0.56,14.401,49,50.00,0.00,0,4.3,0.084
1573,11931.647,AllocLarge,2B,0.321,16.7,0.000,0.00,16.142,12.142,2,7.778,0.641,0,3.46,0.003,0,85.52,0.289,100,0.56,11.201,56,35.72,0.00,0,5.6,0.085
1574,11938.743,AllocLarge,2B,0.273,14.3,0.000,0.00,15.347,15.355,2,7.778,0.654,0,98.32,0.003,0,85.52,0.289,100,0.56,14.401,49,50.00,0.00,0,4.0,0.079
1575,11944.083,AllocLarge,2B,0.300,0.0,0.104,18.52,16.155,12.155,2,7.778,0.654,0,3.38,0.003,0,85.52,0.289,100,0.56,11.201,56,35.72,0.00,0,5.3,0.101
1576,11951.170,AllocLarge,2B,0.289,0.0,0.000,0.00,15.360,15.369,2,7.778,0.667,0,98.35,0.003,0,85.52,0.289,100,0.56,14.401,49,50.00,0.00,0,4.3,0.099
1577,11956.478,AllocLarge,2B,0.334,14.3,0.000,0.00,16.169,12.168,2,7.778,0.667,0,2.08,0.003,0,85.52,0.289,100,0.56,11.201,56,35.72,0.00,0,5.8,0.080
1578,11963.818,AllocLarge,2B,0.329,25.0,0.110,15.99,15.374,15.382,2,7.778,0.681,0,98.38,0.003,0,85.52,0.289,100,0.56,14.401,49,50.00,0.00,0,4.8,0.082
1579,11969.310,AllocLarge,2B,0.272,14.3,0.000,0.00,16.182,12.182,2,7.778,0.681,0,3.30,0.003,0,85.52,0.289,100,0.56,11.201,56,35.72,0.00,0,4.7,0.076
1580,11976.792,AllocLarge,2B,0.277,0.0,0.000,0.00,15.387,15.395,2,7.778,0.694,0,98.41,0.003,0,85.52,0.289,100,0.56,14.401,49,50.00,0.00,0,3.9,0.081
1581,11982.118,AllocLarge,2B,0.456,33.3,0.105,18.00,16.195,12.195,2,7.778,0.694,0,3.19,0.003,0,85.52,0.289,100,0.56,11.201,56,35.72,0.00,0,7.8,0.242
1582,11989.535,AllocLarge,2B,0.290,14.3,0.000,0.00,15.400,15.408,2,7.778,0.707,0,98.44,0.003,0,85.52,0.289,100,0.56,14.401,49,50.00,0.00,0,4.2,0.083
1583,11995.232,AllocLarge,2B,0.262,16.7,0.000,0.00,16.208,12.208,2,7.778,0.707,0,3.13,0.003,0,85.52,0.289,100,0.56,11.201,56,35.72,0.00,0,4.5,0.087
1584,12002.398,AllocLarge,2B,0.260,12.5,0.110,15.97,15.413,15.430,2,7.778,0.729,0,97.42,0.003,0,85.52,0.289,100,0.56,14.401,49,50.00,0.00,0,3.8,0.080
1585,12008.376,AllocLarge,2B,0.320,14.3,0.000,0.00,16.222,12.222,2,7.778,0.721,0,3.07,0.003,0,85.52,0.289,100,0.56,11.201,56,35.72,0.00,0,5.0,0.083
1586,12015.547,AllocLarge,2B,0.306,0.0,0.000,0.00,15.427,15.435,2,7.778,0.734,0,98.56,0.003,0,85.52,0.289,100,0.56,14.401,49,50.00,0.00,0,4.5,0.120
1587,12021.237,AllocLarge,2B,0.274,0.0,0.105,17.64,16.235,12.235,2,7.778,0.734,0,3.06,0.003,0,85.52,0.289,100,0.56,11.201,56,35.72,0.00,0,4.6,0.082
1588,12028.358,AllocLarge,2B,0.269,14.3,0.000,0.00,15.440,15.448,2,7.778,0.747,0,98.53,0.003,0,85.52,0.289,100,0.56,14.401,49,50.00,0.00,0,3.9,0.080
1589,12033.785,AllocLarge,2B,0.250,0.0,0.000,0.00,16.248,12.248,2,7.778,0.747,0,2.97,0.003,0,85.52,0.289,100,0.56,11.201,56,35.72,0.00,0,4.4,0.080
1590,12040.939,AllocLarge,2B,0.316,0.0,0.104,14.97,15.453,15.461,2,7.778,0.760,0,98.55,0.003,0,85.52,0.289,100,0.56,14.401,49,50.00,0.00,0,4.5,0.099
1591,12046.430,AllocLarge,2B,0.287,14.3,0.000,0.00,16.262,12.261,2,7.778,0.760,0,2.91,0.003,0,85.52,0.289,100,0.56,11.201,56,35.72,0.00,0,5.0,0.080
1592,12053.655,AllocLarge,2B,0.254,0.0,0.000,0.00,15.467,15.475,2,7.778,0.773,0,98.58,0.003,0,85.52,0.289,100,0.56,14.401,49,50.00,0.00,0,3.7,0.080
1593,12059.092,AllocLarge,2B,0.301,0.0,0.102,17.63,16.275,12.275,2,7.778,0.773,0,2.86,0.003,0,85.52,0.289,100,0.56,11.201,56,35.72,0.00,0,5.2,0.081
1594,12066.380,AllocLarge,2B,0.288,12.5,0.000,0.00,15.480,15.488,2,7.778,0.787,0,98.60,0.003,0,85.52,0.289,100,0.56,14.401,49,50.00,0.00,0,4.1,0.081
1595,12071.883,AllocLarge,2B,0.251,0.0,0.000,0.00,16.288,12.288,2,7.778,0.787,0,2.85,0.003,0,85.52,0.289,100,0.56,11.201,56,35.72,0.00,0,4.4,0.079
1596,12079.017,AllocLarge,2B,0.304,14.3,0.105,14.96,15.493,15.501,2,7.778,0.800,0,98.62,0.003,0,85.52,0.289,100,0.56,14.401,49,50.00,0.00,0,4.4,0.100
1597,12084.485,AllocLarge,2B,0.321,0.0,0.000,0.00,16.301,12.301,2,7.778,0.800,0,1.74,0.003,0,85.52,0.289,100,0.56,11.201,56,35.72,0.00,0,5.5,0.089
1598,12091.775,AllocLarge,2B,0.275,0.0,0.000,0.00,15.506,15.514,2,7.778,0.813,0,98.65,0.003,0,85.52,0.289,100,0.56,14.401,49,50.00,0.00,0,4.0,0.079
1599,12097.146,AllocLarge,2B,0.274,16.7,0.110,19.45,16.314,12.314,2,7.778,0.813,0,2.72,0.003,0,85.52,0.289,100,0.56,11.201,56,35.72,0.00,0,4.8,0.081
1600,12104.366,AllocLarge,2B,0.343,0.0,0.000,0.00,15.519,15.528,2,7.778,0.826,0,98.67,0.003,0,85.52,0.289,100,0.56,14.401,49,50.00,0.00,0,4.9,0.100
1601,12109.906,AllocLarge,2B,0.335,16.7,0.104,17.85,16.328,12.327,2,7.778,0.826,0,2.67,0.003,0,85.52,0.289,100,0.56,11.201,56,35.72,0.00,0,5.7,0.111
1602,12117.024,AllocLarge,2B,0.273,0.0,0.000,0.00,15.533,15.541,2,7.778,0.840,0,98.74,0.003,0,85.52,0.289,100,0.56,14.401,49,50.00,0.00,0,4.0,0.081
1603,12122.431,AllocLarge,2B,0.288,14.3,0.000,0.00,16.341,12.341,2,7.778,0.840,0,2.67,0.003,0,85.52,0.289,100,0.56,11.201,56,35.72,0.00,0,5.0,0.081
1604,12129.675,AllocLarge,2B,0.302,14.3,0.102,14.81,15.546,15.554,2,7.778,0.853,0,98.71,0.003,0,85.52,0.289,100,0.56,14.401,49,50.00,0.00,0,4.4,0.107
1605,12135.081,AllocLarge,2B,0.300,16.7,0.000,0.00,16.354,12.354,2,7.778,0.853,0,2.60,0.003,0,85.52,0.289,100,0.56,11.201,56,35.72,0.00,0,5.2,0.094
1606,12142.123,AllocLarge,2B,0.277,14.3,0.000,0.00,15.559,15.567,2,7.778,0.866,0,98.73,0.003,0,85.52,0.289,100,0.56,14.401,49,50.00,0.00,0,4.1,0.080
1607,12147.695,AllocLarge,2B,0.330,16.7,0.104,17.61,16.367,12.367,2,7.778,0.866,0,2.55,0.003,0,85.52,0.289,100,0.56,11.201,56,35.72,0.00,0,5.6,0.085
1608,12155.218,AllocLarge,2B,0.279,14.3,0.000,0.00,15.572,15.580,2,7.778,0.879,0,98.75,0.003,0,85.52,0.289,100,0.56,14.401,49,50.00,0.00,0,3.9,0.079
1609,12160.629,AllocLarge,2B,0.325,14.3,0.000,0.00,16.381,12.380,2,7.778,0.879,0,2.51,0.003,0,85.52,0.289,100,0.56,11.201,56,35.72,0.00,0,5.7,0.125
1610,12168.091,AllocLarge,2B,0.289,0.0,0.110,15.44,15.586,15.594,2,7.778,0.893,0,98.77,0.003,0,85.52,0.289,100,0.56,14.401,49,50.00,0.00,0,4.1,0.082
1611,12173.552,AllocLarge,2B,0.306,14.3,0.000,0.00,16.394,12.394,2,7.778,0.893,0,2.51,0.003,0,85.52,0.289,100,0.56,11.201,56,35.72,0.00,0,5.3,0.098
1612,12180.519,AllocLarge,2B,0.280,0.0,0.000,0.00,15.599,15.607,2,7.778,0.906,0,98.83,0.003,0,85.52,0.289,100,0.56,14.401,49,50.00,0.00,0,4.2,0.097
1613,12185.869,AllocLarge,2B,0.314,0.0,0.105,18.49,16.407,12.407,2,7.778,0.906,0,2.45,0.003,0,85.52,0.289,100,0.56,11.201,56,35.72,0.00,0,5.5,0.106
1614,12192.970,AllocLarge,2B,0.274,0.0,0.000,0.00,15.612,15.620,2,7.778,0.919,0,98.80,0.003,0,85.52,0.289,100,0.56,14.401,49,50.00,0.00,0,4.1,0.080
1615,12198.529,AllocLarge,2B,0.309,16.7,0.000,0.00,16.420,12.420,2,7.778,0.919,0,2.41,0.003,0,85.52,0.289,100,0.56,11.201,56,35.72,0.00,0,5.3,0.095
1616,12205.571,AllocLarge,2B,0.259,0.0,0.110,16.38,15.625,15.633,2,7.778,0.932,0,98.82,0.003,0,85.52,0.289,100,0.56,14.401,49,50.00,0.00,0,3.9,0.079
1617,12210.852,AllocLarge,2B,0.253,14.3,0.000,0.00,16.433,12.433,2,7.778,0.932,0,2.37,0.003,0,85.52,0.289,100,0.56,11.201,56,35.72,0.00,0,4.5,0.077
1618,12217.851,AllocLarge,2B,0.262,0.0,0.000,0.00,15.638,15.647,2,7.778,0.945,0,98.84,0.003,0,85.52,0.289,100,0.56,14.401,49,50.00,0.00,0,3.9,0.079
1619,12223.127,AllocLarge,2B,0.283,16.7,0.105,18.82,16.447,12.446,2,7.778,0.945,0,2.37,0.003,0,85.52,0.289,100,0.56,11.201,56,35.72,0.00,0,5.1,0.078
1620,12230.142,AllocLarge,2B,0.303,12.5,0.000,0.00,15.651,15.660,2,7.778,0.958,0,98.85,0.003,0,85.52,0.289,100,0.56,14.401,49,50.00,0.00,0,4.5,0.115
1621,12235.558,AllocLarge,2B,0.333,14.3,0.000,0.00,16.460,12.459,2,7.778,0.958,0,2.31,0.003,0,85.52,0.289,100,0.56,11.201,56,35.72,0.00,0,5.7,0.105
1622,12242.677,AllocLarge,2B,0.339,0.0,0.110,16.30,15.665,15.673,2,7.778,0.972,0,98.87,0.003,0,85.52,0.289,100,0.56,14.401,49,50.00,0.00,0,5.0,0.126
1623,12248.108,AllocLarge,2B,0.253,0.0,0.000,0.00,16.473,12.473,2,7.778,0.972,0,2.28,0.003,0,85.52,0.289,100,0.56,11.201,56,35.72,0.00,0,4.5,0.078
1624,12255.124,AllocLarge,2B,0.272,0.0,0.000,0.00,15.678,15.686,2,7.778,0.985,0,98.88,0.003,0,85.52,0.289,100,0.56,14.401,49,50.00,0.00,0,4.0,0.080
1625,12260.500,AllocLarge,2B,0.256,16.7,0.104,18.34,16.486,12.486,2,7.778,0.985,0,2.24,0.003,0,85.52,0.289,100,0.56,11.201,56,35.72,0.00,0,4.5,0.077
1626,12267.389,AllocLarge,2B,0.259,0.0,0.000,0.00,15.691,15.700,2,7.778,0.998,0,98.90,0.003,0,85.52,0.289,100,0.56,14.401,49,50.00,0.00,0,3.9,0.079
1627,12272.672,AllocLarge,2B,0.318,12.5,0.000,0.00,16.500,12.499,2,7.778,0.998,0,2.25,0.003,0,85.52,0.289,100,0.56,11.201,56,35.72,0.00,0,5.5,0.082
1628,12279.915,AllocLarge,2B,0.267,0.0,0.102,15.04,15.704,15.713,2,7.778,1.011,0,98.91,0.003,0,85.52,0.289,100,0.56,14.401,49,50.00,0.00,0,3.9,0.080
1629,12285.255,AllocLarge,2B,0.309,16.7,0.000,0.00,16.513,12.512,2,7.778,1.011,0,2.19,0.003,0,85.52,0.289,100,0.56,11.201,56,35.72,0.00,0,5.4,0.085
1630,12292.314,AllocLarge,2B,0.350,0.0,0.000,0.00,15.718,15.726,2,7.778,1.025,0,98.93,0.003,0,85.52,0.289,100,0.56,14.401,49,50.00,0.00,0,5.2,0.162
1631,12297.666,AllocLarge,2B,0.238,16.7,0.104,18.93,16.526,12.526,2,7.778,1.025,0,2.16,0.003,0,85.52,0.289,100,0.56,11.201,56,35.72,0.00,0,4.3,0.076
1632,12304.550,AllocLarge,2B,0.264,0.0,0.000,0.00,15.731,15.739,2,7.778,1.038,0,98.94,0.003,0,85.52,0.289,100,0.56,14.401,49,50.00,0.00,0,4.0,0.078
1633,12309.818,AllocLarge,2B,0.262,16.7,0.000,0.00,16.539,12.539,2,7.778,1.038,0,2.13,0.003,0,85.52,0.289,100,0.56,11.201,56,35.72,0.00,0,4.7,0.076
1634,12316.756,AllocLarge,2B,0.263,0.0,0.110,16.55,15.744,15.752,2,7.778,1.051,0,98.95,0.003,0,85.52,0.289,100,0.56,14.401,49,50.00,0.00,0,4.0,0.077
1635,12322.053,AllocLarge,2B,0.269,0.0,0.000,0.00,16.553,12.552,2,7.778,1.051,0,2.14,0.003,0,85.52,0.289,100,0.56,11.201,56,35.72,0.00,0,4.9,0.096
1636,12328.943,AllocLarge,2B,0.247,14.3,0.000,0.00,15.757,15.765,2,7.778,1.064,0,98.97,0.003,0,85.52,0.289,100,0.56,14.401,49,50.00,0.00,0,3.7,0.076
1637,12334.268,AllocLarge,2B,0.393,0.0,0.105,18.01,16.565,12.565,2,7.778,1.064,0,2.08,0.003,0,85.52,0.289,100,0.56,11.201,56,35.72,0.00,0,6.7,0.133
1638,12341.587,AllocLarge,2B,0.319,11.1,0.000,0.00,15.770,15.779,2,7.778,1.077,0,98.98,0.003,0,85.52,0.289,100,0.56,14.401,49,50.00,0.00,0,4.6,0.081
1639,12347.029,AllocLarge,2B,0.276,0.0,0.000,0.00,16.579,12.578,2,7.778,1.077,0,2.05,0.003,0,85.52,0.289,100,0.56,11.201,56,35.72,0.00,0,4.9,0.081
1640,12354.007,AllocLarge,2B,0.381,11.1,0.110,16.16,15.784,15.792,2,7.778,1.091,0,98.99,0.003,0,85.52,0.289,100,0.56,14.401,49,50.00,0.00,0,5.6,0.144
1641,12359.447,AllocLarge,2B,0.295,16.7,0.000,0.00,16.592,12.592,2,7.778,1.091,0,2.03,0.003,0,85.52,0.289,100,0.56,11.201,56,35.72,0.00,0,5.2,0.080
1642,12366.393,AllocLarge,2B,0.333,12.5,0.000,0.00,15.797,15.805,2,7.778,1.104,0,99.00,0.003,0,85.52,0.289,100,0.56,14.401,49,50.00,0.00,0,5.0,0.110
1643,12371.751,AllocLarge,2B,0.263,0.0,0.105,18.87,16.605,12.605,2,7.778,1.104,0,2.03,0.003,0,85.52,0.289,100,0.56,11.201,56,35.72,0.00,0,4.7,0.078
1644,12393.672,AllocLarge,2B,0.321,4.3,0.000,0.00,15.810,15.818,2,7.778,1.117,0,99.01,0.003,0,85.52,0.289,100,0.56,14.401,49,50.00,0.00,0,1.5,0.079
1645,12403.155,AllocLarge,2B,0.371,10.0,0.000,0.00,16.618,12.618,2,7.778,1.117,0,1.98,0.003,0,85.52,0.289,100,0.56,11.201,56,35.72,0.00,0,3.8,0.103
1646,12415.541,AllocLarge,2B,0.316,7.7,0.110,9.17,15.823,15.832,2,7.778,1.130,0,99.03,0.003,0,85.52,0.289,100,0.56,14.401,49,50.00,0.00,0,2.6,0.119
1647,12424.960,AllocLarge,2B,0.309,0.0,0.000,0.00,16.632,12.631,2,7.778,1.130,0,1.96,0.003,0,85.52,0.289,100,0.56,11.201,56,35.72,0.00,0,3.2,0.078
1648,12437.205,AllocLarge,2B,0.266,0.0,0.000,0.00,15.837,15.845,2,7.778,1.144,0,99.04,0.003,0,85.52,0.289,100,0.56,14.401,49,50.00,0.00,0,2.2,0.078
1649,12446.734,AllocLarge,2B,0.287,9.1,0.104,10.52,16.645,12.645,2,7.778,1.144,0,1.93,0.003,0,85.52,0.289,100,0.56,11.201,56,35.72,0.00,0,2.9,0.082
1650,12459.128,AllocLarge,2B,0.305,7.7,0.000,0.00,15.850,15.866,2,7.778,1.165,0,98.39,0.003,0,85.52,0.289,100,0.56,14.401,49,50.00,0.00,0,2.5,0.081
1651,12468.582,AllocLarge,2B,0.271,10.0,0.000,0.00,16.659,12.658,2,7.778,1.157,0,1.94,0.003,0,85.52,0.289,100,0.56,11.201,56,35.72,0.00,0,2.8,0.080
1652,12480.801,AllocLarge,2B,0.299,7.7,0.104,8.68,15.863,15.872,2,7.778,1.170,0,99.06,0.003,0,85.52,0.289,100,0.56,14.401,49,50.00,0.00,0,2.5,0.078
1653,12490.188,AllocLarge,2B,0.287,0.0,0.000,0.00,16.672,12.671,2,7.778,1.170,0,1.89,0.003,0,85.52,0.289,100,0.56,11.201,56,35.72,0.00,0,3.0,0.088
1654,12502.483,AllocLarge,2B,0.306,7.7,0.000,0.00,15.877,15.885,2,7.778,1.184,0,99.07,0.003,0,85.52,0.289,100,0.56,14.401,49,50.00,0.00,0,2.5,0.080
1655,12511.982,AllocLarge,2B,0.270,0.0,0.103,10.62,16.685,12.685,2,7.778,1.184,0,1.87,0.003,0,85.52,0.289,100,0.56,11.201,56,35.72,0.00,0,2.8,0.082
1656,12524.352,AllocLarge,2B,0.342,0.0,0.000,0.00,15.890,15.898,2,7.778,1.197,0,99.08,0.003,0,85.52,0.289,100,0.56,14.401,49,50.00,0.00,0,2.8,0.083
1657,12534.061,AllocLarge,2B,0.294,0.0,0.000,0.00,16.698,12.698,2,7.778,1.197,0,1.85,0.003,0,85.52,0.289,100,0.56,11.201,56,35.72,0.00,0,3.0,0.083
1658,12546.362,AllocLarge,2B,0.271,7.7,0.104,8.69,15.903,15.911,2,7.778,1.210,0,99.09,0.003,0,85.52,0.289,100,0.56,14.401,49,50.00,0.00,0,2.3,0.084
1659,12555.764,AllocLarge,2B,0.313,9.1,0.000,0.00,16.711,12.711,2,7.778,1.210,0,1.85,0.003,0,85.52,0.289,100,0.56,11.201,56,35.72,0.00,0,3.2,0.082
1660,12568.296,AllocLarge,2B,0.306,0.0,0.102,8.38,15.916,15.924,2,7.778,1.223,0,99.10,0.003,0,85.52,0.289,100,0.56,14.401,49,50.00,0.00,0,2.5,0.089
1661,12577.880,AllocLarge,2B,0.301,0.0,0.000,0.00,16.724,12.724,2,7.778,1.223,0,1.81,0.003,0,85.52,0.289,100,0.56,11.201,56,35.72,0.00,0,3.0,0.084
1662,12590.262,AllocLarge,2B,0.310,7.7,0.000,0.00,15.929,15.938,2,7.778,1.236,0,99.11,0.003,0,85.52,0.289,100,0.56,14.401,49,50.00,0.00,0,2.6,0.083
1663,12599.669,AllocLarge,2B,0.283,10.0,0.104,10.72,16.738,12.737,2,7.778,1.236,0,1.79,0.003,0,85.52,0.289,100,0.56,11.201,56,35.72,0.00,0,2.9,0.080
1664,12611.897,AllocLarge,2B,0.261,0.0,0.000,0.00,15.943,15.951,2,7.778,1.250,0,99.12,0.003,0,85.52,0.289,100,0.56,14.401,49,50.00,0.00,0,2.2,0.078
1665,12621.302,AllocLarge,2B,0.273,10.0,0.000,0.00,16.751,12.751,2,7.778,1.250,0,1.77,0.003,0,85.52,0.289,100,0.56,11.201,56,35.72,0.00,0,2.8,0.080
1666,12633.395,AllocLarge,2B,0.262,0.0,0.110,9.34,15.956,15.964,2,7.778,1.263,0,99.13,0.003,0,85.52,0.289,100,0.56,14.401,49,50.00,0.00,0,2.2,0.075
1667,12642.747,AllocLarge,2B,0.253,10.0,0.000,0.00,16.764,12.764,2,7.778,1.263,0,1.78,0.003,0,85.52,0.289,100,0.56,11.201,56,35.72,0.00,0,2.6,0.075
1668,12654.900,AllocLarge,2B,0.272,0.0,0.000,0.00,15.969,15.977,2,7.778,1.276,0,99.14,0.003,0,85.52,0.289,100,0.56,14.401,49,50.00,0.00,0,2.3,0.080
1669,12664.306,AllocLarge,2B,0.293,9.1,0.105,10.66,16.777,12.777,2,7.778,1.276,0,1.74,0.003,0,85.52,0.289,100,0.56,11.201,56,35.72,0.00,0,3.0,0.081
1670,12676.643,AllocLarge,2B,0.298,0.0,0.000,0.00,15.982,15.991,2,7.778,1.289,0,99.15,0.003,0,85.52,0.289,100,0.56,14.401,49,50.00,0.00,0,2.5,0.084
1671,12686.478,AllocLarge,2B,0.309,10.0,0.000,0.00,16.791,12.790,2,7.778,1.289,0,1.72,0.003,0,85.52,0.289,100,0.56,11.201,56,35.72,0.00,0,3.1,0.091
1672,12698.649,AllocLarge,2B,0.264,0.0,0.110,9.26,15.996,16.004,2,7.778,1.303,0,99.15,0.003,0,85.52,0.289,100,0.56,14.401,49,50.00,0.00,0,2.2,0.076
1673,12708.042,AllocLarge,2B,0.280,0.0,0.000,0.00,16.804,12.804,2,7.778,1.303,0,1.70,0.003,0,85.52,0.289,100,0.56,11.201,56,35.72,0.00,0,2.9,0.080
1674,12720.217,AllocLarge,2B,0.270,0.0,0.000,0.00,16.009,16.017,2,7.778,1.316,0,99.16,0.003,0,85.52,0.289,100,0.56,14.401,49,50.00,0.00,0,2.3,0.080
1675,12729.620,AllocLarge,2B,0.280,10.0,0.105,10.84,16.817,12.817,2,7.778,1.316,0,1.71,0.003,0,85.52,0.289,100,0.56,11.201,56,35.72,0.00,0,2.9,0.078
1676,12741.814,AllocLarge,2B,0.280,0.0,0.000,0.00,16.022,16.030,2,7.778,1.329,0,99.17,0.003,0,85.52,0.289,100,0.56,14.401,49,50.00,0.00,0,2.3,0.079
1677,12751.232,AllocLarge,2B,0.291,0.0,0.000,0.00,16.830,12.830,2,7.778,1.329,0,1.67,0.003,0,85.52,0.289,100,0.56,11.201,56,35.72,0.00,0,3.0,0.081
1678,12763.684,AllocLarge,2B,0.279,0.0,0.110,9.09,16.035,16.043,2,7.778,1.342,0,99.18,0.003,0,85.52,0.289,100,0.56,14.401,49,50.00,0.00,0,2.3,0.080
1679,12773.127,AllocLarge,2B,0.288,9.1,0.000,0.00,16.843,12.843,2,7.778,1.342,0,1.65,0.003,0,85.52,0.289,100,0.56,11.201,56,35.72,0.00,0,3.0,0.079
1680,12785.381,AllocLarge,2B,0.315,7.7,0.000,0.00,16.048,16.057,2,7.778,1.355,0,99.19,0.003,0,85.52,0.289,100,0.56,14.401,49,50.00,0.00,0,2.6,0.098
1681,12794.903,AllocLarge,2B,0.352,9.1,0.104,10.55,16.857,12.856,2,7.778,1.355,0,1.63,0.003,0,85.52,0.289,100,0.56,11.201,56,35.72,0.00,0,3.6,0.107
1682,12807.269,AllocLarge,2B,0.287,0.0,0.000,0.00,16.062,16.070,2,7.778,1.369,0,99.20,0.003,0,85.52,0.289,100,0.56,14.401,49,50.00,0.00,0,2.4,0.099
1683,12817.046,AllocLarge,2B,0.304,10.0,0.000,0.00,16.870,12.870,2,7.778,1.369,0,1.64,0.003,0,85.52,0.289,100,0.56,11.201,56,35.72,0.00,0,3.0,0.079
1684,12829.339,AllocLarge,2B,0.264,0.0,0.102,8.55,16.075,16.083,2,7.778,1.382,0,99.20,0.003,0,85.52,0.289,100,0.56,14.401,49,50.00,0.00,0,2.2,0.079
1685,12838.812,AllocLarge,2B,0.352,8.3,0.000,0.00,16.883,12.883,2,7.778,1.382,0,1.60,0.003,0,85.52,0.289,100,0.56,11.201,56,35.72,0.00,0,3.5,0.103
1686,12851.590,AllocLarge,2B,0.305,0.0,0.000,0.00,16.088,16.096,2,7.778,1.395,0,99.24,0.003,0,85.52,0.289,100,0.56,14.401,49,50.00,0.00,0,2.5,0.091
1687,12861.094,AllocLarge,2B,0.326,9.1,0.104,10.60,16.896,12.896,2,7.778,1.395,0,1.59,0.003,0,85.52,0.289,100,0.56,11.201,56,35.72,0.00,0,3.3,0.100
1688,12873.421,AllocLarge,2B,0.273,0.0,0.000,0.00,16.101,16.110,2,7.778,1.408,0,99.22,0.003,0,85.52,0.289,100,0.56,14.401,49,50.00,0.00,0,2.3,0.080
1689,12882.903,AllocLarge,2B,0.280,9.1,0.000,0.00,16.910,12.909,2,7.778,1.408,0,1.57,0.003,0,85.52,0.289,100,0.56,11.201,56,35.72,0.00,0,2.8,0.082
1690,12895.230,AllocLarge,2B,0.280,0.0,0.110,9.18,16.115,16.123,2,7.778,1.422,0,99.23,0.003,0,85.52,0.289,100,0.56,14.401,49,50.00,0.00,0,2.3,0.079
1691,12904.837,AllocLarge,2B,0.270,0.0,0.000,0.00,16.923,12.923,2,7.778,1.422,0,1.58,0.003,0,85.52,0.289,100,0.56,11.201,56,35.72,0.00,0,2.7,0.079
1692,12917.037,AllocLarge,2B,0.259,0.0,0.000,0.00,16.128,16.136,2,7.778,1.435,0,99.23,0.003,0,85.52,0.289,100,0.56,14.401,49,50.00,0.00,0,2.2,0.077
1693,12926.441,AllocLarge,2B,0.282,9.1,0.105,10.72,16.936,12.936,2,7.778,1.435,0,1.54,0.003,0,85.52,0.289,100,0.56,11.201,56,35.72,0.00,0,2.9,0.083
1694,12938.734,AllocLarge,2B,0.269,0.0,0.000,0.00,16.141,16.149,2,7.778,1.448,0,99.24,0.003,0,85.52,0.289,100,0.56,14.401,49,50.00,0.00,0,2.3,0.079
1695,12948.080,AllocLarge,2B,0.240,9.1,0.000,0.00,16.949,12.949,2,7.778,1.448,0,1.53,0.003,0,85.52,0.289,100,0.56,11.201,56,35.72,0.00,0,2.5,0.076
1696,12960.293,AllocLarge,2B,0.286,0.0,0.110,9.17,16.154,16.162,2,7.778,1.461,0,99.25,0.003,0,85.52,0.289,100,0.56,14.401,49,50.00,0.00,0,2.4,0.082
1697,12969.793,AllocLarge,2B,0.324,9.1,0.000,0.00,16.962,12.962,2,7.778,1.461,0,1.51,0.003,0,85.52,0.289,100,0.56,11.201,56,35.72,0.00,0,3.3,0.093
1698,12982.084,AllocLarge,2B,0.269,8.3,0.000,0.00,16.168,16.176,2,7.778,1.475,0,99.25,0.003,0,85.52,0.289,100,0.56,14.401,49,50.00,0.00,0,2.2,0.077
1699,12991.529,AllocLarge,2B,0.307,9.1,0.105,10.72,16.976,12.976,2,7.778,1.475,0,1.52,0.003,0,85.52,0.289,100,0.56,11.201,56,35.72,0.00,0,3.1,0.082
1700,13003.818,AllocLarge,2B,0.280,0.0,0.000,0.00,16.181,16.189,2,7.778,1.487,0,99.26,0.003,0,85.52,0.289,100,0.56,14.401,49,50.00,0.00,0,2.3,0.089
1701,13013.299,AllocLarge,2B,0.364,16.7,0.000,0.00,16.989,12.989,2,7.778,1.487,0,1.49,0.003,0,85.52,0.289,100,0.56,11.201,56,35.72,0.00,0,3.7,0.084
1702,13025.707,AllocLarge,2B,0.297,7.7,0.110,9.21,16.194,16.202,2,7.778,1.501,0,99.27,0.003,0,85.52,0.289,100,0.56,14.401,49,50.00,0.00,0,2.5,0.083
1703,13035.175,AllocLarge,2B,0.262,0.0,0.000,0.00,17.002,13.002,2,7.778,1.501,0,1.47,0.003,0,85.52,0.289,100,0.56,11.201,56,35.72,0.00,0,2.7,0.079
1704,13047.431,AllocLarge,2B,0.279,7.7,0.000,0.00,16.207,16.224,2,7.778,1.522,0,98.77,0.003,0,85.52,0.289,100,0.56,14.401,49,50.00,0.00,0,2.3,0.078
1705,13056.925,AllocLarge,2B,0.273,9.1,0.105,10.69,17.016,13.015,2,7.778,1.514,0,1.46,0.003,0,85.52,0.289,100,0.56,11.201,56,35.72,0.00,0,2.8,0.079
1706,13069.417,AllocLarge,2B,0.301,0.0,0.000,0.00,16.221,16.229,2,7.778,1.528,0,99.28,0.003,0,85.52,0.289,100,0.56,14.401,49,50.00,0.00,0,2.5,0.080
1707,13078.839,AllocLarge,2B,0.288,9.1,0.000,0.00,17.029,13.029,2,7.778,1.528,0,1.47,0.003,0,85.52,0.289,100,0.56,11.201,56,35.72,0.00,0,3.0,0.097
1708,13091.055,AllocLarge,2B,0.268,8.3,0.104,8.72,16.234,16.242,2,7.778,1.541,0,99.29,0.003,0,85.52,0.289,100,0.56,14.401,49,50.00,0.00,0,2.2,0.078
1709,13100.474,AllocLarge,2B,0.326,10.0,0.000,0.00,17.042,13.042,2,7.778,1.541,0,1.44,0.003,0,85.52,0.289,100,0.56,11.201,56,35.72,0.00,0,3.3,0.106
1710,13112.777,AllocLarge,2B,0.286,0.0,0.000,0.00,16.247,16.255,2,7.778,1.554,0,99.29,0.003,0,85.52,0.289,100,0.56,14.401,49,50.00,0.00,0,2.4,0.097
1711,13122.244,AllocLarge,2B,0.283,10.0,0.103,10.57,17.055,13.055,2,7.778,1.554,0,1.42,0.003,0,85.52,0.289,100,0.56,11.201,56,35.72,0.00,0,2.9,0.096
1712,13134.545,AllocLarge,2B,0.279,7.7,0.000,0.00,16.260,16.269,2,7.778,1.567,0,99.30,0.003,0,85.52,0.289,100,0.56,14.401,49,50.00,0.00,0,2.3,0.080
1713,13143.982,AllocLarge,2B,0.348,0.0,0.000,0.00,17.069,13.068,2,7.778,1.567,0,1.41,0.003,0,85.52,0.289,100,0.56,11.201,56,35.72,0.00,0,3.6,0.154
1714,13148.278,AllocSmall,0N,0.154,0.0,0.008,2.35,13.068,11.502,2,0.002,0.001,0,81.43,0.003,NaN,26.46,0.289,NaN,0.56,11.201,NaN,21.43,0.00,1,4.2,0.006
1715,13156.729,AllocLarge,2B,0.330,0.0,0.000,0.00,14.721,14.729,2,7.779,0.028,0,60.03,0.003,0,85.52,0.289,100,0.56,14.401,49,50.00,0.00,0,3.7,0.081
1716,13166.374,AllocLarge,2B,0.310,9.1,0.000,0.00,15.534,11.542,2,7.779,0.041,0,72.83,0.003,0,85.52,0.289,100,0.56,11.201,56,35.72,0.00,0,3.1,0.079
1717,13178.715,AllocLarge,2B,0.266,0.0,0.000,0.00,14.742,14.742,2,7.779,0.041,0,71.35,0.003,0,85.52,0.289,100,0.56,14.401,49,50.00,0.00,0,2.2,0.080
1718,13188.228,AllocLarge,2B,0.401,9.1,0.105,10.46,15.542,11.542,2,7.779,0.041,0,48.80,0.003,0,85.52,0.289,100,0.56,11.201,56,35.72,0.00,0,4.0,0.114
1719,13200.867,AllocLarge,2B,0.291,0.0,0.000,0.00,14.749,14.757,2,7.779,0.056,0,80.40,0.003,0,85.52,0.289,100,0.56,14.401,49,50.00,0.00,0,2.4,0.095
1720,13210.293,AllocLarge,2B,0.253,0.0,0.000,0.00,15.557,11.557,2,7.779,0.056,0,39.98,0.003,0,85.52,0.289,100,0.56,11.201,56,35.72,0.00,0,2.6,0.079
1721,13222.433,AllocLarge,2B,0.291,7.7,0.104,8.70,14.762,14.770,2,7.779,0.069,0,84.07,0.003,0,85.52,0.289,100,0.56,14.401,49,50.00,0.00,0,2.4,0.080
1722,13231.865,AllocLarge,2B,0.278,10.0,0.000,0.00,15.570,11.570,2,7.779,0.069,0,32.05,0.003,0,85.52,0.289,100,0.56,11.201,56,35.72,0.00,0,2.8,0.081
1723,13244.070,AllocLarge,2B,0.277,8.3,0.000,0.00,14.775,14.784,2,7.779,0.082,0,86.64,0.003,0,85.52,0.289,100,0.56,14.401,49,50.00,0.00,0,2.3,0.080
1724,13253.517,AllocLarge,2B,0.291,9.1,0.109,11.17,15.584,11.583,2,7.779,0.082,0,26.85,0.003,0,85.52,0.289,100,0.56,11.201,56,35.72,0.00,0,3.0,0.095
1725,13265.657,AllocLarge,2B,0.252,0.0,0.000,0.00,14.789,14.797,2,7.779,0.096,0,88.49,0.003,0,85.52,0.289,100,0.56,14.401,49,50.00,0.00,0,2.1,0.081
1726,13275.078,AllocLarge,2B,0.314,10.0,0.000,0.00,15.597,11.597,2,7.779,0.096,0,23.09,0.003,0,85.52,0.289,100,0.56,11.201,56,35.72,0.00,0,3.2,0.083
1727,13287.412,AllocLarge,2B,0.288,0.0,0.104,8.68,14.802,14.810,2,7.779,0.109,0,90.32,0.003,0,85.52,0.289,100,0.56,14.401,49,50.00,0.00,0,2.4,0.083
1728,13296.841,AllocLarge,2B,0.263,9.1,0.000,0.00,15.610,11.610,2,7.779,0.109,0,20.59,0.003,0,85.52,0.289,100,0.56,11.201,56,35.72,0.00,0,2.7,0.079
1729,13309.046,AllocLarge,2B,0.322,0.0,0.000,0.00,14.815,14.823,2,7.779,0.122,0,90.98,0.003,0,85.52,0.289,100,0.56,14.401,49,50.00,0.00,0,2.7,0.122
1730,13318.542,AllocLarge,2B,0.270,0.0,0.103,10.58,15.623,11.623,2,7.779,0.122,0,18.16,0.003,0,85.52,0.289,100,0.56,11.201,56,35.72,0.00,0,2.8,0.081
1731,13330.841,AllocLarge,2B,0.269,0.0,0.000,0.00,14.828,14.837,2,7.779,0.135,0,91.86,0.003,0,85.52,0.289,100,0.56,14.401,49,50.00,0.00,0,2.2,0.079
1732,13340.257,AllocLarge,2B,0.277,10.0,0.000,0.00,15.637,11.636,2,7.779,0.135,0,16.35,0.003,0,85.52,0.289,100,0.56,11.201,56,35.72,0.00,0,2.9,0.080
1733,13352.397,AllocLarge,2B,0.277,7.7,0.104,8.78,14.842,14.850,2,7.779,0.149,0,92.59,0.003,0,85.52,0.289,100,0.56,14.401,49,50.00,0.00,0,2.3,0.078
1734,13361.890,AllocLarge,2B,0.316,9.1,0.000,0.00,15.650,11.650,2,7.779,0.149,0,14.87,0.003,0,85.52,0.289,100,0.56,11.201,56,35.72,0.00,0,3.2,0.089
1735,13374.427,AllocLarge,2B,0.299,7.7,0.000,0.00,14.855,14.863,2,7.779,0.162,0,93.20,0.003,0,85.52,0.289,100,0.56,14.401,49,50.00,0.00,0,2.5,0.105
1736,13383.884,AllocLarge,2B,0.272,10.0,0.110,11.29,15.663,11.663,2,7.779,0.162,0,13.87,0.003,0,85.52,0.289,100,0.56,11.201,56,35.72,0.00,0,2.8,0.080
1737,13396.057,AllocLarge,2B,0.260,0.0,0.000,0.00,14.868,14.876,2,7.779,0.175,0,93.70,0.003,0,85.52,0.289,100,0.56,14.401,49,50.00,0.00,0,2.2,0.079
1738,13405.468,AllocLarge,2B,0.284,9.1,0.000,0.00,15.676,11.676,2,7.779,0.175,0,12.67,0.003,0,85.52,0.289,100,0.56,11.201,56,35.72,0.00,0,2.9,0.099
1739,13417.688,AllocLarge,2B,0.264,0.0,0.105,8.85,14.881,14.889,2,7.779,0.188,0,94.15,0.003,0,85.52,0.289,100,0.56,14.401,49,50.00,0.00,0,2.2,0.079
1740,13427.038,AllocLarge,2B,0.258,0.0,0.000,0.00,15.689,11.689,2,7.779,0.188,0,11.76,0.003,0,85.52,0.289,100,0.56,11.201,56,35.72,0.00,0,2.7,0.078
1741,13439.155,AllocLarge,2B,0.266,8.3,0.000,0.00,14.894,14.903,2,7.779,0.201,0,94.53,0.003,0,85.52,0.289,100,0.56,14.401,49,50.00,0.00,0,2.2,0.080
1742,13448.605,AllocLarge,2B,0.364,10.0,0.110,11.16,15.703,11.702,2,7.779,0.201,0,10.97,0.003,0,85.52,0.289,100,0.56,11.201,56,35.72,0.00,0,3.7,0.120
1743,13460.968,AllocLarge,2B,0.269,0.0,0.000,0.00,14.908,14.916,2,7.779,0.215,0,94.87,0.003,0,85.52,0.289,100,0.56,14.401,49,50.00,0.00,0,2.2,0.080
1744,13470.385,AllocLarge,2B,0.284,10.0,0.000,0.00,15.716,11.716,2,7.779,0.215,0,10.45,0.003,0,85.52,0.289,100,0.56,11.201,56,35.72,0.00,0,2.9,0.080
1745,13482.658,AllocLarge,2B,0.262,0.0,0.105,8.74,14.921,14.929,2,7.779,0.228,0,95.17,0.003,0,85.52,0.289,100,0.56,14.401,49,50.00,0.00,0,2.2,0.083
1746,13492.217,AllocLarge,2B,0.281,0.0,0.000,0.00,15.729,11.729,2,7.779,0.228,0,9.73,0.003,0,85.52,0.289,100,0.56,11.201,56,35.72,0.00,0,2.8,0.079
1747,13504.418,AllocLarge,2B,0.267,0.0,0.000,0.00,14.934,14.942,2,7.779,0.241,0,95.43,0.003,0,85.52,0.289,100,0.56,14.401,49,50.00,0.00,0,2.2,0.079
1748,13513.777,AllocLarge,2B,0.257,10.0,0.110,11.44,15.742,11.742,2,7.779,0.241,0,9.18,0.003,0,85.52,0.289,100,0.56,11.201,56,35.72,0.00,0,2.7,0.083
1749,13525.963,AllocLarge,2B,0.330,8.3,0.000,0.00,14.947,14.956,2,7.779,0.254,0,95.67,0.003,0,85.52,0.289,100,0.56,14.401,49,50.00,0.00,0,2.8,0.108
1750,13535.485,AllocLarge,2B,0.357,10.0,0.000,0.00,15.756,11.755,2,7.779,0.254,0,8.69,0.003,0,85.52,0.289,100,0.56,11.201,56,35.72,0.00,0,3.6,0.135
1751,13547.744,AllocLarge,2B,0.274,0.0,0.104,8.80,14.961,14.969,2,7.779,0.268,0,95.89,0.003,0,85.52,0.289,100,0.56,14.401,49,50.00,0.00,0,2.3,0.093
1752,13557.236,AllocLarge,2B,0.275,9.1,0.000,0.00,15.769,11.769,2,7.779,0.268,0,8.39,0.003,0,85.52,0.289,100,0.56,11.201,56,35.72,0.00,0,2.8,0.080
1753,13569.603,AllocLarge,2B,0.304,7.7,0.102,8.48,14.974,14.982,2,7.779,0.281,0,96.08,0.003,0,85.52,0.289,100,0.56,14.401,49,50.00,0.00,0,2.5,0.089
1754,13579.035,AllocLarge,2B,0.246,0.0,0.000,0.00,15.782,11.782,2,7.779,0.281,0,7.89,0.003,0,85.52,0.289,100,0.56,11.201,56,35.72,0.00,0,2.5,0.077
1755,13591.432,AllocLarge,2B,0.272,0.0,0.000,0.00,14.987,14.995,2,7.779,0.294,0,96.25,0.003,0,85.52,0.289,100,0.56,14.401,49,50.00,0.00,0,2.2,0.082
1756,13600.833,AllocLarge,2B,0.288,0.0,0.104,10.70,15.795,11.795,2,7.779,0.294,0,7.53,0.003,0,85.52,0.289,100,0.56,11.201,56,35.72,0.00,0,3.0,0.083
1757,13613.054,AllocLarge,2B,0.287,7.7,0.000,0.00,15.000,15.008,2,7.779,0.307,0,96.42,0.003,0,85.52,0.289,100,0.56,14.401,49,50.00,0.00,0,2.4,0.084
1758,13622.468,AllocLarge,2B,0.374,10.0,0.000,0.00,15.808,11.808,2,7.779,0.307,0,7.19,0.003,0,85.52,0.289,100,0.56,11.201,56,35.72,0.00,0,3.8,0.105
1759,13634.847,AllocLarge,2B,0.330,0.0,0.110,9.13,15.014,15.022,2,7.779,0.321,0,96.57,0.003,0,85.52,0.289,100,0.56,14.401,49,50.00,0.00,0,2.7,0.148
1760,13644.459,AllocLarge,2B,0.307,10.0,0.000,0.00,15.822,11.822,2,7.779,0.321,0,7.00,0.003,0,85.52,0.289,100,0.56,11.201,56,35.72,0.00,0,3.1,0.099
1761,13657.017,AllocLarge,2B,0.279,0.0,0.000,0.00,15.027,15.035,2,7.779,0.333,0,96.70,0.003,0,85.52,0.289,100,0.56,14.401,49,50.00,0.00,0,2.3,0.080
1762,13666.468,AllocLarge,2B,0.354,9.1,0.105,10.55,15.835,11.835,2,7.779,0.333,0,6.64,0.003,0,85.52,0.289,100,0.56,11.201,56,35.72,0.00,0,3.6,0.087
1763,13679.162,AllocLarge,2B,0.296,8.3,0.000,0.00,15.040,15.048,2,7.779,0.347,0,96.83,0.003,0,85.52,0.289,100,0.56,14.401,49,50.00,0.00,0,2.4,0.086
1764,13688.669,AllocLarge,2B,0.284,0.0,0.000,0.00,15.848,11.848,2,7.779,0.347,0,6.38,0.003,0,85.52,0.289,100,0.56,11.201,56,35.72,0.00,0,2.9,0.089
1765,13701.058,AllocLarge,2B,0.301,0.0,0.110,9.07,15.053,15.061,2,7.779,0.360,0,96.94,0.003,0,85.52,0.289,100,0.56,14.401,49,50.00,0.00,0,2.5,0.082
1766,13710.854,AllocLarge,2B,0.288,0.0,0.000,0.00,15.861,11.861,2,7.779,0.360,0,6.13,0.003,0,85.52,0.289,100,0.56,11.201,56,35.72,0.00,0,2.9,0.083
1767,13723.042,AllocLarge,2B,0.265,0.0,0.000,0.00,15.066,15.075,2,7.779,0.373,0,97.05,0.003,0,85.52,0.289,100,0.56,14.401,49,50.00,0.00,0,2.2,0.080
1768,13732.482,AllocLarge,2B,0.255,9.1,0.105,10.73,15.875,11.874,2,7.779,0.373,0,6.01,0.003,0,85.52,0.289,100,0.56,11.201,56,35.72,0.00,0,2.6,0.078
